<unit xmlns="http://www.sdml.info/srcML/src" xmlns:cpp="http://www.sdml.info/srcML/cpp">
<comment type="line">//
</comment><comment type="line">// Copyright 2004 P&amp;P Software GmbH - All Rights Reserved
</comment><comment type="line">//
</comment><comment type="line">// CC_TelemetryManager.h
</comment><comment type="line">//
</comment><comment type="line">// Version	1.0
</comment><comment type="line">// Date		02.03.03
</comment><comment type="line">// Author	A. Pasetti (P&amp;P Software)
</comment>
<cpp:ifndef>#<cpp:directive>ifndef</cpp:directive> <name>CC_TelemetryManagerH</name></cpp:ifndef>
<cpp:define>#<cpp:directive>define</cpp:directive> <name>CC_TelemetryManagerH</name></cpp:define>

<cpp:include>#<cpp:directive>include</cpp:directive> <cpp:file>"../GeneralInclude/ForwardDeclarations.h"</cpp:file></cpp:include>
<cpp:include>#<cpp:directive>include</cpp:directive> <cpp:file>"../GeneralInclude/BasicTypes.h"</cpp:file></cpp:include>
<cpp:include>#<cpp:directive>include</cpp:directive> <cpp:file>"../Base/CC_RootObject.h"</cpp:file></cpp:include>
<cpp:include>#<cpp:directive>include</cpp:directive> <cpp:file>"TelemetryModeManager.h"</cpp:file></cpp:include>
<cpp:include>#<cpp:directive>include</cpp:directive> <cpp:file>"TelemetryStream.h"</cpp:file></cpp:include>

<comment type="block">/**
 * This class encapsulates a telemetry manager.
 * The telemetry manager is responsible for controlling the dispatch
 * of telemetry packets to the telemetry stream.
 * The telemetry packets can be dispatched to the telemetry stream in two
 * modes: &lt;ul&gt;
 * &lt;li&gt;&lt;i&gt;Repetitive Mode&lt;/i&gt;: the packets are provided by a &lt;i&gt;telemetry mode
 * manager&lt;/i&gt;.
 * This dispatch mode is typically used for packets that must be written to the
 * telemetry stream on a regular basis.&lt;/li&gt;
 * &lt;li&gt;&lt;i&gt;Immediate Mode&lt;/i&gt;: the packets are direclty loaded by an external
 * client and are dispatched to the telemetry stream at the next activation of
 * the telemetry manager. They are only dispatched once. This dispatch mode
 * is typically used for packets that must be dispatched on an occasional basis.&lt;/li&gt;
 * &lt;/ul&gt;
 * The telemetry mode manager is a plug-in component that must be configured
 * with the telemetry packets by an external client. The packets for immediate
 * dispatch are instead loaded in an internal queue (the &lt;i&gt;immediate
 * dispatch queue&lt;/i&gt;) whose size must be defined as part of the configuration
 * procedure of the telemetry manager.
 * &lt;p&gt;
 * The telemetry packets are written to the telemetry stream when the telemetry
 * stream is &lt;i&gt;activated&lt;/i&gt; (invocation of method &lt;code&gt;activate&lt;/code&gt;). At this
 * time, the telemetry packets that were directly loaded since the last activation
 * and the telemetry packets that are provided by the telemetry mode manager are
 * first updated and then their written to the telemetry stream.
 * &lt;p&gt;
 * The telemetry manager contributes to the management of the "in use" status of
 * telemetry packets. More precisely, packets that are submitted for immediate
 * dispatch are marked as "no longer in use" after being processed.
 * &lt;p&gt;
 * The telemetry stream component
 * is a plug-in component of the telemetry manager.
 * &lt;p&gt;
 * The configuration procedure for a newly instantiated telemetry
 * manager is as follows: &lt;ol&gt;
 * &lt;li&gt;Load a telemetry stream component (method
 * &lt;code&gt;setTelemetryStream&lt;/code&gt;).&lt;/li&gt;
 * &lt;li&gt;Load a telemetry mode manager component (method
 * &lt;code&gt;setTelemetryModeManager&lt;/code&gt;).&lt;/li&gt;
 * &lt;li&gt;Set the size of the immediate dispatch queue (method
 * &lt;code&gt;setImmediateQueueSize&lt;/code&gt;).&lt;/li&gt;
 * &lt;/ol&gt;
 * The above operations can be executed in any order.
 * &lt;p&gt;
 * @see TelemetryPacket
 * @author Alessandro Pasetti (P&amp;P Software GmbH)
 * @version 1.0
 * @ingroup FunctionalityManagers
 * @ingroup Telemetry
 */</comment>
<class>class <name>CC_TelemetryManager</name> <super>: <specifier>public</specifier> <name>CC_RootObject</name></super> <block>{<private type="default">

  </private><private>private:
    <decl_stmt><decl><type><name>TelemetryModeManager</name>*</type> <name>pTmModeManager</name></decl>;</decl_stmt>
    <decl_stmt><decl><type><name>TelemetryStream</name>*</type> <name>pTmStream</name></decl>;</decl_stmt>
    <decl_stmt><decl><type><name>int</name></type> <name>packetQueueSize</name></decl>;</decl_stmt>
    <decl_stmt><decl><type><name>TelemetryPacket</name>**</type> <name>pPacketQueue</name></decl>;</decl_stmt>

  </private><public>public:

    <comment type="block">/**
     * Instantiate a telemetry manager.
     * The class identifier is set and all internal data structures are initialized
     * to illegal values to signify that the component is not yet configured.
     */</comment>
    <constructor_decl><name>CC_TelemetryManager</name><parameter_list>(<param><decl><type><name>void</name></type></decl></param>)</parameter_list>;</constructor_decl>

    <comment type="block">/**
     * Load the telemetry mode manager.
     * @param pTmModeManager the telemetry mode manager
     */</comment>
    <function_decl><type><name>void</name></type> <name>setTelemetryModeManager</name><parameter_list>(<param><decl><type><name>TelemetryModeManager</name>*</type> <name>pTmModeManager</name></decl></param>)</parameter_list>;</function_decl>

    <comment type="block">/**
     * Get the telemetry mode manager.
     * @return the telemetry mode manager
     */</comment>
    <function_decl><type><name>TelemetryModeManager</name>*</type> <name>getTelemetryModeManager</name><parameter_list>(<param><decl><type><name>void</name></type></decl></param>)</parameter_list> <specifier>const</specifier>;</function_decl>

    <comment type="block">/**
     * Load the telemetry stream component. The telemetry stream is reset
     * immediately after being loaded.
     * @param pTmStream the telemetry stream component
     */</comment>
    <function_decl><type><name>void</name></type> <name>setTelemetryStream</name><parameter_list>(<param><decl><type><name>TelemetryStream</name>*</type> <name>pTmStream</name></decl></param>)</parameter_list>;</function_decl>

    <comment type="block">/**
     * Get the telemetry stream component.
     * @return the telemetry stream component
     */</comment>
    <function_decl><type><name>TelemetryStream</name>*</type> <name>getTelemetryStream</name><parameter_list>(<param><decl><type><name>void</name></type></decl></param>)</parameter_list> <specifier>const</specifier>;</function_decl>

    <comment type="block">/**
     * Set the size of the immediate dispatch queue.
     * This is an initialization method. It should only be called once.
     * The size of the immediate dispatch queue can be zero for the
     * case of applications where the immediate load service is disabled.
     * @param size the size of the immediate load packet queue
     */</comment>
    <function_decl><type><name>void</name></type> <name>setImmediateQueueSize</name><parameter_list>(<param><decl><type><name>unsigned</name> <name>int</name></type> <name>size</name></decl></param>)</parameter_list>;</function_decl>

    <comment type="block">/**
     * Return the size of the immediate dispatch queue.
     * @return the size of the immediate dispatch queue
     */</comment>
    <function_decl><type><name>unsigned</name> <name>int</name></type> <name>getImmediateQueueSize</name><parameter_list>()</parameter_list>;</function_decl>

    <comment type="block">/**
     * Return the i-th entry in the immediate dispatch queue.
     * The index i should lie in the range [0,N-1] where N is the size of the queue.
     * If the value of i is out of range, a null pointer is returned. A null
     * pointer will also be returned if the i-the entry in the queue is empty.
     * This method is only intended for testing purposes. It should not be used
     * in an operational context. This method may return null
     * @return the size of the immediate dispatch queue
     */</comment>
    <function_decl><type><name>TelemetryPacket</name>*</type> <name>getImmediateQueueEntry</name><parameter_list>(<param><decl><type><name>unsigned</name> <name>int</name></type> <name>i</name></decl></param>)</parameter_list>;</function_decl>

    <comment type="block">/**
     * Return true if the size of the immediate dispatch queue is 
     * zero or if the immediate dispatch queue is full.
     * @return true if the immediate dispatch queue is full
     */</comment>
    <function_decl><type><name>bool</name></type> <name>isImmediateQueueFull</name><parameter_list>()</parameter_list>;</function_decl>

    <comment type="block">/**
     * Dispatch the telemetry packets to the telemetry stream.
     * Both the telemetry packets provided by the telemetry mode manager and those
     * loaded for immediate dispatch since the last activation are written to the
     * telemetry stream.
     * A pseudo-code implementation for this method is as follows: &lt;PRE&gt;
     *      for (all pTmPacket items in the immediate dispatch queue) {
     *          pTmPacket-&gt;update();
     *          if ( !pTmPacket-&gt;isValid() ) {
     *              createEventReport(EVT_TM_WORD_NOT_VALID);
     *              pTmPacket-&gt;setInUse(false);
     *          }
     *          if ( !pTmPacket fits in telemetry stream )
     *              createEventReport(EVT_TOO_MANY_TM_BYTES);
     *              pTmPacket-&gt;setInUse(false);
     *          }
     *          pTmStream-&gt;write(pTmPacket)
     *          pTmPacket-&gt;setInUse(false);
     *      }
     *      . . .   // clear immediate dispatch queue
     *      for (all pTmPacket items provided by the telemetry mode manager) {
     *          pTmPacket-&gt;update();
     *          if ( !pTmPacket-&gt;isValid() ) {
     *              createEventReport(EVT_TM_WORD_NOT_VALID);
     *          }
     *          if ( !pTmPacket fits in telemetry stream )
     *              createEventReport(EVT_TOO_MANY_TM_BYTES);
     *          }
     *          pTmStream-&gt;write(pTmPacket)
     *      }
     *      pTmStream-&gt;flush(); &lt;/PRE&gt;
     * In the above pseudo-code, &lt;code&gt;pTmStream&lt;/code&gt; is the telemetry stream where
     * the telemetry packets are written and &lt;code&gt;pTmFactory&lt;/code&gt; is the telemetry
     * packet factory.
     * &lt;p&gt;
     * Each telemetry packet is first &lt;i&gt;updated&lt;/i&gt; and its &lt;i&gt;validity&lt;/i&gt; is then
     * checked. If validity is confirmed, it is checked that the packet fits in the telemetry stream.
     * If it does, it is written to the telemetry stream. In the case of telemetry packets
     * from the immediate dispatch queue, the packets are marked as "no longer in use"
     * after being processed.
     * If the telemetry packet is not valid or if it does not
     * fit in the telemetry channel, event reports are generated.
     * After all telemetry packets have been processed, the telemetry stream is flushed.
     * @see TD_EventType
     */</comment>
    <function_decl><type><name>virtual</name> <name>void</name></type> <name>activate</name><parameter_list>(<param><decl><type><name>void</name></type></decl></param>)</parameter_list>;</function_decl>

    <comment type="block">/**
     * Add the argument telemetry packet to the immediate dispatch queue.
     * The telemetry packet will be dispatched to the telemetry stream at the
     * next activation of the telemetry manager.
     * If the queue is already full, then an event report of type EVT_TM_QUEUE_FULL
     * is generated.
     * @param pTmPacket the telemetry packet component
     */</comment>
    <function_decl><type><name>void</name></type> <name>sendTelemetryPacket</name><parameter_list>(<param><decl><type><name>TelemetryPacket</name>*</type> <name>pTmPacket</name></decl></param>)</parameter_list>;</function_decl>

    <comment type="block">/**
     * Check if the argument telemetry packet is currently in the immediate dispatch queue and,
     * if it is, remove it.
     * Failure to find the argument packet is treated as a nominal situation and is therefore
     * not recorded through an event report.
     * @param pTmPacket the telemetry packet component
     */</comment>
    <function_decl><type><name>void</name></type> <name>unloadTelemetryPacket</name><parameter_list>(<param><decl><type><name>TelemetryPacket</name>*</type> <name>pTmPacket</name></decl></param>)</parameter_list>;</function_decl>

    <comment type="block">/**
     * Return the number of telemetry packets currently loaded in the immediate dispatch queue.
     * @return the number of telemetry packets currently loaded in the immediate dispatch queue
     */</comment>
    <function_decl><type><name>unsigned</name> <name>int</name></type> <name>getImmediateQueueLoaded</name><parameter_list>()</parameter_list>;</function_decl>

    <comment type="block">/**
     * Perform a class-specific configuration check on the telemetry
     * manager: verify that the telemetry stream and telemetry mode manager
     * have been loaded and that the size of the immediate load packet queue
     * has been set.
     * @return true if the telemetry manager is configured, false otherwise.
     */</comment>
    <function_decl><type><name>virtual</name> <name>bool</name></type> <name>isObjectConfigured</name><parameter_list>(<param><decl><type><name>void</name></type></decl></param>)</parameter_list>;</function_decl>

</public>}</block>;</class>

<cpp:endif>#<cpp:directive>endif</cpp:directive></cpp:endif>
</unit>
