<unit xmlns="http://www.sdml.info/srcML/src" xmlns:cpp="http://www.sdml.info/srcML/cpp">

<comment type="line">//
</comment><comment type="line">// Copyright 2003 P&amp;P Software GmbH - All Rights Reserved
</comment><comment type="line">//
</comment><comment type="line">// CC_TelemetryPacketFactory.cpp
</comment><comment type="line">//
</comment><comment type="line">// This file was automatically generated by an XSL program
</comment><comment type="line">//
</comment>
<cpp:include>#<cpp:directive>include</cpp:directive> <cpp:file>"../GeneralInclude/CompilerSwitches.h"</cpp:file></cpp:include>
<cpp:include>#<cpp:directive>include</cpp:directive> <cpp:file>"../GeneralInclude/DebugSupport.h"</cpp:file></cpp:include>
<cpp:include>#<cpp:directive>include</cpp:directive> <cpp:file>"../GeneralInclude/BasicTypes.h"</cpp:file></cpp:include>
<cpp:include>#<cpp:directive>include</cpp:directive> <cpp:file>"../GeneralInclude/ClassId.h"</cpp:file></cpp:include>
<cpp:include>#<cpp:directive>include</cpp:directive> <cpp:file>"../GeneralInclude/Constants.h"</cpp:file></cpp:include>  
<cpp:include>#<cpp:directive>include</cpp:directive> <cpp:file>"../Telemetry/DC_DummyPUSTelemetryPacket.h"</cpp:file></cpp:include>  
<cpp:include>#<cpp:directive>include</cpp:directive> <cpp:file>"../Telemetry/DC_PUSDataReportingPacket.h"</cpp:file></cpp:include>  
<cpp:include>#<cpp:directive>include</cpp:directive> <cpp:file>"../Telemetry/DC_PUSMemoryDumpAbsolute.h"</cpp:file></cpp:include>  
<cpp:include>#<cpp:directive>include</cpp:directive> <cpp:file>"../Telemetry/DC_PUSMemoryDumpOffset.h"</cpp:file></cpp:include>  
<cpp:include>#<cpp:directive>include</cpp:directive> <cpp:file>"../Telemetry/DC_PUSTcVerificationPacket.h"</cpp:file></cpp:include>  
<cpp:include>#<cpp:directive>include</cpp:directive> <cpp:file>"../Base/CC_RootObject.h"</cpp:file></cpp:include>
<cpp:include>#<cpp:directive>include</cpp:directive> <cpp:file>"CC_TelemetryPacketFactory.h"</cpp:file></cpp:include>

<decl_stmt><decl><type><name>CC_TelemetryPacketFactory</name>*</type> <name><name>CC_TelemetryPacketFactory</name>::<name>pInstance</name></name> =<init> <expr><name>pNULL</name></expr></init></decl>;</decl_stmt>

<constructor><name>CC_TelemetryPacketFactory::CC_TelemetryPacketFactory</name><parameter_list>(<param><decl><type><name>void</name></type></decl></param>)</parameter_list> <block>{
    <expr_stmt><expr><call><name>setClassId</name><argument_list>(<argument><expr><name>ID_TELECOMMANDFACTORY</name></expr></argument>)</argument_list></call></expr>;</expr_stmt>

  
    <expr_stmt><expr><name>sizeDummyPUSTelemetryPacket</name> = 2</expr>;</expr_stmt>
    <expr_stmt><expr><name>poolDummyPUSTelemetryPacket</name> = new <name>DC_DummyPUSTelemetryPacket</name>*[<name>sizeDummyPUSTelemetryPacket</name>]</expr>;</expr_stmt>
    <for>for (<init><expr><type><name>unsigned</name> <name>int</name></type> <name>i</name>=<init><expr>0</expr></init></expr>;</init> <condition><expr><name>i</name>&lt;<name>sizeDummyPUSTelemetryPacket</name></expr>;</condition> <incr><expr><name>i</name>++</expr></incr>)
        <expr_stmt><expr><name><name>poolDummyPUSTelemetryPacket</name>[<expr><name>i</name></expr>]</name> = <name>pNULL</name></expr>;</expr_stmt></for>
      
    <expr_stmt><expr><name>sizePUSDataReportingPacket</name> = 2</expr>;</expr_stmt>
    <expr_stmt><expr><name>poolPUSDataReportingPacket</name> = new <name>DC_PUSDataReportingPacket</name>*[<name>sizePUSDataReportingPacket</name>]</expr>;</expr_stmt>
    <for>for (<init><expr><type><name>unsigned</name> <name>int</name></type> <name>i</name>=<init><expr>0</expr></init></expr>;</init> <condition><expr><name>i</name>&lt;<name>sizePUSDataReportingPacket</name></expr>;</condition> <incr><expr><name>i</name>++</expr></incr>)
        <expr_stmt><expr><name><name>poolPUSDataReportingPacket</name>[<expr><name>i</name></expr>]</name> = <name>pNULL</name></expr>;</expr_stmt></for>
      
    <expr_stmt><expr><name>sizePUSMemoryDumpAbsolute</name> = 1</expr>;</expr_stmt>
    <expr_stmt><expr><name>poolPUSMemoryDumpAbsolute</name> = new <name>DC_PUSMemoryDumpAbsolute</name>*[<name>sizePUSMemoryDumpAbsolute</name>]</expr>;</expr_stmt>
    <for>for (<init><expr><type><name>unsigned</name> <name>int</name></type> <name>i</name>=<init><expr>0</expr></init></expr>;</init> <condition><expr><name>i</name>&lt;<name>sizePUSMemoryDumpAbsolute</name></expr>;</condition> <incr><expr><name>i</name>++</expr></incr>)
        <expr_stmt><expr><name><name>poolPUSMemoryDumpAbsolute</name>[<expr><name>i</name></expr>]</name> = <name>pNULL</name></expr>;</expr_stmt></for>
      
    <expr_stmt><expr><name>sizePUSMemoryDumpOffset</name> = 1</expr>;</expr_stmt>
    <expr_stmt><expr><name>poolPUSMemoryDumpOffset</name> = new <name>DC_PUSMemoryDumpOffset</name>*[<name>sizePUSMemoryDumpOffset</name>]</expr>;</expr_stmt>
    <for>for (<init><expr><type><name>unsigned</name> <name>int</name></type> <name>i</name>=<init><expr>0</expr></init></expr>;</init> <condition><expr><name>i</name>&lt;<name>sizePUSMemoryDumpOffset</name></expr>;</condition> <incr><expr><name>i</name>++</expr></incr>)
        <expr_stmt><expr><name><name>poolPUSMemoryDumpOffset</name>[<expr><name>i</name></expr>]</name> = <name>pNULL</name></expr>;</expr_stmt></for>
      
    <expr_stmt><expr><name>sizePUSTcVerificationPacket</name> = 1</expr>;</expr_stmt>
    <expr_stmt><expr><name>poolPUSTcVerificationPacket</name> = new <name>DC_PUSTcVerificationPacket</name>*[<name>sizePUSTcVerificationPacket</name>]</expr>;</expr_stmt>
    <for>for (<init><expr><type><name>unsigned</name> <name>int</name></type> <name>i</name>=<init><expr>0</expr></init></expr>;</init> <condition><expr><name>i</name>&lt;<name>sizePUSTcVerificationPacket</name></expr>;</condition> <incr><expr><name>i</name>++</expr></incr>)
        <expr_stmt><expr><name><name>poolPUSTcVerificationPacket</name>[<expr><name>i</name></expr>]</name> = <name>pNULL</name></expr>;</expr_stmt></for>
      
}</block></constructor>

<function><type><name>bool</name></type> <name><name>CC_TelemetryPacketFactory</name>::<name>isObjectConfigured</name></name><parameter_list>(<param><decl><type><name>void</name></type></decl></param>)</parameter_list> <block>{

    <if>if <condition>( <expr>!<call><name><name>CC_RootObject</name>::<name>isObjectConfigured</name></name><argument_list>()</argument_list></call></expr> )</condition><then>
        <return>return <expr><name>false</name></expr>;</return></then></if>
  
    <if>if <condition>( <expr><name>poolDummyPUSTelemetryPacket</name>==<name>pNULL</name></expr> )</condition><then>
        <return>return <expr><name>false</name></expr>;</return></then></if>

    <for>for (<init><expr><type><name>unsigned</name> <name>int</name></type> <name>i</name>=<init><expr>0</expr></init></expr>;</init> <condition><expr><name>i</name>&lt;<name>sizeDummyPUSTelemetryPacket</name></expr>;</condition> <incr><expr><name>i</name>++</expr></incr>)
        <if>if <condition>( <expr><name><name>poolDummyPUSTelemetryPacket</name>[<expr><name>i</name></expr>]</name>==<name>pNULL</name></expr> )</condition><then>
            <return>return <expr><name>false</name></expr>;</return></then></if></for>
     
    <if>if <condition>( <expr><name>poolPUSDataReportingPacket</name>==<name>pNULL</name></expr> )</condition><then>
        <return>return <expr><name>false</name></expr>;</return></then></if>

    <for>for (<init><expr><type><name>unsigned</name> <name>int</name></type> <name>i</name>=<init><expr>0</expr></init></expr>;</init> <condition><expr><name>i</name>&lt;<name>sizePUSDataReportingPacket</name></expr>;</condition> <incr><expr><name>i</name>++</expr></incr>)
        <if>if <condition>( <expr><name><name>poolPUSDataReportingPacket</name>[<expr><name>i</name></expr>]</name>==<name>pNULL</name></expr> )</condition><then>
            <return>return <expr><name>false</name></expr>;</return></then></if></for>
     
    <if>if <condition>( <expr><name>poolPUSMemoryDumpAbsolute</name>==<name>pNULL</name></expr> )</condition><then>
        <return>return <expr><name>false</name></expr>;</return></then></if>

    <for>for (<init><expr><type><name>unsigned</name> <name>int</name></type> <name>i</name>=<init><expr>0</expr></init></expr>;</init> <condition><expr><name>i</name>&lt;<name>sizePUSMemoryDumpAbsolute</name></expr>;</condition> <incr><expr><name>i</name>++</expr></incr>)
        <if>if <condition>( <expr><name><name>poolPUSMemoryDumpAbsolute</name>[<expr><name>i</name></expr>]</name>==<name>pNULL</name></expr> )</condition><then>
            <return>return <expr><name>false</name></expr>;</return></then></if></for>
     
    <if>if <condition>( <expr><name>poolPUSMemoryDumpOffset</name>==<name>pNULL</name></expr> )</condition><then>
        <return>return <expr><name>false</name></expr>;</return></then></if>

    <for>for (<init><expr><type><name>unsigned</name> <name>int</name></type> <name>i</name>=<init><expr>0</expr></init></expr>;</init> <condition><expr><name>i</name>&lt;<name>sizePUSMemoryDumpOffset</name></expr>;</condition> <incr><expr><name>i</name>++</expr></incr>)
        <if>if <condition>( <expr><name><name>poolPUSMemoryDumpOffset</name>[<expr><name>i</name></expr>]</name>==<name>pNULL</name></expr> )</condition><then>
            <return>return <expr><name>false</name></expr>;</return></then></if></for>
     
    <if>if <condition>( <expr><name>poolPUSTcVerificationPacket</name>==<name>pNULL</name></expr> )</condition><then>
        <return>return <expr><name>false</name></expr>;</return></then></if>

    <for>for (<init><expr><type><name>unsigned</name> <name>int</name></type> <name>i</name>=<init><expr>0</expr></init></expr>;</init> <condition><expr><name>i</name>&lt;<name>sizePUSTcVerificationPacket</name></expr>;</condition> <incr><expr><name>i</name>++</expr></incr>)
        <if>if <condition>( <expr><name><name>poolPUSTcVerificationPacket</name>[<expr><name>i</name></expr>]</name>==<name>pNULL</name></expr> )</condition><then>
            <return>return <expr><name>false</name></expr>;</return></then></if></for>
     

   <return>return <expr><name>true</name></expr>;</return>
}</block></function>

<function><type><name>CC_TelemetryPacketFactory</name>*</type> <name><name>CC_TelemetryPacketFactory</name>::<name>getInstance</name></name><parameter_list>(<param><decl><type><name>void</name></type></decl></param>)</parameter_list> <block>{
    <if>if <condition>(<expr><name>pInstance</name>==<name>pNULL</name></expr>)</condition><then>
        <expr_stmt><expr><name>pInstance</name> = new <call><name>CC_TelemetryPacketFactory</name><argument_list>()</argument_list></call></expr>;</expr_stmt></then></if>
    <return>return <expr><name>pInstance</name></expr>;</return>
}</block></function>

  
<function><type><name>void</name></type> <name><name>CC_TelemetryPacketFactory</name>::<name>setTelemetryPacket</name></name><parameter_list>(<param><decl><type><name>unsigned</name> <name>int</name></type> <name>i</name></decl></param>, <param><decl><type><name>DC_DummyPUSTelemetryPacket</name>*</type> <name>pItem</name></decl></param>)</parameter_list> <block>{
    <expr_stmt><expr><call><name>assert</name><argument_list>(<argument><expr><name>i</name>&lt;<name>sizeDummyPUSTelemetryPacket</name></expr></argument>)</argument_list></call></expr>;</expr_stmt>
    <expr_stmt><expr><call><name>assert</name><argument_list>(<argument><expr><name>pItem</name>!=<name>pNULL</name></expr></argument>)</argument_list></call></expr>;</expr_stmt>
    <expr_stmt><expr><name><name>poolDummyPUSTelemetryPacket</name>[<expr><name>i</name></expr>]</name> = <name>pItem</name></expr>;</expr_stmt>
    <expr_stmt><expr><name><name>poolDummyPUSTelemetryPacket</name>[<expr><name>i</name></expr>]</name>-&gt;<call><name>setInUse</name><argument_list>(<argument><expr><name>false</name></expr></argument>)</argument_list></call></expr>;</expr_stmt>
}</block></function>

<function><type><name>unsigned</name> <name>int</name></type> <name><name>CC_TelemetryPacketFactory</name>::<name>getNumberDummyPUSTelemetryPacket</name></name><parameter_list>(<param><decl><type><name>void</name></type></decl></param>)</parameter_list> <block>{
    <decl_stmt><decl><type><name>unsigned</name> <name>int</name></type> <name>counter</name> =<init> <expr>0</expr></init></decl>;</decl_stmt>
    <for>for (<init><expr><type><name>unsigned</name> <name>int</name></type> <name>i</name>=<init><expr>0</expr></init></expr>;</init> <condition><expr><name>i</name>&lt;<name>sizeDummyPUSTelemetryPacket</name></expr>;</condition> <incr><expr><name>i</name>++</expr></incr>)
        <if>if <condition>( <expr><name><name>poolDummyPUSTelemetryPacket</name>[<expr><name>i</name></expr>]</name>-&gt;<call><name>isInUse</name><argument_list>()</argument_list></call></expr> )</condition><then>
            <expr_stmt><expr><name>counter</name>++</expr>;</expr_stmt></then></if></for>
    <return>return <expr><name>counter</name></expr>;</return>
}</block></function>

<function><type><name>unsigned</name> <name>int</name></type> <name><name>CC_TelemetryPacketFactory</name>::<name>getCapacityDummyPUSTelemetryPacket</name></name><parameter_list>(<param><decl><type><name>void</name></type></decl></param>)</parameter_list> <block>{
    <return>return <expr><name>sizeDummyPUSTelemetryPacket</name></expr>;</return>
}</block></function>


<function><type><name>DC_DummyPUSTelemetryPacket</name>*</type> <name><name>CC_TelemetryPacketFactory</name>::<name>allocateDummyPUSTelemetryPacket</name></name><parameter_list>()</parameter_list> <block>{
    <expr_stmt><expr><call><name>assert</name><argument_list>( <argument><expr><call><name>isObjectConfigured</name><argument_list>()</argument_list></call></expr></argument> )</argument_list></call></expr>;</expr_stmt>
    <for>for (<init><expr><type><name>unsigned</name> <name>int</name></type> <name>i</name>=<init><expr>0</expr></init></expr>;</init> <condition><expr><name>i</name>&lt;<name>sizeDummyPUSTelemetryPacket</name></expr>;</condition> <incr><expr><name>i</name>++</expr></incr>)
        <if>if <condition>(<expr>!<name><name>poolDummyPUSTelemetryPacket</name>[<expr><name>i</name></expr>]</name>-&gt;<call><name>isInUse</name><argument_list>()</argument_list></call></expr> )</condition><then> <block>{
           <expr_stmt><expr><name><name>poolDummyPUSTelemetryPacket</name>[<expr><name>i</name></expr>]</name>-&gt;<call><name>setInUse</name><argument_list>(<argument><expr><name>true</name></expr></argument>)</argument_list></call></expr>;</expr_stmt>
           <return>return <expr><name><name>poolDummyPUSTelemetryPacket</name>[<expr><name>i</name></expr>]</name></expr>;</return>
        }</block></then></if></for>
    <return>return <expr><name>pNULL</name></expr>;</return>
}</block></function>

<function><type><name>bool</name></type> <name><name>CC_TelemetryPacketFactory</name>::<name>isFreeDummyPUSTelemetryPacket</name></name><parameter_list>()</parameter_list> <block>{
    <for>for (<init><expr><type><name>unsigned</name> <name>int</name></type> <name>i</name>=<init><expr>0</expr></init></expr>;</init> <condition><expr><name>i</name>&lt;<name>sizeDummyPUSTelemetryPacket</name></expr>;</condition> <incr><expr><name>i</name>++</expr></incr>)
        <if>if <condition>( <expr>!<name><name>poolDummyPUSTelemetryPacket</name>[<expr><name>i</name></expr>]</name>-&gt;<call><name>isInUse</name><argument_list>()</argument_list></call></expr> )</condition><then>
           <return>return <expr><name>true</name></expr>;</return></then></if></for>

    <return>return <expr><name>false</name></expr>;</return>
}</block></function>

      
            
<function><type><name>void</name></type> <name><name>CC_TelemetryPacketFactory</name>::<name>setTelemetryPacket</name></name><parameter_list>(<param><decl><type><name>unsigned</name> <name>int</name></type> <name>i</name></decl></param>, <param><decl><type><name>DC_PUSDataReportingPacket</name>*</type> <name>pItem</name></decl></param>)</parameter_list> <block>{
    <expr_stmt><expr><call><name>assert</name><argument_list>(<argument><expr><name>i</name>&lt;<name>sizePUSDataReportingPacket</name></expr></argument>)</argument_list></call></expr>;</expr_stmt>
    <expr_stmt><expr><call><name>assert</name><argument_list>(<argument><expr><name>pItem</name>!=<name>pNULL</name></expr></argument>)</argument_list></call></expr>;</expr_stmt>
    <expr_stmt><expr><name><name>poolPUSDataReportingPacket</name>[<expr><name>i</name></expr>]</name> = <name>pItem</name></expr>;</expr_stmt>
    <expr_stmt><expr><name><name>poolPUSDataReportingPacket</name>[<expr><name>i</name></expr>]</name>-&gt;<call><name>setInUse</name><argument_list>(<argument><expr><name>false</name></expr></argument>)</argument_list></call></expr>;</expr_stmt>
}</block></function>

<function><type><name>unsigned</name> <name>int</name></type> <name><name>CC_TelemetryPacketFactory</name>::<name>getNumberPUSDataReportingPacket</name></name><parameter_list>(<param><decl><type><name>void</name></type></decl></param>)</parameter_list> <block>{
    <decl_stmt><decl><type><name>unsigned</name> <name>int</name></type> <name>counter</name> =<init> <expr>0</expr></init></decl>;</decl_stmt>
    <for>for (<init><expr><type><name>unsigned</name> <name>int</name></type> <name>i</name>=<init><expr>0</expr></init></expr>;</init> <condition><expr><name>i</name>&lt;<name>sizePUSDataReportingPacket</name></expr>;</condition> <incr><expr><name>i</name>++</expr></incr>)
        <if>if <condition>( <expr><name><name>poolPUSDataReportingPacket</name>[<expr><name>i</name></expr>]</name>-&gt;<call><name>isInUse</name><argument_list>()</argument_list></call></expr> )</condition><then>
            <expr_stmt><expr><name>counter</name>++</expr>;</expr_stmt></then></if></for>
    <return>return <expr><name>counter</name></expr>;</return>
}</block></function>

<function><type><name>unsigned</name> <name>int</name></type> <name><name>CC_TelemetryPacketFactory</name>::<name>getCapacityPUSDataReportingPacket</name></name><parameter_list>(<param><decl><type><name>void</name></type></decl></param>)</parameter_list> <block>{
    <return>return <expr><name>sizePUSDataReportingPacket</name></expr>;</return>
}</block></function>


<function><type><name>DC_PUSDataReportingPacket</name>*</type> <name><name>CC_TelemetryPacketFactory</name>::<name>allocatePUSDataReportingPacket</name></name><parameter_list>(<param><decl><type><name>unsigned</name> <name>int</name></type> <name>DefinitionBufferSize</name></decl></param>, <param><decl><type><name>unsigned</name> <name>int</name></type> <name>ValueBufferSize</name></decl></param>, <param><decl><type><name>unsigned</name> <name>int</name></type> <name>MaxNumberFA</name></decl></param>)</parameter_list> <block>{
    <expr_stmt><expr><call><name>assert</name><argument_list>( <argument><expr><call><name>isObjectConfigured</name><argument_list>()</argument_list></call></expr></argument> )</argument_list></call></expr>;</expr_stmt>
    <for>for (<init><expr><type><name>unsigned</name> <name>int</name></type> <name>i</name>=<init><expr>0</expr></init></expr>;</init> <condition><expr><name>i</name>&lt;<name>sizePUSDataReportingPacket</name></expr>;</condition> <incr><expr><name>i</name>++</expr></incr>)
        <if>if <condition>(<expr><name><name>poolPUSDataReportingPacket</name>[<expr><name>i</name></expr>]</name>-&gt;<call><name>getDefinitionBufferSize</name><argument_list>()</argument_list></call>&gt;=<name>DefinitionBufferSize</name> &amp;&amp;
             <name><name>poolPUSDataReportingPacket</name>[<expr><name>i</name></expr>]</name>-&gt;<call><name>getValueBufferSize</name><argument_list>()</argument_list></call>&gt;=<name>ValueBufferSize</name> &amp;&amp;
             <name><name>poolPUSDataReportingPacket</name>[<expr><name>i</name></expr>]</name>-&gt;<call><name>getMaxNumberFA</name><argument_list>()</argument_list></call>&gt;=<name>MaxNumberFA</name> &amp;&amp;
             !<name><name>poolPUSDataReportingPacket</name>[<expr><name>i</name></expr>]</name>-&gt;<call><name>isInUse</name><argument_list>()</argument_list></call></expr> )</condition><then> <block>{
           <expr_stmt><expr><name><name>poolPUSDataReportingPacket</name>[<expr><name>i</name></expr>]</name>-&gt;<call><name>setInUse</name><argument_list>(<argument><expr><name>true</name></expr></argument>)</argument_list></call></expr>;</expr_stmt>
           <return>return <expr><name><name>poolPUSDataReportingPacket</name>[<expr><name>i</name></expr>]</name></expr>;</return>
        }</block></then></if></for>
    <return>return <expr><name>pNULL</name></expr>;</return>
}</block></function>

<function><type><name>bool</name></type> <name><name>CC_TelemetryPacketFactory</name>::<name>isFreePUSDataReportingPacket</name></name><parameter_list>(<param><decl><type><name>unsigned</name> <name>int</name></type> <name>DefinitionBufferSize</name></decl></param>, <param><decl><type><name>unsigned</name> <name>int</name></type> <name>ValueBufferSize</name></decl></param>, <param><decl><type><name>unsigned</name> <name>int</name></type> <name>MaxNumberFA</name></decl></param>)</parameter_list> <block>{
    <for>for (<init><expr><type><name>unsigned</name> <name>int</name></type> <name>i</name>=<init><expr>0</expr></init></expr>;</init> <condition><expr><name>i</name>&lt;<name>sizePUSDataReportingPacket</name></expr>;</condition> <incr><expr><name>i</name>++</expr></incr>)
        <if>if <condition>( <expr><name><name>poolPUSDataReportingPacket</name>[<expr><name>i</name></expr>]</name>-&gt;<call><name>getDefinitionBufferSize</name><argument_list>()</argument_list></call>&gt;=<name>DefinitionBufferSize</name> &amp;&amp;
             <name><name>poolPUSDataReportingPacket</name>[<expr><name>i</name></expr>]</name>-&gt;<call><name>getValueBufferSize</name><argument_list>()</argument_list></call>&gt;=<name>ValueBufferSize</name> &amp;&amp;
             <name><name>poolPUSDataReportingPacket</name>[<expr><name>i</name></expr>]</name>-&gt;<call><name>getMaxNumberFA</name><argument_list>()</argument_list></call>&gt;=<name>MaxNumberFA</name> &amp;&amp;
             !<name><name>poolPUSDataReportingPacket</name>[<expr><name>i</name></expr>]</name>-&gt;<call><name>isInUse</name><argument_list>()</argument_list></call></expr> )</condition><then>
           <return>return <expr><name>true</name></expr>;</return></then></if></for>

    <return>return <expr><name>false</name></expr>;</return>
}</block></function>

      
            <function><type><name>DC_PUSDataReportingPacket</name>*</type> <name><name>CC_TelemetryPacketFactory</name>::<name>getPUSDataReportingPacket</name></name><parameter_list>(<param><decl><type><name>TD_SID</name></type> <name>sid</name></decl></param>)</parameter_list> <block>{
    <expr_stmt><expr><call><name>assert</name><argument_list>( <argument><expr><call><name>isObjectConfigured</name><argument_list>()</argument_list></call></expr></argument> )</argument_list></call></expr>;</expr_stmt>
    <expr_stmt><expr><call><name>assert</name><argument_list>( <argument><expr><name>sid</name>&gt;0</expr></argument> )</argument_list></call></expr>;</expr_stmt>

    <for>for (<init><expr><type><name>unsigned</name> <name>int</name></type> <name>i</name>=<init><expr>0</expr></init></expr>;</init> <condition><expr><name>i</name>&lt;<name>sizePUSDataReportingPacket</name></expr>;</condition> <incr><expr><name>i</name>++</expr></incr>)
        <if>if <condition>( <expr>( <name><name>poolPUSDataReportingPacket</name>[<expr><name>i</name></expr>]</name>-&gt;<call><name>getSID</name><argument_list>()</argument_list></call> == <name>sid</name> ) &amp;&amp;
             ( <name><name>poolPUSDataReportingPacket</name>[<expr><name>i</name></expr>]</name>-&gt;<call><name>isInUse</name><argument_list>()</argument_list></call> )</expr> )</condition><then> <block>{
            <return>return <expr><name><name>poolPUSDataReportingPacket</name>[<expr><name>i</name></expr>]</name></expr>;</return>
         }</block></then></if></for>
    <return>return <expr><name>pNULL</name></expr>;</return>
}</block></function>
            
<function><type><name>void</name></type> <name><name>CC_TelemetryPacketFactory</name>::<name>setTelemetryPacket</name></name><parameter_list>(<param><decl><type><name>unsigned</name> <name>int</name></type> <name>i</name></decl></param>, <param><decl><type><name>DC_PUSMemoryDumpAbsolute</name>*</type> <name>pItem</name></decl></param>)</parameter_list> <block>{
    <expr_stmt><expr><call><name>assert</name><argument_list>(<argument><expr><name>i</name>&lt;<name>sizePUSMemoryDumpAbsolute</name></expr></argument>)</argument_list></call></expr>;</expr_stmt>
    <expr_stmt><expr><call><name>assert</name><argument_list>(<argument><expr><name>pItem</name>!=<name>pNULL</name></expr></argument>)</argument_list></call></expr>;</expr_stmt>
    <expr_stmt><expr><name><name>poolPUSMemoryDumpAbsolute</name>[<expr><name>i</name></expr>]</name> = <name>pItem</name></expr>;</expr_stmt>
    <expr_stmt><expr><name><name>poolPUSMemoryDumpAbsolute</name>[<expr><name>i</name></expr>]</name>-&gt;<call><name>setInUse</name><argument_list>(<argument><expr><name>false</name></expr></argument>)</argument_list></call></expr>;</expr_stmt>
}</block></function>

<function><type><name>unsigned</name> <name>int</name></type> <name><name>CC_TelemetryPacketFactory</name>::<name>getNumberPUSMemoryDumpAbsolute</name></name><parameter_list>(<param><decl><type><name>void</name></type></decl></param>)</parameter_list> <block>{
    <decl_stmt><decl><type><name>unsigned</name> <name>int</name></type> <name>counter</name> =<init> <expr>0</expr></init></decl>;</decl_stmt>
    <for>for (<init><expr><type><name>unsigned</name> <name>int</name></type> <name>i</name>=<init><expr>0</expr></init></expr>;</init> <condition><expr><name>i</name>&lt;<name>sizePUSMemoryDumpAbsolute</name></expr>;</condition> <incr><expr><name>i</name>++</expr></incr>)
        <if>if <condition>( <expr><name><name>poolPUSMemoryDumpAbsolute</name>[<expr><name>i</name></expr>]</name>-&gt;<call><name>isInUse</name><argument_list>()</argument_list></call></expr> )</condition><then>
            <expr_stmt><expr><name>counter</name>++</expr>;</expr_stmt></then></if></for>
    <return>return <expr><name>counter</name></expr>;</return>
}</block></function>

<function><type><name>unsigned</name> <name>int</name></type> <name><name>CC_TelemetryPacketFactory</name>::<name>getCapacityPUSMemoryDumpAbsolute</name></name><parameter_list>(<param><decl><type><name>void</name></type></decl></param>)</parameter_list> <block>{
    <return>return <expr><name>sizePUSMemoryDumpAbsolute</name></expr>;</return>
}</block></function>


<function><type><name>DC_PUSMemoryDumpAbsolute</name>*</type> <name><name>CC_TelemetryPacketFactory</name>::<name>allocatePUSMemoryDumpAbsolute</name></name><parameter_list>(<param><decl><type><name>unsigned</name> <name>int</name></type> <name>MaxNumberBlocks</name></decl></param>, <param><decl><type><name>unsigned</name> <name>int</name></type> <name>DumpBufferSize</name></decl></param>)</parameter_list> <block>{
    <expr_stmt><expr><call><name>assert</name><argument_list>( <argument><expr><call><name>isObjectConfigured</name><argument_list>()</argument_list></call></expr></argument> )</argument_list></call></expr>;</expr_stmt>
    <for>for (<init><expr><type><name>unsigned</name> <name>int</name></type> <name>i</name>=<init><expr>0</expr></init></expr>;</init> <condition><expr><name>i</name>&lt;<name>sizePUSMemoryDumpAbsolute</name></expr>;</condition> <incr><expr><name>i</name>++</expr></incr>)
        <if>if <condition>(<expr><name><name>poolPUSMemoryDumpAbsolute</name>[<expr><name>i</name></expr>]</name>-&gt;<call><name>getMaxNumberBlocks</name><argument_list>()</argument_list></call>&gt;=<name>MaxNumberBlocks</name> &amp;&amp;
             <name><name>poolPUSMemoryDumpAbsolute</name>[<expr><name>i</name></expr>]</name>-&gt;<call><name>getDumpBufferSize</name><argument_list>()</argument_list></call>&gt;=<name>DumpBufferSize</name> &amp;&amp;
             !<name><name>poolPUSMemoryDumpAbsolute</name>[<expr><name>i</name></expr>]</name>-&gt;<call><name>isInUse</name><argument_list>()</argument_list></call></expr> )</condition><then> <block>{
           <expr_stmt><expr><name><name>poolPUSMemoryDumpAbsolute</name>[<expr><name>i</name></expr>]</name>-&gt;<call><name>setInUse</name><argument_list>(<argument><expr><name>true</name></expr></argument>)</argument_list></call></expr>;</expr_stmt>
           <return>return <expr><name><name>poolPUSMemoryDumpAbsolute</name>[<expr><name>i</name></expr>]</name></expr>;</return>
        }</block></then></if></for>
    <return>return <expr><name>pNULL</name></expr>;</return>
}</block></function>

<function><type><name>bool</name></type> <name><name>CC_TelemetryPacketFactory</name>::<name>isFreePUSMemoryDumpAbsolute</name></name><parameter_list>(<param><decl><type><name>unsigned</name> <name>int</name></type> <name>MaxNumberBlocks</name></decl></param>, <param><decl><type><name>unsigned</name> <name>int</name></type> <name>DumpBufferSize</name></decl></param>)</parameter_list> <block>{
    <for>for (<init><expr><type><name>unsigned</name> <name>int</name></type> <name>i</name>=<init><expr>0</expr></init></expr>;</init> <condition><expr><name>i</name>&lt;<name>sizePUSMemoryDumpAbsolute</name></expr>;</condition> <incr><expr><name>i</name>++</expr></incr>)
        <if>if <condition>( <expr><name><name>poolPUSMemoryDumpAbsolute</name>[<expr><name>i</name></expr>]</name>-&gt;<call><name>getMaxNumberBlocks</name><argument_list>()</argument_list></call>&gt;=<name>MaxNumberBlocks</name> &amp;&amp;
             <name><name>poolPUSMemoryDumpAbsolute</name>[<expr><name>i</name></expr>]</name>-&gt;<call><name>getDumpBufferSize</name><argument_list>()</argument_list></call>&gt;=<name>DumpBufferSize</name> &amp;&amp;
             !<name><name>poolPUSMemoryDumpAbsolute</name>[<expr><name>i</name></expr>]</name>-&gt;<call><name>isInUse</name><argument_list>()</argument_list></call></expr> )</condition><then>
           <return>return <expr><name>true</name></expr>;</return></then></if></for>

    <return>return <expr><name>false</name></expr>;</return>
}</block></function>

      
            
<function><type><name>void</name></type> <name><name>CC_TelemetryPacketFactory</name>::<name>setTelemetryPacket</name></name><parameter_list>(<param><decl><type><name>unsigned</name> <name>int</name></type> <name>i</name></decl></param>, <param><decl><type><name>DC_PUSMemoryDumpOffset</name>*</type> <name>pItem</name></decl></param>)</parameter_list> <block>{
    <expr_stmt><expr><call><name>assert</name><argument_list>(<argument><expr><name>i</name>&lt;<name>sizePUSMemoryDumpOffset</name></expr></argument>)</argument_list></call></expr>;</expr_stmt>
    <expr_stmt><expr><call><name>assert</name><argument_list>(<argument><expr><name>pItem</name>!=<name>pNULL</name></expr></argument>)</argument_list></call></expr>;</expr_stmt>
    <expr_stmt><expr><name><name>poolPUSMemoryDumpOffset</name>[<expr><name>i</name></expr>]</name> = <name>pItem</name></expr>;</expr_stmt>
    <expr_stmt><expr><name><name>poolPUSMemoryDumpOffset</name>[<expr><name>i</name></expr>]</name>-&gt;<call><name>setInUse</name><argument_list>(<argument><expr><name>false</name></expr></argument>)</argument_list></call></expr>;</expr_stmt>
}</block></function>

<function><type><name>unsigned</name> <name>int</name></type> <name><name>CC_TelemetryPacketFactory</name>::<name>getNumberPUSMemoryDumpOffset</name></name><parameter_list>(<param><decl><type><name>void</name></type></decl></param>)</parameter_list> <block>{
    <decl_stmt><decl><type><name>unsigned</name> <name>int</name></type> <name>counter</name> =<init> <expr>0</expr></init></decl>;</decl_stmt>
    <for>for (<init><expr><type><name>unsigned</name> <name>int</name></type> <name>i</name>=<init><expr>0</expr></init></expr>;</init> <condition><expr><name>i</name>&lt;<name>sizePUSMemoryDumpOffset</name></expr>;</condition> <incr><expr><name>i</name>++</expr></incr>)
        <if>if <condition>( <expr><name><name>poolPUSMemoryDumpOffset</name>[<expr><name>i</name></expr>]</name>-&gt;<call><name>isInUse</name><argument_list>()</argument_list></call></expr> )</condition><then>
            <expr_stmt><expr><name>counter</name>++</expr>;</expr_stmt></then></if></for>
    <return>return <expr><name>counter</name></expr>;</return>
}</block></function>

<function><type><name>unsigned</name> <name>int</name></type> <name><name>CC_TelemetryPacketFactory</name>::<name>getCapacityPUSMemoryDumpOffset</name></name><parameter_list>(<param><decl><type><name>void</name></type></decl></param>)</parameter_list> <block>{
    <return>return <expr><name>sizePUSMemoryDumpOffset</name></expr>;</return>
}</block></function>


<function><type><name>DC_PUSMemoryDumpOffset</name>*</type> <name><name>CC_TelemetryPacketFactory</name>::<name>allocatePUSMemoryDumpOffset</name></name><parameter_list>(<param><decl><type><name>unsigned</name> <name>int</name></type> <name>MaxNumberBlocks</name></decl></param>, <param><decl><type><name>unsigned</name> <name>int</name></type> <name>DumpBufferSize</name></decl></param>)</parameter_list> <block>{
    <expr_stmt><expr><call><name>assert</name><argument_list>( <argument><expr><call><name>isObjectConfigured</name><argument_list>()</argument_list></call></expr></argument> )</argument_list></call></expr>;</expr_stmt>
    <for>for (<init><expr><type><name>unsigned</name> <name>int</name></type> <name>i</name>=<init><expr>0</expr></init></expr>;</init> <condition><expr><name>i</name>&lt;<name>sizePUSMemoryDumpOffset</name></expr>;</condition> <incr><expr><name>i</name>++</expr></incr>)
        <if>if <condition>(<expr><name><name>poolPUSMemoryDumpOffset</name>[<expr><name>i</name></expr>]</name>-&gt;<call><name>getMaxNumberBlocks</name><argument_list>()</argument_list></call>&gt;=<name>MaxNumberBlocks</name> &amp;&amp;
             <name><name>poolPUSMemoryDumpOffset</name>[<expr><name>i</name></expr>]</name>-&gt;<call><name>getDumpBufferSize</name><argument_list>()</argument_list></call>&gt;=<name>DumpBufferSize</name> &amp;&amp;
             !<name><name>poolPUSMemoryDumpOffset</name>[<expr><name>i</name></expr>]</name>-&gt;<call><name>isInUse</name><argument_list>()</argument_list></call></expr> )</condition><then> <block>{
           <expr_stmt><expr><name><name>poolPUSMemoryDumpOffset</name>[<expr><name>i</name></expr>]</name>-&gt;<call><name>setInUse</name><argument_list>(<argument><expr><name>true</name></expr></argument>)</argument_list></call></expr>;</expr_stmt>
           <return>return <expr><name><name>poolPUSMemoryDumpOffset</name>[<expr><name>i</name></expr>]</name></expr>;</return>
        }</block></then></if></for>
    <return>return <expr><name>pNULL</name></expr>;</return>
}</block></function>

<function><type><name>bool</name></type> <name><name>CC_TelemetryPacketFactory</name>::<name>isFreePUSMemoryDumpOffset</name></name><parameter_list>(<param><decl><type><name>unsigned</name> <name>int</name></type> <name>MaxNumberBlocks</name></decl></param>, <param><decl><type><name>unsigned</name> <name>int</name></type> <name>DumpBufferSize</name></decl></param>)</parameter_list> <block>{
    <for>for (<init><expr><type><name>unsigned</name> <name>int</name></type> <name>i</name>=<init><expr>0</expr></init></expr>;</init> <condition><expr><name>i</name>&lt;<name>sizePUSMemoryDumpOffset</name></expr>;</condition> <incr><expr><name>i</name>++</expr></incr>)
        <if>if <condition>( <expr><name><name>poolPUSMemoryDumpOffset</name>[<expr><name>i</name></expr>]</name>-&gt;<call><name>getMaxNumberBlocks</name><argument_list>()</argument_list></call>&gt;=<name>MaxNumberBlocks</name> &amp;&amp;
             <name><name>poolPUSMemoryDumpOffset</name>[<expr><name>i</name></expr>]</name>-&gt;<call><name>getDumpBufferSize</name><argument_list>()</argument_list></call>&gt;=<name>DumpBufferSize</name> &amp;&amp;
             !<name><name>poolPUSMemoryDumpOffset</name>[<expr><name>i</name></expr>]</name>-&gt;<call><name>isInUse</name><argument_list>()</argument_list></call></expr> )</condition><then>
           <return>return <expr><name>true</name></expr>;</return></then></if></for>

    <return>return <expr><name>false</name></expr>;</return>
}</block></function>

      
            
<function><type><name>void</name></type> <name><name>CC_TelemetryPacketFactory</name>::<name>setTelemetryPacket</name></name><parameter_list>(<param><decl><type><name>unsigned</name> <name>int</name></type> <name>i</name></decl></param>, <param><decl><type><name>DC_PUSTcVerificationPacket</name>*</type> <name>pItem</name></decl></param>)</parameter_list> <block>{
    <expr_stmt><expr><call><name>assert</name><argument_list>(<argument><expr><name>i</name>&lt;<name>sizePUSTcVerificationPacket</name></expr></argument>)</argument_list></call></expr>;</expr_stmt>
    <expr_stmt><expr><call><name>assert</name><argument_list>(<argument><expr><name>pItem</name>!=<name>pNULL</name></expr></argument>)</argument_list></call></expr>;</expr_stmt>
    <expr_stmt><expr><name><name>poolPUSTcVerificationPacket</name>[<expr><name>i</name></expr>]</name> = <name>pItem</name></expr>;</expr_stmt>
    <expr_stmt><expr><name><name>poolPUSTcVerificationPacket</name>[<expr><name>i</name></expr>]</name>-&gt;<call><name>setInUse</name><argument_list>(<argument><expr><name>false</name></expr></argument>)</argument_list></call></expr>;</expr_stmt>
}</block></function>

<function><type><name>unsigned</name> <name>int</name></type> <name><name>CC_TelemetryPacketFactory</name>::<name>getNumberPUSTcVerificationPacket</name></name><parameter_list>(<param><decl><type><name>void</name></type></decl></param>)</parameter_list> <block>{
    <decl_stmt><decl><type><name>unsigned</name> <name>int</name></type> <name>counter</name> =<init> <expr>0</expr></init></decl>;</decl_stmt>
    <for>for (<init><expr><type><name>unsigned</name> <name>int</name></type> <name>i</name>=<init><expr>0</expr></init></expr>;</init> <condition><expr><name>i</name>&lt;<name>sizePUSTcVerificationPacket</name></expr>;</condition> <incr><expr><name>i</name>++</expr></incr>)
        <if>if <condition>( <expr><name><name>poolPUSTcVerificationPacket</name>[<expr><name>i</name></expr>]</name>-&gt;<call><name>isInUse</name><argument_list>()</argument_list></call></expr> )</condition><then>
            <expr_stmt><expr><name>counter</name>++</expr>;</expr_stmt></then></if></for>
    <return>return <expr><name>counter</name></expr>;</return>
}</block></function>

<function><type><name>unsigned</name> <name>int</name></type> <name><name>CC_TelemetryPacketFactory</name>::<name>getCapacityPUSTcVerificationPacket</name></name><parameter_list>(<param><decl><type><name>void</name></type></decl></param>)</parameter_list> <block>{
    <return>return <expr><name>sizePUSTcVerificationPacket</name></expr>;</return>
}</block></function>


<function><type><name>DC_PUSTcVerificationPacket</name>*</type> <name><name>CC_TelemetryPacketFactory</name>::<name>allocatePUSTcVerificationPacket</name></name><parameter_list>()</parameter_list> <block>{
    <expr_stmt><expr><call><name>assert</name><argument_list>( <argument><expr><call><name>isObjectConfigured</name><argument_list>()</argument_list></call></expr></argument> )</argument_list></call></expr>;</expr_stmt>
    <for>for (<init><expr><type><name>unsigned</name> <name>int</name></type> <name>i</name>=<init><expr>0</expr></init></expr>;</init> <condition><expr><name>i</name>&lt;<name>sizePUSTcVerificationPacket</name></expr>;</condition> <incr><expr><name>i</name>++</expr></incr>)
        <if>if <condition>(<expr>!<name><name>poolPUSTcVerificationPacket</name>[<expr><name>i</name></expr>]</name>-&gt;<call><name>isInUse</name><argument_list>()</argument_list></call></expr> )</condition><then> <block>{
           <expr_stmt><expr><name><name>poolPUSTcVerificationPacket</name>[<expr><name>i</name></expr>]</name>-&gt;<call><name>setInUse</name><argument_list>(<argument><expr><name>true</name></expr></argument>)</argument_list></call></expr>;</expr_stmt>
           <return>return <expr><name><name>poolPUSTcVerificationPacket</name>[<expr><name>i</name></expr>]</name></expr>;</return>
        }</block></then></if></for>
    <return>return <expr><name>pNULL</name></expr>;</return>
}</block></function>

<function><type><name>bool</name></type> <name><name>CC_TelemetryPacketFactory</name>::<name>isFreePUSTcVerificationPacket</name></name><parameter_list>()</parameter_list> <block>{
    <for>for (<init><expr><type><name>unsigned</name> <name>int</name></type> <name>i</name>=<init><expr>0</expr></init></expr>;</init> <condition><expr><name>i</name>&lt;<name>sizePUSTcVerificationPacket</name></expr>;</condition> <incr><expr><name>i</name>++</expr></incr>)
        <if>if <condition>( <expr>!<name><name>poolPUSTcVerificationPacket</name>[<expr><name>i</name></expr>]</name>-&gt;<call><name>isInUse</name><argument_list>()</argument_list></call></expr> )</condition><then>
           <return>return <expr><name>true</name></expr>;</return></then></if></for>

    <return>return <expr><name>false</name></expr>;</return>
}</block></function>

      
            </unit>
