<unit xmlns="http://www.sdml.info/srcML/src" xmlns:cpp="http://www.sdml.info/srcML/cpp">
<comment type="line">//
</comment><comment type="line">// Copyright 2004 P&amp;P Software GmbH - All Rights Reserved
</comment><comment type="line">//
</comment><comment type="line">// DC_BasicPUSTmStream.h
</comment><comment type="line">//
</comment><comment type="line">// Version	1.0
</comment><comment type="line">// Date		04.02.04 (Version 1.0)
</comment><comment type="line">// Author	A. Pasetti (P&amp;P Software)
</comment>
<cpp:ifndef>#<cpp:directive>ifndef</cpp:directive> <name>DC_BasicPUSTmStreamH</name></cpp:ifndef>
<cpp:define>#<cpp:directive>define</cpp:directive> <name>DC_BasicPUSTmStreamH</name></cpp:define>

<cpp:include>#<cpp:directive>include</cpp:directive> <cpp:file>"../GeneralInclude/ForwardDeclarations.h"</cpp:file></cpp:include>
<cpp:include>#<cpp:directive>include</cpp:directive> <cpp:file>"../GeneralInclude/BasicTypes.h"</cpp:file></cpp:include>
<cpp:include>#<cpp:directive>include</cpp:directive> <cpp:file>"TelemetryStream.h"</cpp:file></cpp:include>

<comment type="block">/**
 * Telemetry stream that packetizes the telemetry data according to the
 * PUS and writes them to a &lt;i&gt;telemetry write area&lt;/i&gt;.
 * This component can write several packets to the telemetry write area 
 * in sequence, up to the point where there is no space left in the
 * telemetry write area. 
 * The telemetry write area is characterized by
 * a &lt;i&gt;starting address&lt;/i&gt; and by a &lt;i&gt;size&lt;/i&gt;. The starting
 * address and the size are settable configuration parameters.
 * They can be changed dynamically. The first byte of the telemetry write
 * area holds the number of packets that have been written to it since the
 * last time the stream was reset. Following bytes hold the images of the
 * the telemetry packets in the order in which they are written.
 * &lt;p&gt;
 * This component maintains a &lt;i&gt;write counter&lt;/i&gt; and a &lt;i&gt;packet counter&lt;/i&gt;. 
 * Both counters are reset to 0 by
 * a call to operation &lt;code&gt;reset&lt;/code&gt; or &lt;code&gt;flush&lt;/code&gt;.
 * The write counter is incremented every
 * time a byte is written to the telemetry write array.
 * If its value is smaller than the size of the telemetry write area, then the
 * write counter points
 * to the location in the write area where the next telemetry data byte
 * will be written. The packet counter is equal to the number of packets
 * that have been written to the telemetry write area since the stream
 * was last reset. The value of the packet counter is the same as the
 * value of the first byte of the telemetry write area.
 * &lt;p&gt;
 * Write requests that cannot be processed because
 * there is not enough space in the telemetry write area have no effect
 * other than the generation of event EVT_TM_STREAM_END.
 * It is the responsibility of the user to perform reset or flush
 * operations when the byte array has been completely filled.
 * &lt;p&gt;
 * This telemetry stream adds the header data to the packet data that it
 * retrieves from the packet itself. The format of the packet header
 * is in accordance with the PUS with the following qualifications: &lt;ul&gt;
 * &lt;li&gt;The data field header flag is always set to 1&lt;/li&gt;
 * &lt;li&gt;The APID is read from the telemetry packet through method 
 * &lt;code&gt;getPacketId&lt;/code&gt;&lt;/li&gt;
 * &lt;li&gt;The grouping flags are always set to "11" (stand-alone packet)&lt;/li&gt;
 * &lt;li&gt;The packet sub-counter is omitted&lt;/li&gt;
 * &lt;li&gt;The packet destination ID field is omitted&lt;/li&gt;
 * &lt;li&gt;The time information is read from the telemetry packet. It is written
 * as a value of type &lt;code&gt;TD_ObsTime&lt;/code&gt;.&lt;/li&gt;
 * &lt;li&gt;The packet error control is set to zero (it is assumed that it is computed
 * downstream when the packet is actually dispatched to its destination)&lt;/li&gt;
 * &lt;li&gt;The packet sequence count is initialized to zero when the telemetry stream
 * and is incremented by one (with wrap around) every time a packet is written.&lt;/li&gt;
 * &lt;/ul&gt;
 * @author Alessandro Pasetti (P&amp;P Software GmbH)
 * @version 1.0
 */</comment>
<class>class <name>DC_BasicPUSTmStream</name> <super>: <specifier>public</specifier> <name>TelemetryStream</name></super> <block>{<private type="default">

  </private><private>private:
      <decl_stmt><decl><type><name>unsigned</name> <name>char</name>*</type> <name>tmData</name></decl>;</decl_stmt>     <comment type="line">// the telemetry write area
</comment>      <decl_stmt><decl><type><name>unsigned</name> <name>int</name></type> <name>size</name></decl>;</decl_stmt>        <comment type="line">// the size of the byte array in bytes
</comment>      <decl_stmt><decl><type><name>unsigned</name> <name>int</name></type> <name>writeCounter</name></decl>;</decl_stmt>
      <decl_stmt><decl><type><name>unsigned</name> <name>short</name></type> <name>packetSequenceControl</name></decl>;</decl_stmt>
      <decl_stmt><decl><type><name>unsigned</name> <name>int</name></type> <name>nAdditionalBytes</name></decl>;</decl_stmt>    <comment type="line">// number of bytes added by this TM stream to 
</comment>                                        <comment type="line">// the application data read from the packet
</comment>
  </private><public>public:

    <comment type="block">/**
     * Instantiate the component. The class identifier is set. The size and
     * starting address of the byte array are set to illegal values to signify
     * that the component is not yet configured. The write counter is set to zero.
     */</comment>
    <constructor_decl><name>DC_BasicPUSTmStream</name><parameter_list>(<param><decl><type><name>void</name></type></decl></param>)</parameter_list>;</constructor_decl>

    <comment type="block">/**
     * Reset the telemetry stream. The write counter is set to 1 and the packet 
     * counter is set to 0.
     * The next packet will be written at the beginning of the telemetry
     * write area (starting at location 1, location 0 is reserved for the 
     * packet counter).
     */</comment>
    <function_decl><type><name>virtual</name> <name>void</name></type> <name>reset</name><parameter_list>(<param><decl><type><name>void</name></type></decl></param>)</parameter_list>;</function_decl>

    <comment type="block">/**
     * The flush operation is equivalent to a reset operation.
     * @see #reset
     */</comment>
    <function_decl><type><name>virtual</name> <name>void</name></type> <name>flush</name><parameter_list>(<param><decl><type><name>void</name></type></decl></param>)</parameter_list>;</function_decl>

    <comment type="block">/**
     * Return the capacity of the telemetry stream. The capacity of this
     * telemetry stream is equal to the size in bytes of the telemetry write
     * area.
     * @return the size of the byte array in number of bytes
     */</comment>
    <function_decl><type><name>virtual</name> <name>unsigned</name> <name>int</name></type> <name>getCapacity</name><parameter_list>(<param><decl><type><name>void</name></type></decl></param>)</parameter_list>;</function_decl>

    <comment type="block">/**
     * Set the capacity of the telemetry stream. The capacity of this
     * telemetry stream is equal to the size in bytes of the telemetry write
     * area.
     * If s is the staring address of the telemetry write area (loaded with method
     * &lt;code&gt;setStartingAddress&lt;/code&gt;) and if L is the value loaded with 
     * with this method, then the i-th location of the telemetry write area is
     * internally accessed as s[i] where i must be in the range [0,L-1].
     * It is the responsibility of the user to ensure that the locations thus
     * accessed are free for use by this telemetry stream component.
     * Only positive values for the argument of this method are legal.
     * @see #setStartingAddress
     * @param n the size of the telemetry write area in number of bytes
     */</comment>
    <function_decl><type><name>void</name></type> <name>setCapacity</name><parameter_list>(<param><decl><type><name>unsigned</name> <name>int</name></type> <name>n</name></decl></param>)</parameter_list>;</function_decl>

    <comment type="block">/**
     * Set the starting address of the telemetry write area. This component does not
     * perform any memory allocation operation. It assumes that the memory
     * for the telemetry write area has already been allocated by the caller.
     * The telemetry stream is reset when a new start address is
     * loaded.
     * @param pAddress pointer to the first location of the byte array
     */</comment>
    <function_decl><type><name>void</name></type> <name>setStartAddress</name><parameter_list>(<param><decl><type><name>unsigned</name> <name>char</name>*</type> <name>pAddress</name></decl></param>)</parameter_list>;</function_decl>

    <comment type="block">/**
     * Get the starting address of the telemetry write area.
     * @see #setStartingAddress
     * @return the pointer to the first location of the telemetry write area
     */</comment>
    <function_decl><type><name>unsigned</name> <name>char</name>*</type> <name>getStartAddress</name><parameter_list>(<param><decl><type><name>void</name></type></decl></param>)</parameter_list> <specifier>const</specifier>;</function_decl>

    <comment type="block">/**
     * Get the current value of the packet counter.
     * @return the packet counter
     */</comment>
    <function_decl><type><name>unsigned</name> <name>int</name></type> <name>getPacketCounter</name><parameter_list>(<param><decl><type><name>void</name></type></decl></param>)</parameter_list> <specifier>const</specifier>;</function_decl>

    <comment type="block">/**
     * Get the current value of the write counter.
     * @return the write counter
     */</comment>
    <function_decl><type><name>unsigned</name> <name>int</name></type> <name>getWriteCounter</name><parameter_list>(<param><decl><type><name>void</name></type></decl></param>)</parameter_list> <specifier>const</specifier>;</function_decl>

    <comment type="block">/**
     * Get the value of the packet sequence count. This is equal to the number of packets 
     * for which write requests have been made since the telemetry stream component 
     * was instantiated.
     * @return the packet sequence count
     */</comment>
    <function_decl><type><name>unsigned</name> <name>int</name></type> <name>getSequenceCounter</name><parameter_list>(<param><decl><type><name>void</name></type></decl></param>)</parameter_list> <specifier>const</specifier>;</function_decl>

    <comment type="block">/**
     * Return true if there is enough space in the telemetry write area to write
     * the argument telemetry packet.
     * A pseudo-code implementation for this method is as follows: &lt;PRE&gt;
     *      if ( pItem-&gt;getNumberOfBytes()==0 )
     *          return true;
     *	    if ( (pItem-&gt;getNumberOfBytes()+headerSize) greater than (N-writeCounter) )
     *	        return false;
     *	    else
     *          return true; &lt;/PRE&gt;
	 * where N is the size of the telemetry write area,
     * &lt;code&gt;writeCounter&lt;/code&gt; is the value of the write counter, and
     * &lt;code&gt;headerSize&lt;/code&gt; is the size of the PUS header that method
     * &lt;code&gt;write&lt;/code&gt; adds to the application data returned by the packet.
     * &lt;p&gt;
     * @param pPacket the telemetry packet to be written to the telemetry stream
     * @return true if there is enough space in the telemetry stream to write
     * the telemetry packet, false otherwise
     */</comment>
    <function_decl><type><name>virtual</name> <name>bool</name></type> <name>doesPacketFit</name><parameter_list>(<param><decl><type><name>TelemetryPacket</name>*</type> <name>pPacket</name></decl></param>)</parameter_list>;</function_decl>

    <comment type="block">/**
     * Write one telemetry packet to the telemetry write area.
     * First the PUS header is written to the telemetry write area. Then
     * the telemetry bytes read from the telemetry packet are written in
     * sequence. The write operation begins at
     * location wc in the telemetry write area 
     * where wc is the value of the write counter.
     * Before beginning to write the packet data, a check is made to verify that
     * there is enough space in the telemetry write area. If this is not the case,
     * then an event of type
     * EVT_TM_STREAM_END is generated and the method returns.
     * After successful completion of a write operation, the packet counter is
     * incremented by 1. The sequence count is incremented by one for each write
     * request regardless of whether or not it was successful
     * &lt;p&gt;
     * There is no check on an overflow of either the write or
     * packet counter.
     * &lt;p&gt;
     * The telemetry packet data are extracted from the telemetry packet 
     * component through its &lt;i&gt;data acquisition service&lt;/i&gt;. If the packet
     * provides it, then the &lt;i&gt;fast version&lt;/i&gt; of the service is used.
     * Otherwise the &lt;i&gt;safe version&lt;/i&gt; is used. Method 
     *&lt;code&gt;isFastAcquisitionImplemented&lt;/code&gt; is used to determine 
     * whether the fast version is provided.
     * @param pItem the telemetry packet to be written to the telemetry stream
     */</comment>
    <function_decl><type><name>virtual</name> <name>void</name></type> <name>write</name><parameter_list>(<param><decl><type><name>TelemetryPacket</name>*</type> <name>pItem</name></decl></param>)</parameter_list>;</function_decl>

    <comment type="block">/**
     * Perform a class-specific configuration check on the telemetry stream:
     * verify that the size and starting address of the telemetry write area have
     * been loaded.
     * @return true if the telemetry stream is configured, false otherwise.
     */</comment>
    <function_decl><type><name>virtual</name> <name>bool</name></type> <name>isObjectConfigured</name><parameter_list>(<param><decl><type><name>void</name></type></decl></param>)</parameter_list>;</function_decl>

</public>}</block>;</class>

<cpp:endif>#<cpp:directive>endif</cpp:directive></cpp:endif>
</unit>
