<unit xmlns="http://www.sdml.info/srcML/src" xmlns:cpp="http://www.sdml.info/srcML/cpp">
<comment type="line">//
</comment><comment type="line">// Copyright 2004 P&amp;P Software GmbH - All Rights Reserved
</comment><comment type="line">//
</comment><comment type="line">// DC_ByteArrayTelemetryStream.cpp
</comment><comment type="line">//
</comment><comment type="line">// Version	1.0
</comment><comment type="line">// Date		04.03.03 (Version 1.0)
</comment><comment type="line">// Author	A. Pasetti (P&amp;P Software)
</comment>
<cpp:include>#<cpp:directive>include</cpp:directive> <cpp:file>"../GeneralInclude/CompilerSwitches.h"</cpp:file></cpp:include>
<cpp:include>#<cpp:directive>include</cpp:directive> <cpp:file>"../GeneralInclude/DebugSupport.h"</cpp:file></cpp:include>
<cpp:include>#<cpp:directive>include</cpp:directive> <cpp:file>"../GeneralInclude/ClassId.h"</cpp:file></cpp:include>
<cpp:include>#<cpp:directive>include</cpp:directive> <cpp:file>"../GeneralInclude/Constants.h"</cpp:file></cpp:include>
<cpp:include>#<cpp:directive>include</cpp:directive> <cpp:file>"../Telemetry/TelemetryPacket.h"</cpp:file></cpp:include>
<cpp:include>#<cpp:directive>include</cpp:directive> <cpp:file>"DC_ByteArrayTelemetryStream.h"</cpp:file></cpp:include>

<constructor><name>DC_ByteArrayTelemetryStream::DC_ByteArrayTelemetryStream</name><parameter_list>(<param><decl><type><name>void</name></type></decl></param>)</parameter_list> <block>{
    <expr_stmt><expr><name>size</name> = 0</expr>;</expr_stmt>
    <expr_stmt><expr><name>tmData</name> = <name>pNULL</name></expr>;</expr_stmt>
    <expr_stmt><expr><name>writeCounter</name> = 0</expr>;</expr_stmt>
    <expr_stmt><expr><call><name>setClassId</name><argument_list>(<argument><expr><name>ID_BYTEARRAYTELEMETRYSTREAM</name></expr></argument>)</argument_list></call></expr>;</expr_stmt>
}</block></constructor>

<function><type><name>void</name></type> <name><name>DC_ByteArrayTelemetryStream</name>::<name>reset</name></name><parameter_list>(<param><decl><type><name>void</name></type></decl></param>)</parameter_list> <block>{
    <expr_stmt><expr><call><name>assert</name><argument_list>(<argument><expr><name>size</name>&gt;0 &amp;&amp; <name>tmData</name>!=<name>pNULL</name></expr></argument>)</argument_list></call></expr>;</expr_stmt>
    <expr_stmt><expr><name>writeCounter</name> = 0</expr>;</expr_stmt>
}</block></function>

<function><type><name>void</name></type> <name><name>DC_ByteArrayTelemetryStream</name>::<name>flush</name></name><parameter_list>(<param><decl><type><name>void</name></type></decl></param>)</parameter_list> <block>{
    <expr_stmt><expr><call><name>reset</name><argument_list>()</argument_list></call></expr>;</expr_stmt>
}</block></function>

<function><type><name>unsigned</name> <name>int</name></type> <name><name>DC_ByteArrayTelemetryStream</name>::<name>getCapacity</name></name><parameter_list>(<param><decl><type><name>void</name></type></decl></param>)</parameter_list> <block>{
    <expr_stmt><expr><call><name>assert</name><argument_list>( <argument><expr><name>size</name> &gt; 0</expr></argument> )</argument_list></call></expr>;</expr_stmt>
    <return>return <expr><name>size</name></expr>;</return>
}</block></function>

<function><type><name>void</name></type> <name><name>DC_ByteArrayTelemetryStream</name>::<name>setCapacity</name></name><parameter_list>(<param><decl><type><name>unsigned</name> <name>int</name></type> <name>n</name></decl></param>)</parameter_list> <block>{
    <expr_stmt><expr><call><name>assert</name><argument_list>( <argument><expr><name>n</name> &gt; 0</expr></argument> )</argument_list></call></expr>;</expr_stmt>
    <expr_stmt><expr><name>size</name> = <name>n</name></expr>;</expr_stmt>
}</block></function>

<function><type><name>void</name></type> <name><name>DC_ByteArrayTelemetryStream</name>::<name>setStartingAddress</name></name><parameter_list>(<param><decl><type><name>unsigned</name> <name>char</name>*</type> <name>pAddress</name></decl></param>)</parameter_list> <block>{
    <expr_stmt><expr><call><name>assert</name><argument_list>( <argument><expr><name>pAddress</name> != <name>pNULL</name></expr></argument> )</argument_list></call></expr>;</expr_stmt>
    <expr_stmt><expr><name>tmData</name> = <name>pAddress</name></expr>;</expr_stmt>
}</block></function>

<function><type><name>unsigned</name> <name>char</name>*</type> <name><name>DC_ByteArrayTelemetryStream</name>::<name>getStartingAddress</name></name><parameter_list>(<param><decl><type><name>void</name></type></decl></param>)</parameter_list> <specifier>const</specifier> <block>{
    <expr_stmt><expr><call><name>assert</name><argument_list>( <argument><expr><name>tmData</name> != <name>pNULL</name></expr></argument> )</argument_list></call></expr>;</expr_stmt>
    <return>return <expr><name>tmData</name></expr>;</return>
}</block></function>

<function><type><name>bool</name></type> <name><name>DC_ByteArrayTelemetryStream</name>::<name>doesPacketFit</name></name><parameter_list>(<param><decl><type><name>TelemetryPacket</name>*</type> <name>pItem</name></decl></param>)</parameter_list> <block>{
    <expr_stmt><expr><call><name>assert</name><argument_list>( <argument><expr><call><name>isObjectConfigured</name><argument_list>()</argument_list></call></expr></argument> )</argument_list></call></expr>;</expr_stmt>
    <return>return <expr>(<name>pItem</name>-&gt;<call><name>getNumberOfBytes</name><argument_list>()</argument_list></call> &lt;= (<name>size</name>-<name>writeCounter</name>) )</expr>;</return>
}</block></function>

<function><type><name>void</name></type> <name><name>DC_ByteArrayTelemetryStream</name>::<name>write</name></name><parameter_list>(<param><decl><type><name>TelemetryPacket</name>*</type> <name>pItem</name></decl></param>)</parameter_list> <block>{
    <expr_stmt><expr><call><name>assert</name><argument_list>( <argument><expr><call><name>isObjectConfigured</name><argument_list>()</argument_list></call></expr></argument> )</argument_list></call></expr>;</expr_stmt>
    <decl_stmt><decl><type><name>unsigned</name> <name>int</name></type> <name>base</name> =<init> <expr><name>writeCounter</name></expr></init></decl>;</decl_stmt>
    <for>for (<init><expr><type><name>unsigned</name> <name>int</name></type> <name>i</name>=<init><expr>0</expr></init></expr>;</init> <condition><expr><name>i</name>&lt;<name>pItem</name>-&gt;<call><name>getNumberOfBytes</name><argument_list>()</argument_list></call></expr>;</condition> <incr><expr><name>i</name>++</expr></incr>) <block>{
        <if>if <condition>( <expr>(<name>i</name>+<name>base</name>)&gt;=<name>size</name></expr> )</condition><then>
            <break>break;</break></then></if>
        <expr_stmt><expr><name><name>tmData</name>[<expr><name>base</name>+<name>i</name></expr>]</name> = <name>pItem</name>-&gt;<call><name>getUnsignedByte</name><argument_list>(<argument><expr><name>i</name></expr></argument>)</argument_list></call></expr>;</expr_stmt>
        <expr_stmt><expr><name>writeCounter</name>++</expr>;</expr_stmt>
    }</block></for>
}</block></function>

<function><type><name>bool</name></type> <name><name>DC_ByteArrayTelemetryStream</name>::<name>isObjectConfigured</name></name><parameter_list>(<param><decl><type><name>void</name></type></decl></param>)</parameter_list> <block>{
    <return>return <expr>(<call><name><name>TelemetryStream</name>::<name>isObjectConfigured</name></name><argument_list>()</argument_list></call> &amp;&amp; <name>size</name>&gt;0 &amp;&amp; <name>tmData</name>!=<name>pNULL</name>)</expr>;</return>
}</block></function>

</unit>
