<unit xmlns="http://www.sdml.info/srcML/src" xmlns:cpp="http://www.sdml.info/srcML/cpp">
<comment type="line">//
</comment><comment type="line">// Copyright 2004 P&amp;P Software GmbH - All Rights Reserved
</comment><comment type="line">//
</comment><comment type="line">// DC_CyclingTelemetryModeManager.h
</comment><comment type="line">//
</comment><comment type="line">// Version	1.0
</comment><comment type="line">// Date		23.01.04
</comment><comment type="line">// Author	A. Pasetti (P&amp;P Software)
</comment>
<cpp:ifndef>#<cpp:directive>ifndef</cpp:directive> <name>DC_CyclingTelemetryModeManagerH</name></cpp:ifndef>
<cpp:define>#<cpp:directive>define</cpp:directive> <name>DC_CyclingTelemetryModeManagerH</name></cpp:define>

<cpp:include>#<cpp:directive>include</cpp:directive> <cpp:file>"../GeneralInclude/BasicTypes.h"</cpp:file></cpp:include>
<cpp:include>#<cpp:directive>include</cpp:directive> <cpp:file>"../Base/CC_RootObject.h"</cpp:file></cpp:include>
<cpp:include>#<cpp:directive>include</cpp:directive> <cpp:file>"TelemetryListModeManager.h"</cpp:file></cpp:include>

<comment type="block">/**
 * Telemetry mode manager that cycles through the lists of telemetry packets.
 * This class extends the base class &lt;code&gt;TelemetryListModeManager&lt;/code&gt; 
 * by adding to it an implementation for the &lt;i&gt;update mechanism&lt;/i&gt; that
 * cycles through all the operational modes defined for the mode manager.
 * &lt;/p&gt;
 * An initialization sequence for this class consists of the following
 * steps (to be performed in the order given): &lt;ul&gt;
 * &lt;li&gt;Set the number of modes through method &lt;code&gt;setNumberOfModes&lt;/code&gt;&lt;/li&gt;
 * &lt;li&gt;Set the default mode &lt;code&gt;setDefaultMode&lt;/code&gt;&lt;/li&gt;
 * &lt;li&gt;Set the lengths of the lists through method
 * &lt;code&gt;setListLength&lt;/code&gt;&lt;/li&gt;
 * &lt;li&gt;Load the individual items through method &lt;code&gt;setListItem&lt;/code&gt;&lt;/li&gt;
 * &lt;li&gt;Reset the component by calling method &lt;code&gt;reset&lt;/code&gt;&lt;/li&gt;
 * &lt;/ul&gt;
 * @author Alessandro Pasetti (P&amp;P Software GmbH)
 * @version 1.0
 */</comment>
<class>class <name>DC_CyclingTelemetryModeManager</name> <super>: <specifier>public</specifier> <name>TelemetryListModeManager</name></super> <block>{<private type="default">

  </private><public>public:

    <comment type="block">/**
     * Instantiate a cycling telemetry mode manager. This constructor sets the
     * class identifier and then returns.
     */</comment>
    <constructor_decl><name>DC_CyclingTelemetryModeManager</name><parameter_list>(<param><decl><type><name>void</name></type></decl></param>)</parameter_list>;</constructor_decl>

    <comment type="block">/**
     * Cycle through the operational modes. Let N be the number of modes
     * and C be the current mode. If C is smaller than (N-1), then this
     * method updates the operationa mode to: (C+1). Otherwise it updates it
	 * to 0.
     * @see ModeManager#update
     */</comment>
    <function_decl><type><name>virtual</name> <name>void</name></type> <name>update</name><parameter_list>(<param><decl><type><name>void</name></type></decl></param>)</parameter_list>;</function_decl>

</public>}</block>;</class>

<cpp:endif>#<cpp:directive>endif</cpp:directive></cpp:endif>
</unit>
