<unit xmlns="http://www.sdml.info/srcML/src" xmlns:cpp="http://www.sdml.info/srcML/cpp">
<comment type="line">//
</comment><comment type="line">// Copyright 2004 P&amp;P Software GmbH - All Rights Reserved
</comment><comment type="line">//
</comment><comment type="line">// DC_CycleDataItem16TmStream.cpp
</comment><comment type="line">//
</comment><comment type="line">// Version	1.1
</comment><comment type="line">// Date		04.12.02 (Version 1.0)
</comment><comment type="line">//          04.03.03 (Version 1.1)
</comment><comment type="line">// Author	A. Pasetti (P&amp;P Software)
</comment><comment type="line">//
</comment><comment type="line">// Change Record:
</comment><comment type="line">//   Version 1.1: Changed implementation of method "flush" to be
</comment><comment type="line">//                equivalent to a call to method "reset".
</comment>
<cpp:include>#<cpp:directive>include</cpp:directive> <cpp:file>"../GeneralInclude/CompilerSwitches.h"</cpp:file></cpp:include>
<cpp:include>#<cpp:directive>include</cpp:directive> <cpp:file>"../GeneralInclude/DebugSupport.h"</cpp:file></cpp:include>
<cpp:include>#<cpp:directive>include</cpp:directive> <cpp:file>"../GeneralInclude/ClassId.h"</cpp:file></cpp:include>
<cpp:include>#<cpp:directive>include</cpp:directive> <cpp:file>"../GeneralInclude/Constants.h"</cpp:file></cpp:include>
<cpp:include>#<cpp:directive>include</cpp:directive> <cpp:file>"../Data/DC_RawDataItem.h"</cpp:file></cpp:include>
<cpp:include>#<cpp:directive>include</cpp:directive> <cpp:file>"../Telemetry/TelemetryPacket.h"</cpp:file></cpp:include>
<cpp:include>#<cpp:directive>include</cpp:directive> <cpp:file>"DC_CycleDataItem16TmStream.h"</cpp:file></cpp:include>

<constructor><name>DC_CycleDataItem16TmStream::DC_CycleDataItem16TmStream</name><parameter_list>(<param><decl><type><name>void</name></type></decl></param>)</parameter_list> <block>{
    <expr_stmt><expr><name>nDataItems</name> = 0</expr>;</expr_stmt>
    <expr_stmt><expr><name>writeCounter</name> = 0</expr>;</expr_stmt>
    <expr_stmt><expr><call><name>setClassId</name><argument_list>(<argument><expr><name>ID_CYCLEDATAITEM16TMSTREAM</name></expr></argument>)</argument_list></call></expr>;</expr_stmt>
}</block></constructor>

<function><type><name>void</name></type> <name><name>DC_CycleDataItem16TmStream</name>::<name>reset</name></name><parameter_list>(<param><decl><type><name>void</name></type></decl></param>)</parameter_list> <block>{
    <expr_stmt><expr><call><name>assert</name><argument_list>(<argument><expr><name>nDataItems</name>&gt;0 &amp;&amp; <name>pDataItem</name>!=<name>pNULL</name></expr></argument>)</argument_list></call></expr>;</expr_stmt>
    <expr_stmt><expr><name>writeCounter</name> = 0</expr>;</expr_stmt>
}</block></function>

<function><type><name>void</name></type> <name><name>DC_CycleDataItem16TmStream</name>::<name>flush</name></name><parameter_list>(<param><decl><type><name>void</name></type></decl></param>)</parameter_list> <block>{
    <expr_stmt><expr><call><name>reset</name><argument_list>()</argument_list></call></expr>;</expr_stmt>
}</block></function>

<function><type><name>unsigned</name> <name>int</name></type> <name><name>DC_CycleDataItem16TmStream</name>::<name>getCapacity</name></name><parameter_list>(<param><decl><type><name>void</name></type></decl></param>)</parameter_list> <block>{
    <expr_stmt><expr><call><name>assert</name><argument_list>(<argument><expr><name>nDataItems</name>&gt;0 &amp;&amp; <name>pDataItem</name>!=<name>pNULL</name></expr></argument>)</argument_list></call></expr>;</expr_stmt>
    <return>return <expr><name>nDataItems</name></expr>;</return>
}</block></function>

<function><type><name>void</name></type> <name><name>DC_CycleDataItem16TmStream</name>::<name>setNumberOfDataItems</name></name><parameter_list>(<param><decl><type><name>unsigned</name> <name>int</name></type> <name>n</name></decl></param>)</parameter_list> <block>{
    <expr_stmt><expr><call><name>assert</name><argument_list>( <argument><expr><name>nDataItems</name> == 0</expr></argument> )</argument_list></call></expr>;</expr_stmt>        <comment type="line">// should only be called once
</comment>    <expr_stmt><expr><call><name>assert</name><argument_list>( <argument><expr><name>n</name> &gt; 0</expr></argument> )</argument_list></call></expr>;</expr_stmt>

    <if>if <condition>(<expr><name>nDataItems</name> == 0</expr>)</condition><then> <block>{
        <expr_stmt><expr><name>nDataItems</name> = <name>n</name></expr>;</expr_stmt>
        <expr_stmt><expr><name>pDataItem</name> = new <name>DC_RawDataItem</name>*[<name>nDataItems</name>]</expr>;</expr_stmt>
        <for>for (<init><expr><type><name>unsigned</name> <name>int</name></type> <name>i</name>=<init><expr>0</expr></init></expr>;</init> <condition><expr><name>i</name>&lt;<name>nDataItems</name></expr>;</condition> <incr><expr><name>i</name>++</expr></incr>)
            <expr_stmt><expr><name><name>pDataItem</name>[<expr><name>i</name></expr>]</name> = <name>pNULL</name></expr>;</expr_stmt></for>
        <expr_stmt><expr><call><name>reset</name><argument_list>()</argument_list></call></expr>;</expr_stmt>
    }</block></then></if>
}</block></function>

<function><type><name>void</name></type> <name><name>DC_CycleDataItem16TmStream</name>::<name>setDataItem</name></name><parameter_list>(<param><decl><type><name>unsigned</name> <name>int</name></type> <name>index</name></decl></param>, <param><decl><type><name>DC_RawDataItem</name>*</type> <name>pDI</name></decl></param>)</parameter_list> <block>{
    <expr_stmt><expr><call><name>assert</name><argument_list>(<argument><expr><name>nDataItems</name>&gt;0 &amp;&amp; <name>index</name>&lt;<name>nDataItems</name></expr></argument>)</argument_list></call></expr>;</expr_stmt>
    <expr_stmt><expr><call><name>assert</name><argument_list>(<argument><expr><name>pDI</name>!=<name>pNULL</name></expr></argument>)</argument_list></call></expr>;</expr_stmt>
    <expr_stmt><expr><name><name>pDataItem</name>[<expr><name>index</name></expr>]</name> = <name>pDI</name></expr>;</expr_stmt>
}</block></function>

<function><type><name>bool</name></type> <name><name>DC_CycleDataItem16TmStream</name>::<name>doesPacketFit</name></name><parameter_list>(<param><decl><type><name>TelemetryPacket</name>*</type> <name>pPacket</name></decl></param>)</parameter_list> <block>{
    <expr_stmt><expr><call><name>assert</name><argument_list>( <argument><expr><call><name>isObjectConfigured</name><argument_list>()</argument_list></call></expr></argument> )</argument_list></call></expr>;</expr_stmt>
    <return>return <expr>( <name>pPacket</name>-&gt;<call><name>getNumberOfBytes</name><argument_list>()</argument_list></call> &lt;= 2*(<name>nDataItems</name>-<name>writeCounter</name>) )</expr>;</return>
}</block></function>

<function><type><name>void</name></type> <name><name>DC_CycleDataItem16TmStream</name>::<name>write</name></name><parameter_list>(<param><decl><type><name>TelemetryPacket</name>*</type> <name>pItem</name></decl></param>)</parameter_list> <block>{
    <expr_stmt><expr><call><name>assert</name><argument_list>( <argument><expr><call><name>isObjectConfigured</name><argument_list>()</argument_list></call></expr></argument> )</argument_list></call></expr>;</expr_stmt>
    <decl_stmt><decl><type><name>unsigned</name> <name>short</name></type> <name>tmValue</name></decl>;</decl_stmt>
    <decl_stmt><decl><type><name>unsigned</name> <name>short</name></type> <name>temp</name></decl>;</decl_stmt>
    <for>for (<init><expr><type><name>unsigned</name> <name>int</name></type> <name>i</name>=<init><expr>0</expr></init></expr>;</init> <condition><expr><name>i</name>&lt;(<name>pItem</name>-&gt;<call><name>getNumberOfBytes</name><argument_list>()</argument_list></call>-1)</expr>;</condition><incr><expr><name>i</name>=<name>i</name>+2</expr></incr>) <block>{
        <if>if <condition>( <expr><name>writeCounter</name> &lt; <name>nDataItems</name></expr>)</condition><then> <block>{
            <expr_stmt><expr><name>tmValue</name> = (<name>unsigned</name> <name>short</name>)<name>pItem</name>-&gt;<call><name>getUnsignedByte</name><argument_list>(<argument><expr><name>i</name></expr></argument>)</argument_list></call></expr>;</expr_stmt>
            <expr_stmt><expr><name>temp</name> = ((<name>unsigned</name> <name>short</name>)<name>pItem</name>-&gt;<call><name>getUnsignedByte</name><argument_list>(<argument><expr><name>i</name>+1</expr></argument>)</argument_list></call>)&lt;&lt;8</expr>;</expr_stmt>
            <expr_stmt><expr><name>tmValue</name> = <name>tmValue</name> + <name>temp</name></expr>;</expr_stmt>
            <expr_stmt><expr><name><name>pDataItem</name>[<expr><name>writeCounter</name></expr>]</name>-&gt;<call><name>setUnsignedShort</name><argument_list>(<argument><expr><name>tmValue</name></expr></argument>)</argument_list></call></expr>;</expr_stmt>
            <expr_stmt><expr><name>writeCounter</name>++</expr>;</expr_stmt>
        }</block></then> <else>else
            <break>break;</break></else></if>
    }</block></for>
}</block></function>

<function><type><name>bool</name></type> <name><name>DC_CycleDataItem16TmStream</name>::<name>isObjectConfigured</name></name><parameter_list>(<param><decl><type><name>void</name></type></decl></param>)</parameter_list> <block>{
    <if>if <condition>(<expr>!<call><name><name>TelemetryStream</name>::<name>isObjectConfigured</name></name><argument_list>()</argument_list></call> || <name>nDataItems</name>==0</expr>)</condition><then>
        <return>return <expr><name>NOT_CONFIGURED</name></expr>;</return></then></if>

    <for>for (<init><expr><type><name>unsigned</name> <name>int</name></type> <name>i</name>=<init><expr>0</expr></init></expr>;</init> <condition><expr><name>i</name>&lt;<name>nDataItems</name></expr>;</condition> <incr><expr><name>i</name>++</expr></incr>) <block>{
        <if>if <condition>( <expr><name><name>pDataItem</name>[<expr><name>i</name></expr>]</name> == <name>pNULL</name></expr> )</condition><then>
            <return>return <expr><name>NOT_CONFIGURED</name></expr>;</return></then></if>
    }</block></for>

    <return>return <expr><name>CONFIGURED</name></expr>;</return>
}</block></function>

</unit>
