<unit xmlns="http://www.sdml.info/srcML/src" xmlns:cpp="http://www.sdml.info/srcML/cpp">
<comment type="line">//
</comment><comment type="line">// Copyright 2004 P&amp;P Software GmbH - All Rights Reserved
</comment><comment type="line">//
</comment><comment type="line">// DC_DataItem16TmWord.cpp
</comment><comment type="line">//
</comment><comment type="line">// Version	1.0
</comment><comment type="line">// Date		4.12.02
</comment><comment type="line">// Author	A. Pasetti (P&amp;P Software)
</comment>
<cpp:include>#<cpp:directive>include</cpp:directive> <cpp:file>"../GeneralInclude/CompilerSwitches.h"</cpp:file></cpp:include>
<cpp:include>#<cpp:directive>include</cpp:directive> <cpp:file>"../GeneralInclude/DebugSupport.h"</cpp:file></cpp:include>
<cpp:include>#<cpp:directive>include</cpp:directive> <cpp:file>"../GeneralInclude/ClassId.h"</cpp:file></cpp:include>
<cpp:include>#<cpp:directive>include</cpp:directive> <cpp:file>"../GeneralInclude/Constants.h"</cpp:file></cpp:include>
<cpp:include>#<cpp:directive>include</cpp:directive> <cpp:file>"../Data/DC_RawDataItem.h"</cpp:file></cpp:include>
<cpp:include>#<cpp:directive>include</cpp:directive> <cpp:file>"DC_DataItem16TmWord.h"</cpp:file></cpp:include>

<constructor><name>DC_DataItem16TmWord::DC_DataItem16TmWord</name><parameter_list>(<param><decl><type><name>void</name></type></decl></param>)</parameter_list> <block>{
    <expr_stmt><expr><call><name>setNumberOfBytes</name><argument_list>(<argument><expr>2</expr></argument>)</argument_list></call></expr>;</expr_stmt>
    <expr_stmt><expr><call><name>setUnsignedShort</name><argument_list>(<argument><expr>0</expr></argument>,<argument><expr>0</expr></argument>)</argument_list></call></expr>;</expr_stmt>
    <expr_stmt><expr><name>pDataItem</name> = <name>pNULL</name></expr>;</expr_stmt>
    <expr_stmt><expr><call><name>setClassId</name><argument_list>(<argument><expr><name>ID_DATAITEM16TMWORD</name></expr></argument>)</argument_list></call></expr>;</expr_stmt>
}</block></constructor>

<function><type><name>void</name></type> <name><name>DC_DataItem16TmWord</name>::<name>update</name></name><parameter_list>(<param><decl><type><name>void</name></type></decl></param>)</parameter_list> <block>{
    <expr_stmt><expr><call><name>assert</name><argument_list>( <argument><expr><name>pDataItem</name> != <name>pNULL</name></expr></argument> )</argument_list></call></expr>;</expr_stmt>
    <expr_stmt><expr><call><name>setUnsignedShort</name><argument_list>(<argument><expr>0</expr></argument>,<argument><expr><name>pDataItem</name>-&gt;<call><name>getUnsignedShort</name><argument_list>()</argument_list></call></expr></argument>)</argument_list></call></expr>;</expr_stmt>
}</block></function>

<function><type><name>void</name></type> <name><name>DC_DataItem16TmWord</name>::<name>setDataItem</name></name><parameter_list>(<param><decl><type><name>DC_RawDataItem</name>*</type> <name>pDataItem</name></decl></param>)</parameter_list> <block>{
    <expr_stmt><expr><name>this</name>-&gt;<name>pDataItem</name> = <name>pDataItem</name></expr>;</expr_stmt>
}</block></function>

<function><type><name>bool</name></type> <name><name>DC_DataItem16TmWord</name>::<name>isObjectConfigured</name></name><parameter_list>(<param><decl><type><name>void</name></type></decl></param>)</parameter_list> <block>{
   <return>return <expr>(<call><name><name>StructuredTelemetryPacket</name>::<name>isObjectConfigured</name></name><argument_list>()</argument_list></call> &amp;&amp; <name>pDataItem</name>!=<name>pNULL</name>)</expr>;</return>
}</block></function>
</unit>
