<unit xmlns="http://www.sdml.info/srcML/src" xmlns:cpp="http://www.sdml.info/srcML/cpp">
<comment type="line">//
</comment><comment type="line">// Copyright 2004 P&amp;P Software GmbH - All Rights Reserved
</comment><comment type="line">//
</comment><comment type="line">// DC_DataItem16TmWord.h
</comment><comment type="line">//
</comment><comment type="line">// Version	1.0
</comment><comment type="line">// Date		04.12.02
</comment><comment type="line">// Author	A. Pasetti (P&amp;P Software)
</comment>
<cpp:ifndef>#<cpp:directive>ifndef</cpp:directive> <name>DC_DataItem16TmWordH</name></cpp:ifndef>
<cpp:define>#<cpp:directive>define</cpp:directive> <name>DC_DataItem16TmWordH</name></cpp:define>

<cpp:include>#<cpp:directive>include</cpp:directive> <cpp:file>"../GeneralInclude/ForwardDeclarations.h"</cpp:file></cpp:include>
<cpp:include>#<cpp:directive>include</cpp:directive> <cpp:file>"../GeneralInclude/BasicTypes.h"</cpp:file></cpp:include>
<cpp:include>#<cpp:directive>include</cpp:directive> <cpp:file>"../Data/DC_RawDataItem.h"</cpp:file></cpp:include>
<cpp:include>#<cpp:directive>include</cpp:directive> <cpp:file>"StructuredTelemetryPacket.h"</cpp:file></cpp:include>

<comment type="block">/**
 * Telemetry item encapsulating a 16-bit integer accessed through a
 * raw data item. The raw data item is loaded as a configuration parameter.
 * @see DC_RawDataItem
 * @author Alessandro Pasetti (P&amp;P Software GmbH)
 * @version 1.0
 */</comment>
<class>class <name>DC_DataItem16TmWord</name> <super>: <specifier>public</specifier> <name>StructuredTelemetryPacket</name></super> <block>{<private type="default">

  </private><private>private:
    <decl_stmt><decl><type><name>DC_RawDataItem</name>*</type> <name>pDataItem</name></decl>;</decl_stmt>

  </private><public>public:

    <comment type="block">/**
     * Instantiate the telemetry packet component. This constructor initializes the
     * size of the internal telemetry buffer of the superclass to 2 and sets
     * the initial value of the telemetry buffer to 0.
     * A pseudo-code implementation for this constructor is as follows: &lt;PRE&gt;
     *		setNumberOfBytes(2);
     *		setUnsignedShort(0,0);&lt;/PRE&gt;
     */</comment>
    <constructor_decl><name>DC_DataItem16TmWord</name><parameter_list>(<param><decl><type><name>void</name></type></decl></param>)</parameter_list>;</constructor_decl>

    <comment type="block">/**
     * Implement the &lt;i&gt;data update service&lt;/i&gt;. The internal telemetry buffer
     * is loaded with the value of the data item.
     * A pseudo-code implementation for this method is as follows: &lt;PRE&gt;
     *		tmWord = . . .;  // retrieve the 16-bit value of the data item
     *		setUnsignedShort(0,tmWord);&lt;/PRE&gt;
     */</comment>
    <function_decl><type><name>virtual</name> <name>void</name></type> <name>update</name><parameter_list>(<param><decl><type><name>void</name></type></decl></param>)</parameter_list>;</function_decl>

    <comment type="block">/**
     * Load the data item that is the source of the telemetry data for this
     * telemetry packet.
     * The data item is assumed to encapsulate a 16-bit value.
     * @param pDataItem the data item acting as source of telemetry data
     */</comment>
    <function_decl><type><name>void</name></type> <name>setDataItem</name><parameter_list>(<param><decl><type><name>DC_RawDataItem</name>*</type> <name>pDataItem</name></decl></param>)</parameter_list>;</function_decl>

    <comment type="block">/**
     * Perform a class-specific configuration check on a
     * &lt;code&gt;DC_DataItem16TmWord&lt;/code&gt;: verify that the data item has been
     * loaded.
     * @return true if the object is configured, false otherwise.
     */</comment>
    <function_decl><type><name>virtual</name> <name>bool</name></type> <name>isObjectConfigured</name><parameter_list>(<param><decl><type><name>void</name></type></decl></param>)</parameter_list>;</function_decl>
</public>}</block>;</class>

<cpp:endif>#<cpp:directive>endif</cpp:directive></cpp:endif>
</unit>
