<unit xmlns="http://www.sdml.info/srcML/src" xmlns:cpp="http://www.sdml.info/srcML/cpp">
<comment type="line">//
</comment><comment type="line">// Copyright 2004 P&amp;P Software GmbH - All Rights Reserved
</comment><comment type="line">//
</comment><comment type="line">// DC_DummyTelemetryPacket.cpp
</comment><comment type="line">//
</comment><comment type="line">// Version	1.0
</comment><comment type="line">// Date		04.04.03
</comment><comment type="line">// Author	A. Pasetti (P&amp;P Software)
</comment>
<cpp:include>#<cpp:directive>include</cpp:directive> <cpp:file>"../GeneralInclude/CompilerSwitches.h"</cpp:file></cpp:include>
<cpp:include>#<cpp:directive>include</cpp:directive> <cpp:file>"../GeneralInclude/ClassId.h"</cpp:file></cpp:include>
<cpp:include>#<cpp:directive>include</cpp:directive> <cpp:file>"../GeneralInclude/Constants.h"</cpp:file></cpp:include>
<cpp:include>#<cpp:directive>include</cpp:directive> <cpp:file>"../Base/CC_RootObject.h"</cpp:file></cpp:include>
<cpp:include>#<cpp:directive>include</cpp:directive> <cpp:file>"DC_DummyTelemetryPacket.h"</cpp:file></cpp:include>

<constructor><name>DC_DummyTelemetryPacket::DC_DummyTelemetryPacket</name><parameter_list>(<param><decl><type><name>void</name></type></decl></param>)</parameter_list> <block>{
    <expr_stmt><expr><call><name>setClassId</name><argument_list>(<argument><expr><name>ID_DUMMYTELEMETRYITEM</name></expr></argument>)</argument_list></call></expr>;</expr_stmt>
    <expr_stmt><expr><name>item</name> = <name>pNULL</name></expr>;</expr_stmt>
    <expr_stmt><expr><name>nOfBytes</name> = 0</expr>;</expr_stmt>
    <expr_stmt><expr><name>validStatus</name> = <name>VALID</name></expr>;</expr_stmt>

    <comment type="line">// Dummy calls to setter methods
</comment>    <macro>setDestination<argument_list>((TD_TelemetryDestination)1)</argument_list>;</macro>
    <macro>setTimeTag<argument_list>((TD_ObsTime)1)</argument_list>;</macro>
    <macro>setType<argument_list>((TD_TelemetryType)1)</argument_list>;</macro>
    <macro>setSubType<argument_list>((TD_TelemetrySubType)1)</argument_list>;</macro>
}</block></constructor>

<function><type><name>unsigned</name> <name>char</name></type> <name><name>DC_DummyTelemetryPacket</name>::<name>getUnsignedByte</name></name><parameter_list>(<param><decl><type><name>unsigned</name> <name>int</name></type> <name>n</name></decl></param>)</parameter_list> <block>{
    <macro>assert<argument_list>( (item!=pNULL) &amp;&amp; (n&lt;nOfBytes) )</argument_list>;</macro>
	<return>return <expr><name><name>item</name>[<expr><name>n</name></expr>]</name></expr>;</return>
}</block></function>

<function><type><name>void</name></type> <name><name>DC_DummyTelemetryPacket</name>::<name>setValidStatus</name></name><parameter_list>(<param><decl><type><name>bool</name></type> <name>validStatus</name></decl></param>)</parameter_list> <block>{
	<expr_stmt><expr><name>this</name>-&gt;<name>validStatus</name> = <name>validStatus</name></expr>;</expr_stmt>
}</block></function>

<function><type><name>bool</name></type> <name><name>DC_DummyTelemetryPacket</name>::<name>isValid</name></name><parameter_list>(<param><decl><type><name>void</name></type></decl></param>)</parameter_list> <block>{
	<return>return <expr><name>validStatus</name></expr>;</return>
}</block></function>

<function><type><name>unsigned</name> <name>int</name></type> <name><name>DC_DummyTelemetryPacket</name>::<name>getNumberOfBytes</name></name><parameter_list>(<param><decl><type><name>void</name></type></decl></param>)</parameter_list> <block>{
    <return>return <expr><name>nOfBytes</name></expr>;</return>
}</block></function>

<function><type><name>void</name></type> <name><name>DC_DummyTelemetryPacket</name>::<name>update</name></name><parameter_list>(<param><decl><type><name>void</name></type></decl></param>)</parameter_list> <block>{
    <expr_stmt><expr><call><name>assert</name><argument_list>( <argument><expr><name>item</name>!=<name>pNULL</name></expr></argument> )</argument_list></call></expr>;</expr_stmt>
    <for>for (<init><expr><type><name>unsigned</name> <name>int</name></type> <name>i</name>=<init><expr>0</expr></init></expr>;</init> <condition><expr><name>i</name>&lt;<name>nOfBytes</name></expr>;</condition> <incr><expr><name>i</name>++</expr></incr>) <block>{
        <if>if <condition>( <expr><name><name>item</name>[<expr><name>i</name></expr>]</name> &lt; 255</expr> )</condition><then>
            <expr_stmt><expr><name><name>item</name>[<expr><name>i</name></expr>]</name>++</expr>;</expr_stmt></then>
        <else>else
            <expr_stmt><expr><name><name>item</name>[<expr><name>i</name></expr>]</name> = 0</expr>;</expr_stmt></else></if>
    }</block></for>
}</block></function>

<function><type><name>void</name></type> <name><name>DC_DummyTelemetryPacket</name>::<name>setValue</name></name><parameter_list>(<param><decl><type><name>unsigned</name> <name>int</name></type> <name>n</name></decl></param>, <param><decl><type><name>unsigned</name> <name>char</name></type> <name>value</name></decl></param>)</parameter_list> <block>{
    <macro>assert<argument_list>( (item!=pNULL) &amp;&amp; (n&lt;nOfBytes) )</argument_list>;</macro>
    <expr_stmt><expr><name><name>item</name>[<expr><name>n</name></expr>]</name> = <name>value</name></expr>;</expr_stmt>
}</block></function>

<function><type><name>void</name></type> <name><name>DC_DummyTelemetryPacket</name>::<name>setNumberOfBytes</name></name><parameter_list>(<param><decl><type><name>unsigned</name> <name>int</name></type> <name>n</name></decl></param>)</parameter_list> <block>{
    <expr_stmt><expr><call><name>assert</name><argument_list>( <argument><expr><name>item</name>==<name>pNULL</name></expr></argument> )</argument_list></call></expr>;</expr_stmt>
    <expr_stmt><expr><name>nOfBytes</name> = <name>n</name></expr>;</expr_stmt>
    <expr_stmt><expr><name>item</name> = new <name>unsigned</name> <name><name>char</name>[<expr><name>nOfBytes</name></expr>]</name></expr>;</expr_stmt>
    <for>for (<init><expr><type><name>unsigned</name> <name>int</name></type> <name>i</name>=<init><expr>0</expr></init></expr>;</init> <condition><expr><name>i</name>&lt;<name>nOfBytes</name></expr>;</condition> <incr><expr><name>i</name>++</expr></incr>)
        <expr_stmt><expr><name><name>item</name>[<expr><name>i</name></expr>]</name> = 0</expr>;</expr_stmt></for>
}</block></function>

<function><type><name>bool</name></type> <name><name>DC_DummyTelemetryPacket</name>::<name>isObjectConfigured</name></name><parameter_list>()</parameter_list> <block>{
    <return>return <expr>( <call><name><name>TelemetryPacket</name>::<name>isObjectConfigured</name></name><argument_list>()</argument_list></call> &amp;&amp; (<name>item</name>!=<name>pNULL</name>) )</expr>;</return>
}</block></function>
</unit>
