<unit xmlns="http://www.sdml.info/srcML/src" xmlns:cpp="http://www.sdml.info/srcML/cpp">
<comment type="line">//
</comment><comment type="line">// Copyright 2004 P&amp;P Software GmbH - All Rights Reserved
</comment><comment type="line">//
</comment><comment type="line">// DC_DummyTelemetryPacket.h
</comment><comment type="line">//
</comment><comment type="line">// Version	1.0
</comment><comment type="line">// Date		04.03.03
</comment><comment type="line">// Author	A. Pasetti (P&amp;P Software)
</comment>
<cpp:ifndef>#<cpp:directive>ifndef</cpp:directive> <name>DC_DummyTelemetryPacketH</name></cpp:ifndef>
<cpp:define>#<cpp:directive>define</cpp:directive> <name>DC_DummyTelemetryPacketH</name></cpp:define>

<cpp:include>#<cpp:directive>include</cpp:directive> <cpp:file>"../GeneralInclude/ForwardDeclarations.h"</cpp:file></cpp:include>
<cpp:include>#<cpp:directive>include</cpp:directive> <cpp:file>"../GeneralInclude/BasicTypes.h"</cpp:file></cpp:include>
<cpp:include>#<cpp:directive>include</cpp:directive> <cpp:file>"../Base/CC_RootObject.h"</cpp:file></cpp:include>
<cpp:include>#<cpp:directive>include</cpp:directive> <cpp:file>"TelemetryPacket.h"</cpp:file></cpp:include>

<comment type="block">/**
 * Dummy implementation of the &lt;code&gt;TelemetryPacket&lt;/code&gt; interface
 * useful for testing purposes.
 * This telemetry packet encapsulates N settable bytes. The value of N
 * is a configuration parameter. The
 * update service is implemented to increment the value of each telemetry byte
 * by one (with a wrap-around to zero when the value of 255 is reached).
 * The &lt;i&gt;validity check&lt;/i&gt; can be dynamically set up to return
 * either "data valid" or "data not valid".
 * @author Alessandro Pasetti (P&amp;P Software GmbH)
 * @version 1.0
 */</comment>
<class>class <name>DC_DummyTelemetryPacket</name> <super>: <specifier>public</specifier> <name>TelemetryPacket</name></super> <block>{<private type="default">

  </private><private>private:
    <decl_stmt><decl><type><name>unsigned</name> <name>int</name></type> <name>nOfBytes</name></decl>;</decl_stmt>
    <decl_stmt><decl><type><name>unsigned</name> <name>char</name>*</type> <name>item</name></decl>;</decl_stmt>
    <decl_stmt><decl><type><name>bool</name></type> <name>validStatus</name></decl>;</decl_stmt>

  </private><public>public:

    <comment type="block">/**
     * Instantiate a telemetry packet component. The class identifier is set,
     * and the return
     * value of the validity check is set to "data valid". The number of
     * encapsulated bytes is set to an illegal value tosignify that the
     * component is not yet configured.
     * The constructor also calls the methods to set the telemetry packet time tag,
     * the type, the subtype, and the destination. These calls are unnecessary
     * from a functional point of view because none of these attributes is
     * implemented by the &lt;code&gt;TelemetryPacket&lt;/code&gt; class. However the calls
     * are useful during testing to achieve full statement coverage of the
     * the base class.
     */</comment>
    <constructor_decl><name>DC_DummyTelemetryPacket</name><parameter_list>(<param><decl><type><name>void</name></type></decl></param>)</parameter_list>;</constructor_decl>

    <comment type="block">/**
     * This method always returns the number of telemetry bytes.
     * @return the number of telemetry bytes
     */</comment>
    <function_decl><type><name>virtual</name> <name>unsigned</name> <name>int</name></type> <name>getNumberOfBytes</name><parameter_list>(<param><decl><type><name>void</name></type></decl></param>)</parameter_list>;</function_decl>

    <comment type="block">/**
     * Return the n-th encapsulated byte.
     * @return the value of the n-th encapsulated byte
     * @param n the byte index
     */</comment>
    <function_decl><type><name>virtual</name> <name>unsigned</name> <name>char</name></type> <name>getUnsignedByte</name><parameter_list>(<param><decl><type><name>unsigned</name> <name>int</name></type> <name>n</name></decl></param>)</parameter_list>;</function_decl>

    <comment type="block">/**
     * Increment the value of each encapsulated byte by one. Wrap around to 0
     * when the value of 255 is reached.
     */</comment>
    <function_decl><type><name>virtual</name> <name>void</name></type> <name>update</name><parameter_list>(<param><decl><type><name>void</name></type></decl></param>)</parameter_list>;</function_decl>

    <comment type="block">/**
     * Set the validity status. This is the value returned by the validity check
     * (method &lt;code&gt;isValid&lt;/code&gt;.
     * @see #isValid
     * @param validStatus the validity status
     */</comment>
    <function_decl><type><name>void</name></type> <name>setValidStatus</name><parameter_list>(<param><decl><type><name>bool</name></type> <name>validStatus</name></decl></param>)</parameter_list>;</function_decl>

    <comment type="block">/**
     * Set the value of the n-th encapsulated byte. This is the value returned by
     * method &lt;code&gt;getUnsignedByteUnchecked&lt;/code&gt;. The value of n must lie in
     * the range [0,N-1] where N is the total number of telemetry bytes
     * encapsulated in the telemetry packet. Calls with out-of-range values of n
     * have no effect.
     * @see #getUnsignedByteUnchecked
     * @param value the value of the encapsulated byte
     * @param n the index of the encapsulated byte
     */</comment>
    <function_decl><type><name>void</name></type> <name>setValue</name><parameter_list>(<param><decl><type><name>unsigned</name> <name>int</name></type> <name>n</name></decl></param>, <param><decl><type><name>unsigned</name> <name>char</name></type> <name>value</name></decl></param>)</parameter_list>;</function_decl>

    <comment type="block">/**
     * Set the number of bytes encapsulated by this telemetry packet.
     * This is an initialization method. It should only be called once.
     * Only positive values of the argument n are legal.
     * The telemetry bytes are initialized to zero.
     * @see #getUnsignedByteUnchecked
     * @param n the number of bytes encapsulated in this telemetry packet
     */</comment>
    <function_decl><type><name>void</name></type> <name>setNumberOfBytes</name><parameter_list>(<param><decl><type><name>unsigned</name> <name>int</name></type> <name>n</name></decl></param>)</parameter_list>;</function_decl>

    <comment type="block">/**
     * Return the validity status set with method &lt;code&gt;setValidStatus&lt;/code&gt;.
     * @see #setValidStatus
     * @return the validity status
     */</comment>
    <function_decl><type><name>virtual</name> <name>bool</name></type> <name>isValid</name><parameter_list>(<param><decl><type><name>void</name></type></decl></param>)</parameter_list>;</function_decl>

    <comment type="block">/**
     * Perform a class-specific configuration check on the component:
	 * verify that the number of encapsulated bytes has been set.
     * @return true if the component is configured, false otherwise.
     */</comment>
    <function_decl><type><name>virtual</name> <name>bool</name></type> <name>isObjectConfigured</name><parameter_list>(<param><decl><type><name>void</name></type></decl></param>)</parameter_list>;</function_decl>
</public>}</block>;</class>

<cpp:endif>#<cpp:directive>endif</cpp:directive></cpp:endif>
</unit>
