<unit xmlns="http://www.sdml.info/srcML/src" xmlns:cpp="http://www.sdml.info/srcML/cpp">
<comment type="line">//
</comment><comment type="line">// Copyright 2004 P&amp;P Software GmbH - All Rights Reserved
</comment><comment type="line">//
</comment><comment type="line">// DC_DummyPUSTelemetryPacket.h
</comment><comment type="line">//
</comment><comment type="line">// Version	1.0
</comment><comment type="line">// Date		04.03.03
</comment><comment type="line">// Author	A. Pasetti (P&amp;P Software)
</comment>
<cpp:ifndef>#<cpp:directive>ifndef</cpp:directive> <name>DC_DummyPUSTelemetryPacketH</name></cpp:ifndef>
<cpp:define>#<cpp:directive>define</cpp:directive> <name>DC_DummyPUSTelemetryPacketH</name></cpp:define>

<cpp:include>#<cpp:directive>include</cpp:directive> <cpp:file>"../GeneralInclude/ForwardDeclarations.h"</cpp:file></cpp:include>
<cpp:include>#<cpp:directive>include</cpp:directive> <cpp:file>"../GeneralInclude/BasicTypes.h"</cpp:file></cpp:include>
<cpp:include>#<cpp:directive>include</cpp:directive> <cpp:file>"../Base/CC_RootObject.h"</cpp:file></cpp:include>
<cpp:include>#<cpp:directive>include</cpp:directive> <cpp:file>"PUSTelemetryPacket.h"</cpp:file></cpp:include>

<comment type="block">/**
 * Dummy implementation of the &lt;code&gt;PUSTelemetryPacket&lt;/code&gt; class
 * useful for testing purposes.
 * This telemetry packet encapsulates a single and settable byte. The
 * update service is implemented to increment the value of the byte
 * by one (with a wrap-around to zero when the value of 255 is reached).
 * The values of the telemetry packet attributes are initialized
 * to: &lt;ul&gt;
 * &lt;li&gt;The telemetry packet type is set to TEST_TM_TYPE&lt;/li&gt;
 * &lt;li&gt;The telemetry packet subtype is set to TEST_TM_SUBTYPE&lt;/li&gt;
 * &lt;li&gt;The telemetry packet time tag is set to TEST_TM_TIMETAG&lt;/li&gt;
 * &lt;/ul&gt;
 * The constants are defined in file &lt;code&gt;TestConstants.h&lt;/code&gt;.
 * Note that the telemetry destination does not need to be set because
 * it is already set to a default value by the constructor of
 * class &lt;code&gt;PUSTelemetryPacket&lt;/code&gt;. Similarly, the APID of the process
 * generating the telemetry data does not need to be set because it is
 * a static field that should be set during the test set up process.
 * @see TestConstants
 * @author Alessandro Pasetti (P&amp;P Software GmbH)
 * @version 1.0
 */</comment>
<class>class <name>DC_DummyPUSTelemetryPacket</name> <super>: <specifier>public</specifier> <name>PUSTelemetryPacket</name></super> <block>{<private type="default">

  </private><private>private:
    <decl_stmt><decl><type><name>unsigned</name> <name>char</name></type> <name>item</name></decl>;</decl_stmt>

  </private><public>public:

    <comment type="block">/**
     * Instantiate a dummy PUS telemetry packet component. The class identifier is set,
     * and the encapsulated byte is initialized with a value of 0.
     * The telemetry packet attributes are set as indicated in the class comment.
     */</comment>
    <constructor_decl><name>DC_DummyPUSTelemetryPacket</name><parameter_list>(<param><decl><type><name>void</name></type></decl></param>)</parameter_list>;</constructor_decl>

    <comment type="block">/**
     * This method always returns 1. This telemetry packet only encapsulates
     * one single byte.
     * @return always return 1
     */</comment>
    <function_decl><type><name>virtual</name> <name>unsigned</name> <name>int</name></type> <name>getNumberOfBytes</name><parameter_list>(<param><decl><type><name>void</name></type></decl></param>)</parameter_list>;</function_decl>

    <comment type="block">/**
     * Return the encapsulated byte. The value of the argument is ignored.
     * @return the value of the encapsulated byte
     * @param n this parameter is ignored
     */</comment>
    <function_decl><type><name>virtual</name> <name>unsigned</name> <name>char</name></type> <name>getUnsignedByte</name><parameter_list>(<param><decl><type><name>unsigned</name> <name>int</name></type> <name>n</name></decl></param>)</parameter_list>;</function_decl>

    <comment type="block">/**
     * Increment the value of the encapsulated byte by one. Wrap around to 0
     * when the value of 255 is reached.
     */</comment>
    <function_decl><type><name>virtual</name> <name>void</name></type> <name>update</name><parameter_list>(<param><decl><type><name>void</name></type></decl></param>)</parameter_list>;</function_decl>

    <comment type="block">/**
     * Set the value of the encapsulated byte. This is the value returned by
     * method &lt;code&gt;getUnsignedByteUnchecked&lt;/code&gt;.
     * @see #getUnsignedByteUnchecked
     * @param value the value of the encapsulated byte
     */</comment>
    <function_decl><type><name>void</name></type> <name>setValue</name><parameter_list>(<param><decl><type><name>unsigned</name> <name>char</name></type> <name>value</name></decl></param>)</parameter_list>;</function_decl>

</public>}</block>;</class>

<cpp:endif>#<cpp:directive>endif</cpp:directive></cpp:endif>
</unit>
