<unit xmlns="http://www.sdml.info/srcML/src" xmlns:cpp="http://www.sdml.info/srcML/cpp">
<comment type="line">//
</comment><comment type="line">// Copyright 2004 P&amp;P Software GmbH - All Rights Reserved
</comment><comment type="line">//
</comment><comment type="line">// DC_DummyTelemetryStream.h
</comment><comment type="line">//
</comment><comment type="line">// Version	1.0
</comment><comment type="line">// Date		21.11.03
</comment><comment type="line">// Author	R. Totaro
</comment>
<cpp:ifndef>#<cpp:directive>ifndef</cpp:directive> <name>DC_DummyTelemetryStreamH</name></cpp:ifndef>
<cpp:define>#<cpp:directive>define</cpp:directive> <name>DC_DummyTelemetryStreamH</name></cpp:define>

<cpp:include>#<cpp:directive>include</cpp:directive> <cpp:file>"../GeneralInclude/ForwardDeclarations.h"</cpp:file></cpp:include>
<cpp:include>#<cpp:directive>include</cpp:directive> <cpp:file>"../GeneralInclude/BasicTypes.h"</cpp:file></cpp:include>
<cpp:include>#<cpp:directive>include</cpp:directive> <cpp:file>"../Base/CC_RootObject.h"</cpp:file></cpp:include>
<cpp:include>#<cpp:directive>include</cpp:directive> <cpp:file>"TelemetryStream.h"</cpp:file></cpp:include>

<comment type="block">/**
 * Dummy implementation of the &lt;code&gt;TelemetryStream&lt;/code&gt; interface
 * useful for testing purposes.
 * This class uses the default implementations provided by the super class and provides
 * a dummy implementation of its only pure virtual method &lt;code&gt;write&lt;/code&gt;.
 * @author Roberto Totaro
 * @version 1.0
 */</comment>
<class>class <name>DC_DummyTelemetryStream</name> <super>: <specifier>public</specifier> <name>TelemetryStream</name></super> <block>{<private type="default">

  </private><public>public:
    <comment type="block">/**
     * Instantiate a telemetry stream component. The class identifier is set.
     */</comment>
    <constructor_decl><name>DC_DummyTelemetryStream</name><parameter_list>(<param><decl><type><name>void</name></type></decl></param>)</parameter_list>;</constructor_decl>

    <comment type="block">/**
     * Write the content of the telemetry packet to the telemetry stream. This
     * implementation does nothing.
     * @param tmItem the telemetry packet to be written to the telemetry stream
     */</comment>
    <function_decl><type><name>virtual</name> <name>void</name></type> <name>write</name><parameter_list>(<param><decl><type><name>TelemetryPacket</name> *</type><name>tmItem</name></decl></param>)</parameter_list>;</function_decl>
</public>}</block>;</class>

<cpp:endif>#<cpp:directive>endif</cpp:directive></cpp:endif>
</unit>
