<unit xmlns="http://www.sdml.info/srcML/src" xmlns:cpp="http://www.sdml.info/srcML/cpp">
<comment type="line">//
</comment><comment type="line">// Copyright 2004 P&amp;P Software GmbH - All Rights Reserved
</comment><comment type="line">//
</comment><comment type="line">// DC_FileTelemetryStream.cpp
</comment><comment type="line">//
</comment><comment type="line">// Version	1.0
</comment><comment type="line">// Date		04.03.03
</comment><comment type="line">// Author	A. Pasetti (P&amp;P Software)
</comment>
<cpp:include>#<cpp:directive>include</cpp:directive> <cpp:file>"../GeneralInclude/CompilerSwitches.h"</cpp:file></cpp:include>
<cpp:include>#<cpp:directive>include</cpp:directive> <cpp:file>"../GeneralInclude/DebugSupport.h"</cpp:file></cpp:include>
<cpp:include>#<cpp:directive>include</cpp:directive> <cpp:file>"../GeneralInclude/ClassId.h"</cpp:file></cpp:include>
<cpp:include>#<cpp:directive>include</cpp:directive> <cpp:file>"../GeneralInclude/Constants.h"</cpp:file></cpp:include>
<cpp:include>#<cpp:directive>include</cpp:directive> <cpp:file>"../Base/CC_RootObject.h"</cpp:file></cpp:include>
<cpp:include>#<cpp:directive>include</cpp:directive> <cpp:file>"TelemetryPacket.h"</cpp:file></cpp:include>
<cpp:include>#<cpp:directive>include</cpp:directive> <cpp:file>"DC_FileTelemetryStream.h"</cpp:file></cpp:include>
<cpp:include>#<cpp:directive>include</cpp:directive> <cpp:file>&lt;stdio.h&gt;</cpp:file></cpp:include>
<cpp:include>#<cpp:directive>include</cpp:directive> <cpp:file>&lt;time.h&gt;</cpp:file></cpp:include>

<constructor><name>DC_FileTelemetryStream::DC_FileTelemetryStream</name><parameter_list>(<param><decl><type><name>void</name></type></decl></param>)</parameter_list> <block>{
    <expr_stmt><expr><call><name>setClassId</name><argument_list>(<argument><expr><name>ID_FILETELEMETRYSTREAM</name></expr></argument>)</argument_list></call></expr>;</expr_stmt>
    <expr_stmt><expr><name>out</name> = <name>pNULL</name></expr>;</expr_stmt>
}</block></constructor>

<function><type><name>void</name></type> <name><name>DC_FileTelemetryStream</name>::<name>flush</name></name><parameter_list>(<param><decl><type><name>void</name></type></decl></param>)</parameter_list> <block>{
    <if>if <condition>( <expr><name>out</name>!=<name>pNULL</name></expr> )</condition><then> <block>{
        <expr_stmt><expr><call><name>fprintf</name><argument_list>(<argument><expr><name>out</name></expr></argument>,<argument><expr>"---------------------------------------------------------------------\n"</expr></argument>)</argument_list></call></expr>;</expr_stmt>
        <expr_stmt><expr><call><name>fflush</name><argument_list>(<argument><expr><name>out</name></expr></argument>)</argument_list></call></expr>;</expr_stmt>
    }</block></then>
    <else>else
        <expr_stmt><expr><call><name>printf</name><argument_list>(<argument><expr>"---------------------------------------------------------------------\n"</expr></argument>)</argument_list></call></expr>;</expr_stmt></else></if>
}</block></function>

<function><type><name>void</name></type> <name><name>DC_FileTelemetryStream</name>::<name>setOutputStream</name></name><parameter_list>(<param><decl><type><name>FILE</name>*</type> <name>outputStream</name></decl></param>)</parameter_list> <block>{
    <expr_stmt><expr><name>out</name> = <name>outputStream</name></expr>;</expr_stmt>
<cpp:ifdef>#<cpp:directive>ifdef</cpp:directive> <name>MS_HOST</name></cpp:ifdef>
    <decl_stmt><decl><type><name>time_t</name></type> <name>ltime</name></decl>;</decl_stmt>
    <expr_stmt><expr><call><name>time</name><argument_list>( <argument><expr>&amp;<name>ltime</name></expr></argument> )</argument_list></call></expr>;</expr_stmt>
    <if>if <condition>( <expr><name>out</name>!=<name>pNULL</name></expr> )</condition><then>
        <expr_stmt><expr><call><name>fprintf</name><argument_list>(<argument><expr><name>out</name></expr></argument>,<argument><expr>"File-Oriented Output Stream -- Data Written on %s \n"</expr></argument>,<argument><expr><call><name>ctime</name><argument_list>( <argument><expr>&amp;<name>ltime</name></expr></argument> )</argument_list></call></expr></argument>)</argument_list></call></expr>;</expr_stmt></then>
    <else>else
        <expr_stmt><expr><call><name>printf</name><argument_list>(<argument><expr>"File-Oriented Output Stream -- Data Written on %s \n"</expr></argument>,<argument><expr><call><name>ctime</name><argument_list>( <argument><expr>&amp;<name>ltime</name></expr></argument> )</argument_list></call></expr></argument>)</argument_list></call></expr>;</expr_stmt></else></if>
<cpp:endif>#<cpp:directive>endif</cpp:directive></cpp:endif>
}</block></function>

<function><type><name>FILE</name>*</type> <name><name>DC_FileTelemetryStream</name>::<name>getOutputStream</name></name><parameter_list>(<param><decl><type><name>void</name></type></decl></param>)</parameter_list> <block>{
    <return>return <expr><name>out</name></expr>;</return>
}</block></function>

<function><type><name>void</name></type> <name><name>DC_FileTelemetryStream</name>::<name>write</name></name><parameter_list>(<param><decl><type><name>TelemetryPacket</name>*</type> <name>tmItem</name></decl></param>)</parameter_list> <block>{
    <expr_stmt><expr><call><name>assert</name><argument_list>( <argument><expr><name>tmItem</name>!=<name>pNULL</name></expr></argument> )</argument_list></call></expr>;</expr_stmt>
    <if>if <condition>(<expr><name>out</name>!=<name>pNULL</name></expr>)</condition><then> <block>{
        <expr_stmt><expr><call><name>fprintf</name><argument_list>(<argument><expr><name>out</name></expr></argument>,<argument><expr>"Telemetry Item Type (hex):  %8x \n"</expr></argument>,<argument><expr><name>tmItem</name>-&gt;<call><name>getType</name><argument_list>()</argument_list></call></expr></argument>)</argument_list></call></expr>;</expr_stmt>
        <expr_stmt><expr><call><name>fprintf</name><argument_list>(<argument><expr><name>out</name></expr></argument>,<argument><expr>"Telemetry Item Subtype (hex):  %8x \n"</expr></argument>,<argument><expr><name>tmItem</name>-&gt;<call><name>getSubType</name><argument_list>()</argument_list></call></expr></argument>)</argument_list></call></expr>;</expr_stmt>
        <expr_stmt><expr><call><name>fprintf</name><argument_list>(<argument><expr><name>out</name></expr></argument>,<argument><expr>"Telemetry Item Destination (hex):  %8x \n"</expr></argument>,<argument><expr><name>tmItem</name>-&gt;<call><name>getDestination</name><argument_list>()</argument_list></call></expr></argument>)</argument_list></call></expr>;</expr_stmt>
        <expr_stmt><expr><call><name>fprintf</name><argument_list>(<argument><expr><name>out</name></expr></argument>,<argument><expr>"Telemetry Item Time Tag (hex):  %8x \n"</expr></argument>,<argument><expr><name>tmItem</name>-&gt;<call><name>getTimeTag</name><argument_list>()</argument_list></call></expr></argument>)</argument_list></call></expr>;</expr_stmt>
        <for>for (<init><expr><type><name>unsigned</name> <name>int</name></type> <name>i</name>=<init><expr>0</expr></init></expr>;</init> <condition><expr><name>i</name>&lt;<name>tmItem</name>-&gt;<call><name>getNumberOfBytes</name><argument_list>()</argument_list></call></expr>;</condition> <incr><expr><name>i</name>++</expr></incr>)
            <expr_stmt><expr><call><name>fprintf</name><argument_list>(<argument><expr><name>out</name></expr></argument>,<argument><expr>"Byte %8x (hex):  %8x \n"</expr></argument>,<argument><expr><name>i</name></expr></argument>,<argument><expr><name>tmItem</name>-&gt;<call><name>getUnsignedByte</name><argument_list>(<argument><expr><name>i</name></expr></argument>)</argument_list></call></expr></argument>)</argument_list></call></expr>;</expr_stmt></for>
    }</block></then>
    <else>else <block>{
        <expr_stmt><expr><call><name>printf</name><argument_list>(<argument><expr>"Telemetry Item Type (hex):  %8x \n"</expr></argument>,<argument><expr><name>tmItem</name>-&gt;<call><name>getType</name><argument_list>()</argument_list></call></expr></argument>)</argument_list></call></expr>;</expr_stmt>
        <expr_stmt><expr><call><name>printf</name><argument_list>(<argument><expr>"Telemetry Item Subtype (hex):  %8x \n"</expr></argument>,<argument><expr><name>tmItem</name>-&gt;<call><name>getSubType</name><argument_list>()</argument_list></call></expr></argument>)</argument_list></call></expr>;</expr_stmt>
        <expr_stmt><expr><call><name>printf</name><argument_list>(<argument><expr>"Telemetry Item Destination (hex):  %8x \n"</expr></argument>,<argument><expr><name>tmItem</name>-&gt;<call><name>getDestination</name><argument_list>()</argument_list></call></expr></argument>)</argument_list></call></expr>;</expr_stmt>
        <expr_stmt><expr><call><name>printf</name><argument_list>(<argument><expr>"Telemetry Item Time Tag (hex):  %8x \n"</expr></argument>,<argument><expr><name>tmItem</name>-&gt;<call><name>getTimeTag</name><argument_list>()</argument_list></call></expr></argument>)</argument_list></call></expr>;</expr_stmt>
        <for>for (<init><expr><type><name>unsigned</name> <name>int</name></type> <name>i</name>=<init><expr>0</expr></init></expr>;</init> <condition><expr><name>i</name>&lt;<name>tmItem</name>-&gt;<call><name>getNumberOfBytes</name><argument_list>()</argument_list></call></expr>;</condition> <incr><expr><name>i</name>++</expr></incr>)
            <expr_stmt><expr><call><name>printf</name><argument_list>(<argument><expr>"Byte %8x (hex):  %8x \n"</expr></argument>,<argument><expr><name>i</name></expr></argument>,<argument><expr><name>tmItem</name>-&gt;<call><name>getUnsignedByte</name><argument_list>(<argument><expr><name>i</name></expr></argument>)</argument_list></call></expr></argument>)</argument_list></call></expr>;</expr_stmt></for>
    }</block></else></if>
}</block></function>


</unit>
