<unit xmlns="http://www.sdml.info/srcML/src" xmlns:cpp="http://www.sdml.info/srcML/cpp">
<comment type="line">//
</comment><comment type="line">// Copyright 2004 P&amp;P Software GmbH - All Rights Reserved
</comment><comment type="line">//
</comment><comment type="line">// DC_FileTelemetryStream.h
</comment><comment type="line">//
</comment><comment type="line">// Version	1.0
</comment><comment type="line">// Date		02.03.03 (Version 1.1)
</comment><comment type="line">// Author	A. Pasetti (P&amp;P Software)
</comment>
<cpp:ifndef>#<cpp:directive>ifndef</cpp:directive> <name>DC_FileTelemetryStreamH</name></cpp:ifndef>
<cpp:define>#<cpp:directive>define</cpp:directive> <name>DC_FileTelemetryStreamH</name></cpp:define>

<cpp:include>#<cpp:directive>include</cpp:directive> <cpp:file>&lt;stdio.h&gt;</cpp:file></cpp:include>

<cpp:include>#<cpp:directive>include</cpp:directive> <cpp:file>"../GeneralInclude/ForwardDeclarations.h"</cpp:file></cpp:include>
<cpp:include>#<cpp:directive>include</cpp:directive> <cpp:file>"../GeneralInclude/BasicTypes.h"</cpp:file></cpp:include>
<cpp:include>#<cpp:directive>include</cpp:directive> <cpp:file>"../Base/CC_RootObject.h"</cpp:file></cpp:include>
<cpp:include>#<cpp:directive>include</cpp:directive> <cpp:file>"TelemetryStream.h"</cpp:file></cpp:include>

<comment type="block">/**
 * File-oriented telemetry stream. The data written to the telemetry
 * stream are written to an output file. The output file can be either
 * a named file or the standard output. This will allow usage both
 * in a desktop environment and in many embedded environments. This
 * type of telemetry stream is primarily intended for testing purposes.
 * @author Alessandro Pasetti (P&amp;P Software GmbH)
 * @version 1.0
 */</comment>
<class>class <name>DC_FileTelemetryStream</name> <super>: <specifier>public</specifier> <name>TelemetryStream</name></super> <block>{<private type="default">

  </private><private>private:
    <decl_stmt><decl><type><name>FILE</name>*</type> <name>out</name></decl>;</decl_stmt>

  </private><public>public:

    <comment type="block">/**
     * Instantiate a file telemetry stream component. This constructor sets the
     * the class identifier.
     */</comment>
    <constructor_decl><name>DC_FileTelemetryStream</name><parameter_list>(<param><decl><type><name>void</name></type></decl></param>)</parameter_list>;</constructor_decl>

    <comment type="block">/**
     * Set the output stream to which the telemetry data are written and
     * write a header to the output stream. If the
     * argument is &lt;code&gt;pNULL&lt;/code&gt;, then the output stream is assumed to be the standard
     * ouptut.
     * @param outputStream the ouptut file or &lt;code&gt;pNULL&lt;/code&gt; if the telemetry data must be
     * written to the standard output
     */</comment>
    <function_decl><type><name>void</name></type> <name>setOutputStream</name><parameter_list>(<param><decl><type><name>FILE</name>*</type> <name>outputStream</name></decl></param>)</parameter_list>;</function_decl>

    <comment type="block">/**
     * Return the output stream to which the telemetry data are written.
     * The return value can be &lt;code&gt;pNULL&lt;/code&gt; to signify that the output stream is
     * the standard ouptut.
     * @return the ouptut file or &lt;code&gt;pNULL&lt;/code&gt; if the telemetry data must be
     * written to the standard output
     */</comment>
    <function_decl><type><name>FILE</name>*</type> <name>getOutputStream</name><parameter_list>(<param><decl><type><name>void</name></type></decl></param>)</parameter_list>;</function_decl>

    <comment type="block">/**
     * Write an "end-of-TM-frame" message to the output stream and flush it.
     * The "end-of-TM-frame" message consists of a single straight line. If the output
     * stream is the standard output, no action is taken.
     */</comment>
    <function_decl><type><name>virtual</name> <name>void</name></type> <name>flush</name><parameter_list>(<param><decl><type><name>void</name></type></decl></param>)</parameter_list>;</function_decl>

    <comment type="block">/**
     * Write the full content of the telemetry packet to the output stream.
     * First, the value of all the attributes (the telemetry time tag, the
     * telemetry type and subtype, the telemetry destination) are written.
     * Then the telemetry packet data are written as a sequence of bytes.
     * @param tmItem the telemetry packet to be written to the output
     * stream.
     */</comment>
    <function_decl><type><name>virtual</name> <name>void</name></type> <name>write</name><parameter_list>(<param><decl><type><name>TelemetryPacket</name>*</type> <name>tmItem</name></decl></param>)</parameter_list>;</function_decl>

</public>}</block>;</class>

<cpp:endif>#<cpp:directive>endif</cpp:directive></cpp:endif>
</unit>
