<unit xmlns="http://www.sdml.info/srcML/src" xmlns:cpp="http://www.sdml.info/srcML/cpp">
<comment type="line">//
</comment><comment type="line">// Copyright 2004 P&amp;P Software GmbH - All Rights Reserved
</comment><comment type="line">//
</comment><comment type="line">// DC_PUSMemoryDumpOffset.cpp
</comment><comment type="line">//
</comment><comment type="line">// Version	1.0
</comment><comment type="line">// Date		04.04.03
</comment><comment type="line">// Author	A. Pasetti (P&amp;P Software)
</comment>
<cpp:include>#<cpp:directive>include</cpp:directive> <cpp:file>"../GeneralInclude/CompilerSwitches.h"</cpp:file></cpp:include>
<cpp:include>#<cpp:directive>include</cpp:directive> <cpp:file>"../GeneralInclude/TestConstants.h"</cpp:file></cpp:include>
<cpp:include>#<cpp:directive>include</cpp:directive> <cpp:file>"../GeneralInclude/ClassId.h"</cpp:file></cpp:include>
<cpp:include>#<cpp:directive>include</cpp:directive> <cpp:file>"../GeneralInclude/Constants.h"</cpp:file></cpp:include>
<cpp:include>#<cpp:directive>include</cpp:directive> <cpp:file>"../Base/CC_RootObject.h"</cpp:file></cpp:include>
<cpp:include>#<cpp:directive>include</cpp:directive> <cpp:file>"../Utilities/Checksum.h"</cpp:file></cpp:include>
<cpp:include>#<cpp:directive>include</cpp:directive> <cpp:file>"../Telecommand/PUSTelecommand.h"</cpp:file></cpp:include>
<cpp:include>#<cpp:directive>include</cpp:directive> <cpp:file>"../Telemetry/PUSTelemetryPacket.h"</cpp:file></cpp:include>
<cpp:include>#<cpp:directive>include</cpp:directive> <cpp:file>"../Telemetry/DC_PUSMemoryDumpOffset.h"</cpp:file></cpp:include>

<cpp:include>#<cpp:directive>include</cpp:directive> <cpp:file>&lt;string.h&gt;</cpp:file></cpp:include>

<constructor><name>DC_PUSMemoryDumpOffset::DC_PUSMemoryDumpOffset</name><parameter_list>(<param><decl><type><name>void</name></type></decl></param>)</parameter_list> <block>{
    <expr_stmt><expr><call><name>setClassId</name><argument_list>(<argument><expr><name>ID_PUSMEMORYDUMPOFFSET</name></expr></argument>)</argument_list></call></expr>;</expr_stmt>
    <expr_stmt><expr><call><name>setSubType</name><argument_list>(<argument><expr><name>PUS_ST_TM_DMP_OFF</name></expr></argument>)</argument_list></call></expr>;</expr_stmt>
    <expr_stmt><expr><name>base</name> = <name>pNULL</name></expr>;</expr_stmt>
}</block></constructor>

<function><type><name>void</name></type> <name><name>DC_PUSMemoryDumpOffset</name>::<name>setBaseAddress</name></name><parameter_list>(<param><decl><type><name>TD_PUSMemData</name>*</type> <name>base</name></decl></param>)</parameter_list> <block>{
    <expr_stmt><expr><call><name>assert</name><argument_list>( <argument><expr><name>base</name>!=0</expr></argument> )</argument_list></call></expr>;</expr_stmt>
    <expr_stmt><expr><name>this</name>-&gt;<name>base</name> = <name>base</name></expr>;</expr_stmt>
}</block></function>

<function><type><name>TD_PUSMemData</name>*</type> <name><name>DC_PUSMemoryDumpOffset</name>::<name>getBaseAddress</name></name><parameter_list>()</parameter_list> <block>{
    <return>return <expr><name>base</name></expr>;</return>
}</block></function>

<function><type><name>void</name></type> <name><name>DC_PUSMemoryDumpOffset</name>::<name>update</name></name><parameter_list>(<param><decl><type><name>void</name></type></decl></param>)</parameter_list> <block>{
    <expr_stmt><expr><call><name>assert</name><argument_list>( <argument><expr><name>base</name>!=<name>pNULL</name></expr></argument> )</argument_list></call></expr>;</expr_stmt>
    <expr_stmt><expr><call><name>assert</name><argument_list>( <argument><expr><name>memId</name>!=0</expr></argument> )</argument_list></call></expr>;</expr_stmt>
    <expr_stmt><expr><call><name>assert</name><argument_list>( <argument><expr><call><name>isObjectConfigured</name><argument_list>()</argument_list></call></expr></argument> )</argument_list></call></expr>;</expr_stmt>
        
    <comment type="line">// compute the number of bytes in the packet. Compute first the size of the
</comment>    <comment type="line">// fixed part of the packet and then the size of each block.
</comment>    <decl_stmt><decl><type><name>unsigned</name> <name>int</name></type> <name>fixedLength</name> =<init> <expr><call><name>sizeof</name><argument_list>(<argument><expr><name>TD_PUSMemId</name></expr></argument>)</argument_list></call>+<macro>sizeof<argument_list>(TD_PUSMemData*)</argument_list></macro>+<call><name>sizeof</name><argument_list>(<argument><expr><name>TD_PUSNumberMemBlocks</name></expr></argument>)</argument_list></call></expr></init></decl>;</decl_stmt>
    <decl_stmt><decl><type><name>unsigned</name> <name>int</name></type> <name>blockLength</name> =<init> <expr>0</expr></init></decl>;</decl_stmt>

    <for>for (<init><expr><type><name>TD_PUSNumberMemBlocks</name></type> <name>i</name>=<init><expr>0</expr></init></expr>;</init> <condition><expr><name>i</name>&lt;<name>numberBlocks</name></expr>;</condition> <incr><expr><name>i</name>++</expr></incr>) <block>{
        <expr_stmt><expr><name>blockLength</name> = <name>blockLength</name> + <call><name>sizeof</name><argument_list>(<argument><expr><name>TD_PUSMemOffset</name></expr></argument>)</argument_list></call>+<call><name>sizeof</name><argument_list>(<argument><expr><name>TD_PUSMemLength</name></expr></argument>)</argument_list></call>+<macro>sizeof<argument_list>(unsigned short)</argument_list></macro></expr>;</expr_stmt>
        <expr_stmt><expr><name>blockLength</name> = <name>blockLength</name> + <name><name>block</name>[<expr><name>i</name></expr>]</name>.<name>length</name>*<call><name>sizeof</name><argument_list>(<argument><expr><name>TD_PUSMemData</name></expr></argument>)</argument_list></call></expr>;</expr_stmt>
    }</block></for>

    <expr_stmt><expr><name>tmPacketSize</name> = <name>blockLength</name>+<name>fixedLength</name></expr>;</expr_stmt>
    <if>if <condition>(<expr><name>tmPacketSize</name>&gt;<name>maxNumberData</name></expr>)</condition><then> <block>{
        <expr_stmt><expr><call><name>getEventRepository</name><argument_list>()</argument_list></call>-&gt;<call><name>create</name><argument_list>(<argument><expr><name>this</name></expr></argument>,<argument><expr><name>EVT_PUS_TOO_MANY_MEM_DATA</name></expr></argument>)</argument_list></call></expr>;</expr_stmt>
        <return>return;</return>
    }</block></then></if>

    <decl_stmt><decl><type><name>unsigned</name> <name>int</name></type> <name>offset</name> =<init> <expr>0</expr></init></decl>;</decl_stmt>
    <expr_stmt><expr><call><name>memcpy</name><argument_list>(<argument><expr><name>data</name>+<name>offset</name></expr></argument>,<argument><expr>&amp;<name>memId</name></expr></argument>,<argument><expr><call><name>sizeof</name><argument_list>(<argument><expr><name>TD_PUSMemId</name></expr></argument>)</argument_list></call></expr></argument>)</argument_list></call></expr>;</expr_stmt>
    <expr_stmt><expr><name>offset</name> = <name>offset</name> + <call><name>sizeof</name><argument_list>(<argument><expr><name>TD_PUSMemId</name></expr></argument>)</argument_list></call></expr>;</expr_stmt>
    <expr_stmt><expr><call><name>memcpy</name><argument_list>(<argument><expr><name>data</name>+<name>offset</name></expr></argument>,<argument><expr>&amp;<name>base</name></expr></argument>,<argument><expr><macro>sizeof<argument_list>(TD_PUSMemData*)</argument_list></macro></expr></argument>)</argument_list></call></expr>;</expr_stmt>
    <expr_stmt><expr><name>offset</name> = <name>offset</name> + <macro>sizeof<argument_list>(TD_PUSMemData*)</argument_list></macro></expr>;</expr_stmt>
    <expr_stmt><expr><call><name>memcpy</name><argument_list>(<argument><expr><name>data</name>+<name>offset</name></expr></argument>,<argument><expr>&amp;<name>numberBlocks</name></expr></argument>,<argument><expr><call><name>sizeof</name><argument_list>(<argument><expr><name>TD_PUSNumberMemBlocks</name></expr></argument>)</argument_list></call></expr></argument>)</argument_list></call></expr>;</expr_stmt>
    <expr_stmt><expr><name>offset</name> = <name>offset</name> + <call><name>sizeof</name><argument_list>(<argument><expr><name>TD_PUSNumberMemBlocks</name></expr></argument>)</argument_list></call></expr>;</expr_stmt>

    <expr_stmt><expr><call><name>assert</name><argument_list>( <argument><expr><name>numberBlocks</name>&lt;<name>maxNumberBlocks</name></expr></argument> )</argument_list></call></expr>;</expr_stmt>

    <for>for (<init><expr><type><name>TD_PUSNumberMemBlocks</name></type> <name>i</name>=<init><expr>0</expr></init></expr>;</init> <condition><expr><name>i</name>&lt;<name>numberBlocks</name></expr>;</condition> <incr><expr><name>i</name>++</expr></incr>)  <block>{
        <decl_stmt><decl><type><name>TD_PUSMemOffset</name></type> <name>moTemp</name> =<init> <expr>(<name>TD_PUSMemOffset</name>)(<name><name>block</name>[<expr><name>i</name></expr>]</name>.<name>startAddress</name>-<name>base</name>)</expr></init></decl>;</decl_stmt>
        <expr_stmt><expr><call><name>memcpy</name><argument_list>(<argument><expr><name>data</name>+<name>offset</name></expr></argument>,<argument><expr>&amp;<name>moTemp</name></expr></argument>,<argument><expr><call><name>sizeof</name><argument_list>(<argument><expr><name>TD_PUSMemOffset</name></expr></argument>)</argument_list></call></expr></argument>)</argument_list></call></expr>;</expr_stmt>
        <expr_stmt><expr><name>offset</name> = <name>offset</name> + <call><name>sizeof</name><argument_list>(<argument><expr><name>TD_PUSMemOffset</name></expr></argument>)</argument_list></call></expr>;</expr_stmt>
        <expr_stmt><expr><call><name>memcpy</name><argument_list>(<argument><expr><name>data</name>+<name>offset</name></expr></argument>,<argument><expr>&amp;<name><name>block</name>[<expr><name>i</name></expr>]</name>.<name>length</name></expr></argument>,<argument><expr><call><name>sizeof</name><argument_list>(<argument><expr><name>TD_PUSMemLength</name></expr></argument>)</argument_list></call></expr></argument>)</argument_list></call></expr>;</expr_stmt>
        <expr_stmt><expr><name>offset</name> = <name>offset</name> + <call><name>sizeof</name><argument_list>(<argument><expr><name>TD_PUSMemLength</name></expr></argument>)</argument_list></call></expr>;</expr_stmt>

        <decl_stmt><decl><type><name>unsigned</name> <name>char</name>*</type> <name>start</name> =<init> <expr>(<name>unsigned</name> <name>char</name>*)(<name><name>block</name>[<expr><name>i</name></expr>]</name>.<name>startAddress</name>)</expr></init></decl>;</decl_stmt>
        <decl_stmt><decl><type><name>unsigned</name> <name>int</name></type> <name>nBytes</name> =<init> <expr>(<name><name>block</name>[<expr><name>i</name></expr>]</name>.<name>length</name>)*<call><name>sizeof</name><argument_list>(<argument><expr><name>TD_PUSMemData</name></expr></argument>)</argument_list></call></expr></init></decl>;</decl_stmt>
        <expr_stmt><expr><call><name>memcpy</name><argument_list>(<argument><expr><name>data</name>+<name>offset</name></expr></argument>,<argument><expr><name>start</name></expr></argument>,<argument><expr><name>nBytes</name></expr></argument>)</argument_list></call></expr>;</expr_stmt>
        <expr_stmt><expr><name>offset</name> = <name>offset</name> + <name>nBytes</name></expr>;</expr_stmt>

        <decl_stmt><decl><type><name>unsigned</name> <name>short</name></type> <name>checksum</name></decl>;</decl_stmt>
        <if>if <condition>( <expr><call><name>isChecksumFlagSet</name><argument_list>()</argument_list></call></expr> )</condition><then> 
            <expr_stmt><expr><name>checksum</name> = <call><name>doChecksum</name><argument_list>(<argument><expr><name>start</name></expr></argument>,<argument><expr><name>nBytes</name></expr></argument>)</argument_list></call></expr>;</expr_stmt></then>
        <else>else
            <expr_stmt><expr><name>checksum</name> = 0</expr>;</expr_stmt></else></if>
        <expr_stmt><expr><call><name>memcpy</name><argument_list>(<argument><expr><name>data</name>+<name>offset</name></expr></argument>,<argument><expr>&amp;<name>checksum</name></expr></argument>,<argument><expr><macro>sizeof<argument_list>(unsigned short)</argument_list></macro></expr></argument>)</argument_list></call></expr>;</expr_stmt>
        <expr_stmt><expr><name>offset</name> = <name>offset</name>+<macro>sizeof<argument_list>(unsigned short)</argument_list></macro></expr>;</expr_stmt>
    }</block></for>
}</block></function></unit>
