<unit xmlns="http://www.sdml.info/srcML/src" xmlns:cpp="http://www.sdml.info/srcML/cpp">
<comment type="line">//
</comment><comment type="line">// Copyright 2004 P&amp;P Software GmbH - All Rights Reserved
</comment><comment type="line">//
</comment><comment type="line">// DC_PUSTelemetryModeManager.cpp
</comment><comment type="line">//
</comment><comment type="line">// Version	1.0
</comment><comment type="line">// Date		24.01.04
</comment><comment type="line">// Author	A. Pasetti (P&amp;P Software)
</comment>
<cpp:include>#<cpp:directive>include</cpp:directive> <cpp:file>"../GeneralInclude/CompilerSwitches.h"</cpp:file></cpp:include>
<cpp:include>#<cpp:directive>include</cpp:directive> <cpp:file>"../GeneralInclude/ClassId.h"</cpp:file></cpp:include>
<cpp:include>#<cpp:directive>include</cpp:directive> <cpp:file>"../Telemetry/DC_PUSTelemetryModeManager.h"</cpp:file></cpp:include>
<cpp:include>#<cpp:directive>include</cpp:directive> <cpp:file>"../Telemetry/DC_PUSDataReportingPacket.h"</cpp:file></cpp:include>
<cpp:include>#<cpp:directive>include</cpp:directive> <cpp:file>"../Base/ModeManager.h"</cpp:file></cpp:include>
<cpp:include>#<cpp:directive>include</cpp:directive> <cpp:file>"../Event/DC_EventRepository.h"</cpp:file></cpp:include>
<cpp:include>#<cpp:directive>include</cpp:directive> <cpp:file>"../Base/CC_RootObject.h"</cpp:file></cpp:include>

<constructor><name>DC_PUSTelemetryModeManager::DC_PUSTelemetryModeManager</name><parameter_list>(<param><decl><type><name>void</name></type></decl></param>)</parameter_list> <block>{
    <expr_stmt><expr><call><name>setClassId</name><argument_list>(<argument><expr><name>ID_PUSTELEMETRYMODEMANAGER</name></expr></argument>)</argument_list></call></expr>;</expr_stmt>
    <expr_stmt><expr><call><name>setNumberOfModes</name><argument_list>(<argument><expr>1</expr></argument>)</argument_list></call></expr>;</expr_stmt>
    <expr_stmt><expr><call><name>setDefaultMode</name><argument_list>(<argument><expr>0</expr></argument>)</argument_list></call></expr>;</expr_stmt>

    <expr_stmt><expr><name>counter</name> = 0</expr>;</expr_stmt>
	<expr_stmt><expr><name>list</name> = <name>pNULL</name></expr>;</expr_stmt>
	<expr_stmt><expr><name>listLength</name> = 0</expr>;</expr_stmt>
    <expr_stmt><expr><name>iterationCounter</name> = 0</expr>;</expr_stmt>
}</block></constructor>

<function><type><name>void</name></type> <name><name>DC_PUSTelemetryModeManager</name>::<name>allocateMemory</name></name><parameter_list>(<param><decl><type><name>TD_Mode</name></type> <name>numberOfModes</name></decl></param>)</parameter_list> <block>{
    <return>return;</return>
}</block></function>

<function><type><name>void</name></type> <name><name>DC_PUSTelemetryModeManager</name>::<name>update</name></name><parameter_list>(<param><decl><type><name>void</name></type></decl></param>)</parameter_list> <block>{
    <return>return;</return>
}</block></function>

<function><type><name>void</name></type> <name><name>DC_PUSTelemetryModeManager</name>::<name>setMaxNumberOfPackets</name></name><parameter_list>(<param><decl><type><name>unsigned</name> <name>int</name></type> <name>n</name></decl></param>)</parameter_list> <block>{
    <expr_stmt><expr><call><name>assert</name><argument_list>( <argument><expr><name>listLength</name> == 0</expr></argument> )</argument_list></call></expr>;</expr_stmt>
    <expr_stmt><expr><call><name>assert</name><argument_list>( <argument><expr><name>n</name>&gt;0</expr></argument> )</argument_list></call></expr>;</expr_stmt>

    <expr_stmt><expr><name>listLength</name> = <name>n</name></expr>;</expr_stmt>
    <expr_stmt><expr><name>list</name> = new <name>DC_PUSDataReportingPacket</name>*[<name>listLength</name>]</expr>;</expr_stmt>
    <for>for (<init><expr><type><name>unsigned</name> <name>int</name></type> <name>i</name>=<init><expr>0</expr></init></expr>;</init> <condition><expr><name>i</name>&lt;<name>listLength</name></expr>;</condition> <incr><expr><name>i</name>++</expr></incr>)
        <expr_stmt><expr><name><name>list</name>[<expr><name>i</name></expr>]</name> = <name>pNULL</name></expr>;</expr_stmt></for>
}</block></function>


<function><type><name>void</name></type> <name><name>DC_PUSTelemetryModeManager</name>::<name>loadPacket</name></name><parameter_list>(<param><decl><type><name>DC_PUSDataReportingPacket</name>*</type> <name>pItem</name></decl></param>)</parameter_list> <block>{
    <expr_stmt><expr><call><name>assert</name><argument_list>( <argument><expr><name>list</name>!=<name>pNULL</name></expr></argument> )</argument_list></call></expr>;</expr_stmt>
    <expr_stmt><expr><call><name>assert</name><argument_list>( <argument><expr><name>pItem</name> != <name>pNULL</name></expr></argument> )</argument_list></call></expr>;</expr_stmt>

    <for>for (<init><expr><type><name>unsigned</name> <name>int</name></type> <name>i</name>=<init><expr>0</expr></init></expr>;</init> <condition><expr><name>i</name>&lt;<name>listLength</name></expr>;</condition> <incr><expr><name>i</name>++</expr></incr>) 
        <if>if <condition>( <expr><name><name>list</name>[<expr><name>i</name></expr>]</name>==<name>pNULL</name></expr> )</condition><then> <block>{
            <expr_stmt><expr><name><name>list</name>[<expr><name>i</name></expr>]</name>=<name>pItem</name></expr>;</expr_stmt>
            <expr_stmt><expr><call><name>assert</name><argument_list>(<argument><expr><name>counter</name>&lt;<name>listLength</name></expr></argument>)</argument_list></call></expr>;</expr_stmt>
            <expr_stmt><expr><name>counter</name>++</expr>;</expr_stmt>
            <return>return;</return>
        }</block></then></if></for>
    
    <expr_stmt><expr><call><name>assert</name><argument_list>(<argument><expr><name>counter</name>==<name>listLength</name></expr></argument>)</argument_list></call></expr>;</expr_stmt>
    <expr_stmt><expr><call><name><name>CC_RootObject</name>::<name>getEventRepository</name></name><argument_list>()</argument_list></call>-&gt;<call><name>create</name><argument_list>(<argument><expr><name>this</name></expr></argument>,<argument><expr><name>EVT_ILLEGAL_MM</name></expr></argument>)</argument_list></call></expr>;</expr_stmt>
    <return>return;</return>
}</block></function>

<function><type><name>bool</name></type> <name><name>DC_PUSTelemetryModeManager</name>::<name>isFull</name></name><parameter_list>()</parameter_list> <specifier>const</specifier> <block>{
    <return>return <expr>(<name>counter</name>==<name>listLength</name>)</expr>;</return>
}</block></function>

<function><type><name>unsigned</name> <name>int</name></type> <name><name>DC_PUSTelemetryModeManager</name>::<name>getNumberOfPackets</name></name><parameter_list>()</parameter_list> <specifier>const</specifier> <block>{
    <return>return <expr><name>counter</name></expr>;</return>
}</block></function>

<function><type><name>unsigned</name> <name>int</name></type> <name><name>DC_PUSTelemetryModeManager</name>::<name>getMaxNumberOfPackets</name></name><parameter_list>()</parameter_list> <specifier>const</specifier> <block>{
    <return>return <expr><name>listLength</name></expr>;</return>
}</block></function>

<function><type><name>void</name></type> <name><name>DC_PUSTelemetryModeManager</name>::<name>unloadPacket</name></name><parameter_list>(<param><decl><type><name>TD_SID</name></type> <name>sid</name></decl></param>)</parameter_list> <block>{
    <expr_stmt><expr><call><name>assert</name><argument_list>( <argument><expr><name>list</name>!=<name>pNULL</name></expr></argument> )</argument_list></call></expr>;</expr_stmt>

    <for>for (<init><expr><type><name>unsigned</name> <name>int</name></type> <name>i</name>=<init><expr>0</expr></init></expr>;</init> <condition><expr><name>i</name>&lt;<name>listLength</name></expr>;</condition> <incr><expr><name>i</name>++</expr></incr>)  <block>{
        <if>if <condition>( <expr><name><name>list</name>[<expr><name>i</name></expr>]</name>==<name>pNULL</name></expr> )</condition><then>
            <continue>continue;</continue></then></if>
        <if>if <condition>( <expr><name><name>list</name>[<expr><name>i</name></expr>]</name>-&gt;<call><name>getSID</name><argument_list>()</argument_list></call>==<name>sid</name></expr> )</condition><then> <block>{
            <expr_stmt><expr><name><name>list</name>[<expr><name>i</name></expr>]</name>=<name>pNULL</name></expr>;</expr_stmt>
            <expr_stmt><expr><name>counter</name>--</expr>;</expr_stmt>
            <return>return;</return>
        }</block></then></if>
    }</block></for>
    
    <expr_stmt><expr><call><name><name>CC_RootObject</name>::<name>getEventRepository</name></name><argument_list>()</argument_list></call>-&gt;<call><name>create</name><argument_list>(<argument><expr><name>this</name></expr></argument>,<argument><expr><name>EVT_SID_NOT_FOUND</name></expr></argument>)</argument_list></call></expr>;</expr_stmt>
    <return>return;</return>
}</block></function>

<function><type><name>bool</name></type> <name><name>DC_PUSTelemetryModeManager</name>::<name>isSIDLoaded</name></name><parameter_list>(<param><decl><type><name>TD_SID</name></type> <name>sid</name></decl></param>)</parameter_list> <specifier>const</specifier> <block>{
    <expr_stmt><expr><call><name>assert</name><argument_list>( <argument><expr><name>list</name>!=<name>pNULL</name></expr></argument> )</argument_list></call></expr>;</expr_stmt>

    <for>for (<init><expr><type><name>unsigned</name> <name>int</name></type> <name>i</name>=<init><expr>0</expr></init></expr>;</init> <condition><expr><name>i</name>&lt;<name>listLength</name></expr>;</condition> <incr><expr><name>i</name>++</expr></incr>) <block>{
        <if>if <condition>( <expr><name><name>list</name>[<expr><name>i</name></expr>]</name>==<name>pNULL</name></expr> )</condition><then>
            <continue>continue;</continue></then></if>
        <if>if <condition>( <expr><name><name>list</name>[<expr><name>i</name></expr>]</name>-&gt;<call><name>getSID</name><argument_list>()</argument_list></call>==<name>sid</name></expr> )</condition><then> 
            <return>return <expr><name>true</name></expr>;</return></then></if>
    }</block></for>
    
    <return>return <expr><name>false</name></expr>;</return>
}</block></function>

<function><type><name>void</name></type> <name><name>DC_PUSTelemetryModeManager</name>::<name>first</name></name><parameter_list>(<param><decl><type><name>void</name></type></decl></param>)</parameter_list> <block>{
    <expr_stmt><expr><call><name>assert</name><argument_list>( <argument><expr><call><name>isObjectConfigured</name><argument_list>()</argument_list></call></expr></argument> )</argument_list></call></expr>;</expr_stmt>
    <expr_stmt><expr><name>iterationCounter</name> = 0</expr>;</expr_stmt>
    <while>while <condition>( <expr>(<name>iterationCounter</name>&lt;<name>listLength</name>) &amp;&amp; (<name><name>list</name>[<expr><name>iterationCounter</name></expr>]</name>==<name>pNULL</name>)</expr> )</condition>
        <expr_stmt><expr><name>iterationCounter</name>++</expr>;</expr_stmt></while>
}</block></function>

<function><type><name>void</name></type> <name><name>DC_PUSTelemetryModeManager</name>::<name>next</name></name><parameter_list>(<param><decl><type><name>void</name></type></decl></param>)</parameter_list> <block>{
    <expr_stmt><expr><call><name>assert</name><argument_list>( <argument><expr><call><name>isObjectConfigured</name><argument_list>()</argument_list></call></expr></argument> )</argument_list></call></expr>;</expr_stmt>
    <expr_stmt><expr><name>iterationCounter</name>++</expr>;</expr_stmt>
    <while>while <condition>( <expr>(<name>iterationCounter</name>&lt;<name>listLength</name>) &amp;&amp; (<name><name>list</name>[<expr><name>iterationCounter</name></expr>]</name>==<name>pNULL</name>)</expr> )</condition>
        <expr_stmt><expr><name>iterationCounter</name>++</expr>;</expr_stmt></while>
}</block></function>

<function><type><name>bool</name></type> <name><name>DC_PUSTelemetryModeManager</name>::<name>isIterationFinished</name></name><parameter_list>(<param><decl><type><name>void</name></type></decl></param>)</parameter_list> <block>{
    <expr_stmt><expr><call><name>assert</name><argument_list>( <argument><expr><call><name>isObjectConfigured</name><argument_list>()</argument_list></call></expr></argument> )</argument_list></call></expr>;</expr_stmt>
    <expr_stmt><expr><call><name>assert</name><argument_list>( <argument><expr><name>iterationCounter</name>&lt;=<name>listLength</name></expr></argument> )</argument_list></call></expr>;</expr_stmt>
    <return>return<expr>( <name>iterationCounter</name> == <name>listLength</name> )</expr>;</return>
}</block></function>

<function><type><name>TelemetryPacket</name>*</type> <name><name>DC_PUSTelemetryModeManager</name>::<name>getIterationTelemetryPacket</name></name><parameter_list>(<param><decl><type><name>void</name></type></decl></param>)</parameter_list> <block>{
    <expr_stmt><expr><call><name>assert</name><argument_list>( <argument><expr><call><name>isObjectConfigured</name><argument_list>()</argument_list></call></expr></argument> )</argument_list></call></expr>;</expr_stmt>
    <expr_stmt><expr><call><name>assert</name><argument_list>( <argument><expr><name>iterationCounter</name>&lt;<name>listLength</name></expr></argument> )</argument_list></call></expr>;</expr_stmt>
    <return>return <expr><name><name>list</name>[<expr><name>iterationCounter</name></expr>]</name></expr>;</return>
}</block></function>

<function><type><name>bool</name></type> <name><name>DC_PUSTelemetryModeManager</name>::<name>isObjectConfigured</name></name><parameter_list>(<param><decl><type><name>void</name></type></decl></param>)</parameter_list> <block>{
    <if>if <condition>(<expr>!<call><name><name>TelemetryModeManager</name>::<name>isObjectConfigured</name></name><argument_list>()</argument_list></call> || <name>list</name>==<name>pNULL</name></expr> )</condition><then>
        <return>return <expr><name>NOT_CONFIGURED</name></expr>;</return></then></if>

    <return>return <expr><name>CONFIGURED</name></expr>;</return>
}</block></function>

</unit>
