<unit xmlns="http://www.sdml.info/srcML/src" xmlns:cpp="http://www.sdml.info/srcML/cpp">
<comment type="line">//
</comment><comment type="line">// Copyright 2004 P&amp;P Software GmbH - All Rights Reserved
</comment><comment type="line">//
</comment><comment type="line">// DC_PUSDataReportingPacket.cpp
</comment><comment type="line">//
</comment><comment type="line">// Version	1.0
</comment><comment type="line">// Date		04.11.03
</comment><comment type="line">// Author	A. Pasetti (P&amp;P Software)
</comment>
<cpp:include>#<cpp:directive>include</cpp:directive> <cpp:file>"../GeneralInclude/CompilerSwitches.h"</cpp:file></cpp:include>
<cpp:include>#<cpp:directive>include</cpp:directive> <cpp:file>"../GeneralInclude/Constants.h"</cpp:file></cpp:include>
<cpp:include>#<cpp:directive>include</cpp:directive> <cpp:file>"../GeneralInclude/ClassId.h"</cpp:file></cpp:include>
<cpp:include>#<cpp:directive>include</cpp:directive> <cpp:file>"../GeneralInclude/DebugSupport.h"</cpp:file></cpp:include>
<cpp:include>#<cpp:directive>include</cpp:directive> <cpp:file>"../Base/CC_RootObject.h"</cpp:file></cpp:include>
<cpp:include>#<cpp:directive>include</cpp:directive> <cpp:file>"../Data/DataPool.h"</cpp:file></cpp:include>
<cpp:include>#<cpp:directive>include</cpp:directive> <cpp:file>"../System/ObsClock.h"</cpp:file></cpp:include>
<cpp:include>#<cpp:directive>include</cpp:directive> <cpp:file>"../Telemetry/DC_PUSDataReportingPacket.h"</cpp:file></cpp:include>

<cpp:include>#<cpp:directive>include</cpp:directive> <cpp:file>&lt;string.h&gt;</cpp:file></cpp:include>

<constructor><name>DC_PUSDataReportingPacket::DC_PUSDataReportingPacket</name><parameter_list>(<param><decl><type><name>void</name></type></decl></param>)</parameter_list> <block>{
    <expr_stmt><expr><call><name>setClassId</name><argument_list>(<argument><expr><name>ID_PUSDATAREPORTINGPACKET</name></expr></argument>)</argument_list></call></expr>;</expr_stmt>
    <expr_stmt><expr><name>enabled</name> = <name>false</name></expr>;</expr_stmt>

    <expr_stmt><expr><name>defBuffer</name> = <name>pNULL</name></expr>;</expr_stmt>
    <expr_stmt><expr><name>defBufferSize</name> = 0</expr>;</expr_stmt>
    <expr_stmt><expr><name>defBufferCounter</name> = 0</expr>;</expr_stmt>

    <expr_stmt><expr><name>valBuffer</name> = <name>pNULL</name></expr>;</expr_stmt>
    <expr_stmt><expr><name>valBufferSize</name> = 0</expr>;</expr_stmt>

    <expr_stmt><expr><name>indSID</name> = 0</expr>;</expr_stmt>
    <expr_stmt><expr><name>indCollectionInterval</name> = <call><name>sizeof</name><argument_list>(<argument><expr><name>TD_SID</name></expr></argument>)</argument_list></call></expr>;</expr_stmt>
    <expr_stmt><expr><name>indNPAR1</name> = <name>indCollectionInterval</name>+<call><name>sizeof</name><argument_list>(<argument><expr><name>TD_PUSCollectionInterval</name></expr></argument>)</argument_list></call></expr>;</expr_stmt>
    <expr_stmt><expr><name>indNFA</name> = 0</expr>;</expr_stmt>

    <expr_stmt><expr><name>F</name> = <name>pNULL</name></expr>;</expr_stmt>
    <expr_stmt><expr><name>faDescSize</name> = 0</expr>;</expr_stmt>
    <expr_stmt><expr><name>FAcounter</name> = 0</expr>;</expr_stmt>

    <expr_stmt><expr><call><name>setType</name><argument_list>(<argument><expr><name>PUS_TYPE_DATA_REP</name></expr></argument>)</argument_list></call></expr>;</expr_stmt>
}</block></constructor>

<function><type><name>TD_PUSCollectionInterval</name></type> <name><name>DC_PUSDataReportingPacket</name>::<name>getCollectionInterval</name></name><parameter_list>()</parameter_list> <block>{
    <expr_stmt><expr><call><name>assert</name><argument_list>( <argument><expr><name>defBuffer</name>!=<name>pNULL</name></expr></argument> )</argument_list></call></expr>;</expr_stmt>
    <decl_stmt><decl><type><name>TD_PUSCollectionInterval</name></type> <name>temp</name></decl>;</decl_stmt>
    <expr_stmt><expr><call><name>memcpy</name><argument_list>(<argument><expr>&amp;<name>temp</name></expr></argument>,<argument><expr><name>defBuffer</name>+<name>indCollectionInterval</name></expr></argument>,<argument><expr><call><name>sizeof</name><argument_list>(<argument><expr><name>TD_PUSCollectionInterval</name></expr></argument>)</argument_list></call></expr></argument>)</argument_list></call></expr>;</expr_stmt>
    <return>return <expr><name>temp</name></expr>;</return>
}</block></function>

<function><type><name>TD_PUSNumberOfParameters</name></type> <name><name>DC_PUSDataReportingPacket</name>::<name>getNPAR1</name></name><parameter_list>()</parameter_list> <block>{
    <expr_stmt><expr><call><name>assert</name><argument_list>( <argument><expr><name>defBuffer</name>!=<name>pNULL</name></expr></argument> )</argument_list></call></expr>;</expr_stmt>
    <decl_stmt><decl><type><name>TD_PUSNumberOfParameters</name></type> <name>temp</name></decl>;</decl_stmt>
    <expr_stmt><expr><call><name>memcpy</name><argument_list>(<argument><expr>&amp;<name>temp</name></expr></argument>,<argument><expr><name>defBuffer</name>+<name>indNPAR1</name></expr></argument>,<argument><expr><call><name>sizeof</name><argument_list>(<argument><expr><name>TD_PUSNumberOfParameters</name></expr></argument>)</argument_list></call></expr></argument>)</argument_list></call></expr>;</expr_stmt>
    <return>return <expr><name>temp</name></expr>;</return>
}</block></function>

<function><type><name>unsigned</name> <name>char</name></type> <name><name>DC_PUSDataReportingPacket</name>::<name>getNFA</name></name><parameter_list>()</parameter_list> <block>{
    <expr_stmt><expr><call><name>assert</name><argument_list>( <argument><expr><name>defBuffer</name>!=<name>pNULL</name></expr></argument> )</argument_list></call></expr>;</expr_stmt>
    <return>return <expr>*(<name>unsigned</name> <name>char</name>*)(<name>defBuffer</name>+<name>indNFA</name>)</expr>;</return>
}</block></function>

<function><type><name>TD_SID</name></type> <name><name>DC_PUSDataReportingPacket</name>::<name>getSID</name></name><parameter_list>()</parameter_list> <block>{
    <expr_stmt><expr><call><name>assert</name><argument_list>( <argument><expr><name>defBuffer</name>!=<name>pNULL</name></expr></argument> )</argument_list></call></expr>;</expr_stmt>
    <decl_stmt><decl><type><name>TD_SID</name></type> <name>temp</name></decl>;</decl_stmt>
    <expr_stmt><expr><call><name>memcpy</name><argument_list>(<argument><expr>&amp;<name>temp</name></expr></argument>,<argument><expr><name>defBuffer</name>+<name>indSID</name></expr></argument>,<argument><expr><call><name>sizeof</name><argument_list>(<argument><expr><name>TD_SID</name></expr></argument>)</argument_list></call></expr></argument>)</argument_list></call></expr>;</expr_stmt>
    <return>return <expr><name>temp</name></expr>;</return>
}</block></function>

<function><type><name>void</name></type> <name><name>DC_PUSDataReportingPacket</name>::<name>setEnabled</name></name><parameter_list>(<param><decl><type><name>bool</name></type> <name>enabledStatus</name></decl></param>)</parameter_list> <block>{
    <expr_stmt><expr><name>enabled</name> = <name>enabledStatus</name></expr>;</expr_stmt>
}</block></function>

<function><type><name>bool</name></type> <name><name>DC_PUSDataReportingPacket</name>::<name>isEnabled</name></name><parameter_list>()</parameter_list> <specifier>const</specifier> <block>{
    <return>return <expr><name>enabled</name></expr>;</return>
}</block></function>

<function><type><name>void</name></type> <name><name>DC_PUSDataReportingPacket</name>::<name>reset</name></name><parameter_list>()</parameter_list> <block>{
    <expr_stmt><expr><call><name>assert</name><argument_list>( <argument><expr><name>F</name>!=<name>pNULL</name></expr></argument> )</argument_list></call></expr>;</expr_stmt>

    <for>for (<init><expr><type><name>unsigned</name> <name>int</name></type> <name>i</name>=<init><expr>0</expr></init></expr>;</init> <condition><expr><name>i</name>&lt;<name>faDescSize</name></expr>;</condition> <incr><expr><name>i</name>++</expr></incr>)
        <if>if <condition>( <expr><name><name>F</name>[<expr><name>i</name></expr>]</name>.<name>nrep</name>!=0</expr> )</condition><then> <block>{
             <expr_stmt><expr><name><name>F</name>[<expr><name>i</name></expr>]</name>.<name>counter</name> = <call><name>getCollectionInterval</name><argument_list>()</argument_list></call>/<name><name>F</name>[<expr><name>i</name></expr>]</name>.<name>nrep</name></expr>;</expr_stmt>
             <expr_stmt><expr><name><name>F</name>[<expr><name>i</name></expr>]</name>.<name>rep</name> = 0</expr>;</expr_stmt>
        }</block></then></if></for>

    <expr_stmt><expr><call><name>setEnabled</name><argument_list>(<argument><expr><name>DISABLED</name></expr></argument>)</argument_list></call></expr>;</expr_stmt>
}</block></function>

<function><type><name>void</name></type> <name><name>DC_PUSDataReportingPacket</name>::<name>setDefinitionBuffer</name></name><parameter_list>(<param><decl><type><name>unsigned</name> <name>int</name></type> <name>i</name></decl></param>, <param><decl><type><name>unsigned</name> <name>char</name></type> <name>val</name></decl></param>)</parameter_list> <block>{
    <expr_stmt><expr><call><name>assert</name><argument_list>( <argument><expr><call><name>isObjectConfigured</name><argument_list>()</argument_list></call></expr></argument> )</argument_list></call></expr>;</expr_stmt>
    <expr_stmt><expr><call><name>assert</name><argument_list>( <argument><expr><name>i</name>&lt;<name>defBufferSize</name></expr></argument> )</argument_list></call></expr>;</expr_stmt>

    <if>if <condition>( <expr>(<name>i</name>&gt;=<name>defBufferSize</name>) || (<name>FAcounter</name>&gt;=<name>faDescSize</name>)</expr> )</condition><then> <block>{
        <expr_stmt><expr><call><name>getEventRepository</name><argument_list>()</argument_list></call>-&gt;<call><name>create</name><argument_list>(<argument><expr><name>this</name></expr></argument>,<argument><expr><name>EVT_ILLEGAL_PUS_REP_PACKET</name></expr></argument>)</argument_list></call></expr>;</expr_stmt>
        <return>return;</return>
    }</block></then></if>

    <expr_stmt><expr><name><name>defBuffer</name>[<expr><name>i</name></expr>]</name> = <name>val</name></expr>;</expr_stmt>
    <expr_stmt><expr><name>defBufferCounter</name> = <name>i</name></expr>;</expr_stmt>

    <if>if <condition>( <expr><name>i</name>&lt;(<name>indNPAR1</name>+<call><name>sizeof</name><argument_list>(<argument><expr><name>TD_PUSNumberOfParameters</name></expr></argument>)</argument_list></call>-1)</expr> )</condition><then>
        <return>return;</return></then></if>

    <if>if <condition>( <expr><name>i</name>==(<name>indNPAR1</name>+<call><name>sizeof</name><argument_list>(<argument><expr><name>TD_PUSNumberOfParameters</name></expr></argument>)</argument_list></call>-1)</expr> )</condition><then> <block>{  <comment type="line">// process the NPAR1 field
</comment>        <expr_stmt><expr><name><name>F</name>[<expr>0</expr>]</name>.<name>npar</name> = <call><name>getNPAR1</name><argument_list>()</argument_list></call></expr>;</expr_stmt>
        <expr_stmt><expr><name><name>F</name>[<expr>0</expr>]</name>.<name>nrep</name> = 1</expr>;</expr_stmt>
        <expr_stmt><expr><name><name>F</name>[<expr>0</expr>]</name>.<name>counter</name> = <call><name>getCollectionInterval</name><argument_list>()</argument_list></call></expr>;</expr_stmt>
        <expr_stmt><expr><name><name>F</name>[<expr>0</expr>]</name>.<name>rep</name> = 0</expr>;</expr_stmt>
        <expr_stmt><expr><name><name>F</name>[<expr>0</expr>]</name>.<name>ind</name> = <name>i</name>+1</expr>;</expr_stmt>
        <expr_stmt><expr><name><name>F</name>[<expr>0</expr>]</name>.<name>size</name> = 0</expr>;</expr_stmt>
        <expr_stmt><expr><name><name>F</name>[<expr>0</expr>]</name>.<name>val</name> = 0</expr>;</expr_stmt>
        <expr_stmt><expr><name>FAcounter</name> = 0</expr>;</expr_stmt>
        <return>return;</return>
    }</block></then></if>

    <expr_stmt><expr><call><name>assert</name><argument_list>( <argument><expr><name>i</name>&gt;(<name>indNPAR1</name>+<call><name>sizeof</name><argument_list>(<argument><expr><name>TD_PUSNumberOfParameters</name></expr></argument>)</argument_list></call>-1)</expr></argument> )</argument_list></call></expr>;</expr_stmt>
    <expr_stmt><expr><call><name>assert</name><argument_list>( <argument><expr><name>i</name>&gt;=<name><name>F</name>[<expr>0</expr>]</name>.<name>ind</name></expr></argument> )</argument_list></call></expr>;</expr_stmt>

    <decl_stmt><decl><type><name>unsigned</name> <name>int</name></type> <name>j</name> =<init> <expr><name>i</name>-<name><name>F</name>[<expr>0</expr>]</name>.<name>ind</name></expr></init></decl>;</decl_stmt>    <comment type="line">// j=0 when the first byte of the first par is processed
</comment>    <if>if <condition>( <expr><name>j</name>&lt;<call><name>getNPAR1</name><argument_list>()</argument_list></call>*<call><name>sizeof</name><argument_list>(<argument><expr><name>TD_DataPoolId</name></expr></argument>)</argument_list></call></expr> )</condition><then> <block>{
        <if>if <condition>( <expr>((<name>j</name>+1)%<call><name>sizeof</name><argument_list>(<argument><expr><name>TD_DataPoolId</name></expr></argument>)</argument_list></call>)==0</expr> )</condition><then> <block>{
            <comment type="line">// process the j-th parameter that is sampled only once per collection interval
</comment>            <decl_stmt><decl><type><name>TD_DataPoolId</name></type> <name>id</name></decl>;</decl_stmt>
            <expr_stmt><expr><call><name>memcpy</name><argument_list>(<argument><expr>&amp;<name>id</name></expr></argument>,<argument><expr>(<name>defBuffer</name>+<name>i</name>-<call><name>sizeof</name><argument_list>(<argument><expr><name>TD_DataPoolId</name></expr></argument>)</argument_list></call>+1)</expr></argument>,<argument><expr><call><name>sizeof</name><argument_list>(<argument><expr><name>TD_DataPoolId</name></expr></argument>)</argument_list></call></expr></argument>)</argument_list></call></expr>;</expr_stmt>
            <if>if <condition>( <expr><call><name>getDataPool</name><argument_list>()</argument_list></call>-&gt;<call><name>isFloat</name><argument_list>(<argument><expr><name>id</name></expr></argument>)</argument_list></call></expr> )</condition><then>
                <expr_stmt><expr><name><name>F</name>[<expr>0</expr>]</name>.<name>size</name> += <call><name>sizeof</name><argument_list>(<argument><expr><name>TD_Float</name></expr></argument>)</argument_list></call></expr>;</expr_stmt></then>
            <else>else
                <expr_stmt><expr><name><name>F</name>[<expr>0</expr>]</name>.<name>size</name> += <call><name>sizeof</name><argument_list>(<argument><expr><name>TD_Integer</name></expr></argument>)</argument_list></call></expr>;</expr_stmt></else></if>
        }</block></then></if>
        <return>return;</return>
    }</block></then></if>

    <if>if <condition>( <expr><name>i</name>==(<name><name>F</name>[<expr>0</expr>]</name>.<name>ind</name>+<name><name>F</name>[<expr>0</expr>]</name>.<name>npar</name>*<call><name>sizeof</name><argument_list>(<argument><expr><name>TD_DataPoolId</name></expr></argument>)</argument_list></call>)</expr> )</condition><then> <block>{
        <expr_stmt><expr><name>indNFA</name> = <name>i</name></expr>;</expr_stmt>
        <return>return;</return>
    }</block></then></if>

    <expr_stmt><expr><call><name>assert</name><argument_list>( <argument><expr><name>i</name>&gt;<name>indNFA</name></expr></argument> )</argument_list></call></expr>;</expr_stmt>

    <if>if <condition>( <expr><name>i</name>==(<name>indNFA</name>+1)</expr> )</condition><then> <block>{
        <expr_stmt><expr><name>FAcounter</name> = 1</expr>;</expr_stmt>
        <expr_stmt><expr><name><name>F</name>[<expr>1</expr>]</name>.<name>val</name> = <name><name>F</name>[<expr>0</expr>]</name>.<name>val</name>+<name><name>F</name>[<expr>0</expr>]</name>.<name>size</name>*<name><name>F</name>[<expr>0</expr>]</name>.<name>nrep</name></expr>;</expr_stmt>
        <expr_stmt><expr><name><name>F</name>[<expr>1</expr>]</name>.<name>ind</name> = <name>i</name>+1+<call><name>sizeof</name><argument_list>(<argument><expr><name>TD_PUSNumberOfParameters</name></expr></argument>)</argument_list></call></expr>;</expr_stmt>
    }</block></then> <else>else <if>if <condition>( <expr><name>i</name>==(<name><name>F</name>[<expr><name>FAcounter</name></expr>]</name>.<name>ind</name>+<name><name>F</name>[<expr><name>FAcounter</name></expr>]</name>.<name>npar</name>*<call><name>sizeof</name><argument_list>(<argument><expr><name>TD_DataPoolId</name></expr></argument>)</argument_list></call>)</expr> )</condition><then>  <block>{
        <expr_stmt><expr><name>FAcounter</name>++</expr>;</expr_stmt>        <comment type="line">// process the FAcounter-th FA
</comment>        <expr_stmt><expr><call><name>assert</name><argument_list>(<argument><expr><name>FAcounter</name>&lt;<name>faDescSize</name></expr></argument>)</argument_list></call></expr>;</expr_stmt>
        <if>if <condition>( <expr><name>FAcounter</name>&gt;=<name>faDescSize</name></expr> )</condition><then> <block>{
            <expr_stmt><expr><call><name>getEventRepository</name><argument_list>()</argument_list></call>-&gt;<call><name>create</name><argument_list>(<argument><expr><name>this</name></expr></argument>,<argument><expr><name>EVT_ILLEGAL_PUS_REP_PACKET</name></expr></argument>)</argument_list></call></expr>;</expr_stmt>
            <return>return;</return>
        }</block></then></if>
        <expr_stmt><expr><name><name>F</name>[<expr><name>FAcounter</name></expr>]</name>.<name>val</name> = <name><name>F</name>[<expr><name>FAcounter</name>-1</expr>]</name>.<name>val</name>+<name><name>F</name>[<expr><name>FAcounter</name>-1</expr>]</name>.<name>size</name>*<name><name>F</name>[<expr><name>FAcounter</name>-1</expr>]</name>.<name>nrep</name></expr>;</expr_stmt>
        <expr_stmt><expr><name><name>F</name>[<expr><name>FAcounter</name></expr>]</name>.<name>ind</name> = <name>i</name>+1+<call><name>sizeof</name><argument_list>(<argument><expr><name>TD_PUSNumberOfParameters</name></expr></argument>)</argument_list></call></expr>;</expr_stmt>
    }</block></then></if></else></if>

    <expr_stmt><expr><call><name>assert</name><argument_list>(<argument><expr><name>FAcounter</name>&gt;0</expr></argument>)</argument_list></call></expr>;</expr_stmt>

    <if>if <condition>( <expr><name>i</name>==(<name><name>F</name>[<expr><name>FAcounter</name></expr>]</name>.<name>ind</name>-1-<call><name>sizeof</name><argument_list>(<argument><expr><name>TD_PUSNumberOfParameters</name></expr></argument>)</argument_list></call>)</expr> )</condition><then> <block>{  <comment type="line">// this is the NREP field of the FA
</comment>        <expr_stmt><expr><name><name>F</name>[<expr><name>FAcounter</name></expr>]</name>.<name>nrep</name> = <name>val</name></expr>;</expr_stmt>
        <expr_stmt><expr><name><name>F</name>[<expr><name>FAcounter</name></expr>]</name>.<name>rep</name> = 0</expr>;</expr_stmt>
        <expr_stmt><expr><name><name>F</name>[<expr><name>FAcounter</name></expr>]</name>.<name>counter</name> = <call><name>getCollectionInterval</name><argument_list>()</argument_list></call>/<name>val</name></expr>;</expr_stmt>
        <expr_stmt><expr><name><name>F</name>[<expr><name>FAcounter</name></expr>]</name>.<name>size</name> = 0</expr>;</expr_stmt>
        <return>return;</return>
    }</block></then></if>

    <if>if <condition>( <expr><name>i</name>&lt;(<name><name>F</name>[<expr><name>FAcounter</name></expr>]</name>.<name>ind</name>-1)</expr> )</condition><then> <block>{
        <return>return;</return>
    }</block></then></if>

    <if>if <condition>( <expr><name>i</name>==<name><name>F</name>[<expr><name>FAcounter</name></expr>]</name>.<name>ind</name>-1</expr> )</condition><then> <block>{   <comment type="line">// this is end of the NPAR2 field of the FA
</comment>        <expr_stmt><expr><call><name>memcpy</name><argument_list>(<argument><expr>&amp;<name><name>F</name>[<expr><name>FAcounter</name></expr>]</name>.<name>npar</name></expr></argument>,<argument><expr>(<name>defBuffer</name>+<name>i</name>-<call><name>sizeof</name><argument_list>(<argument><expr><name>TD_PUSNumberOfParameters</name></expr></argument>)</argument_list></call>+1)</expr></argument>,<argument><expr><call><name>sizeof</name><argument_list>(<argument><expr><name>TD_PUSNumberOfParameters</name></expr></argument>)</argument_list></call></expr></argument>)</argument_list></call></expr>;</expr_stmt>
        <return>return;</return>
    }</block></then></if>

    <expr_stmt><expr><name>j</name> = <name>i</name>-<name><name>F</name>[<expr><name>FAcounter</name></expr>]</name>.<name>ind</name></expr>;</expr_stmt>     <comment type="line">// j=0 when the first byte of the first par in the FA is processed
</comment>    <if>if <condition>( <expr><name>j</name>&lt;<name><name>F</name>[<expr><name>FAcounter</name></expr>]</name>.<name>npar</name>*<call><name>sizeof</name><argument_list>(<argument><expr><name>TD_DataPoolId</name></expr></argument>)</argument_list></call></expr> )</condition><then> <block>{
        <if>if <condition>( <expr>((<name>j</name>+1)%<call><name>sizeof</name><argument_list>(<argument><expr><name>TD_DataPoolId</name></expr></argument>)</argument_list></call>)==0</expr> )</condition><then> <block>{
            <comment type="line">// process the j-th parameter of the FAcounter-th fixed-length array
</comment>            <decl_stmt><decl><type><name>TD_DataPoolId</name></type> <name>id</name></decl>;</decl_stmt>
            <expr_stmt><expr><call><name>memcpy</name><argument_list>(<argument><expr>&amp;<name>id</name></expr></argument>,<argument><expr>(<name>defBuffer</name>+<name>i</name>-<call><name>sizeof</name><argument_list>(<argument><expr><name>TD_DataPoolId</name></expr></argument>)</argument_list></call>+1)</expr></argument>,<argument><expr><call><name>sizeof</name><argument_list>(<argument><expr><name>TD_DataPoolId</name></expr></argument>)</argument_list></call></expr></argument>)</argument_list></call></expr>;</expr_stmt>
            <if>if <condition>( <expr><call><name>getDataPool</name><argument_list>()</argument_list></call>-&gt;<call><name>isFloat</name><argument_list>(<argument><expr><name>id</name></expr></argument>)</argument_list></call></expr> )</condition><then>
                <expr_stmt><expr><name><name>F</name>[<expr><name>FAcounter</name></expr>]</name>.<name>size</name> += <call><name>sizeof</name><argument_list>(<argument><expr><name>TD_Float</name></expr></argument>)</argument_list></call></expr>;</expr_stmt></then>
            <else>else
                <expr_stmt><expr><name><name>F</name>[<expr><name>FAcounter</name></expr>]</name>.<name>size</name> += <call><name>sizeof</name><argument_list>(<argument><expr><name>TD_Integer</name></expr></argument>)</argument_list></call></expr>;</expr_stmt></else></if>
        }</block></then></if>
        <return>return;</return>
    }</block></then></if>

    <expr_stmt><expr><call><name>assert</name><argument_list>(<argument><expr><name>false</name></expr></argument>)</argument_list></call></expr>;</expr_stmt>
}</block></function>

<function><type><name>unsigned</name> <name>int</name></type> <name><name>DC_PUSDataReportingPacket</name>::<name>getDefinitionBufferLength</name></name><parameter_list>(<param><decl><type><name>void</name></type></decl></param>)</parameter_list> <block>{
    <expr_stmt><expr><call><name>assert</name><argument_list>( <argument><expr><name>defBuffer</name>!=<name>pNULL</name></expr></argument> )</argument_list></call></expr>;</expr_stmt>
    <return>return <expr>(<name>defBufferCounter</name>+1)</expr>;</return>
}</block></function>

<function><type><name>unsigned</name> <name>char</name></type> <name><name>DC_PUSDataReportingPacket</name>::<name>getDefinitionBuffer</name></name><parameter_list>(<param><decl><type><name>unsigned</name> <name>int</name></type> <name>i</name></decl></param>)</parameter_list> <block>{
    <expr_stmt><expr><call><name>assert</name><argument_list>( <argument><expr><name>i</name>&lt;<name>defBufferCounter</name></expr></argument> )</argument_list></call></expr>;</expr_stmt>
    <return>return <expr><name><name>defBuffer</name>[<expr><name>i</name></expr>]</name></expr>;</return>
}</block></function>

<function><type><name>TD_DataPoolId</name></type> <name><name>DC_PUSDataReportingPacket</name>::<name>getParameterId</name></name><parameter_list>(<param><decl><type><name>unsigned</name> <name>int</name></type> <name>faIndex</name></decl></param>, <param><decl><type><name>unsigned</name> <name>int</name></type> <name>parPos</name></decl></param>)</parameter_list> <block>{
    <expr_stmt><expr><call><name>assert</name><argument_list>( <argument><expr><name>faIndex</name>&lt;=<name>FAcounter</name></expr></argument> )</argument_list></call></expr>;</expr_stmt>
    <expr_stmt><expr><call><name>assert</name><argument_list>( <argument><expr><name>parPos</name>&lt;<name><name>F</name>[<expr><name>faIndex</name></expr>]</name>.<name>npar</name></expr></argument> )</argument_list></call></expr>;</expr_stmt>

    <decl_stmt><decl><type><name>TD_DataPoolId</name></type> <name>temp</name></decl>;</decl_stmt>
    <expr_stmt><expr><call><name>memcpy</name><argument_list>(<argument><expr>&amp;<name>temp</name></expr></argument>,<argument><expr>(<name>defBuffer</name>+<name><name>F</name>[<expr><name>faIndex</name></expr>]</name>.<name>ind</name>+<name>parPos</name>*<call><name>sizeof</name><argument_list>(<argument><expr><name>TD_DataPoolId</name></expr></argument>)</argument_list></call>)</expr></argument>,<argument><expr><call><name>sizeof</name><argument_list>(<argument><expr><name>TD_DataPoolId</name></expr></argument>)</argument_list></call></expr></argument>)</argument_list></call></expr>;</expr_stmt>

    <return>return <expr><name>temp</name></expr>;</return>
}</block></function>

<function><type><name>void</name></type> <name><name>DC_PUSDataReportingPacket</name>::<name>update</name></name><parameter_list>()</parameter_list> <block>{
    <expr_stmt><expr><call><name>assert</name><argument_list>( <argument><expr><call><name>isObjectConfigured</name><argument_list>()</argument_list></call></expr></argument> )</argument_list></call></expr>;</expr_stmt>
    <macro>assert<argument_list>( (getSubType()==PUS_ST_DATA_REP_PAR_HK_REP) ||
            (getSubType()==PUS_ST_DATA_REP_PAR_DG_REP) )</argument_list>;</macro>

    <if>if <condition>( <expr>!<call><name>isEnabled</name><argument_list>()</argument_list></call></expr> )</condition><then>
        <return>return;</return></then></if>

    <expr_stmt><expr><call><name>setTimeTag</name><argument_list>(<argument><expr><call><name>getObsClock</name><argument_list>()</argument_list></call>-&gt;<call><name>getTime</name><argument_list>()</argument_list></call></expr></argument>)</argument_list></call></expr>;</expr_stmt>

    <comment type="line">// Copy SID in the first locations of the packet value buffer
</comment>    <for>for (<init><expr><type><name>unsigned</name> <name>int</name></type> <name>i</name>=<init><expr>0</expr></init></expr>;</init> <condition><expr><name>i</name>&lt;<call><name>sizeof</name><argument_list>(<argument><expr><name>TD_SID</name></expr></argument>)</argument_list></call></expr>;</condition> <incr><expr><name>i</name>++</expr></incr>)
        <expr_stmt><expr><name><name>valBuffer</name>[<expr><name>i</name></expr>]</name>=<name><name>defBuffer</name>[<expr><name>i</name></expr>]</name></expr>;</expr_stmt></for>

    <comment type="line">// Write mode field into packet value buffer
</comment>    <decl_stmt><decl><type><name>bool</name></type> <name>dummy</name> =<init> <expr><name>PUS_DATA_REP_MODE</name></expr></init></decl>;</decl_stmt>     <comment type="line">// use of dummy avoids compiler warning due to PUS_DATA_REP_MODE being a constant
</comment>    <if>if <condition>( <expr><name>dummy</name></expr> )</condition><then>
        <expr_stmt><expr><name><name>valBuffer</name>[<expr><call><name>sizeof</name><argument_list>(<argument><expr><name>TD_SID</name></expr></argument>)</argument_list></call></expr>]</name>=0</expr>;</expr_stmt></then></if>

    <comment type="line">// Compute initial offset in the packet value buffer (the first parameter value
</comment>    <comment type="line">// is written at location valBufferInitialOffset)
</comment>    <decl_stmt><decl><type><name>unsigned</name> <name>short</name></type> <name>valBufferInitialOffset</name> =<init> <expr><call><name>sizeof</name><argument_list>(<argument><expr><name>TD_SID</name></expr></argument>)</argument_list></call>+(<name>PUS_DATA_REP_MODE</name>?1:0)</expr></init></decl>;</decl_stmt>

    <for>for (<init><expr><type><name>unsigned</name> <name>short</name></type> <name>i</name>=<init><expr>0</expr></init></expr>;</init> <condition><expr><name>i</name>&lt;=<name>FAcounter</name></expr>;</condition> <incr><expr><name>i</name>++</expr></incr>) <block>{

        <if>if <condition>( <expr><name><name>F</name>[<expr><name>i</name></expr>]</name>.<name>counter</name>==0</expr> )</condition><then>
            <expr_stmt><expr><name><name>F</name>[<expr><name>i</name></expr>]</name>.<name>counter</name> = <call><name>getCollectionInterval</name><argument_list>()</argument_list></call>/<name><name>F</name>[<expr><name>i</name></expr>]</name>.<name>nrep</name></expr>;</expr_stmt></then></if>

        <expr_stmt><expr><name><name>F</name>[<expr><name>i</name></expr>]</name>.<name>counter</name>--</expr>;</expr_stmt>

        <if>if <condition>( <expr><name><name>F</name>[<expr><name>i</name></expr>]</name>.<name>counter</name>==0</expr> )</condition><then> <block>{
            <decl_stmt><decl><type><name>unsigned</name> <name>int</name></type> <name>pos</name> =<init> <expr><name>valBufferInitialOffset</name>+<name><name>F</name>[<expr><name>i</name></expr>]</name>.<name>val</name>+<name><name>F</name>[<expr><name>i</name></expr>]</name>.<name>rep</name>*<name><name>F</name>[<expr><name>i</name></expr>]</name>.<name>size</name></expr></init></decl>;</decl_stmt>
            <if>if <condition>( <expr>(<name>pos</name>+(<name><name>F</name>[<expr><name>i</name></expr>]</name>.<name>rep</name>+1)*<name><name>F</name>[<expr><name>i</name></expr>]</name>.<name>size</name>)&gt;=<name>valBufferSize</name></expr> )</condition><then> <block>{   <comment type="line">// check if next frame fits in value buffer
</comment>                <expr_stmt><expr><call><name>getEventRepository</name><argument_list>()</argument_list></call>-&gt;<call><name>create</name><argument_list>(<argument><expr><name>this</name></expr></argument>,<argument><expr><name>EVT_PUS_DATA_REP_PACKET_TOO_LARGE</name></expr></argument>)</argument_list></call></expr>;</expr_stmt>
                <break>break;</break>
            }</block></then></if>
            <for>for (<init><expr><type><name>unsigned</name> <name>char</name></type> <name>j</name>=<init><expr>0</expr></init></expr>;</init> <condition><expr><name>j</name>&lt;<name><name>F</name>[<expr><name>i</name></expr>]</name>.<name>npar</name></expr>;</condition> <incr><expr><name>j</name>++</expr></incr>) <block>{
                <decl_stmt><decl><type><name>TD_DataPoolId</name></type> <name>id</name> =<init> <expr><call><name>getParameterId</name><argument_list>(<argument><expr><name>i</name></expr></argument>,<argument><expr><name>j</name></expr></argument>)</argument_list></call></expr></init></decl>;</decl_stmt>
                <if>if <condition>( <expr><call><name>getDataPool</name><argument_list>()</argument_list></call>-&gt;<call><name>isFloat</name><argument_list>(<argument><expr><name>id</name></expr></argument>)</argument_list></call></expr> )</condition><then> <block>{
                    <decl_stmt><decl><type><name>TD_Float</name></type> <name>flTemp</name> =<init> <expr><call><name>getDataPool</name><argument_list>()</argument_list></call>-&gt;<call><name>getFloatValue</name><argument_list>(<argument><expr><name>id</name></expr></argument>)</argument_list></call></expr></init></decl>;</decl_stmt>
                    <expr_stmt><expr><call><name>memcpy</name><argument_list>(<argument><expr><name>valBuffer</name>+<name>pos</name></expr></argument>,<argument><expr>&amp;<name>flTemp</name></expr></argument>,<argument><expr><call><name>sizeof</name><argument_list>(<argument><expr><name>TD_Float</name></expr></argument>)</argument_list></call></expr></argument>)</argument_list></call></expr>;</expr_stmt>
                    <expr_stmt><expr><call><name>assert</name><argument_list>( <argument><expr><name>pos</name>&lt;<name>valBufferSize</name></expr></argument> )</argument_list></call></expr>;</expr_stmt>
                    <expr_stmt><expr><name>pos</name> += <call><name>sizeof</name><argument_list>(<argument><expr><name>TD_Float</name></expr></argument>)</argument_list></call></expr>;</expr_stmt>
                }</block></then> <else>else <block>{
                    <decl_stmt><decl><type><name>TD_Integer</name></type> <name>intTemp</name> =<init> <expr><call><name>getDataPool</name><argument_list>()</argument_list></call>-&gt;<call><name>getIntegerValue</name><argument_list>(<argument><expr><name>id</name></expr></argument>)</argument_list></call></expr></init></decl>;</decl_stmt>
                    <expr_stmt><expr><call><name>memcpy</name><argument_list>(<argument><expr><name>valBuffer</name>+<name>pos</name></expr></argument>,<argument><expr>&amp;<name>intTemp</name></expr></argument>,<argument><expr><call><name>sizeof</name><argument_list>(<argument><expr><name>TD_Integer</name></expr></argument>)</argument_list></call></expr></argument>)</argument_list></call></expr>;</expr_stmt>
                    <expr_stmt><expr><call><name>assert</name><argument_list>( <argument><expr><name>pos</name>&lt;<name>valBufferSize</name></expr></argument> )</argument_list></call></expr>;</expr_stmt>
                    <expr_stmt><expr><name>pos</name> += <call><name>sizeof</name><argument_list>(<argument><expr><name>TD_Integer</name></expr></argument>)</argument_list></call></expr>;</expr_stmt>
                }</block></else></if>
            }</block></for>

            <expr_stmt><expr><name><name>F</name>[<expr><name>i</name></expr>]</name>.<name>rep</name>++</expr>;</expr_stmt>

            <if>if <condition>( <expr><name><name>F</name>[<expr><name>i</name></expr>]</name>.<name>rep</name>==<name><name>F</name>[<expr><name>i</name></expr>]</name>.<name>nrep</name></expr> )</condition><then>
                <expr_stmt><expr><name><name>F</name>[<expr><name>i</name></expr>]</name>.<name>rep</name>=0</expr>;</expr_stmt></then></if>
        }</block></then></if>
    }</block></for>
}</block></function>

<function><type><name>unsigned</name> <name>int</name></type>  <name><name>DC_PUSDataReportingPacket</name>::<name>getNumberOfBytes</name></name> <parameter_list>(<param><decl><type><name>void</name></type></decl></param>)</parameter_list> <block>{
    <expr_stmt><expr><call><name>assert</name><argument_list>( <argument><expr><call><name>isObjectConfigured</name><argument_list>()</argument_list></call></expr></argument> )</argument_list></call></expr>;</expr_stmt>
    <macro>assert<argument_list>( (getSubType()==PUS_ST_DATA_REP_PAR_HK_REP) ||
            (getSubType()==PUS_ST_DATA_REP_PAR_HK_REP) )</argument_list>;</macro>

    <if>if <condition>( <expr>!<call><name>isEnabled</name><argument_list>()</argument_list></call></expr> )</condition><then>
        <return>return <expr>0</expr>;</return></then></if>

    <if>if <condition>( <expr><name><name>F</name>[<expr>0</expr>]</name>.<name>counter</name>!=0</expr> )</condition><then>
        <return>return <expr>0</expr>;</return></then></if>

    <return>return <expr>(<call><name>sizeof</name><argument_list>(<argument><expr><name>TD_SID</name></expr></argument>)</argument_list></call>+(<name>PUS_DATA_REP_MODE</name>?1:0)+<name><name>F</name>[<expr><name>FAcounter</name></expr>]</name>.<name>val</name>+
                                            <name><name>F</name>[<expr><name>FAcounter</name></expr>]</name>.<name>size</name>*<name><name>F</name>[<expr><name>FAcounter</name></expr>]</name>.<name>nrep</name>)</expr>;</return>
}</block></function>

<function><type><name>unsigned</name> <name>char</name></type> <name><name>DC_PUSDataReportingPacket</name>::<name>getUnsignedByte</name></name><parameter_list>(<param><decl><type><name>unsigned</name> <name>int</name></type>  <name>n</name></decl></param>)</parameter_list> <block>{
    <expr_stmt><expr><call><name>assert</name><argument_list>( <argument><expr><call><name>isObjectConfigured</name><argument_list>()</argument_list></call></expr></argument> )</argument_list></call></expr>;</expr_stmt>
    <macro>assert<argument_list>( (getSubType()==PUS_ST_DATA_REP_PAR_HK_REP) ||
            (getSubType()==PUS_ST_DATA_REP_PAR_HK_REP) )</argument_list>;</macro>
    <expr_stmt><expr><call><name>assert</name><argument_list>( <argument><expr><name>n</name>&lt;<name>valBufferSize</name></expr></argument> )</argument_list></call></expr>;</expr_stmt>

    <return>return <expr><name><name>valBuffer</name>[<expr><name>n</name></expr>]</name></expr>;</return>
}</block></function>

<function><type><name>unsigned</name> <name>char</name>*</type> <name><name>DC_PUSDataReportingPacket</name>::<name>getStartAddress</name></name><parameter_list>(<param><decl><type><name>void</name></type></decl></param>)</parameter_list> <block>{
    <expr_stmt><expr><call><name>assert</name><argument_list>( <argument><expr><name>valBuffer</name>!=<name>pNULL</name></expr></argument> )</argument_list></call></expr>;</expr_stmt>
    <return>return <expr><name>valBuffer</name></expr>;</return>
}</block></function>

<function><type><name>bool</name></type> <name><name>DC_PUSDataReportingPacket</name>::<name>isFastAcquisitionImplemented</name></name><parameter_list>(<param><decl><type><name>void</name></type></decl></param>)</parameter_list> <block>{
    <return>return <expr><name>true</name></expr>;</return>
}</block></function>

<function><type><name>void</name></type> <name><name>DC_PUSDataReportingPacket</name>::<name>setDefinitionBufferSize</name></name><parameter_list>(<param><decl><type><name>unsigned</name> <name>int</name></type> <name>size</name></decl></param>)</parameter_list> <block>{
    <expr_stmt><expr><call><name>assert</name><argument_list>( <argument><expr><name>size</name>&gt;0</expr></argument> )</argument_list></call></expr>;</expr_stmt>
    <expr_stmt><expr><call><name>assert</name><argument_list>( <argument><expr><name>defBuffer</name>==<name>pNULL</name></expr></argument> )</argument_list></call></expr>;</expr_stmt>     <comment type="line">// should only be called once
</comment>
    <expr_stmt><expr><name>defBufferSize</name> = <name>size</name></expr>;</expr_stmt>
    <expr_stmt><expr><name>defBuffer</name> = new <name>unsigned</name> <name><name>char</name>[<expr><name>defBufferSize</name></expr>]</name></expr>;</expr_stmt>
    <for>for (<init><expr><type><name>unsigned</name> <name>short</name></type> <name>i</name>=<init><expr>0</expr></init></expr>;</init> <condition><expr><name>i</name>&lt;<name>defBufferSize</name></expr>;</condition> <incr><expr><name>i</name>++</expr></incr>)
        <expr_stmt><expr><name><name>defBuffer</name>[<expr><name>i</name></expr>]</name> = 0</expr>;</expr_stmt></for>
}</block></function>

<function><type><name>unsigned</name> <name>int</name></type> <name><name>DC_PUSDataReportingPacket</name>::<name>getDefinitionBufferSize</name></name><parameter_list>()</parameter_list> <block>{
    <return>return <expr><name>defBufferSize</name></expr>;</return>
}</block></function>

<function><type><name>void</name></type> <name><name>DC_PUSDataReportingPacket</name>::<name>setValueBufferSize</name></name><parameter_list>(<param><decl><type><name>unsigned</name> <name>int</name></type> <name>size</name></decl></param>)</parameter_list> <block>{
    <expr_stmt><expr><call><name>assert</name><argument_list>( <argument><expr><name>size</name>&gt;0</expr></argument> )</argument_list></call></expr>;</expr_stmt>
    <expr_stmt><expr><call><name>assert</name><argument_list>( <argument><expr><name>valBuffer</name>==<name>pNULL</name></expr></argument> )</argument_list></call></expr>;</expr_stmt>     <comment type="line">// should only be called once
</comment>
    <expr_stmt><expr><name>valBufferSize</name> = <name>size</name></expr>;</expr_stmt>
    <expr_stmt><expr><name>valBuffer</name> = new <name>unsigned</name> <name><name>char</name>[<expr><name>valBufferSize</name></expr>]</name></expr>;</expr_stmt>
    <for>for (<init><expr><type><name>unsigned</name> <name>int</name></type> <name>i</name>=<init><expr>0</expr></init></expr>;</init> <condition><expr><name>i</name>&lt;<name>valBufferSize</name></expr>;</condition> <incr><expr><name>i</name>++</expr></incr>)
        <expr_stmt><expr><name><name>valBuffer</name>[<expr><name>i</name></expr>]</name> = 0</expr>;</expr_stmt></for>
}</block></function>

<function><type><name>unsigned</name> <name>int</name></type> <name><name>DC_PUSDataReportingPacket</name>::<name>getValueBufferSize</name></name><parameter_list>()</parameter_list> <block>{
    <return>return <expr><name>valBufferSize</name></expr>;</return>
}</block></function>

<function><type><name>void</name></type> <name><name>DC_PUSDataReportingPacket</name>::<name>setMaxNumberFA</name></name><parameter_list>(<param><decl><type><name>unsigned</name> <name>int</name></type> <name>n</name></decl></param>)</parameter_list> <block>{
    <expr_stmt><expr><call><name>assert</name><argument_list>( <argument><expr><name>F</name>==<name>pNULL</name></expr></argument> )</argument_list></call></expr>;</expr_stmt>     <comment type="line">// should only be called once
</comment>
    <comment type="line">// recall F[0] is used to store information about parameters sampled once per collection interval
</comment>    <expr_stmt><expr><name>faDescSize</name> = (<name>unsigned</name> <name>char</name>)(<name>n</name>+1)</expr>;</expr_stmt>
    <expr_stmt><expr><name>F</name> = new <name><name>FaDescType</name>[<expr><name>faDescSize</name></expr>]</name></expr>;</expr_stmt>
    <for>for (<init><expr><type><name>unsigned</name> <name>char</name></type> <name>i</name>=<init><expr>0</expr></init></expr>;</init> <condition><expr><name>i</name>&lt;<name>faDescSize</name></expr>;</condition> <incr><expr><name>i</name>++</expr></incr>) <block>{
        <expr_stmt><expr><name><name>F</name>[<expr><name>i</name></expr>]</name>.<name>counter</name> = 0</expr>;</expr_stmt>
        <expr_stmt><expr><name><name>F</name>[<expr><name>i</name></expr>]</name>.<name>ind</name> = 0</expr>;</expr_stmt>
        <expr_stmt><expr><name><name>F</name>[<expr><name>i</name></expr>]</name>.<name>npar</name> = 0</expr>;</expr_stmt>
        <expr_stmt><expr><name><name>F</name>[<expr><name>i</name></expr>]</name>.<name>nrep</name> = 0</expr>;</expr_stmt>
        <expr_stmt><expr><name><name>F</name>[<expr><name>i</name></expr>]</name>.<name>rep</name> = 0</expr>;</expr_stmt>
        <expr_stmt><expr><name><name>F</name>[<expr><name>i</name></expr>]</name>.<name>size</name> = 0</expr>;</expr_stmt>
        <expr_stmt><expr><name><name>F</name>[<expr><name>i</name></expr>]</name>.<name>val</name> = 0</expr>;</expr_stmt>
    }</block></for>
}</block></function>

<function><type><name>unsigned</name> <name>int</name></type> <name><name>DC_PUSDataReportingPacket</name>::<name>getMaxNumberFA</name></name><parameter_list>()</parameter_list> <block>{
    <expr_stmt><expr><call><name>assert</name><argument_list>( <argument><expr><name>faDescSize</name>&gt;0</expr></argument> )</argument_list></call></expr>;</expr_stmt>
    <return>return <expr>(<name>faDescSize</name>-1)</expr>;</return>
}</block></function>

<function><type><name>bool</name></type> <name><name>DC_PUSDataReportingPacket</name>::<name>isObjectConfigured</name></name><parameter_list>(<param><decl><type><name>void</name></type></decl></param>)</parameter_list> <block>{
   <return>return <expr>(<call><name><name>PUSTelemetryPacket</name>::<name>isObjectConfigured</name></name><argument_list>()</argument_list></call> &amp;&amp; <name>F</name>!=<name>pNULL</name> &amp;&amp;
                                        <name>valBuffer</name>!=<name>pNULL</name> &amp;&amp; <name>defBuffer</name>!=<name>pNULL</name>)</expr>;</return>
}</block></function>
</unit>
