<unit xmlns="http://www.sdml.info/srcML/src" xmlns:cpp="http://www.sdml.info/srcML/cpp">
<comment type="line">//
</comment><comment type="line">// Copyright 2004 P&amp;P Software GmbH - All Rights Reserved
</comment><comment type="line">//
</comment><comment type="line">// DC_PUSTcVerificationPacket.h
</comment><comment type="line">//
</comment><comment type="line">// Version	1.0
</comment><comment type="line">// Date		01.12.02
</comment><comment type="line">// Author	A. Pasetti (P&amp;P Software)
</comment>
<cpp:ifndef>#<cpp:directive>ifndef</cpp:directive> <name>DC_PUSTcVerificationPacketH</name></cpp:ifndef>
<cpp:define>#<cpp:directive>define</cpp:directive> <name>DC_PUSTcVerificationPacketH</name></cpp:define>

<cpp:include>#<cpp:directive>include</cpp:directive> <cpp:file>"../GeneralInclude/ForwardDeclarations.h"</cpp:file></cpp:include>
<cpp:include>#<cpp:directive>include</cpp:directive> <cpp:file>"../GeneralInclude/BasicTypes.h"</cpp:file></cpp:include>
<cpp:include>#<cpp:directive>include</cpp:directive> <cpp:file>"../Telemetry/PUSTelemetryPacket.h"</cpp:file></cpp:include>

<comment type="block">/**
 * PUS telemetry packet implementing the telecommand verification service.
 * This class can model any of the telecommand verification service
 * packets. The value of the subtype attribute determines which packet is
 * being modeled.
 * &lt;p&gt;
 * This class is intended to be used by a component that monitors
 * the execution status of a telecommand. Upon detecting a change in
 * the execution status of a telecommand, this component configures an
 * instance of &lt;code&gt;PUSTcVerificationPacket&lt;/code&gt; in accordance with the
 * detected state of the telecommand execution. The &lt;code&gt;PUSTcVerificationPacket&lt;/code&gt;
 * instance should then be loaded into the &lt;i&gt;telementry manager&lt;/i&gt; for immediate
 * dispatch to the telemetry channel.
 * &lt;p&gt;
 * A telemetry packet of type &lt;code&gt;PUSTcVerificationPacket&lt;/code&gt; can contain two or
 * three fields. It contains two fields if it reports a telecommand success. It contains three fields
 * if it reports a telecommand failure. The two fields that are always present are
 * the packet identifier of the telecommand and the packet sequence control of the telecommand.
 * The third field is a single error code that conveys information about the reason of
 * the telecommand failure.
 * @todo construct a test case for this class.
 * @author Alessandro Pasetti (P&amp;P Software GmbH)
 * @version 1.0
 */</comment>
<class>class <name>DC_PUSTcVerificationPacket</name> <super>: <specifier>public</specifier> <name>PUSTelemetryPacket</name></super> <block>{<private type="default">

  </private><private>private:
    <decl_stmt><decl><type><name>unsigned</name> <name>int</name></type> <name>packetLengthSuccess</name></decl>;</decl_stmt>
    <decl_stmt><decl><type><name>unsigned</name> <name>int</name></type> <name>packetLengthFailure</name></decl>;</decl_stmt>
    <decl_stmt><decl><type><name>unsigned</name> <name>char</name>*</type> <name>tmByte</name></decl>;</decl_stmt>

  </private><public>public:

    <comment type="block">/**
     * Instantiate a PUS Telecommand Verification telemetry packet.
     * The class identifier is set. The telemetry type attributes
     * is set to PUS_TYPE_TC_VER. The error code is set to zero.
     */</comment>
    <constructor_decl><name>DC_PUSTcVerificationPacket</name><parameter_list>(<param><decl><type><name>void</name></type></decl></param>)</parameter_list>;</constructor_decl>

    <comment type="block">/**
     * Return the number of bytes managed by this telemetry packet.
     * The number of bytes is computed as follows. If the telemetry packet
     * is being used to report a successful telecommand execution, then its
     * number of bytes is given by: &lt;pre&gt;
     *      sizeof(TD_PUSPacketId)+sizeof(TD_TelecommandId) &lt;/pre&gt;
     * If the telemetry packet
     * is being used to report a successful telecommand execution, then its
     * number of bytes is given by: &lt;pre&gt;
     *      sizeof(TD_PUSPacketId)+sizeof(TD_TelecommandId)+sizeof(TD_CheckCode) &lt;/pre&gt;
     * Note that &lt;code&gt;TD_CheckCode&lt;/code&gt; is the type of the error code field.
     * @see #setErrorCode
     * @return number of bytes in this telemetry packet
     */</comment>
    <function_decl><type><name>virtual</name> <name>unsigned</name> <name>int</name></type> <name>getNumberOfBytes</name><parameter_list>(<param><decl><type><name>void</name></type></decl></param>)</parameter_list>;</function_decl>

    <comment type="block">/**
     * Implement the  &lt;i&gt;data acquisition service&lt;/i&gt; for the PUS telecommand verification
     * packet. The bytes associated to this telemetry packet are returned according to the
     * following algorithm: &lt;pre&gt;
     *      if ( (subtype == PUS_ST_TC_VER_ACC_SC) ||
     *           (subtype == PUS_ST_TC_EXE_STR_SC) ||
     *           (subtype == PUS_ST_TC_EXE_PRO_SC) ||
     *           (subtype == PUS_ST_TC_EXE_END_SC) ) {
     *          return TC packet ID;
     *          return TC packet sequence control;
     *       } else {
     *          return TC packet ID;
     *          return TC packet sequence control;
     *          return error code;
     *       } &lt;/pre&gt;
     * The TC packet ID, TC packet sequence control, and the error code are transferred byte
     * by byte starting from the byte with the highest address.
     * @return value of n-th telemetry byte
     * @param n the telemetry byte to be returned (starting with byte 0)
     */</comment>
    <function_decl><type><name>virtual</name> <name>unsigned</name> <name>char</name></type> <name>getUnsignedByte</name><parameter_list>(<param><decl><type><name>unsigned</name> <name>int</name></type> <name>n</name></decl></param>)</parameter_list>;</function_decl>

    <comment type="block">/**
     * Return the error code that describes the reason for the telecommand failure.
     * This field is only meaningful when the telemetry packet is being used to
     * describe a telecommand failure. The default value of the error code is zero.
     * @return the error code
     */</comment>
    <function_decl><type><name>TD_CheckCode</name></type> <name>getErrorCode</name><parameter_list>()</parameter_list>;</function_decl>

    <comment type="block">/**
     * Set the error code that describes the reason for the telecommand failure.
     * @see #getErrorCode
     * @param errCode the error code
     */</comment>
    <function_decl><type><name>void</name></type> <name>setErrorCode</name><parameter_list>(<param><decl><type><name>TD_CheckCode</name></type> <name>errCode</name></decl></param>)</parameter_list>;</function_decl>

    <comment type="block">/**
     * Return the identifier of the telecommand for which the execution verification
     * report is constructed.
     * @return the telecommand identifier
     */</comment>
    <function_decl><type><name>TD_TelecommandId</name></type> <name>getTelecommandId</name><parameter_list>()</parameter_list>;</function_decl>

    <comment type="block">/**
     * Set the identifier of the telecommand for which the execution verification
     * report is constructed.
     * @param tcId the telecommand identifier
     */</comment>
    <function_decl><type><name>void</name></type> <name>setTelecommandId</name><parameter_list>(<param><decl><type><name>TD_TelecommandId</name></type> <name>tcId</name></decl></param>)</parameter_list>;</function_decl>

    <comment type="block">/**
     * Implement the &lt;i&gt;data update service&lt;/i&gt; for the PUS telecommand verification packet.
     * This type of packet is configured dynamically by the component that monitors the
     * execution status of the telecommands. Its update service is therefore implemented
     * as a dummy method that returns without taking any action.
     */</comment>
    <function_decl><type><name>virtual</name> <name>void</name></type> <name>update</name><parameter_list>(<param><decl><type><name>void</name></type></decl></param>)</parameter_list>;</function_decl>

</public>}</block>;</class>

<cpp:endif>#<cpp:directive>endif</cpp:directive></cpp:endif>
</unit>
