<unit xmlns="http://www.sdml.info/srcML/src" xmlns:cpp="http://www.sdml.info/srcML/cpp">
<comment type="line">//
</comment><comment type="line">// Copyright 2004 P&amp;P Software GmbH - All Rights Reserved
</comment><comment type="line">//
</comment><comment type="line">// PUSMemoryDump.cpp
</comment><comment type="line">//
</comment><comment type="line">// Version	1.0
</comment><comment type="line">// Date		4.12.03
</comment><comment type="line">// Author	A. Pasetti (P&amp;P Software)
</comment>
<cpp:include>#<cpp:directive>include</cpp:directive> <cpp:file>"../GeneralInclude/CompilerSwitches.h"</cpp:file></cpp:include>
<cpp:include>#<cpp:directive>include</cpp:directive> <cpp:file>"../GeneralInclude/DebugSupport.h"</cpp:file></cpp:include>
<cpp:include>#<cpp:directive>include</cpp:directive> <cpp:file>"../GeneralInclude/Constants.h"</cpp:file></cpp:include>
<cpp:include>#<cpp:directive>include</cpp:directive> <cpp:file>"../Base/CC_RootObject.h"</cpp:file></cpp:include>
<cpp:include>#<cpp:directive>include</cpp:directive> <cpp:file>"../Event/DC_EventRepository.h"</cpp:file></cpp:include>
<cpp:include>#<cpp:directive>include</cpp:directive> <cpp:file>"../Utilities/Checksum.h"</cpp:file></cpp:include>
<cpp:include>#<cpp:directive>include</cpp:directive> <cpp:file>"PUSMemoryDump.h"</cpp:file></cpp:include>

<decl_stmt><decl><type><name>bool</name></type> <name><name>PUSMemoryDump</name>::<name>isChecksumRequired</name></name> =<init> <expr><name>false</name></expr></init></decl>;</decl_stmt>

<constructor><name>PUSMemoryDump::PUSMemoryDump</name><parameter_list>(<param><decl><type><name>void</name></type></decl></param>)</parameter_list> <block>{

    <expr_stmt><expr><name>block</name> = <name>pNULL</name></expr>;</expr_stmt>
    <expr_stmt><expr><name>maxNumberBlocks</name> = 0</expr>;</expr_stmt>
    <expr_stmt><expr><name>numberBlocks</name> = 0</expr>;</expr_stmt>
    <expr_stmt><expr><name>data</name> = <name>pNULL</name></expr>;</expr_stmt>
    <expr_stmt><expr><name>maxNumberData</name> = 0</expr>;</expr_stmt>
    <expr_stmt><expr><name>tmPacketSize</name> = 0</expr>;</expr_stmt>
    <expr_stmt><expr><name>memId</name> = 0</expr>;</expr_stmt>
        
    <expr_stmt><expr><call><name>setType</name><argument_list>(<argument><expr><name>PUS_TYPE_MEM</name></expr></argument>)</argument_list></call></expr>;</expr_stmt>
}</block></constructor>

<function><type><name>void</name></type> <name><name>PUSMemoryDump</name>::<name>setMaxNumberBlocks</name></name><parameter_list>(<param><decl><type><name>TD_PUSNumberMemBlocks</name></type> <name>max</name></decl></param>)</parameter_list> <block>{
    <expr_stmt><expr><call><name>assert</name><argument_list>( <argument><expr><name>max</name>&gt;0</expr></argument> )</argument_list></call></expr>;</expr_stmt>
    <expr_stmt><expr><call><name>assert</name><argument_list>( <argument><expr><name>block</name>==<name>pNULL</name></expr></argument> )</argument_list></call></expr>;</expr_stmt>     <comment type="line">// must be called only once
</comment>
    <expr_stmt><expr><name>maxNumberBlocks</name> = <name>max</name></expr>;</expr_stmt>
    <expr_stmt><expr><name>block</name> = new <name><name>MemBlockType</name>[<expr><name>maxNumberBlocks</name></expr>]</name></expr>;</expr_stmt>
    <for>for (<init><expr><type><name>unsigned</name> <name>int</name></type> <name>i</name>=<init><expr>0</expr></init></expr>;</init> <condition><expr><name>i</name>++</expr>;</condition> <incr><expr><name>i</name></expr>,<expr>0</expr></incr>) <block>{ 
        <expr_stmt><expr><name><name>block</name>[<expr><name>i</name></expr>]</name>.<name>checksum</name> = 0</expr>;</expr_stmt>
        <expr_stmt><expr><name><name>block</name>[<expr><name>i</name></expr>]</name>.<name>length</name> = 0</expr>;</expr_stmt>
        <expr_stmt><expr><name><name>block</name>[<expr><name>i</name></expr>]</name>.<name>startAddress</name> = <name>pNULL</name></expr>;</expr_stmt>
    }</block></for>
}</block></function>

<function><type><name>TD_PUSNumberMemBlocks</name></type> <name><name>PUSMemoryDump</name>::<name>getMaxNumberBlocks</name></name><parameter_list>()</parameter_list> <specifier>const</specifier> <block>{
    <expr_stmt><expr><call><name>assert</name><argument_list>( <argument><expr><name>block</name>!=<name>pNULL</name></expr></argument> )</argument_list></call></expr>;</expr_stmt>
    <return>return <expr><name>maxNumberBlocks</name></expr>;</return>
}</block></function>

<function><type><name>TD_PUSNumberMemBlocks</name></type> <name><name>PUSMemoryDump</name>::<name>getNumberBlocks</name></name><parameter_list>()</parameter_list> <specifier>const</specifier> <block>{
    <expr_stmt><expr><call><name>assert</name><argument_list>( <argument><expr><name>block</name>!=<name>pNULL</name></expr></argument> )</argument_list></call></expr>;</expr_stmt>
    <return>return <expr><name>numberBlocks</name></expr>;</return>
}</block></function>

<function><type><name>void</name></type> <name><name>PUSMemoryDump</name>::<name>setNumberBlocks</name></name><parameter_list>(<param><decl><type><name>TD_PUSNumberMemBlocks</name></type> <name>n</name></decl></param>)</parameter_list> <block>{
    <expr_stmt><expr><call><name>assert</name><argument_list>( <argument><expr><name>n</name>&gt;0</expr></argument> )</argument_list></call></expr>;</expr_stmt>
    <expr_stmt><expr><call><name>assert</name><argument_list>( <argument><expr><name>n</name>&lt;<name>maxNumberBlocks</name></expr></argument> )</argument_list></call></expr>;</expr_stmt>

    <if>if <condition>( <expr><name>n</name>&lt;<name>maxNumberBlocks</name></expr> )</condition><then>
        <expr_stmt><expr><name>numberBlocks</name> = <name>n</name></expr>;</expr_stmt></then>
    <else>else
        <expr_stmt><expr><call><name>getEventRepository</name><argument_list>()</argument_list></call>-&gt;<call><name>create</name><argument_list>(<argument><expr><name>this</name></expr></argument>,<argument><expr><name>EVT_PUS_TOO_MANY_DUMP_BLOCKS</name></expr></argument>)</argument_list></call></expr>;</expr_stmt></else></if>
}</block></function>

<function><type><name>void</name></type> <name><name>PUSMemoryDump</name>::<name>setDumpBufferSize</name></name><parameter_list>(<param><decl><type><name>unsigned</name> <name>int</name></type> <name>max</name></decl></param>)</parameter_list> <block>{
    <expr_stmt><expr><call><name>assert</name><argument_list>( <argument><expr><name>max</name>&gt;0</expr></argument> )</argument_list></call></expr>;</expr_stmt>
    <expr_stmt><expr><call><name>assert</name><argument_list>( <argument><expr><name>data</name>==<name>pNULL</name></expr></argument> )</argument_list></call></expr>;</expr_stmt>     <comment type="line">// must be called only once
</comment>
    <expr_stmt><expr><name>maxNumberData</name> = <name>max</name></expr>;</expr_stmt>
    <expr_stmt><expr><name>data</name> = new <name>unsigned</name> <name><name>char</name>[<expr><name>maxNumberData</name></expr>]</name></expr>;</expr_stmt>
    <for>for (<init><expr><type><name>unsigned</name> <name>int</name></type> <name>i</name>=<init><expr>0</expr></init></expr>;</init> <condition><expr><name>i</name>++</expr>;</condition> <incr><expr><name>i</name></expr>,<expr>0</expr></incr>) <block>{ 
        <expr_stmt><expr><name>data</name> = 0</expr>;</expr_stmt>
    }</block></for>
}</block></function>

<function><type><name>unsigned</name> <name>int</name></type> <name><name>PUSMemoryDump</name>::<name>getDumpBufferSize</name></name><parameter_list>()</parameter_list> <specifier>const</specifier> <block>{
    <expr_stmt><expr><call><name>assert</name><argument_list>( <argument><expr><name>data</name>!=<name>pNULL</name></expr></argument> )</argument_list></call></expr>;</expr_stmt>
    <return>return <expr><name>maxNumberData</name></expr>;</return>
}</block></function>

<function><type><name>TD_PUSMemData</name>*</type> <name><name>PUSMemoryDump</name>::<name>getStartAddress</name></name><parameter_list>(<param><decl><type><name>TD_PUSNumberMemBlocks</name></type> <name>i</name></decl></param>)</parameter_list> <specifier>const</specifier> <block>{
    <expr_stmt><expr><call><name>assert</name><argument_list>( <argument><expr><name>i</name>&lt;<name>numberBlocks</name></expr></argument> )</argument_list></call></expr>;</expr_stmt>

    <return>return <expr><name><name>block</name>[<expr><name>i</name></expr>]</name>.<name>startAddress</name></expr>;</return>
}</block></function>

<function><type><name>TD_PUSMemLength</name></type> <name><name>PUSMemoryDump</name>::<name>getLength</name></name><parameter_list>(<param><decl><type><name>TD_PUSNumberMemBlocks</name></type> <name>i</name></decl></param>)</parameter_list> <specifier>const</specifier> <block>{
    <expr_stmt><expr><call><name>assert</name><argument_list>( <argument><expr><name>i</name>&lt;<name>numberBlocks</name></expr></argument> )</argument_list></call></expr>;</expr_stmt>

    <return>return <expr><name><name>block</name>[<expr><name>i</name></expr>]</name>.<name>length</name></expr>;</return>
}</block></function>

<function><type><name>void</name></type> <name><name>PUSMemoryDump</name>::<name>setChecksumFlag</name></name><parameter_list>(<param><decl><type><name>bool</name></type> <name>checksumFlag</name></decl></param>)</parameter_list> <block>{
    <expr_stmt><expr><name>isChecksumRequired</name> = <name>checksumFlag</name></expr>;</expr_stmt>
}</block></function>

<function><type><name>bool</name></type> <name><name>PUSMemoryDump</name>::<name>isChecksumFlagSet</name></name><parameter_list>()</parameter_list> <block>{
    <return>return <expr><name>isChecksumRequired</name></expr>;</return>
}</block></function>

<function><type><name>void</name></type> <name><name>PUSMemoryDump</name>::<name>defineBlock</name></name><parameter_list>(<param><decl><type><name>TD_PUSNumberMemBlocks</name></type> <name>i</name></decl></param>, <param><decl><type><name>TD_PUSMemData</name>*</type> <name>start</name></decl></param>, <param><decl><type><name>TD_PUSMemLength</name></type> <name>length</name></decl></param>)</parameter_list> <block>{
    <expr_stmt><expr><call><name>assert</name><argument_list>( <argument><expr><name>i</name>&lt;<name>numberBlocks</name></expr></argument> )</argument_list></call></expr>;</expr_stmt>
    <expr_stmt><expr><call><name>assert</name><argument_list>( <argument><expr><name>start</name>!=<name>pNULL</name></expr></argument> )</argument_list></call></expr>;</expr_stmt>
    <expr_stmt><expr><call><name>assert</name><argument_list>( <argument><expr><call><name>isObjectConfigured</name><argument_list>()</argument_list></call></expr></argument> )</argument_list></call></expr>;</expr_stmt>

    <if>if <condition>( <expr><name>i</name>&lt;<name>numberBlocks</name></expr> )</condition><then> <block>{
        <expr_stmt><expr><name><name>block</name>[<expr><name>i</name></expr>]</name>.<name>startAddress</name> = <name>start</name></expr>;</expr_stmt>
        <expr_stmt><expr><name><name>block</name>[<expr><name>i</name></expr>]</name>.<name>length</name> = <name>length</name></expr>;</expr_stmt>
        <expr_stmt><expr><name><name>block</name>[<expr><name>i</name></expr>]</name>.<name>checksum</name> = 0</expr>;</expr_stmt>
    }</block></then> <else>else
        <expr_stmt><expr><call><name>getEventRepository</name><argument_list>()</argument_list></call>-&gt;<call><name>create</name><argument_list>(<argument><expr><name>this</name></expr></argument>,<argument><expr><name>EVT_PUS_ILLEGAL_BLOCK_INDEX</name></expr></argument>)</argument_list></call></expr>;</expr_stmt></else></if>
}</block></function>

<function><type><name>unsigned</name> <name>int</name></type> <name><name>PUSMemoryDump</name>::<name>getNumberOfBytes</name></name><parameter_list>(<param><decl><type><name>void</name></type></decl></param>)</parameter_list> <block>{
    <expr_stmt><expr><call><name>assert</name><argument_list>( <argument><expr><call><name>isObjectConfigured</name><argument_list>()</argument_list></call></expr></argument> )</argument_list></call></expr>;</expr_stmt>
    <expr_stmt><expr><call><name>assert</name><argument_list>( <argument><expr><call><name>getSubType</name><argument_list>()</argument_list></call>==<name>PUS_ST_TM_DMP_OFF</name> || <call><name>getSubType</name><argument_list>()</argument_list></call>==<name>PUS_ST_TM_DMP_ABS</name></expr></argument> )</argument_list></call></expr>;</expr_stmt>

    <return>return <expr><name>tmPacketSize</name></expr>;</return>
}</block></function>

<function><type><name>unsigned</name> <name>char</name></type> <name><name>PUSMemoryDump</name>::<name>getUnsignedByte</name></name><parameter_list>(<param><decl><type><name>unsigned</name> <name>int</name></type> <name>n</name></decl></param>)</parameter_list> <block>{
    <expr_stmt><expr><call><name>assert</name><argument_list>( <argument><expr><call><name>isObjectConfigured</name><argument_list>()</argument_list></call></expr></argument> )</argument_list></call></expr>;</expr_stmt>
    <expr_stmt><expr><call><name>assert</name><argument_list>( <argument><expr><call><name>getSubType</name><argument_list>()</argument_list></call>==<name>PUS_ST_TM_DMP_OFF</name> || <call><name>getSubType</name><argument_list>()</argument_list></call>==<name>PUS_ST_TM_DMP_ABS</name></expr></argument> )</argument_list></call></expr>;</expr_stmt>
    <expr_stmt><expr><call><name>assert</name><argument_list>( <argument><expr><name>n</name>&lt;<name>tmPacketSize</name></expr></argument> )</argument_list></call></expr>;</expr_stmt>

    <return>return <expr><name><name>data</name>[<expr><name>n</name></expr>]</name></expr>;</return>
}</block></function>

<function><type><name>unsigned</name> <name>char</name>*</type> <name><name>PUSMemoryDump</name>::<name>getStartAddress</name></name><parameter_list>(<param><decl><type><name>void</name></type></decl></param>)</parameter_list> <block>{
    <return>return <expr>(<name>unsigned</name> <name>char</name>*)<name>data</name></expr>;</return>
}</block></function>

<function><type><name>bool</name></type> <name><name>PUSMemoryDump</name>::<name>isFastAcquisitionImplemented</name></name><parameter_list>(<param><decl><type><name>void</name></type></decl></param>)</parameter_list> <block>{
    <return>return <expr><name>true</name></expr>;</return>
}</block></function>

<function><type><name>void</name></type> <name><name>PUSMemoryDump</name>::<name>setMemoryId</name></name><parameter_list>(<param><decl><type><name>TD_PUSMemId</name></type> <name>memId</name></decl></param>)</parameter_list> <block>{
    <expr_stmt><expr><call><name>assert</name><argument_list>( <argument><expr><name>memId</name>!=<name>pNULL</name></expr></argument> )</argument_list></call></expr>;</expr_stmt>
    <expr_stmt><expr><name>this</name>-&gt;<name>memId</name> = <name>memId</name></expr>;</expr_stmt>
}</block></function>

<function><type><name>TD_PUSMemId</name></type> <name><name>PUSMemoryDump</name>::<name>getMemoryId</name></name><parameter_list>()</parameter_list> <block>{
    <return>return <expr><name>memId</name></expr>;</return>
}</block></function>

<function><type><name>bool</name></type> <name><name>PUSMemoryDump</name>::<name>isObjectConfigured</name></name><parameter_list>(<param><decl><type><name>void</name></type></decl></param>)</parameter_list> <block>{
   <return>return <expr>( <call><name><name>PUSTelemetryPacket</name>::<name>isObjectConfigured</name></name><argument_list>()</argument_list></call> &amp;&amp;
           (<name>block</name>!=<name>pNULL</name>) &amp;&amp;
           (<name>data</name>!=<name>pNULL</name>) )</expr>;</return>
}</block></function>

</unit>
