<unit xmlns="http://www.sdml.info/srcML/src" xmlns:cpp="http://www.sdml.info/srcML/cpp">
<comment type="line">//
</comment><comment type="line">// Copyright 2004 P&amp;P Software GmbH - All Rights Reserved
</comment><comment type="line">//
</comment><comment type="line">// PUSTelemetryPacket.cpp
</comment><comment type="line">//
</comment><comment type="line">// Version	1.0
</comment><comment type="line">// Date		4.12.02
</comment><comment type="line">// Author	A. Pasetti (P&amp;P Software)
</comment>
<cpp:include>#<cpp:directive>include</cpp:directive> <cpp:file>"../GeneralInclude/CompilerSwitches.h"</cpp:file></cpp:include>
<cpp:include>#<cpp:directive>include</cpp:directive> <cpp:file>"../GeneralInclude/DebugSupport.h"</cpp:file></cpp:include>
<cpp:include>#<cpp:directive>include</cpp:directive> <cpp:file>"../GeneralInclude/Constants.h"</cpp:file></cpp:include>
<cpp:include>#<cpp:directive>include</cpp:directive> <cpp:file>"../Base/CC_RootObject.h"</cpp:file></cpp:include>
<cpp:include>#<cpp:directive>include</cpp:directive> <cpp:file>"../System/ObsClock.h"</cpp:file></cpp:include>
<cpp:include>#<cpp:directive>include</cpp:directive> <cpp:file>"TelemetryPacket.h"</cpp:file></cpp:include>
<cpp:include>#<cpp:directive>include</cpp:directive> <cpp:file>"PUSTelemetryPacket.h"</cpp:file></cpp:include>

<decl_stmt><decl><type><name>TD_PUSPacketId</name></type> <name><name>PUSTelemetryPacket</name>::<name>packetId</name></name> =<init> <expr>0</expr></init></decl>;</decl_stmt>
<decl_stmt><decl><type><name>TD_TelemetryDestination</name></type> <name><name>PUSTelemetryPacket</name>::<name>defaultDestination</name></name> =<init> <expr>0</expr></init></decl>;</decl_stmt>
<decl_stmt><decl><type><name>ObsClock</name>*</type> <name><name>PUSTelemetryPacket</name>::<name>pObsClock</name></name> =<init> <expr><name>pNULL</name></expr></init></decl>;</decl_stmt>

<constructor><name>PUSTelemetryPacket::PUSTelemetryPacket</name><parameter_list>(<param><decl><type><name>void</name></type></decl></param>)</parameter_list> <block>{
    <expr_stmt><expr><name>type</name> = 0</expr>;</expr_stmt>
    <expr_stmt><expr><name>subType</name> = 0</expr>;</expr_stmt>
    <expr_stmt><expr><name>timeTag</name> = -1</expr>;</expr_stmt>
    <expr_stmt><expr><name>dest</name> = <name>defaultDestination</name></expr>;</expr_stmt>
}</block></constructor>

<function><type><name>TD_PUSPacketId</name></type> <name><name>PUSTelemetryPacket</name>::<name>getPacketId</name></name><parameter_list>(<param><decl><type><name>void</name></type></decl></param>)</parameter_list> <block>{
    <return>return <expr><name>packetId</name></expr>;</return>
}</block></function>

<function><type><name>void</name></type> <name><name>PUSTelemetryPacket</name>::<name>setApplicationId</name></name><parameter_list>(<param><decl><type><name>TD_APID</name></type> <name>apid</name></decl></param>)</parameter_list> <block>{
    <expr_stmt><expr><call><name>assert</name><argument_list>( <argument><expr><name>apid</name> &lt; (<name>TD_APID</name>)2048</expr></argument> )</argument_list></call></expr>;</expr_stmt>
    <expr_stmt><expr><name>packetId</name> = 2048</expr>;</expr_stmt>
    <expr_stmt><expr><name>packetId</name> = <name>packetId</name> + <name>apid</name></expr>;</expr_stmt>
}</block></function>

<function><type><name>void</name></type> <name><name>PUSTelemetryPacket</name>::<name>setDefaultDestination</name></name><parameter_list>(<param><decl><type><name>TD_TelemetryDestination</name></type> <name>defDest</name></decl></param>)</parameter_list> <block>{
    <expr_stmt><expr><call><name>assert</name><argument_list>( <argument><expr><name>defDest</name> &gt; 0</expr></argument> )</argument_list></call></expr>;</expr_stmt>
    <expr_stmt><expr><name>defaultDestination</name> = <name>defDest</name></expr>;</expr_stmt>
}</block></function>

<function><type><name>TD_TelemetryDestination</name></type> <name><name>PUSTelemetryPacket</name>::<name>getDefaultDestination</name></name><parameter_list>()</parameter_list> <block>{
    <return>return <expr><name>defaultDestination</name></expr>;</return>
}</block></function>


<function><type><name>TD_TelemetryType</name></type> <name><name>PUSTelemetryPacket</name>::<name>getType</name></name><parameter_list>(<param><decl><type><name>void</name></type></decl></param>)</parameter_list> <specifier>const</specifier> <block>{
    <expr_stmt><expr><call><name>assert</name><argument_list>( <argument><expr><name>type</name>&gt;0</expr></argument> )</argument_list></call></expr>;</expr_stmt>
    <return>return <expr><name>type</name></expr>;</return>
}</block></function>

<function><type><name>void</name></type> <name><name>PUSTelemetryPacket</name>::<name>setType</name></name><parameter_list>(<param><decl><type><name>TD_TelemetryType</name></type> <name>tmType</name></decl></param>)</parameter_list> <block>{
    <expr_stmt><expr><call><name>assert</name><argument_list>( <argument><expr><name>tmType</name>&gt;0</expr></argument> )</argument_list></call></expr>;</expr_stmt>
    <expr_stmt><expr><name>type</name> = <name>tmType</name></expr>;</expr_stmt>
}</block></function>

<function><type><name>TD_TelemetrySubType</name></type> <name><name>PUSTelemetryPacket</name>::<name>getSubType</name></name><parameter_list>(<param><decl><type><name>void</name></type></decl></param>)</parameter_list> <specifier>const</specifier> <block>{
    <expr_stmt><expr><call><name>assert</name><argument_list>( <argument><expr><name>subType</name>&gt;0</expr></argument> )</argument_list></call></expr>;</expr_stmt>
    <return>return <expr><name>subType</name></expr>;</return>
}</block></function>

<function><type><name>void</name></type> <name><name>PUSTelemetryPacket</name>::<name>setSubType</name></name><parameter_list>(<param><decl><type><name>TD_TelemetrySubType</name></type> <name>tmSubType</name></decl></param>)</parameter_list> <block>{
    <expr_stmt><expr><call><name>assert</name><argument_list>( <argument><expr><name>tmSubType</name>&gt;0</expr></argument> )</argument_list></call></expr>;</expr_stmt>
    <expr_stmt><expr><name>subType</name> = <name>tmSubType</name></expr>;</expr_stmt>
}</block></function>

<function><type><name>TD_ObsTime</name></type> <name><name>PUSTelemetryPacket</name>::<name>getTimeTag</name></name><parameter_list>(<param><decl><type><name>void</name></type></decl></param>)</parameter_list> <specifier>const</specifier> <block>{
    <expr_stmt><expr><call><name>assert</name><argument_list>( <argument><expr><name>timeTag</name>&gt;= 0</expr></argument> )</argument_list></call></expr>;</expr_stmt>
    <return>return <expr><name>timeTag</name></expr>;</return>
}</block></function>

<function><type><name>void</name></type> <name><name>PUSTelemetryPacket</name>::<name>setTimeTag</name></name><parameter_list>(<param><decl><type><name>TD_ObsTime</name></type> <name>tTag</name></decl></param>)</parameter_list> <block>{
    <expr_stmt><expr><call><name>assert</name><argument_list>( <argument><expr><name>tTag</name>&gt;=0</expr></argument> )</argument_list></call></expr>;</expr_stmt>
    <expr_stmt><expr><name>timeTag</name> = <name>tTag</name></expr>;</expr_stmt>
}</block></function>

<function><type><name>TD_TelemetryDestination</name></type> <name><name>PUSTelemetryPacket</name>::<name>getDestination</name></name><parameter_list>(<param><decl><type><name>void</name></type></decl></param>)</parameter_list> <specifier>const</specifier> <block>{
    <expr_stmt><expr><call><name>assert</name><argument_list>( <argument><expr><name>dest</name>&gt;0</expr></argument> )</argument_list></call></expr>;</expr_stmt>
    <return>return <expr><name>dest</name></expr>;</return>
}</block></function>

<function><type><name>void</name></type> <name><name>PUSTelemetryPacket</name>::<name>setDestination</name></name><parameter_list>(<param><decl><type><name>TD_TelemetryDestination</name></type> <name>tmDest</name></decl></param>)</parameter_list> <block>{
    <expr_stmt><expr><call><name>assert</name><argument_list>( <argument><expr><name>tmDest</name>&gt;0</expr></argument> )</argument_list></call></expr>;</expr_stmt>
    <expr_stmt><expr><name>dest</name> = <name>tmDest</name></expr>;</expr_stmt>
}</block></function>

<function><type><name>ObsClock</name>*</type> <name><name>PUSTelemetryPacket</name>::<name>getObsClock</name></name><parameter_list>(<param><decl><type><name>void</name></type></decl></param>)</parameter_list> <block>{
   <expr_stmt><expr><call><name>assert</name> <argument_list>(<argument><expr><name>pObsClock</name> != <name>pNULL</name></expr></argument> )</argument_list></call></expr>;</expr_stmt>
   <return>return <expr><name>pObsClock</name></expr>;</return>
}</block></function>

<function><type><name>void</name></type> <name><name>PUSTelemetryPacket</name>::<name>setObsClock</name></name><parameter_list>(<param><decl><type><name>ObsClock</name>*</type> <name>pClock</name></decl></param>)</parameter_list> <block>{
   <expr_stmt><expr><call><name>assert</name> <argument_list>(<argument><expr><name>pClock</name> != <name>pNULL</name></expr></argument> )</argument_list></call></expr>;</expr_stmt>
   <expr_stmt><expr><name>pObsClock</name> = <name>pClock</name></expr>;</expr_stmt>
}</block></function>

<function><type><name>bool</name></type> <name><name>PUSTelemetryPacket</name>::<name>isObjectConfigured</name></name><parameter_list>(<param><decl><type><name>void</name></type></decl></param>)</parameter_list> <block>{
   <return>return <expr>( <call><name><name>TelemetryPacket</name>::<name>isObjectConfigured</name></name><argument_list>()</argument_list></call> &amp;&amp;
           (<name>type</name>&gt;0) &amp;&amp;
           (<name>subType</name>&gt;0) &amp;&amp;
           (<name>dest</name>&gt;0) &amp;&amp;
           (<name>packetId</name>&gt;0) &amp;&amp;
           (<name>pObsClock</name>!=<name>pNULL</name>) &amp;&amp;
           (<name>timeTag</name>&gt;=0) )</expr>;</return>
}</block></function>
</unit>
