<unit xmlns="http://www.sdml.info/srcML/src" xmlns:cpp="http://www.sdml.info/srcML/cpp">
<comment type="line">//
</comment><comment type="line">// Copyright 2004 P&amp;P Software GmbH - All Rights Reserved
</comment><comment type="line">//
</comment><comment type="line">// StructuredTelemetryPacket.cpp
</comment><comment type="line">//
</comment><comment type="line">// Version	1.1
</comment><comment type="line">// Date		23.02.03 (version 1.0)
</comment><comment type="line">// Author	A. Pasetti (P&amp;P Software)
</comment><comment type="line">//
</comment><comment type="line">// Change Record:
</comment>
<cpp:include>#<cpp:directive>include</cpp:directive> <cpp:file>"../GeneralInclude/CompilerSwitches.h"</cpp:file></cpp:include>
<cpp:include>#<cpp:directive>include</cpp:directive> <cpp:file>"../GeneralInclude/DebugSupport.h"</cpp:file></cpp:include>
<cpp:include>#<cpp:directive>include</cpp:directive> <cpp:file>"../GeneralInclude/ClassId.h"</cpp:file></cpp:include>
<cpp:include>#<cpp:directive>include</cpp:directive> <cpp:file>"../GeneralInclude/Constants.h"</cpp:file></cpp:include>
<cpp:include>#<cpp:directive>include</cpp:directive> <cpp:file>"../Base/CC_RootObject.h"</cpp:file></cpp:include>
<cpp:include>#<cpp:directive>include</cpp:directive> <cpp:file>"StructuredTelemetryPacket.h"</cpp:file></cpp:include>

<constructor><name>StructuredTelemetryPacket::StructuredTelemetryPacket</name><parameter_list>(<param><decl><type><name>void</name></type></decl></param>)</parameter_list> <block>{
	<expr_stmt><expr><name>pByteBuffer</name> = <name>pNULL</name></expr>;</expr_stmt>
	<expr_stmt><expr><name>pShortBuffer</name> = <name>pNULL</name></expr>;</expr_stmt>
	<expr_stmt><expr><name>pIntBuffer</name> = <name>pNULL</name></expr>;</expr_stmt>
	<expr_stmt><expr><name>numberOfBytes</name> = 0</expr>;</expr_stmt>
}</block></constructor>

<function><type><name>void</name></type> <name><name>StructuredTelemetryPacket</name>::<name>setNumberOfBytes</name></name><parameter_list>(<param><decl><type><name>unsigned</name> <name>int</name></type> <name>n</name></decl></param>)</parameter_list> <block>{
	<expr_stmt><expr><call><name>assert</name><argument_list>( <argument><expr><name>numberOfBytes</name> == 0</expr></argument> )</argument_list></call></expr>;</expr_stmt>  <comment type="line">// should not be called more than once
</comment>	<expr_stmt><expr><call><name>assert</name><argument_list>( <argument><expr><name>n</name>  &gt; 0</expr></argument> )</argument_list></call></expr>;</expr_stmt>

    <if>if <condition>(<expr><name>numberOfBytes</name> == 0</expr>)</condition><then> <block>{
	    <expr_stmt><expr><name>numberOfBytes</name> = <name>n</name></expr>;</expr_stmt>
        <decl_stmt><decl><type><name>unsigned</name> <name>int</name></type> <name>nToBeAssigned</name></decl>;</decl_stmt>
        <if>if <condition>(<expr>(<name>n</name>%<macro>sizeof<argument_list>(unsigned int)</argument_list></macro>) == 0</expr>)</condition><then>
            <expr_stmt><expr><name>nToBeAssigned</name> = <name>n</name>/<macro>sizeof<argument_list>(unsigned int)</argument_list></macro></expr>;</expr_stmt></then>
        <else>else
            <expr_stmt><expr><name>nToBeAssigned</name> = <name>n</name>/<macro>sizeof<argument_list>(unsigned int)</argument_list></macro> + 1</expr>;</expr_stmt></else></if>

	    <expr_stmt><expr><name>pIntBuffer</name> = new <name>unsigned</name> <name><name>int</name>[<expr><name>nToBeAssigned</name></expr>]</name></expr>;</expr_stmt>

	    <expr_stmt><expr><call><name>assert</name><argument_list>( <argument><expr><name>pIntBuffer</name> != <name>pNULL</name></expr></argument> )</argument_list></call></expr>;</expr_stmt>

        <expr_stmt><expr><name>pByteBuffer</name> = (<name>unsigned</name> <name>char</name>*)<name>pIntBuffer</name></expr>;</expr_stmt>
	    <expr_stmt><expr><name>pShortBuffer</name> = (<name>unsigned</name> <name>short</name>*)<name>pIntBuffer</name></expr>;</expr_stmt>
    }</block></then></if>
}</block></function>

<function><type><name>unsigned</name> <name>int</name></type> <name><name>StructuredTelemetryPacket</name>::<name>getNumberOfBytes</name></name><parameter_list>(<param><decl><type><name>void</name></type></decl></param>)</parameter_list> <block>{
	<return>return <expr><name>numberOfBytes</name></expr>;</return>
}</block></function>

<function><type><name>unsigned</name> <name>char</name></type> <name><name>StructuredTelemetryPacket</name>::<name>getUnsignedByte</name></name><parameter_list>(<param><decl><type><name>unsigned</name> <name>int</name></type> <name>n</name></decl></param>)</parameter_list> <block>{
    <expr_stmt><expr><call><name>assert</name><argument_list>( <argument><expr><name>n</name>&lt;<name>numberOfBytes</name></expr></argument> )</argument_list></call></expr>;</expr_stmt>
    <expr_stmt><expr><call><name>assert</name><argument_list>( <argument><expr><name>numberOfBytes</name> &gt; 0</expr></argument> )</argument_list></call></expr>;</expr_stmt>
    <return>return <expr><name><name>pByteBuffer</name>[<expr><name>n</name></expr>]</name></expr>;</return>
}</block></function>

<function><type><name>void</name></type> <name><name>StructuredTelemetryPacket</name>::<name>setUnsignedByte</name></name><parameter_list>(<param><decl><type><name>unsigned</name> <name>int</name></type> <name>index</name></decl></param>, <param><decl><type><name>unsigned</name> <name>char</name></type> <name>d</name></decl></param>)</parameter_list> <block>{
    <macro>assert<argument_list>( (numberOfBytes &gt; 0) &amp;&amp; (index &lt; numberOfBytes) )</argument_list>;</macro>
    <expr_stmt><expr><name><name>pByteBuffer</name>[<expr><name>index</name></expr>]</name> = <name>d</name></expr>;</expr_stmt>
}</block></function>

<function><type><name>void</name></type> <name><name>StructuredTelemetryPacket</name>::<name>setUnsignedShort</name></name><parameter_list>(<param><decl><type><name>unsigned</name> <name>int</name></type> <name>index</name></decl></param>, <param><decl><type><name>unsigned</name> <name>short</name></type> <name>d</name></decl></param>)</parameter_list> <block>{
    <macro>assert<argument_list>( (numberOfBytes &gt; 0) &amp;&amp; ( sizeof(unsigned short)*(index+1) &lt;= numberOfBytes) )</argument_list>;</macro>
    <expr_stmt><expr><name><name>pShortBuffer</name>[<expr><name>index</name></expr>]</name> = <name>d</name></expr>;</expr_stmt>
}</block></function>

<function><type><name>void</name></type> <name><name>StructuredTelemetryPacket</name>::<name>setUnsignedInt</name></name><parameter_list>(<param><decl><type><name>unsigned</name> <name>int</name></type> <name>index</name></decl></param>, <param><decl><type><name>unsigned</name> <name>int</name></type> <name>d</name></decl></param>)</parameter_list> <block>{
    <macro>assert<argument_list>( (numberOfBytes &gt; 0) &amp;&amp; ( sizeof(unsigned int)*(index+1) &lt;= numberOfBytes) )</argument_list>;</macro>
    <expr_stmt><expr><name><name>pIntBuffer</name>[<expr><name>index</name></expr>]</name> = <name>d</name></expr>;</expr_stmt>
}</block></function>

<function><type><name>unsigned</name> <name>short</name></type> <name><name>StructuredTelemetryPacket</name>::<name>getUnsignedShort</name></name><parameter_list>(<param><decl><type><name>unsigned</name> <name>int</name></type> <name>index</name></decl></param>)</parameter_list> <block>{
    <expr_stmt><expr><call><name>assert</name><argument_list>( <argument><expr><macro>sizeof<argument_list>(unsigned short)</argument_list></macro>*(<name>index</name>+1)&lt;=<call><name>getNumberOfBytes</name><argument_list>()</argument_list></call></expr></argument> )</argument_list></call></expr>;</expr_stmt>
    <expr_stmt><expr><call><name>assert</name><argument_list>( <argument><expr><name>numberOfBytes</name> &gt; 0</expr></argument> )</argument_list></call></expr>;</expr_stmt>

    <return>return <expr><name><name>pShortBuffer</name>[<expr><name>index</name></expr>]</name></expr>;</return>
}</block></function>

<function><type><name>unsigned</name> <name>int</name></type> <name><name>StructuredTelemetryPacket</name>::<name>getUnsignedInt</name></name><parameter_list>(<param><decl><type><name>unsigned</name> <name>int</name></type> <name>index</name></decl></param>)</parameter_list> <block>{
    <expr_stmt><expr><call><name>assert</name><argument_list>( <argument><expr><macro>sizeof<argument_list>(unsigned int)</argument_list></macro>*(<name>index</name>+1)&lt;=<call><name>getNumberOfBytes</name><argument_list>()</argument_list></call></expr></argument> )</argument_list></call></expr>;</expr_stmt>
    <expr_stmt><expr><call><name>assert</name><argument_list>( <argument><expr><name>numberOfBytes</name> &gt; 0</expr></argument> )</argument_list></call></expr>;</expr_stmt>

    <return>return <expr><name><name>pIntBuffer</name>[<expr><name>index</name></expr>]</name></expr>;</return>
}</block></function>

<function><type><name>bool</name></type> <name><name>StructuredTelemetryPacket</name>::<name>isObjectConfigured</name></name><parameter_list>(<param><decl><type><name>void</name></type></decl></param>)</parameter_list> <block>{
    <return>return <expr>(<call><name><name>TelemetryPacket</name>::<name>isObjectConfigured</name></name><argument_list>()</argument_list></call> &amp;&amp;
            <name>numberOfBytes</name>&gt;0 &amp;&amp; <name>pByteBuffer</name>!=<name>pNULL</name>)</expr>;</return>
}</block></function>
</unit>
