<unit xmlns="http://www.sdml.info/srcML/src" xmlns:cpp="http://www.sdml.info/srcML/cpp">
<comment type="line">//
</comment><comment type="line">// Copyright 2004 P&amp;P Software GmbH - All Rights Reserved
</comment><comment type="line">//
</comment><comment type="line">// TelemetryListModeManager.h
</comment><comment type="line">//
</comment><comment type="line">// Version	1.0
</comment><comment type="line">// Date		24.01.04
</comment><comment type="line">// Author	A. Pasetti (P&amp;P Software)
</comment>
<cpp:ifndef>#<cpp:directive>ifndef</cpp:directive> <name>TelemetryListModeManagerH</name></cpp:ifndef>
<cpp:define>#<cpp:directive>define</cpp:directive> <name>TelemetryListModeManagerH</name></cpp:define>

<cpp:include>#<cpp:directive>include</cpp:directive> <cpp:file>"../GeneralInclude/ForwardDeclarations.h"</cpp:file></cpp:include>
<cpp:include>#<cpp:directive>include</cpp:directive> <cpp:file>"../GeneralInclude/BasicTypes.h"</cpp:file></cpp:include>
<cpp:include>#<cpp:directive>include</cpp:directive> <cpp:file>"../Telemetry/TelemetryModeManager.h"</cpp:file></cpp:include>

<comment type="block">/**
 * Base abstract class for list-based telemetry mode managers.
 * A list-based telemetry mode manager handles the set of telemetry
 * packets in a telemetry mode manager as a statically defined 
 * linear list. 
 * The mode manager maintains several such lists, one for each
 * operational mode.
 * &lt;p&gt;
 * At any given time, one list is the &lt;i&gt;current list&lt;/i&gt; (or
 * &lt;i&gt;active list&lt;/i&gt;).
 * The iteration methods specified in the super class are implemented
 * to iterate over the items in the list starting with the one with the 
 * lowest position and ending with the one with the highest position
 * in the list.
 * &lt;p&gt;
 * The lists are loaded, one item at a time, when the mode manager
 * is configured. The loading methods
 * are: &lt;code&gt;loadListLength&lt;/code&gt; (to load the number
 * items in each list) and &lt;code&gt;loadItem&lt;/code&gt;
 * (to load the individual items in each list).
 * &lt;p&gt;
 * This class is abstract because it does not define the update
 * mechanism for the mode manager. This must be defined by concrete
 * subclasses.
 * &lt;/p&gt;
 * An initialization sequence for this class consists of the following
 * steps (to be performed in the order given): &lt;ul&gt;
 * &lt;li&gt;Set the number of modes through method &lt;code&gt;setNumberOfModes&lt;/code&gt;&lt;/li&gt;
 * &lt;li&gt;Set the default mode &lt;code&gt;setDefaultMode&lt;/code&gt;&lt;/li&gt;
 * &lt;li&gt;Set the lengths of the lists through method
 * &lt;code&gt;setListLength&lt;/code&gt;&lt;/li&gt;
 * &lt;li&gt;Load the individual items through method &lt;code&gt;setListItem&lt;/code&gt;&lt;/li&gt;
 * &lt;li&gt;Reset the component by calling method &lt;code&gt;reset&lt;/code&gt;&lt;/li&gt;
 * &lt;/ul&gt;
 * @author Alessandro Pasetti (P&amp;P Software GmbH)
 * @version 1.0
 * @ingroup Base
 * @ingroup ModeManagement
 */</comment>
<class>class <name>TelemetryListModeManager</name> <super>: <specifier>public</specifier> <name>TelemetryModeManager</name></super> <block>{<private type="default">

  </private><private>private:

    <decl_stmt><decl><type><name>TelemetryPacket</name>***</type> <name>list</name></decl>;</decl_stmt>    <comment type="line">// list[i][j] is the j-th item in the i-th list
</comment>
    <decl_stmt><decl><type><name>unsigned</name> <name>int</name>*</type> <name>listLength</name></decl>;</decl_stmt>   <comment type="line">// listLength[i] is the length of the i-th list
</comment>
    <decl_stmt><decl><type><name>unsigned</name> <name>int</name></type> <name>iterationListIndex</name></decl>;</decl_stmt>  <comment type="line">// the index of the iteration list
</comment>    <decl_stmt><decl><type><name>unsigned</name> <name>int</name></type> <name>counter</name></decl>;</decl_stmt>             <comment type="line">// iteration counter
</comment>
  </private><protected>protected:

    <comment type="block">/**
     * Allocate the memory for the lists. The newly allocated memory
     * is initialized with pNULL. Note that this method
     * cannot allocate all the memory required by a list mode manager because
     * this also depends on the number of items in each list. This number is loaded
     * with method: &lt;code&gt;setLength&lt;/code&gt;.
     * &lt;p&gt;
     * This method is called by method &lt;code&gt;setNumberOfModes&lt;/code&gt; in the
     * superclass &lt;code&gt;ModeManager&lt;/code&gt;.
     * &lt;p&gt;
     * This is an initialization method. It should only be called once. The number
     * of modes should be greater than zero.
     * @see ModeManager#setNumberOfModes
     * @param numberOfModes the number of modes
     */</comment>
    <function_decl><type><name>virtual</name> <name>void</name></type> <name>allocateMemory</name><parameter_list>(<param><decl><type><name>TD_Mode</name></type> <name>numberOfModes</name></decl></param>)</parameter_list>;</function_decl>

  </protected><public>public:

    <comment type="block">/**
     * Retrieve the telemetry packet currently scanned by the iteration counter.
     * This method returns the counter-th item in the iteration list where
     * "counter" is the iteration counter.
     * This method should only be used within an iteration cycle. However, it is
     * guaranteed to return a reference to a list item at all times.
     * @see #first
     * @return the item currently scanned by the iteration counter
     */</comment>
    <function_decl><type><name>virtual</name> <name>TelemetryPacket</name>*</type> <name>getIterationTelemetryPacket</name><parameter_list>(<param><decl><type><name>void</name></type></decl></param>)</parameter_list>;</function_decl>

    <comment type="block">/**
     * Load an item in a list. The item &lt;code&gt;pItem&lt;/code&gt; is loaded in the pos-th
     * position of the n-th list. A check is performed on the legality of the
     * &lt;code&gt;n&lt;/code&gt; and &lt;code&gt;pos&lt;/code&gt; arguments. If they are found
     * to be out of range, the fact is reported as an event of type EVT_ILLEGAL_MM.
     * &lt;p&gt;
     * @param n the list index
     * @param pos the position within the list where the item is loaded
     * @param pItem the item to be loaded
     */</comment>
    <function_decl><type><name>void</name></type> <name>setListItem</name><parameter_list>(<param><decl><type><name>unsigned</name> <name>int</name></type> <name>n</name></decl></param>, <param><decl><type><name>unsigned</name> <name>int</name></type> <name>pos</name></decl></param>, <param><decl><type><name>TelemetryPacket</name>*</type> <name>pItem</name></decl></param>)</parameter_list>;</function_decl>

    <comment type="block">/**
     * Instantiate a telemetry list mode manager component. The internal data
     * variables are initialized to illegal values to signify that the component
     * is not yet configured.
     */</comment>
    <constructor_decl><name>TelemetryListModeManager</name><parameter_list>(<param><decl><type><name>void</name></type></decl></param>)</parameter_list>;</constructor_decl>

    <comment type="block">/**
     * Set the size of the n-th list. The n-th list is the list that is active
     * in the n-th operational mode.
     * A call to this method causes memory to be allocated to store the items in
     * the n-th list. The newly allocated memory is initialized
     * to pNULL.
     * &lt;p&gt;
     * This is an initialization method. It should only be called once.
     * @param n the list index (should be in the range [0,N-1] where N is the
     * number of modes)
     * @param length the number of items in the list-th telemetry packet list (should
     * be greater than zero)
     */</comment>
    <function_decl><type><name>void</name></type> <name>setListLength</name><parameter_list>(<param><decl><type><name>unsigned</name> <name>int</name></type> <name>n</name></decl></param>, <param><decl><type><name>unsigned</name> <name>int</name></type> <name>length</name></decl></param>)</parameter_list>;</function_decl>

    <comment type="block">/**
     * Iteration method to iterate through the telemetry packets in the current
     * list. This method should be used jointly with methods: &lt;code&gt;next&lt;/code&gt;,
     * &lt;code&gt;isIterationFinished&lt;/code&gt; and &lt;code&gt;getIterationTelemetryPacket&lt;/code&gt;. 
	 * Taken together,
     * these methods allow all the items in a list to be scanned. The list
     * that is thus iterated through is called the &lt;i&gt;iteration list&lt;/i&gt;.
     * The iteration list is the current list at the time method &lt;code&gt;first&lt;/code&gt;
     * is called. This list is
     * guaranteed to remain unchanged in between successive calls to
     * method &lt;code&gt;first&lt;/code&gt;. Thus, even if the current mode changes
     * during the iteration (for instance, following a call to method
     * &lt;code&gt;update&lt;/code&gt;), the iterators will continue processing the
     * list that was active when &lt;code&gt;first&lt;/code&gt; was called.
     * &lt;p&gt;
     * This class internally maintains an &lt;i&gt;iteration
     * counter&lt;/i&gt;. During an iteration cycle, the iteration counter is
     * incremented from zero to (N-1) where N is number of items in the
     * iteration list. Method &lt;code&gt;first&lt;/code&gt; resets the iteration counter
     * to 0. A call to method &lt;code&gt;next&lt;/code&gt; causes the iteration counter
     * to be incremented by 1 up to the value of (N-1). Method &lt;code&gt;isIterationFinished&lt;/code&gt;
     * returns true when the counter has reached the value (N-1).
     * The item currently pointed at by the iteration counter can be retrieved
     * through method &lt;code&gt;getIterationTelemetryPacket&lt;/code&gt;.
     * &lt;p&gt;
     * Thus, a typical iteration cycle might be organized as follows: &lt;PRE&gt;
     *      for (first(); !isIterationFinished(); next()) {
     *          pItem = getIterationTelemetryPacket();
     *          . . .    // process pItem
     *      }  &lt;/PRE&gt;
     */</comment>
    <function_decl><type><name>virtual</name> <name>void</name></type> <name>first</name><parameter_list>(<param><decl><type><name>void</name></type></decl></param>)</parameter_list>;</function_decl>

    <comment type="block">/**
     * Iteration method to be used in conjunction with methods &lt;code&gt;first&lt;/code&gt;
     * and &lt;code&gt;isIterationFinished&lt;/code&gt;.
     * @see #first
     */</comment>
    <function_decl><type><name>virtual</name> <name>void</name></type> <name>next</name><parameter_list>(<param><decl><type><name>void</name></type></decl></param>)</parameter_list>;</function_decl>

    <comment type="block">/**
     * Iteration method to be used in conjunction with methods &lt;code&gt;first&lt;/code&gt;
     * and &lt;code&gt;next&lt;/code&gt;.
     * This method should only be used as part of an iteration cycle. The result
     * of calling it before ever calling &lt;code&gt;first&lt;/code&gt;
     * is undefined.
     * @see #first
     * @return true if the end of the iteration has been reached, false otherwise
     */</comment>
    <function_decl><type><name>virtual</name> <name>bool</name></type> <name>isIterationFinished</name><parameter_list>(<param><decl><type><name>void</name></type></decl></param>)</parameter_list>;</function_decl>

	<comment type="block">/**
     * Perform a class-specific configuration check on a telemetry list mode
     * manager: verify that all the lists have been initialized
     * and that all the items have been loaded.
     * @return true if the list mode manager is configured, false
     * otherwise.
     */</comment>
    <function_decl><type><name>virtual</name> <name>bool</name></type> <name>isObjectConfigured</name><parameter_list>(<param><decl><type><name>void</name></type></decl></param>)</parameter_list>;</function_decl>

</public>}</block>;</class>

<cpp:endif>#<cpp:directive>endif</cpp:directive></cpp:endif>
</unit>
