<unit xmlns="http://www.sdml.info/srcML/src" xmlns:cpp="http://www.sdml.info/srcML/cpp">
<comment type="line">//
</comment><comment type="line">// Copyright 2004 P&amp;P Software GmbH - All Rights Reserved
</comment><comment type="line">//
</comment><comment type="line">// TelemetryModeManager.h
</comment><comment type="line">//
</comment><comment type="line">// Version	1.0
</comment><comment type="line">// Date		24.01.04
</comment><comment type="line">// Author	A. Pasetti (P&amp;P Software)
</comment>
<cpp:ifndef>#<cpp:directive>ifndef</cpp:directive> <name>TelemetryModeManagerH</name></cpp:ifndef>
<cpp:define>#<cpp:directive>define</cpp:directive> <name>TelemetryModeManagerH</name></cpp:define>

<cpp:include>#<cpp:directive>include</cpp:directive> <cpp:file>"../GeneralInclude/ForwardDeclarations.h"</cpp:file></cpp:include>
<cpp:include>#<cpp:directive>include</cpp:directive> <cpp:file>"../GeneralInclude/BasicTypes.h"</cpp:file></cpp:include>
<cpp:include>#<cpp:directive>include</cpp:directive> <cpp:file>"../Base/ModeManager.h"</cpp:file></cpp:include>

<comment type="block">/**
 * Base abstract class for mode manager components for the telemetry
 * manager.
 * A telemetry mode manager handles one single &lt;i&gt;strategy&lt;/i&gt;, which
 * is represented by a set of &lt;i&gt;telemetry packet&lt;/i&gt; components.
 * To every operational mode, the telemetry mode manager associates 
 * a set of telemetry packets. 
 * Client access the items in this set through four
 * &lt;i&gt;iteration methods&lt;/i&gt;: &lt;code&gt;first&lt;/code&gt;, &lt;code&gt;next&lt;/code&gt;,
 * &lt;code&gt;isIterationFinished&lt;/code&gt;, and &lt;code&gt;getIterationTelemetryPacket&lt;/code&gt;.
 * &lt;p&gt;
 * This is an abstract class because it specifies neither the implementation
 * mechanism for the set of telemetry packets nor the mode update mechanism.
 * @see CC_TelemetryManager
 * @see TelemetryPacket
 * @author Alessandro Pasetti (P&amp;P Software GmbH)
 * @version 1.0
 * @ingroup ModeManagement
 * @ingroup Telemetry
 */</comment>
<class>class <name>TelemetryModeManager</name> <super>: <specifier>public</specifier> <name>ModeManager</name></super> <block>{<private type="default">

  </private><public>public:

    <comment type="block">/**
     * Instantiate a telemetry mode manager. This constructor returns
     * without taking any action.
     */</comment>
    <constructor_decl><name>TelemetryModeManager</name><parameter_list>(<param><decl><type><name>void</name></type></decl></param>)</parameter_list>;</constructor_decl>

    <comment type="block">/**
     * Iteration method to iterate through the items in the set of
     * telemetry packets applicable to the current operational mode. 
	 * This method should be used jointly with methods: &lt;code&gt;next&lt;/code&gt;,
     * &lt;code&gt;isIterationFinished&lt;/code&gt; and &lt;code&gt;getTelemetryPacket&lt;/code&gt;. 
	 * Taken together,
     * these methods allow all the items in the currently applicable set 
	 * of telemetry packets to be scanned. 
	 * During an iteration cycle, an internal pointer, the &lt;i&gt;iteration
	 * pointer&lt;/i&gt;, is made to scan over all the items in the currently applicable
	 * set of telemetry packets.
     * The item currently pointed at by the iteration counter can be retrieved
     * through method &lt;code&gt;getTelemetryPacket&lt;/code&gt;.
     * Thus, a typical iteration cycle might be organized as follows: &lt;PRE&gt;
     *      for (first(); !isIterationFinished(); next()) {
     *          pItem = getTelemetryPacket();
     *          . . .    // process pItem
     *      }  &lt;/PRE&gt;
     * @see #getIterationItem
     */</comment>
    <function_decl><type><name>virtual</name> <name>void</name></type> <name>first</name><parameter_list>(<param><decl><type><name>void</name></type></decl></param>)</parameter_list> <specifier>= 0</specifier>;</function_decl>

    <comment type="block">/**
     * Iteration method to be used in conjunction with methods &lt;code&gt;first&lt;/code&gt;
     * and &lt;code&gt;isIterationFinished&lt;/code&gt;.
     * @see #first
     */</comment>
    <function_decl><type><name>virtual</name> <name>void</name></type> <name>next</name><parameter_list>(<param><decl><type><name>void</name></type></decl></param>)</parameter_list> <specifier>= 0</specifier>;</function_decl>

    <comment type="block">/**
     * Iteration method to be used in conjunction with methods &lt;code&gt;first&lt;/code&gt;
     * and &lt;code&gt;next&lt;/code&gt;.
     * This method should only be used as part of an iteration cycle. The result
     * of calling it before ever calling &lt;code&gt;first&lt;/code&gt;
     * is undefined.
     * @see #first
     * @return true if the end of the iteration has been reached, false otherwise
     */</comment>
    <function_decl><type><name>virtual</name> <name>bool</name></type> <name>isIterationFinished</name><parameter_list>(<param><decl><type><name>void</name></type></decl></param>)</parameter_list> <specifier>= 0</specifier>;</function_decl>

    <comment type="block">/**
     * Return the telemetry packet pointed at by the iterator.
     * This method is a type-safe wrapper for method &lt;code&gt;getIteratorItem&lt;/code&gt;
     * in the superclass.
     * @see #first
     * @return the telemetry packet pointed at by the iterator
     */</comment>
    <function_decl><type><name>virtual</name> <name>TelemetryPacket</name>*</type> <name>getIterationTelemetryPacket</name><parameter_list>(<param><decl><type><name>void</name></type></decl></param>)</parameter_list> <specifier>= 0</specifier>;</function_decl>

</public>}</block>;</class>

<cpp:endif>#<cpp:directive>endif</cpp:directive></cpp:endif>
</unit>
