<unit xmlns="http://www.sdml.info/srcML/src" xmlns:cpp="http://www.sdml.info/srcML/cpp">
<comment type="line">//
</comment><comment type="line">// Copyright 2004 P&amp;P Software GmbH - All Rights Reserved
</comment><comment type="line">//
</comment><comment type="line">// TelemetryStream.cpp
</comment><comment type="line">//
</comment><comment type="line">// Version	1.0
</comment><comment type="line">// Date		4.12.02
</comment><comment type="line">// Author	A. Pasetti (P&amp;P Software)
</comment>
<cpp:include>#<cpp:directive>include</cpp:directive> <cpp:file>"../GeneralInclude/CompilerSwitches.h"</cpp:file></cpp:include>
<cpp:include>#<cpp:directive>include</cpp:directive> <cpp:file>"../GeneralInclude/Constants.h"</cpp:file></cpp:include>
<cpp:include>#<cpp:directive>include</cpp:directive> <cpp:file>"TelemetryStream.h"</cpp:file></cpp:include>

<constructor><name>TelemetryStream::TelemetryStream</name><parameter_list>(<param><decl><type><name>void</name></type></decl></param>)</parameter_list> <block>{
}</block></constructor>

<function><type><name>void</name></type> <name><name>TelemetryStream</name>::<name>reset</name></name><parameter_list>(<param><decl><type><name>void</name></type></decl></param>)</parameter_list> <block>{
}</block></function>

<function><type><name>void</name></type> <name><name>TelemetryStream</name>::<name>flush</name></name><parameter_list>(<param><decl><type><name>void</name></type></decl></param>)</parameter_list> <block>{
}</block></function>

<function><type><name>unsigned</name> <name>int</name></type> <name><name>TelemetryStream</name>::<name>getCapacity</name></name><parameter_list>(<param><decl><type><name>void</name></type></decl></param>)</parameter_list> <block>{
    <return>return <expr><name>MAX_INT</name></expr>;</return>
}</block></function>

<function><type><name>bool</name></type> <name><name>TelemetryStream</name>::<name>doesPacketFit</name></name><parameter_list>(<param><decl><type><name>TelemetryPacket</name>*</type> <name>pTmPacket</name></decl></param>)</parameter_list> <block>{
    <return>return <expr><name>true</name></expr>;</return>
}</block></function>
</unit>
