<unit xmlns="http://www.sdml.info/srcML/src" xmlns:cpp="http://www.sdml.info/srcML/cpp">
<comment type="line">//
</comment><comment type="line">// Copyright 2004 P&amp;P Software GmbH - All Rights Reserved
</comment><comment type="line">//
</comment><comment type="line">// CC_PunctualActionManager.cpp
</comment><comment type="line">//
</comment><comment type="line">// Version  1.0
</comment><comment type="line">// Date	    29.09.03
</comment><comment type="line">// Author   R. Totaro
</comment>
<cpp:include>#<cpp:directive>include</cpp:directive> <cpp:file>"../GeneralInclude/CompilerSwitches.h"</cpp:file></cpp:include>
<cpp:include>#<cpp:directive>include</cpp:directive> <cpp:file>"../GeneralInclude/DebugSupport.h"</cpp:file></cpp:include>
<cpp:include>#<cpp:directive>include</cpp:directive> <cpp:file>"../GeneralInclude/Constants.h"</cpp:file></cpp:include>
<cpp:include>#<cpp:directive>include</cpp:directive> <cpp:file>"../GeneralInclude/ClassId.h"</cpp:file></cpp:include>
<cpp:include>#<cpp:directive>include</cpp:directive> <cpp:file>"PunctualActionModeManager.h"</cpp:file></cpp:include>
<cpp:include>#<cpp:directive>include</cpp:directive> <cpp:file>"CC_PunctualActionManager.h"</cpp:file></cpp:include>

<constructor><name>CC_PunctualActionManager::CC_PunctualActionManager</name><parameter_list>(<param><decl><type><name>void</name></type></decl></param>)</parameter_list> <block>{
    <expr_stmt><expr><name>pModeManager</name>=<name>pNULL</name></expr>;</expr_stmt>
    <expr_stmt><expr><call><name>setClassId</name><argument_list>(<argument><expr><name>ID_PUNCTUALACTIONMANAGER</name></expr></argument>)</argument_list></call></expr>;</expr_stmt>
}</block></constructor>

<function><type><name>void</name></type> <name><name>CC_PunctualActionManager</name>::<name>setPunctualActionModeManager</name></name><parameter_list>(<param><decl><type><name>PunctualActionModeManager</name> *</type><name>pModeManager</name></decl></param>)</parameter_list> <block>{
    <expr_stmt><expr><call><name>assert</name><argument_list>(<argument><expr><name>pModeManager</name></expr></argument>)</argument_list></call></expr>;</expr_stmt>

    <expr_stmt><expr><name>this</name>-&gt;<name>pModeManager</name>=<name>pModeManager</name></expr>;</expr_stmt>
}</block></function>

<function><type><name>PunctualActionModeManager</name> *</type><name><name>CC_PunctualActionManager</name>::<name>getPunctualActionModeManager</name></name><parameter_list>(<param><decl><type><name>void</name></type></decl></param>)</parameter_list> <specifier>const</specifier> <block>{
    <return>return <expr><name>pModeManager</name></expr>;</return>
}</block></function>

<function><type><name>void</name></type> <name><name>CC_PunctualActionManager</name>::<name>activate</name></name><parameter_list>(<param><decl><type><name>void</name></type></decl></param>)</parameter_list> <block>{
    <expr_stmt><expr><call><name>assert</name><argument_list>(<argument><expr><name>pModeManager</name></expr></argument>)</argument_list></call></expr>;</expr_stmt>

    <for>for (<init><expr><name>pModeManager</name>-&gt;<call><name>first</name><argument_list>()</argument_list></call></expr>;</init><condition><expr>!<name>pModeManager</name>-&gt;<call><name>isIterationFinished</name><argument_list>()</argument_list></call></expr>;</condition><incr><expr><name>pModeManager</name>-&gt;<call><name>next</name><argument_list>()</argument_list></call></expr></incr>)
        <expr_stmt><expr><name>pModeManager</name>-&gt;<call><name>getIterationPunctualAction</name><argument_list>()</argument_list></call>-&gt;<call><name>execute</name><argument_list>()</argument_list></call></expr>;</expr_stmt></for>
}</block></function>

<function><type><name>bool</name></type> <name><name>CC_PunctualActionManager</name>::<name>isObjectConfigured</name></name><parameter_list>(<param><decl><type><name>void</name></type></decl></param>)</parameter_list> <block>{
    <return>return <expr>(<name>pModeManager</name>!=<name>pNULL</name>)</expr>;</return>
}</block></function>
</unit>
