<unit xmlns="http://www.sdml.info/srcML/src" xmlns:cpp="http://www.sdml.info/srcML/cpp">
<comment type="line">//
</comment><comment type="line">// Copyright 2004 P&amp;P Software GmbH - All Rights Reserved
</comment><comment type="line">//
</comment><comment type="line">// CC_RootObject.h
</comment><comment type="line">//
</comment><comment type="line">// Version	1.0
</comment><comment type="line">// Date	    18.04.03 
</comment><comment type="line">// Author	A. Pasetti (P&amp;P Software)
</comment><comment type="line">//
</comment><comment type="line">// Change Record:
</comment>
<cpp:ifndef>#<cpp:directive>ifndef</cpp:directive> <name>CC_RootObjectH</name></cpp:ifndef>
<cpp:define>#<cpp:directive>define</cpp:directive> <name>CC_RootObjectH</name></cpp:define>

<cpp:include>#<cpp:directive>include</cpp:directive> <cpp:file>"../GeneralInclude/ForwardDeclarations.h"</cpp:file></cpp:include>
<cpp:include>#<cpp:directive>include</cpp:directive> <cpp:file>"../GeneralInclude/BasicTypes.h"</cpp:file></cpp:include>

<comment type="block">/** 
* Base class from which most framework classes are - directly or indirectly -
* derived.
* This class defines four attributes and four services that are made available to
* its children classes.
* The attributes are: &lt;ul&gt;
* &lt;li&gt;The instance identifier,&lt;/li&gt;
* &lt;li&gt;The class identifier,&lt;/li&gt;
* &lt;li&gt;The system event repository,&lt;/li&gt;
* &lt;li&gt;The system data pool, and&lt;/li&gt;
* &lt;li&gt;The system parameter database.&lt;/li&gt;
* &lt;/ul&gt;
* The &lt;i&gt;instance identifier&lt;/i&gt; is an integer that uniquely identifies each
* object instantiated from this class or its subclasses.
* The instance identifier is automatically assigned by the
* &lt;code&gt;CC_RootObject&lt;/code&gt; constructor when a new instance of this class
* is created. It can be read but cannot be changed after an object has
* been created.
* &lt;p&gt;
* The &lt;i&gt;class identifier&lt;/i&gt; is an integer that uniquely identifies each
* class derived from &lt;code&gt;CC_RootObject&lt;/code&gt;.
* It is useful during debugging and could be used to implement a simple form of
* run-time type identification.
* The class identifier should be set during the application instantiation
* phase and it is intended never to be changed afterwards.
* Only concrete classes are endowed with a class identifier.
* &lt;p&gt;
* The &lt;i&gt;system data pool&lt;/i&gt; is an instance of class &lt;code&gt;DataPool&lt;/code&gt; that
* is implemented as a static plug-in component for class &lt;code&gt;CC_RootObject&lt;/code&gt;. 
* In general, applications instantiated
* from the OBS Framework should have only one data pool component. The 
* &lt;code&gt;CC_RootObject&lt;/code&gt; class makes this single data pool instance
* globally accessible to all OBS Framework classes.
* &lt;p&gt;
* The &lt;i&gt;system event repository&lt;/i&gt; is an instance of class &lt;code&gt;DC_EventRepository&lt;/code&gt; that
* is implemented as a static plug-in component for class &lt;code&gt;CC_RootObject&lt;/code&gt;. 
* In general, applications instantiated
* from the OBS Framework should use only one event repository. The 
* &lt;code&gt;CC_RootObject&lt;/code&gt; class makes this single event repository instance
* globally accessible to all OBS Framework classes.
* &lt;p&gt;
* The &lt;i&gt;system parameter database&lt;/i&gt; is an instance of class &lt;code&gt;ParameterDatabase&lt;/code&gt; that
* is implemented as a static plug-in component for class &lt;code&gt;CC_RootObject&lt;/code&gt;. 
* In general, applications instantiated
* from the OBS Framework should have only one parameter database component. The 
* &lt;code&gt;CC_RootObject&lt;/code&gt; class makes this single parameter database instance
* globally accessible to all OBS Framework classes.
* &lt;p&gt;
* The services implemented by the &lt;code&gt;CC_RootObject&lt;/code&gt; class are: &lt;ul&gt;
* &lt;li&gt;a object configuration check service,&lt;/li&gt;
* &lt;li&gt;a system configuration check service, and&lt;/li&gt;
* &lt;li&gt;a tracing service.&lt;/li&gt;
* &lt;/ul&gt;
* The &lt;i&gt;object configuration check service&lt;/i&gt; allows an external entity to
* ask an object instantiated from a class derived from 
* &lt;CODE&gt;CC_RootObject&lt;/CODE&gt; to check whether it is
* configured.
* The term &lt;i&gt;configuration&lt;/i&gt; is used to designate the operations that are
* performed on an object during the
* application initialization phase to prepare it to perform its allotted
* task during the application operational phase.
* Generally speaking, an object is configured if all its plug-in
* objects have been loaded and if all its internal data structures have been
* created and initialized.
* &lt;p&gt;
* The &lt;i&gt;system configuration check service&lt;/i&gt; allows an external entity to
* verify whether all objects instantiated from a class derived from 
* &lt;CODE&gt;CC_RootObject&lt;/CODE&gt; are configured.
* The &lt;CODE&gt;CC_RootObject&lt;/CODE&gt; class internally defines a static data
* structure that holds references to all objects that
* have been instantiated from its subclasses.
* This data structure is called the &lt;i&gt;system list&lt;/i&gt;.
* The system list data structure is loaded by the &lt;CODE&gt;RootObject&lt;/CODE&gt;
* constructor: every time a new object is created, its
* reference is loaded into the data structure.
* The system configuration check service goes through the objects in the
* system list data structure and performs a
* configuration check on each one of them.
* If any of the objects in the system list reports: "not
* configured", then the system configuration
* service reports: "system not configured".
* The system configuration check should be performed at the end of the
* framework instantiation phase to
* confirm the correctness of the instantiation procedure.
* &lt;p&gt;
* The &lt;i&gt;tracing service&lt;/i&gt; allows an object instantiated from a class derived from 
* &lt;CODE&gt;CC_RootObject&lt;/CODE&gt; to ask for a trace
* signal to be generated.
* The requesting object only has to specify an identifier defining the
* content of the trace signal.
* All other operations related to the sending of the trace signal are handled 
* by a static plug-in object of type &lt;code&gt;Tracer&lt;/code&gt;.
* Two types of tracing signals can be generated: synch trace and
* and packet trace.
* The presence of this service in the root class means that all framework
* objects have easy access to the tracing
* service and can easily ask for trace signals to be sent to an external
* test set-up.
* @todo change the name of isObjectConfigured to isConfigured
* @todo fix the policy for inline methods. Currently, all header files that define
* inline methods include the corresponding "_inl" file. This should make it 
* unnecessary for the "_inl" file to be included by the body files. This must be checked
* on the ERC32 simulator. If confirmed, all inclusions of "_inl" files in body
* files should be removed.
* @see DC_EventRepository
* @see DataPool
* @see ParameterDatabase
* @see Tracer
* @author Alessandro Pasetti (P&amp;P Software GmbH)
* @version 1.0
* @ingroup Base
*/</comment>
<class>class <name>CC_RootObject</name> <block>{<private type="default">

  </private><private>private:
     <decl_stmt><decl><type><name>TD_InstanceId</name></type> <name>instanceId</name></decl>;</decl_stmt>
     <decl_stmt><decl><type><name>TD_ClassId</name></type> <name>classId</name></decl>;</decl_stmt>
     <decl_stmt><decl><type><name>static</name> <name>TD_InstanceId</name></type> <name>instanceCounter</name></decl>;</decl_stmt>
     <decl_stmt><decl><type><name>static</name> <name>DC_EventRepository</name>*</type> <name>pEventRepository</name></decl>;</decl_stmt>
     <decl_stmt><decl><type><name>static</name> <name>Tracer</name>*</type> <name>pTracer</name></decl>;</decl_stmt>
     <decl_stmt><decl><type><name>static</name> <name>CC_RootObject</name>**</type> <name>pSystemList</name></decl>;</decl_stmt>     
     <decl_stmt><decl><type><name>static</name> <name>TD_InstanceId</name></type> <name>systemListSize</name></decl>;</decl_stmt>
     <decl_stmt><decl><type><name>static</name> <name>DataPool</name>*</type> <name>pDataPool</name></decl>;</decl_stmt>
     <decl_stmt><decl><type><name>static</name> <name>ParameterDatabase</name>*</type> <name>pParameterDatabase</name></decl>;</decl_stmt>

   <comment type="block">/**
    * Private copy constructor that prevents the copy constructor of this
    * and derived classes (ie most framework classes) from being used. 
    * Use of the copy constructor is judged unsafe and this helps making
    * its accidental use unlikely.
    */</comment>
    <constructor_decl><name>CC_RootObject</name><parameter_list>(<param><decl><type><name>const</name> <name>CC_RootObject</name>&amp;</type> <name>v</name></decl></param>)</parameter_list>;</constructor_decl>

   <comment type="block">/**
    * Private asssignment operator that prevents the assignment operator of this
    * and derived classes (ie most framework classes) from being used. 
    * Assignment of objects is judged unsafe and this helps making
    * its accidental use unlikely.
    */</comment>
    <function_decl><type><name>CC_RootObject</name>&amp;</type> <name>operator=</name> <parameter_list>(<param><decl><type><name>const</name> <name>CC_RootObject</name>&amp;</type> <name>v</name></decl></param>)</parameter_list>;</function_decl>

  </private><public>public:

   <comment type="block">/**
    * Set the instance identifier and loads the newly created object in the
    * system list.
    * A static counter is maintained that is incremented by one every time
    * this constructor is called.
    * The value of this static counter becomes the instance identifier of
    * the newly created object.
    * The class identifier is initialized to an illegal value to signify
    * that the object is not yet
    * configured.
    * The newly created object is loaded into the system list data
    * structure.
    * Thus, a pseudo-code implementation for the constructor is as follows:&lt;PRE&gt;
    *   objectCounter++;          // static counter initialized to BASE_INSTANCE_ID
    *   instanceId=objectCounter;
    *   systemList[i]=this;
    *   classId=. . .;            // initialize class ID to an illegal value
    * &lt;/PRE&gt;
    * This constructor will only execute correctly after the size of the system
    * list has been initialized.
    * @see #setSystemListSize
    */</comment>
    <constructor_decl><name>CC_RootObject</name><parameter_list>(<param><decl><type><name>void</name></type></decl></param>)</parameter_list>;</constructor_decl>

   <comment type="block">/**
    * Implement the object configuration check service.
    * The method returns true if the object is correctly configured.
    * A &lt;CODE&gt;RootObject&lt;/CODE&gt; is configured if: &lt;ul&gt;
    * &lt;li&gt;the event repository has been loaded&lt;/li&gt;
    * &lt;li&gt;the parameter database has been loaded&lt;/li&gt;
    * &lt;li&gt;the data pool has been loaded&lt;/li&gt;
    * &lt;li&gt;the tracer has been loaded&lt;/li&gt;
    * &lt;li&gt;the class identifier has a legal value&lt;/li&gt;
    * &lt;/ul&gt;
    * The configuration check is class-specific and derived classes may have
    * to provide their own implementation.
    * Derived classes should however provide only incremental
    * implementations.
    * Consider for instance a class B that is derived from a class A.
    * The implementation of &lt;CODE&gt;isConfigured&lt;/CODE&gt; for class B should be
    * as follows:&lt;PRE&gt;
    *   bool isConfigured() {
    *   if (!super.isConfigured())
    *           return false;
    *   . . .  // perform configuration checks specific to class A
    *   } &lt;/PRE&gt;
    * In this way, each class benefits from the implementation of its super
    * class.
    * @return true if the object is configured, false otherwise.
    */</comment>
    <function_decl><type><name>virtual</name> <name>bool</name></type> <name>isObjectConfigured</name><parameter_list>(<param><decl><type><name>void</name></type></decl></param>)</parameter_list>;</function_decl>

   <comment type="block">/**
    * Implement the system configuration check service.
    * The method returns true if the system is correctly configured.
    * The system is configured if all the objects instantiated from
    * this class or its subclasses created up to
    * the time the method is called
    * are configured (i.e. if their &lt;code&gt;isObjectConfigured&lt;/code&gt; 
    * method returns true).
    * Thus, a pseudo-code implementation of this method is: &lt;PRE&gt;
    *   for (int i=0; i smaller than NumberOfCreatedObjects; i++)
    *   if (!systemList[i].isObjectConfigured())
    *           return false;
    *   return true;   &lt;/PRE&gt;
    * where &lt;CODE&gt;systemList&lt;/CODE&gt; holds the list of framework objects
    * created to date.
    * &lt;p&gt;
    * This is a static method because the system list data structure upon
    * which it acts is a static structure.
    * &lt;p&gt;
    * @return true if the system is configured, false otherwise.
    */</comment>
    <function_decl><type><name>static</name> <name>bool</name></type> <name>isSystemConfigured</name><parameter_list>(<param><decl><type><name>void</name></type></decl></param>)</parameter_list>;</function_decl>

   <comment type="block">/**
    * Return the instance identifier of an object.
    * The instance identifier is defined when an object is created and
    * cannot be altered afterwards.
    */</comment>
    <function_decl><type><name>TD_InstanceId</name></type> <name>getInstanceId</name><parameter_list>(<param><decl><type><name>void</name></type></decl></param>)</parameter_list> <specifier>const</specifier>;</function_decl>

   <comment type="block">/**
    * Return the class identifier of an object.
    * The class identifier is defined when an object is initially configured 
    * and should not be altered afterwards.
    */</comment>
    <function_decl><type><name>TD_ClassId</name></type> <name>getClassId</name><parameter_list>(<param><decl><type><name>void</name></type></decl></param>)</parameter_list> <specifier>const</specifier>;</function_decl>

   <comment type="block">/**
    * Set the size of the system list representing the maximum number of
    * objects that can be instantiated
    * from class &lt;CODE&gt;RootObject&lt;/CODE&gt; and its derived classes.
    * The &lt;CODE&gt;RootObject&lt;/CODE&gt; class maintains an internal data structure
    * - the system list - where all created
    * instances of this and derived classes are held.
    * This method causes memory for this data structure to be allocated and
    * the data structure to be
    * initialized.
    * &lt;p&gt;
    * This is a static method because it initializes a data structure - the
    * system list - that is static.
    * &lt;p&gt;
    * This is an initialization method.
    * It should be called before any object of type &lt;CODE&gt;RootObject&lt;/CODE&gt;
    * is instantiated. It should not be called more than once.
    * @param systemListSize the maximum number of framework objects that can
    * be instantiated in the
    * application
    */</comment>
    <function_decl><type><name>static</name> <name>void</name></type> <name>setSystemListSize</name><parameter_list>(<param><decl><type><name>TD_InstanceId</name></type> <name>systemListSize</name></decl></param>)</parameter_list>;</function_decl>

   <comment type="block">/**
    * Return the size of the system list representing the maximum number of
    * objects that can be instantiated
    * from class &lt;CODE&gt;RootObject&lt;/CODE&gt; and its derived classes.
    * &lt;p&gt;
    * @see #setSystemListSize
    * @return systemListSize the system list size
    */</comment>
    <function_decl><type><name>static</name> <name>TD_InstanceId</name></type> <name>getSystemListSize</name><parameter_list>(<param><decl><type><name>void</name></type></decl></param>)</parameter_list>;</function_decl>

   <comment type="block">/**
    * Set the class identifier of an object.
    * The class identifier should be set when the application is
    * configured and never changed afterwards.
    * &lt;p&gt;
    * This is an initialization method.
    * &lt;p&gt;
    * @param classId the class identifier of the class from which the object
    * is instantiated
    */</comment>
    <function_decl><type><name>void</name></type> <name>setClassId</name><parameter_list>(<param><decl><type><name>TD_ClassId</name></type> <name>classId</name></decl></param>)</parameter_list>;</function_decl>

   <comment type="block">/**
    * Setter method for the event repository plug-in component.
    * The event repository thus loaded is used to store the event reports
    * created with the event reporting service.
    * This method is static to ensure that all event reports created by
    * framework objects are sent to the
    * same event repository.
    */</comment>
    <function_decl><type><name>static</name> <name>void</name></type> <name>setEventRepository</name><parameter_list>(<param><decl><type><name>DC_EventRepository</name>*</type> <name>pEventRepository</name></decl></param>)</parameter_list>;</function_decl>

   <comment type="block">/**
    * Getter method for the event repository plug-in component.
    */</comment>
    <function_decl><type><name>inline</name> <name>static</name> <name>DC_EventRepository</name>*</type> <name>getEventRepository</name><parameter_list>(<param><decl><type><name>void</name></type></decl></param>)</parameter_list>;</function_decl>

   <comment type="block">/**
    * Setter method for the system parameter database.
    */</comment>
    <function_decl><type><name>static</name> <name>void</name></type> <name>setParameterDatabase</name><parameter_list>(<param><decl><type><name>ParameterDatabase</name>*</type> <name>pDatabase</name></decl></param>)</parameter_list>;</function_decl>

   <comment type="block">/**
    * Getter method for the system parameter database.
    */</comment>
    <function_decl><type><name>static</name> <name>ParameterDatabase</name>*</type> <name>getParameterDatabase</name><parameter_list>(<param><decl><type><name>void</name></type></decl></param>)</parameter_list>;</function_decl>

   <comment type="block">/**
    * Setter method for the system data pool.
    */</comment>
    <function_decl><type><name>static</name> <name>void</name></type> <name>setDataPool</name><parameter_list>(<param><decl><type><name>DataPool</name>*</type> <name>pDataPool</name></decl></param>)</parameter_list>;</function_decl>

   <comment type="block">/**
    * Getter method for the system data pool.
    */</comment>
    <function_decl><type><name>static</name> <name>DataPool</name>*</type> <name>getDataPool</name><parameter_list>(<param><decl><type><name>void</name></type></decl></param>)</parameter_list>;</function_decl>

   <comment type="block">/**
    * Load the tracer plug-in object.
    * The tracer thus loaded is used to implement the tracing service.
    * This method is static because all tracing signals are routed through
    * the same tracing interface
    */</comment>
    <function_decl><type><name>static</name> <name>void</name></type> <name>setTracer</name><parameter_list>(<param><decl><type><name>Tracer</name>*</type> <name>pTracer</name></decl></param>)</parameter_list>;</function_decl>

   <comment type="block">/**
    * Getter method for the tracer plug-in.
    */</comment>
    <function_decl><type><name>static</name> <name>Tracer</name>*</type> <name>getTracer</name><parameter_list>(<param><decl><type><name>void</name></type></decl></param>)</parameter_list>;</function_decl>

   <comment type="block">/**
    * Implement the synch tracing service offered by the root class to all
    * its children classes.
    * When an object needs to send a synch trace signal, it calls this
    * method and passes to it the identifier of
    * the trace signal.
    * The sending of the signal is internally handled by the tracer plug-in
    * object.
    * Thus, a pseudo-code implementation for this method is as follows:
    * &lt;PRE&gt;
    *   tracer.sendSynchTrace(traceId)  &lt;/PRE&gt;
    * where &lt;CODE&gt;tracer&lt;/CODE&gt; is the tracer plug-in object.
    * &lt;p&gt;
    * @see #setTracer
    * @see Tracer
    * @param traceId identifier of the synch trace signal
    */</comment>
    <function_decl><type><name>static</name> <name>void</name></type> <name>synchTrace</name><parameter_list>(<param><decl><type><name>TD_TraceItem</name></type> <name>traceId</name></decl></param>)</parameter_list>;</function_decl>

   <comment type="block">/**
    * Implement the packet tracing service offered by the root class to all
    * its children classes.
    * When an object needs to send a packet trace signal, it calls this
    * method and passes to it the tracer
    * packet data.
    * The sending of the signal is internally handled by the tracer plug-in
    * object.
    * Thus, a pseudo-code implementation for this method is as follows:
    * &lt;PRE&gt;
    *   tracer.sendPacketTrace(n,traceData)  &lt;/PRE&gt;
    * where &lt;CODE&gt;tracer&lt;/CODE&gt; is the tracer plug-in object.
    * &lt;p&gt;
    * @see #setTracer
    * @see Tracer
    * @param n number of trace data elements
    * @param traceData array of trace data
    */</comment>
    <function_decl><type><name>static</name> <name>void</name></type> <name>packetTrace</name><parameter_list>(<param><decl><type><name>unsigned</name> <name>int</name></type> <name>n</name></decl></param>, <param><decl><type><name>TD_TraceItem</name></type> <name><name>traceData</name>[]</name></decl></param>)</parameter_list>;</function_decl>

  </public><protected>protected:

    <comment type="block">/**
     * Dummy class destructor that causes an assert violation
     * and returns without taking any action.
     * In order to eliminate the danger of dangling pointers and to make
     * memory management safer, the framework adopts a coding rule that prescribes that
     * no instances of framework classes can ever be destroyed (either on the heap
     * or on the stack). Making the destructor of the root class of the framework
     * class tree protected helps detect some violations of this rule statically
     * at compile time. More specifically, it ensures that no instances of
     * class &lt;code&gt;CC_RootObject&lt;/code&gt; or its subclasses are ever destroyed
     * outside the &lt;code&gt;CC_RootObject&lt;/code&gt; class tree.
     * &lt;p&gt;
     * Subclasses that are intended to be final, should declare a private
     * destructor. This effectively prevents them from being subclassed.
     */</comment>
     <expr_stmt><expr>~<call><name>CC_RootObject</name><argument_list>(<argument><expr><name>void</name></expr></argument>)</argument_list></call></expr>;</expr_stmt>

</protected>}</block>;</class>

<cpp:include>#<cpp:directive>include</cpp:directive> <cpp:file>"CC_RootObject_inl.h"</cpp:file></cpp:include>

<cpp:endif>#<cpp:directive>endif</cpp:directive></cpp:endif>


</unit>
