<unit xmlns="http://www.sdml.info/srcML/src" xmlns:cpp="http://www.sdml.info/srcML/cpp">
<comment type="line">//
</comment><comment type="line">// Copyright 2004 P&amp;P Software GmbH - All Rights Reserved
</comment><comment type="line">//
</comment><comment type="line">// ConditionalPunctualAction.h
</comment><comment type="line">//
</comment><comment type="line">// Version	1.0
</comment><comment type="line">// Date		17.05.03 (version 1.0)
</comment><comment type="line">// Author	A. Pasetti (P&amp;P Software)
</comment>
<cpp:ifndef>#<cpp:directive>ifndef</cpp:directive> <name>ConditionalPunctualActionH</name></cpp:ifndef>
<cpp:define>#<cpp:directive>define</cpp:directive> <name>ConditionalPunctualActionH</name></cpp:define>

<cpp:include>#<cpp:directive>include</cpp:directive> <cpp:file>"../GeneralInclude/BasicTypes.h"</cpp:file></cpp:include>
<cpp:include>#<cpp:directive>include</cpp:directive> <cpp:file>"../Base/PunctualAction.h"</cpp:file></cpp:include>

<comment type="block">/**
 * Punctual action that performs an &lt;i&gt;execution check&lt;/i&gt;.
 * An execution check is a check that is performed just before the
 * action associated to the punctual action component are executed.
 * An execution check can have two outcomes: "action can be executed" or
 * "action cannot be executed".
 * This type of punctual action is useful to model punctual actions
 * which should be executed only if certain conditions are met.
 * The execution check can be implemented to verify whether these
 * conditions are met.
 * &lt;p&gt;
 * This is an abstract class because it leaves open the definition of the
 * actions to be performed by the punctual action component and the
 * definition of the concrete execution check.
 * This class only implements the management of the abstract execution
 * check.
 * @todo Add a getExecutionCheckCode to return a code describing the reason for
 * the failure of the execution check.
 * @author Alessandro Pasetti (P&amp;P Software GmbH)
 * @version 1.0
 * @ingroup Base
 */</comment>
<class>class <name>ConditionalPunctualAction</name> <super>: <specifier>public</specifier> <name>PunctualAction</name></super> <block>{<private type="default">

  </private><public>public:

    <comment type="block">/**
     * Instantiate a punctual action. This method returns without taking
     * any action.
     */</comment>
    <constructor_decl><name>ConditionalPunctualAction</name><parameter_list>(<param><decl><type><name>void</name></type></decl></param>)</parameter_list>;</constructor_decl>

  </public><protected>protected:

    <comment type="block">/**
     * Execute the punctual action if the execution check is satisifed.
     * Otherwise, do nothing.
     * A pseudo-code implementation for this method is as follows: &lt;PRE&gt;
     *   if ( canExecute() )
     *      return doConditionalAction();
     *   else
     *      return ACTION_CANNOT_EXECUTE; &lt;/PRE&gt;
     * The &lt;CODE&gt;doConditionalAction()&lt;/CODE&gt; and &lt;code&gt;canExecute()&lt;/code&gt;
     * methods are abstract and encapsulate the
     * implementation of the actions associated to
     * the punctual action, and the implementation of the execution check
     * respectively.
     * Thus, this class enforces the execution check but leaves its definition
     * and the definition of the concrete actions associated to the punctual
     * action component open.
     * @see TD_ActionOutcome
     * @return the outcome code of the punctual action
     */</comment>
    <function_decl><type><name>virtual</name> <name>TD_ActionOutcome</name></type> <name>doAction</name><parameter_list>(<param><decl><type><name>void</name></type></decl></param>)</parameter_list>;</function_decl>

    <comment type="block">/**
     * Encapsulate implementation of the &lt;i&gt;execution check&lt;/i&gt;.
     * This method is called by method &lt;CODE&gt;doAction()&lt;/CODE&gt; in this same
     * class.
     * @see #doAction
     * @return true if the action can be executed, false if the action cannot
     * be executed.
     */</comment>
    <function_decl><type><name>virtual</name> <name>bool</name></type> <name>canExecute</name><parameter_list>(<param><decl><type><name>void</name></type></decl></param>)</parameter_list> <specifier>= 0</specifier>;</function_decl>

    <comment type="block">/**
     * Encapsulate implementation of the actions associated to the
     * punctual action component.
     * This method is called by method &lt;CODE&gt;doAction()&lt;/CODE&gt; in this same
     * class.
     * Note that users of punctual actions do not see method &lt;CODE&gt;doAction()&lt;/CODE&gt;,
     * they only see method &lt;CODE&gt;execute()&lt;/CODE&gt; defined by the superclass.
     * @see #doAction
     * @return the outcome code of the punctual action
     */</comment>
    <function_decl><type><name>virtual</name> <name>TD_ActionOutcome</name></type> <name>doConditionalAction</name><parameter_list>(<param><decl><type><name>void</name></type></decl></param>)</parameter_list> <specifier>= 0</specifier>;</function_decl>
</protected>}</block>;</class>

<cpp:endif>#<cpp:directive>endif</cpp:directive></cpp:endif>
</unit>
