<unit xmlns="http://www.sdml.info/srcML/src" xmlns:cpp="http://www.sdml.info/srcML/cpp">
<comment type="line">//
</comment><comment type="line">// Copyright 2004 P&amp;P Software GmbH - All Rights Reserved
</comment><comment type="line">//
</comment><comment type="line">// DC_BasicReconfigurer.cpp
</comment><comment type="line">//
</comment><comment type="line">// Version	1.0
</comment><comment type="line">// Date		13.05.03 (Version 1.1)
</comment><comment type="line">// Author	A. Pasetti (P&amp;P Software)
</comment>
<cpp:include>#<cpp:directive>include</cpp:directive> <cpp:file>"../GeneralInclude/CompilerSwitches.h"</cpp:file></cpp:include>
<cpp:include>#<cpp:directive>include</cpp:directive> <cpp:file>"../GeneralInclude/DebugSupport.h"</cpp:file></cpp:include>
<cpp:include>#<cpp:directive>include</cpp:directive> <cpp:file>"../GeneralInclude/Constants.h"</cpp:file></cpp:include>
<cpp:include>#<cpp:directive>include</cpp:directive> <cpp:file>"../GeneralInclude/ClassId.h"</cpp:file></cpp:include>
<cpp:include>#<cpp:directive>include</cpp:directive> <cpp:file>"../Base/CC_RootObject.h"</cpp:file></cpp:include>
<cpp:include>#<cpp:directive>include</cpp:directive> <cpp:file>"DC_BasicReconfigurer.h"</cpp:file></cpp:include>

<constructor><name>DC_BasicReconfigurer::DC_BasicReconfigurer</name><parameter_list>(<param><decl><type><name>void</name></type></decl></param>)</parameter_list> <block>{
   <expr_stmt><expr><call><name>setClassId</name><argument_list>(<argument><expr><name>ID_BASICRECONFIGURER</name></expr></argument>)</argument_list></call></expr>;</expr_stmt>
   <expr_stmt><expr><name>numberOfConfig</name> = 0</expr>;</expr_stmt>
   <expr_stmt><expr><name>active</name> = 0</expr>;</expr_stmt>
   <expr_stmt><expr><name>enableStatus</name> = <name>ENABLED</name></expr>;</expr_stmt>
   <expr_stmt><expr><name>isHealthy</name> = <name>pNULL</name></expr>;</expr_stmt>
}</block></constructor>

<function><type><name>void</name></type> <name><name>DC_BasicReconfigurer</name>::<name>setActive</name></name><parameter_list>(<param><decl><type><name>TD_Config</name></type> <name>activeConfig</name></decl></param>)</parameter_list> <block>{
	<expr_stmt><expr><call><name>assert</name><argument_list>( <argument><expr><call><name>isObjectConfigured</name><argument_list>()</argument_list></call></expr></argument> )</argument_list></call></expr>;</expr_stmt>
    <expr_stmt><expr><call><name>assert</name><argument_list>( <argument><expr><name>activeConfig</name> &lt; <name>numberOfConfig</name></expr></argument>)</argument_list></call></expr>;</expr_stmt>

	<if>if <condition>( <expr><name>activeConfig</name> &gt;= <name>numberOfConfig</name></expr> )</condition><then> <block>{
		<expr_stmt><expr><call><name><name>CC_RootObject</name>::<name>getEventRepository</name></name><argument_list>()</argument_list></call>-&gt;<call><name>create</name><argument_list>(<argument><expr><name>this</name></expr></argument>,<argument><expr><name>EVT_ILLEGAL_CONFIG</name></expr></argument>)</argument_list></call></expr>;</expr_stmt>
	}</block></then> <else>else <if>if <condition>( <expr><name>active</name> != <name>activeConfig</name></expr> )</condition><then> <block>{
		<expr_stmt><expr><name>active</name> = <name>activeConfig</name></expr>;</expr_stmt>
		<expr_stmt><expr><call><name><name>CC_RootObject</name>::<name>getEventRepository</name></name><argument_list>()</argument_list></call>-&gt;<call><name>create</name><argument_list>(<argument><expr><name>this</name></expr></argument>,<argument><expr><name>EVT_RECONFIG</name></expr></argument>)</argument_list></call></expr>;</expr_stmt>
	}</block></then></if></else></if>
}</block></function>

<function><type><name>void</name></type> <name><name>DC_BasicReconfigurer</name>::<name>reconfigure</name></name><parameter_list>(<param><decl><type><name>void</name></type></decl></param>)</parameter_list> <block>{
	<expr_stmt><expr><call><name>assert</name><argument_list>( <argument><expr><call><name>isObjectConfigured</name><argument_list>()</argument_list></call></expr></argument> )</argument_list></call></expr>;</expr_stmt>

	<if>if <condition>( <expr><call><name>isEnabled</name><argument_list>()</argument_list></call></expr> )</condition><then> <block>{
		<for>for (<init><expr><type><name>TD_Config</name></type> <name>i</name>=<init><expr>0</expr></init></expr>;</init> <condition><expr><name>i</name>&lt;<name>numberOfConfig</name></expr>;</condition> <incr><expr><name>i</name>++</expr></incr>) <block>{
			<if>if <condition>( <expr>(<name>i</name>!=<name>active</name>) &amp;&amp; (<call><name>isConfigurationHealthy</name><argument_list>(<argument><expr><name>i</name></expr></argument>)</argument_list></call>)</expr> )</condition><then> <block>{
				<expr_stmt><expr><call><name>setHealthStatus</name><argument_list>(<argument><expr><name>active</name></expr></argument>,<argument><expr><name>NOT_HEALTHY</name></expr></argument>)</argument_list></call></expr>;</expr_stmt>
				<expr_stmt><expr><name>active</name> = <name>i</name></expr>;</expr_stmt>
				<expr_stmt><expr><call><name><name>CC_RootObject</name>::<name>getEventRepository</name></name><argument_list>()</argument_list></call>-&gt;<call><name>create</name><argument_list>(<argument><expr><name>this</name></expr></argument>,<argument><expr><name>EVT_RECONFIG</name></expr></argument>)</argument_list></call></expr>;</expr_stmt>
				<return>return;</return>
			}</block></then></if>
		}</block></for>

		<expr_stmt><expr><call><name><name>CC_RootObject</name>::<name>getEventRepository</name></name><argument_list>()</argument_list></call>-&gt;<call><name>create</name><argument_list>(<argument><expr><name>this</name></expr></argument>,<argument><expr><name>EVT_RECONFIG_NO_HEALTHY</name></expr></argument>)</argument_list></call></expr>;</expr_stmt>
	}</block></then>
	<else>else
		<expr_stmt><expr><call><name><name>CC_RootObject</name>::<name>getEventRepository</name></name><argument_list>()</argument_list></call>-&gt;<call><name>create</name><argument_list>(<argument><expr><name>this</name></expr></argument>,<argument><expr><name>EVT_RECONFIG_DISABLED</name></expr></argument>)</argument_list></call></expr>;</expr_stmt></else></if>
}</block></function>

<function><type><name>void</name></type> <name><name>DC_BasicReconfigurer</name>::<name>setNumberOfConfigurations</name></name><parameter_list>(<param><decl><type><name>TD_Config</name></type> <name>nOfConfig</name></decl></param>)</parameter_list> <block>{
   <expr_stmt><expr><call><name>assert</name><argument_list>(<argument><expr><name>numberOfConfig</name> == 0</expr></argument>)</argument_list></call></expr>;</expr_stmt>  <comment type="line">// should be called only once
</comment>   <expr_stmt><expr><call><name>assert</name><argument_list>(<argument><expr><name>nOfConfig</name> &gt; 0</expr></argument>)</argument_list></call></expr>;</expr_stmt>

   <expr_stmt><expr><name>numberOfConfig</name> = <name>nOfConfig</name></expr>;</expr_stmt>
   <expr_stmt><expr><name>isHealthy</name> = new <name><name>bool</name>[<expr><name>numberOfConfig</name></expr>]</name></expr>;</expr_stmt>

   <expr_stmt><expr><name>active</name> = 0</expr>;</expr_stmt>
   <for>for (<init><expr><type><name>TD_Config</name></type> <name>i</name>=<init><expr>0</expr></init></expr>;</init> <condition><expr><name>i</name>&lt;<name>numberOfConfig</name></expr>;</condition> <incr><expr><name>i</name>++</expr></incr>)
       <expr_stmt><expr><name><name>isHealthy</name>[<expr><name>i</name></expr>]</name> = <name>HEALTHY</name></expr>;</expr_stmt></for>
}</block></function>

<function><type><name>void</name></type> <name><name>DC_BasicReconfigurer</name>::<name>setHealthStatus</name></name><parameter_list>(<param><decl><type><name>TD_Config</name></type> <name>i</name></decl></param>, <param><decl><type><name>bool</name></type> <name>healthStatus</name></decl></param>)</parameter_list> <block>{
	<expr_stmt><expr><call><name>assert</name><argument_list>( <argument><expr><call><name>isObjectConfigured</name><argument_list>()</argument_list></call></expr></argument> )</argument_list></call></expr>;</expr_stmt>
    <expr_stmt><expr><call><name>assert</name><argument_list>( <argument><expr><name>i</name>&lt;<name>numberOfConfig</name></expr></argument> )</argument_list></call></expr>;</expr_stmt>

	<if>if <condition>( <expr><name>i</name>&lt;<name>numberOfConfig</name></expr> )</condition><then>
		<expr_stmt><expr><name><name>isHealthy</name>[<expr><name>i</name></expr>]</name> = <name>healthStatus</name></expr>;</expr_stmt></then>
	<else>else
		<expr_stmt><expr><call><name><name>CC_RootObject</name>::<name>getEventRepository</name></name><argument_list>()</argument_list></call>-&gt;<call><name>create</name><argument_list>(<argument><expr><name>this</name></expr></argument>,<argument><expr><name>EVT_ILLEGAL_CONFIG</name></expr></argument>)</argument_list></call></expr>;</expr_stmt></else></if>
}</block></function>

<function><type><name>bool</name></type> <name><name>DC_BasicReconfigurer</name>::<name>isConfigurationHealthy</name></name><parameter_list>(<param><decl><type><name>TD_Config</name></type> <name>i</name></decl></param>)</parameter_list> <specifier>const</specifier> <block>{
    <expr_stmt><expr><call><name>assert</name><argument_list>( <argument><expr><name>isHealthy</name>!=<name>pNULL</name></expr></argument> )</argument_list></call></expr>;</expr_stmt>
    <expr_stmt><expr><call><name>assert</name><argument_list>( <argument><expr><name>i</name>&lt;<name>numberOfConfig</name></expr></argument> )</argument_list></call></expr>;</expr_stmt>

    <return>return <expr><name><name>isHealthy</name>[<expr><name>i</name></expr>]</name></expr>;</return>
}</block></function>

<function><type><name>void</name></type> <name><name>DC_BasicReconfigurer</name>::<name>setEnabled</name></name><parameter_list>(<param><decl><type><name>bool</name></type> <name>enabled</name></decl></param>)</parameter_list> <block>{
    <expr_stmt><expr><name>enableStatus</name> = <name>enabled</name></expr>;</expr_stmt>
}</block></function>

<function><type><name>bool</name></type> <name><name>DC_BasicReconfigurer</name>::<name>isEnabled</name></name><parameter_list>(<param><decl><type><name>void</name></type></decl></param>)</parameter_list> <specifier>const</specifier> <block>{
    <return>return <expr><name>enableStatus</name></expr>;</return>
}</block></function>

<function><type><name>TD_Config</name></type> <name><name>DC_BasicReconfigurer</name>::<name>getActive</name></name><parameter_list>(<param><decl><type><name>void</name></type></decl></param>)</parameter_list> <specifier>const</specifier> <block>{
    <return>return <expr><name>active</name></expr>;</return>
}</block></function>

<function><type><name>TD_Config</name></type> <name><name>DC_BasicReconfigurer</name>::<name>getNumberOfConfigurations</name></name><parameter_list>(<param><decl><type><name>void</name></type></decl></param>)</parameter_list> <specifier>const</specifier> <block>{
    <return>return <expr><name>numberOfConfig</name></expr>;</return>
}</block></function>

<function><type><name>void</name></type> <name><name>DC_BasicReconfigurer</name>::<name>reset</name></name><parameter_list>(<param><decl><type><name>void</name></type></decl></param>)</parameter_list> <block>{
    <expr_stmt><expr><call><name>assert</name><argument_list>( <argument><expr><call><name>isObjectConfigured</name><argument_list>()</argument_list></call></expr></argument> )</argument_list></call></expr>;</expr_stmt>

    <expr_stmt><expr><name>active</name> = 0</expr>;</expr_stmt>
    <expr_stmt><expr><name>enableStatus</name> = <name>ENABLED</name></expr>;</expr_stmt>
    <for>for (<init><expr><type><name>TD_Config</name></type> <name>i</name>=<init><expr>0</expr></init></expr>;</init> <condition><expr><name>i</name>&lt;<name>numberOfConfig</name></expr>;</condition> <incr><expr><name>i</name>++</expr></incr>)
        <expr_stmt><expr><name><name>isHealthy</name>[<expr><name>i</name></expr>]</name> = <name>HEALTHY</name></expr>;</expr_stmt></for>
}</block></function>

<function><type><name>bool</name></type> <name><name>DC_BasicReconfigurer</name>::<name>isObjectConfigured</name></name><parameter_list>(<param><decl><type><name>void</name></type></decl></param>)</parameter_list> <block>{
   <return>return <expr>(<call><name><name>CC_RootObject</name>::<name>isObjectConfigured</name></name><argument_list>()</argument_list></call> &amp;&amp; <name>numberOfConfig</name>&gt;0)</expr>;</return>
}</block></function>

</unit>
