<unit xmlns="http://www.sdml.info/srcML/src" xmlns:cpp="http://www.sdml.info/srcML/cpp">
<comment type="line">//
</comment><comment type="line">// Copyright 2004 P&amp;P Software GmbH - All Rights Reserved
</comment><comment type="line">//
</comment><comment type="line">// DC_BasicReconfigurer.h
</comment><comment type="line">//
</comment><comment type="line">// Version	1.0
</comment><comment type="line">// Date		17.05.03 (Version 1.0)
</comment><comment type="line">// Author	A. Pasetti (P&amp;P Software)
</comment>
<cpp:ifndef>#<cpp:directive>ifndef</cpp:directive> <name>DC_BasicReconfigurerH</name></cpp:ifndef>
<cpp:define>#<cpp:directive>define</cpp:directive> <name>DC_BasicReconfigurerH</name></cpp:define>

<cpp:include>#<cpp:directive>include</cpp:directive> <cpp:file>"../GeneralInclude/BasicTypes.h"</cpp:file></cpp:include>
<cpp:include>#<cpp:directive>include</cpp:directive> <cpp:file>"../Base/CC_RootObject.h"</cpp:file></cpp:include>

<comment type="block">/**
 * &lt;i&gt;Reconfiguration manager&lt;/i&gt; that implements a basic reconfiguration
 * policy independent of any &lt;i&gt;reconfiguration functionality&lt;/i&gt;.
 * This component is useful under the following conditions&lt;ul&gt;
 * &lt;li&gt;There are N independent
 * implementations of the reconfigurable functionality to which there
 * correspond N &lt;i&gt;configurations&lt;/i&gt; of the configuration manager.&lt;/li&gt;
 * &lt;li&gt;At any given time, one configuration is designated by the
 * reconfiguration manager to be the &lt;i&gt;active configuration&lt;/i&gt;&lt;/li&gt;.
 * &lt;li&gt;Each configuration is either &lt;i&gt;healthy&lt;/i&gt; or
 * &lt;i&gt;unhealthy&lt;/i&gt;&lt;/li&gt;
 * &lt;li&gt;When the reconfiguration manager receives a &lt;i&gt;reconfigure&lt;/i&gt;
 * request, it checks whether any of the non-active configurations are
 * healthy and, if so, it selects one of these configurations as the
 * new active configuration. The previously active configuration is
 * marked as "unhealthy"&lt;/li&gt;
 * &lt;/ul&gt;
 * This component implements the management of the configurations but
 * it does not make any assumptions about what the configurations
 * represent. A configuration is simply represented by an integer
 * that can take a value in the interval [0, N-1]. The health status
 * is represented by a boolean with the value true representing
 * "healthy".
 * &lt;p&gt;
 * Reconfigurations (i.e. changes in the active configuration) are
 * recorded through an event report.
 * &lt;p&gt;
 * It is possible to force the healthy/unhealthy state of a
 * configuration and it is possible to enable/disable reconfigurations.
 * &lt;p&gt;
 * This class can be used as the base class for reconfiguration
 * managers that are responsible for managing reconfigurations across
 * concrete implementations of a specific functionality. Or it can be
 * used as a "helper class" for such a concrete reconfiguration manager.
 * &lt;p&gt;
 * Method &lt;code&gt;reconfigure&lt;/code&gt; is implemented as a virtual method
 * to allow easy implementations of alternative reconfiguration policies.
 * &lt;p&gt;
 * Some of the methods defined by the class take as a parameter
 * an integer index i that designates a configuration. Run-time
 * checks on the legality of the index
 * are only performed where errors might corrupt internal data
 * structures (typically, during write accesses). In other cases,
 * responsibility for ensuring the legality of the index is left
 * to the caller.
 * @author Alessandro Pasetti (P&amp;P Software GmbH)
 * @version 1.0
 * @ingroup Base
 */</comment>
<class>class <name>DC_BasicReconfigurer</name> <super>: <specifier>public</specifier> <name>CC_RootObject</name></super> <block>{<private type="default">

  </private><private>private:
   <decl_stmt><decl><type><name>TD_Config</name></type> <name>numberOfConfig</name></decl>;</decl_stmt>         <comment type="line">// number of configurations
</comment>   <decl_stmt><decl><type><name>TD_Config</name></type> <name>active</name></decl>;</decl_stmt>    <comment type="line">// currently active configuration
</comment>   <decl_stmt><decl><type><name>bool</name></type> <name>enableStatus</name></decl>;</decl_stmt>   <comment type="line">// reconfiguration enable status
</comment>   <decl_stmt><decl><type><name>bool</name>*</type> <name>isHealthy</name></decl>;</decl_stmt>     <comment type="line">// isHealthy[i] is the health status of the i-th configuration
</comment>
  </private><public>public:

    <comment type="block">/**
     * Instantiate a basic reconfigurer. The number of configurations is
     * initialized to an illegal value to signify that the component is not
     * yet configured. Reconfigurations are enabled by default. The class
     * identifier is set.
     */</comment>
    <constructor_decl><name>DC_BasicReconfigurer</name><parameter_list>(<param><decl><type><name>void</name></type></decl></param>)</parameter_list>;</constructor_decl>

    <comment type="block">/**
     * Perform a reconfiguration. If reconfigurations are enabled, then
     * one of the non-active but healthy configurations is made active
     * and the originally active configuration is marked "unhealthy". If
     * there are no available healthy configurations, nothing is done
     * beyond reporting the fact as an event.
     * If reconfigurations are disabled, nothing is done
     * beyond reporting the fact as an event.
     * A pseudo-code implementation for this method is as follows: &lt;PRE&gt;
     *   if ( reconfigurations are enabled) {  // compute new operational mode;
     *      if ( there is a healthy non-active configuration H ) {
     *          temp = activeConfiguration
     *          activeConfiguration = H;
     *          createEventReport(EVT_RECONFIG);
     *          setHealthStatus(temp,UNHEALTHY);
     *      } else
     *          createEventReport(EVT_RECONFIG_NO_HEALTHY)
     *   } else
     *      createEventReport(EVT_RECONFIG_DISABLED);&lt;/PRE&gt;
     * The &lt;code&gt;classId&lt;/code&gt; in the above code that is used as an event
     * parameter is the class identifier of the reconfigurer.
     */</comment>
    <function_decl><type><name>virtual</name> <name>void</name></type> <name>reconfigure</name><parameter_list>(<param><decl><type><name>void</name></type></decl></param>)</parameter_list>;</function_decl>

    <comment type="block">/**
     * Set the number of configurations controlled by this reconfiguration
     * manager.
     * This is an initialization method. It should only be called once.
     * The number of configurations must be
     * greater than zero.
     * A call to this method causes the component to allocate the memory it
     * needs for its internal data structures. All configurations are
     * initialized to "healthy" and the configuration with index zero is
     * designated as the active configuration.
     * @param nOfConfig the number of configurations
     */</comment>
    <function_decl><type><name>void</name></type> <name>setNumberOfConfigurations</name><parameter_list>(<param><decl><type><name>TD_Config</name></type> <name>nOfConfig</name></decl></param>)</parameter_list>;</function_decl>

    <comment type="block">/**
     * Set the health status of the i-th configuration.
     * The parameter i must be in the range [0,N-1] where N is the total
     * number of configurations.
     * A check is performed to verify that the value of i is legal. If it is
     * not, event EVT_ILLEGAL_CONFIG is generated.
     * @see TD_EventType
     * @param i the configuration index
     * @param healthStatus the health status of the i-th configuration
     */</comment>
    <function_decl><type><name>void</name></type> <name>setHealthStatus</name><parameter_list>(<param><decl><type><name>TD_Config</name></type> <name>i</name></decl></param>, <param><decl><type><name>bool</name></type> <name>healthStatus</name></decl></param>)</parameter_list>;</function_decl>

    <comment type="block">/**
     * Return the health status of the i-th configuration.
     * The parameter i must be in the range [0,N-1] where N is the total
     * number of configurations but no check is performed on the legality
     * of i.
     * @param i the configuration index
     * @return true if the i-th configuration is healthy, false otherwise
     */</comment>
    <function_decl><type><name>bool</name></type> <name>isConfigurationHealthy</name><parameter_list>(<param><decl><type><name>TD_Config</name></type> <name>i</name></decl></param>)</parameter_list> <specifier>const</specifier>;</function_decl>

    <comment type="block">/**
     * Set the active configuration.
     * After calling this method, the active configuration is guaranteed
     * to be equal to the value of the parameter &lt;code&gt;active&lt;/code&gt;. This
     * is the case independently of whether or not reconfiguration are
     * enabled or disabled and irrespective of the health status of the
     * target configuration.
     * &lt;p&gt;
     * Note that forcing the active configuration will often be equivalent to
     * performing a reconfiguration (if the original active configuration
     * is different from the target configuration specified by this method).
     * If this is the case, then an event report of type EVT_RECONFIG
     * is generated.
     * &lt;p&gt;
     * Note also that no check is performed upon the health status of the
     * target configuration specified by this method. Execution of this method
     * may thus result in an unhealthy configuration being the active
     * configuration.
     * &lt;p&gt;
     * The parameter i must be in the range [0,N-1] where N is the total
     * number of configurations.
     * A check is performed to verify that the value of i is legal. If it is
     * not, event EVT_ILLEGAL_CONFIG is generated.
     * @see TD_EventType
     * @param activeConfig the new active configuration
     */</comment>
    <function_decl><type><name>void</name></type> <name>setActive</name><parameter_list>(<param><decl><type><name>TD_Config</name></type> <name>activeConfig</name></decl></param>)</parameter_list>;</function_decl>

    <comment type="block">/**
     * Enable/disable all reconfigurations.
     * @see #reconfigure
     * @param enabled the transition are disabled if false, enabled if true
     */</comment>
    <function_decl><type><name>void</name></type> <name>setEnabled</name><parameter_list>(<param><decl><type><name>bool</name></type> <name>enabled</name></decl></param>)</parameter_list>;</function_decl>

    <comment type="block">/**
     * Check whether reconfigurations are enabled.
     * @see #setEnabled
     * @return true if reconfigurations are enabled, false otherwise
     */</comment>
    <function_decl><type><name>bool</name></type> <name>isEnabled</name><parameter_list>(<param><decl><type><name>void</name></type></decl></param>)</parameter_list> <specifier>const</specifier>;</function_decl>

    <comment type="block">/**
     * Return the currently active configuration.
     * @return the currently active configuration
     */</comment>
    <function_decl><type><name>TD_Config</name></type> <name>getActive</name><parameter_list>(<param><decl><type><name>void</name></type></decl></param>)</parameter_list> <specifier>const</specifier>;</function_decl>

    <comment type="block">/**
     * Return the number of configurations.
     * @return the number of configurations
     */</comment>
    <function_decl><type><name>TD_Config</name></type> <name>getNumberOfConfigurations</name><parameter_list>(<param><decl><type><name>void</name></type></decl></param>)</parameter_list> <specifier>const</specifier>;</function_decl>

    <comment type="block">/**
     * Enable all reconfigurations, set all configuration status to "healthy",
     * set the active configuration equal to configuration 0.
     */</comment>
    <function_decl><type><name>void</name></type> <name>reset</name><parameter_list>(<param><decl><type><name>void</name></type></decl></param>)</parameter_list>;</function_decl>

    <comment type="block">/**
     * Perform a class-specific configuration check on a basic reconfigurer: verify
     * that the number of configurations is greater than zero.
     * @return true if the object is configured, false otherwise
     */</comment>
    <function_decl><type><name>virtual</name> <name>bool</name></type> <name>isObjectConfigured</name><parameter_list>(<param><decl><type><name>void</name></type></decl></param>)</parameter_list>;</function_decl>

</public>}</block>;</class>

<cpp:endif>#<cpp:directive>endif</cpp:directive></cpp:endif>
</unit>
