<unit xmlns="http://www.sdml.info/srcML/src" xmlns:cpp="http://www.sdml.info/srcML/cpp">
<comment type="line">//
</comment><comment type="line">// Copyright 2004 P&amp;P Software GmbH - All Rights Reserved
</comment><comment type="line">//
</comment><comment type="line">// DC_DummyModeManager.cpp
</comment><comment type="line">//
</comment><comment type="line">// Version	1.0
</comment><comment type="line">// Date		24.02.03
</comment><comment type="line">// Author	A. Pasetti (P&amp;P Software)
</comment>
<cpp:include>#<cpp:directive>include</cpp:directive> <cpp:file>"../GeneralInclude/CompilerSwitches.h"</cpp:file></cpp:include>
<cpp:include>#<cpp:directive>include</cpp:directive> <cpp:file>"../GeneralInclude/ClassId.h"</cpp:file></cpp:include>
<cpp:include>#<cpp:directive>include</cpp:directive> <cpp:file>"DC_DummyModeManager.h"</cpp:file></cpp:include>
<cpp:include>#<cpp:directive>include</cpp:directive> <cpp:file>"ModeManager.h"</cpp:file></cpp:include>

<constructor><name>DC_DummyModeManager::DC_DummyModeManager</name><parameter_list>(<param><decl><type><name>void</name></type></decl></param>)</parameter_list> <block>{
    <expr_stmt><expr><call><name>setClassId</name><argument_list>(<argument><expr><name>ID_DUMMYMODEMANAGER</name></expr></argument>)</argument_list></call></expr>;</expr_stmt>
}</block></constructor>

<function><type><name>void</name></type> <name><name>DC_DummyModeManager</name>::<name>update</name></name><parameter_list>(<param><decl><type><name>void</name></type></decl></param>)</parameter_list> <block>{
    <if>if <condition>(<expr><call><name>getCurrentMode</name><argument_list>()</argument_list></call>&lt;(<call><name>getNumberOfModes</name><argument_list>()</argument_list></call>-1)</expr>)</condition><then>
        <expr_stmt><expr><call><name>setMode</name><argument_list>(<argument><expr><call><name>getCurrentMode</name><argument_list>()</argument_list></call>+1</expr></argument>)</argument_list></call></expr>;</expr_stmt></then>
    <else>else
        <expr_stmt><expr><call><name>setMode</name><argument_list>(<argument><expr>0</expr></argument>)</argument_list></call></expr>;</expr_stmt></else></if>
}</block></function>

<function><type><name>void</name></type> <name><name>DC_DummyModeManager</name>::<name>allocateMemory</name></name><parameter_list>(<param><decl><type><name>TD_Mode</name></type> <name>n</name></decl></param>)</parameter_list> <block>{
    <return>return;</return>
}</block></function>
</unit>
