<unit xmlns="http://www.sdml.info/srcML/src" xmlns:cpp="http://www.sdml.info/srcML/cpp">
<comment type="line">//
</comment><comment type="line">// Copyright 2004 P&amp;P Software GmbH - All Rights Reserved
</comment><comment type="line">//
</comment><comment type="line">// DC_DummyPunctualAction.cpp
</comment><comment type="line">//
</comment><comment type="line">// Version	1.1
</comment><comment type="line">// Date		01.10.02 (Version 1.0)
</comment><comment type="line">//          30.09.03 (Version 1.1)
</comment><comment type="line">// Author	A. Pasetti (P&amp;P Software), R. Totaro
</comment><comment type="line">//
</comment><comment type="line">// Change Record:
</comment><comment type="line">//   Version 1.1: Added an activation counter and its getter method
</comment>
<cpp:include>#<cpp:directive>include</cpp:directive> <cpp:file>"../GeneralInclude/CompilerSwitches.h"</cpp:file></cpp:include>
<cpp:include>#<cpp:directive>include</cpp:directive> <cpp:file>"../GeneralInclude/ClassId.h"</cpp:file></cpp:include>
<cpp:include>#<cpp:directive>include</cpp:directive> <cpp:file>"../GeneralInclude/Constants.h"</cpp:file></cpp:include>
<cpp:include>#<cpp:directive>include</cpp:directive> <cpp:file>"DC_DummyPunctualAction.h"</cpp:file></cpp:include>

<constructor><name>DC_DummyPunctualAction::DC_DummyPunctualAction</name><parameter_list>(<param><decl><type><name>void</name></type></decl></param>)</parameter_list> <block>{
    <expr_stmt><expr><name>counter</name>=0</expr>;</expr_stmt>
    <expr_stmt><expr><call><name>setClassId</name><argument_list>(<argument><expr><name>ID_DUMMYPUNCTUALACTION</name></expr></argument>)</argument_list></call></expr>;</expr_stmt>
}</block></constructor>

<function><type><name>TD_ActionOutcome</name></type> <name><name>DC_DummyPunctualAction</name>::<name>doAction</name></name><parameter_list>(<param><decl><type><name>void</name></type></decl></param>)</parameter_list> <block>{
    <expr_stmt><expr>++<name>counter</name></expr>;</expr_stmt>
    <return>return <expr><name>ACTION_SUCCESS</name></expr>;</return>
}</block></function>

<function><type><name>unsigned</name> <name>int</name></type> <name><name>DC_DummyPunctualAction</name>::<name>getActivationCounter</name></name><parameter_list>(<param><decl><type><name>void</name></type></decl></param>)</parameter_list> <specifier>const</specifier> <block>{
    <return>return <expr><name>counter</name></expr>;</return>
}</block></function>
</unit>
