<unit xmlns="http://www.sdml.info/srcML/src" xmlns:cpp="http://www.sdml.info/srcML/cpp">
<comment type="line">//
</comment><comment type="line">// Copyright 2004 P&amp;P Software GmbH - All Rights Reserved
</comment><comment type="line">//
</comment><comment type="line">// DC_SimplePunctualActionModeManager.cpp
</comment><comment type="line">//
</comment><comment type="line">// Version	1.0
</comment><comment type="line">// Date		29.09.03
</comment><comment type="line">// Author	R. Totaro
</comment>
<cpp:include>#<cpp:directive>include</cpp:directive> <cpp:file>"../GeneralInclude/CompilerSwitches.h"</cpp:file></cpp:include>
<cpp:include>#<cpp:directive>include</cpp:directive> <cpp:file>"../GeneralInclude/ClassId.h"</cpp:file></cpp:include>
<cpp:include>#<cpp:directive>include</cpp:directive> <cpp:file>"DC_SimplePunctualActionModeManager.h"</cpp:file></cpp:include>

<constructor><name>DC_SimplePunctualActionModeManager::DC_SimplePunctualActionModeManager</name><parameter_list>(<param><decl><type><name>void</name></type></decl></param>)</parameter_list> <block>{
    <expr_stmt><expr><call><name>setClassId</name><argument_list>(<argument><expr><name>ID_SIMPLEPUNCTUALACTIONMODEMANAGER</name></expr></argument>)</argument_list></call></expr>;</expr_stmt>
    <expr_stmt><expr><call><name>setNumberOfModes</name><argument_list>(<argument><expr>1</expr></argument>)</argument_list></call></expr>;</expr_stmt>
    <expr_stmt><expr><call><name>setDefaultMode</name><argument_list>(<argument><expr>0</expr></argument>)</argument_list></call></expr>;</expr_stmt>
}</block></constructor>

<function><type><name>void</name></type> <name><name>DC_SimplePunctualActionModeManager</name>::<name>update</name></name><parameter_list>(<param><decl><type><name>void</name></type></decl></param>)</parameter_list> <block>{
}</block></function>
</unit>
