<unit xmlns="http://www.sdml.info/srcML/src" xmlns:cpp="http://www.sdml.info/srcML/cpp">
<comment type="line">//
</comment><comment type="line">// Copyright 2004 P&amp;P Software GmbH - All Rights Reserved
</comment><comment type="line">//
</comment><comment type="line">// ModeManager_inl.h
</comment><comment type="line">//
</comment><comment type="line">// Version	1.0
</comment><comment type="line">// Date		23.02.03
</comment><comment type="line">// Author	A. Pasetti (P&amp;P Software)
</comment>
<cpp:ifndef>#<cpp:directive>ifndef</cpp:directive> <name>ModeManager_INL</name></cpp:ifndef>
<cpp:define>#<cpp:directive>define</cpp:directive> <name>ModeManager_INL</name></cpp:define>

<cpp:include>#<cpp:directive>include</cpp:directive> <cpp:file>"../GeneralInclude/CompilerSwitches.h"</cpp:file></cpp:include>
<cpp:include>#<cpp:directive>include</cpp:directive> <cpp:file>"../GeneralInclude/DebugSupport.h"</cpp:file></cpp:include>

<function><type><name>inline</name> <name>TD_Mode</name></type> <name><name>ModeManager</name>::<name>getCurrentMode</name></name><parameter_list>(<param><decl><type><name>void</name></type></decl></param>)</parameter_list> <specifier>const</specifier> <block>{
    <expr_stmt><expr><call><name>assert</name><argument_list>(<argument><expr><name>numberOfModes</name> &gt; 0</expr></argument>)</argument_list></call></expr>;</expr_stmt> 
    <expr_stmt><expr><call><name>assert</name><argument_list>(<argument><expr><name>currentMode</name> &gt;= 0</expr></argument>)</argument_list></call></expr>;</expr_stmt>
    <expr_stmt><expr><call><name>assert</name><argument_list>(<argument><expr><name>currentMode</name> &lt; <name>numberOfModes</name></expr></argument>)</argument_list></call></expr>;</expr_stmt>
    <return>return <expr><name>currentMode</name></expr>;</return>
}</block></function>

<function><type><name>inline</name> <name>bool</name></type> <name><name>ModeManager</name>::<name>isTransitionEnabled</name></name><parameter_list>(<param><decl><type><name>TD_Mode</name></type> <name>toMode</name></decl></param>)</parameter_list> <specifier>const</specifier> <block>{
    <expr_stmt><expr><call><name>assert</name><argument_list>( <argument><expr><name>toMode</name> &lt; <name>numberOfModes</name></expr></argument> )</argument_list></call></expr>;</expr_stmt>
    <expr_stmt><expr><call><name>assert</name><argument_list>( <argument><expr><name>toMode</name> &gt;= 0</expr></argument> )</argument_list></call></expr>;</expr_stmt>
    <return>return <expr><name><name>enabledStatus</name>[<expr><name>toMode</name></expr>]</name></expr>;</return>
}</block></function>

<function><type><name>inline</name> <name>bool</name></type> <name><name>ModeManager</name>::<name>isTransitionEnabled</name></name><parameter_list>(<param><decl><type><name>void</name></type></decl></param>)</parameter_list> <specifier>const</specifier> <block>{
    <return>return <expr><name>transitionsEnabled</name></expr>;</return>
}</block></function>

<function><type><name>inline</name> <name>TD_Mode</name></type> <name><name>ModeManager</name>::<name>getNumberOfModes</name></name><parameter_list>(<param><decl><type><name>void</name></type></decl></param>)</parameter_list> <specifier>const</specifier> <block>{
    <return>return <expr><name>numberOfModes</name></expr>;</return>
}</block></function>

<cpp:endif>#<cpp:directive>endif</cpp:directive></cpp:endif>
</unit>
