<unit xmlns="http://www.sdml.info/srcML/src" xmlns:cpp="http://www.sdml.info/srcML/cpp">
<comment type="line">//
</comment><comment type="line">// Copyright 2004 P&amp;P Software GmbH - All Rights Reserved
</comment><comment type="line">//
</comment><comment type="line">// ModeManager.h
</comment><comment type="line">//
</comment><comment type="line">// Version	1.0
</comment><comment type="line">// Date		13.04.03 
</comment><comment type="line">// Author	A. Pasetti (P&amp;P Software)
</comment><comment type="line">//
</comment><comment type="line">// Change Record:
</comment>
<cpp:ifndef>#<cpp:directive>ifndef</cpp:directive> <name>ModeManagerH</name></cpp:ifndef>
<cpp:define>#<cpp:directive>define</cpp:directive> <name>ModeManagerH</name></cpp:define>

<cpp:include>#<cpp:directive>include</cpp:directive> <cpp:file>"../GeneralInclude/BasicTypes.h"</cpp:file></cpp:include>
<cpp:include>#<cpp:directive>include</cpp:directive> <cpp:file>"../Base/CC_RootObject.h"</cpp:file></cpp:include>

<comment type="block">/**
 * Base class from which all classes encapsulating mode managers are
 * derived.
 * Conceptually, a mode manager is characterized by:&lt;ul&gt;
 * &lt;li&gt;A set of &lt;i&gt;operational modes&lt;/i&gt; of which, at any given time,
 * one and only one is the &lt;i&gt;current operational mode&lt;/i&gt;,&lt;/li&gt;
 * &lt;li&gt;A set of &lt;i&gt;strategies&lt;/i&gt;,&lt;/li&gt;
 * &lt;li&gt;For each strategy, a set of &lt;i&gt;implementations&lt;/i&gt; of which,
 * at any given time, one and only one is the &lt;i&gt;current implementation&lt;/i&gt;,
 * and&lt;/li&gt;
 * &lt;li&gt;An &lt;i&gt;update mechanism&lt;/i&gt; for controlling the change in the current
 * operational mode.&lt;/li&gt;
 * &lt;/ul&gt;
 * This is an abstract class because it only defines the management of
 * the operational mode. All other aspects listed above are defined and/or
 * implemented by subclasses.
 * &lt;p&gt;
 * Changes in operational mode are recorded through an event report.
 * It is possible to selectively disable transitions to certain
 * operational modes or to disable all mode transitions.
 * &lt;p&gt;
 * An initialization sequence for this class consists of the following
 * steps: &lt;ul&gt;
 * &lt;li&gt;Set the number of modes with method &lt;code&gt;setNumberOfModes&lt;/code&gt;&lt;/li&gt;
 * &lt;li&gt;Set the default mode with method &lt;code&gt;setDefaultMode&lt;/code&gt;&lt;/li&gt;
 * &lt;li&gt;Reset the component by calling method &lt;code&gt;reset&lt;/code&gt;&lt;/li&gt;
 * &lt;/ul&gt;
 * The above operations must be performed in the order given.
 * @author Alessandro Pasetti (P&amp;P Software GmbH)
 * @version 1.0
 * @ingroup Base
 * @ingroup ModeManagement
 */</comment>
<class>class <name>ModeManager</name> <super>: <specifier>public</specifier> <name>CC_RootObject</name></super> <block>{<private type="default">

  </private><private>private:
   <decl_stmt><decl><type><name>bool</name>*</type> <name>enabledStatus</name></decl>;</decl_stmt>    <comment type="line">// this is an array
</comment>   <decl_stmt><decl><type><name>bool</name></type> <name>transitionsEnabled</name></decl>;</decl_stmt>
   <decl_stmt><decl><type><name>TD_Mode</name></type> <name>numberOfModes</name></decl>;</decl_stmt>
   <decl_stmt><decl><type><name>TD_Mode</name></type> <name>currentMode</name></decl>;</decl_stmt>
   <decl_stmt><decl><type><name>TD_Mode</name></type> <name>defaultMode</name></decl>;</decl_stmt>

  </private><public>public:

    <comment type="block">/**
     * Instantiate a mode manager. The number of modes, the current
     * mode, and the default mode are set to illegal values to signify
     * that the component is not yet initialized.
     */</comment>
    <constructor_decl><name>ModeManager</name><parameter_list>(<param><decl><type><name>void</name></type></decl></param>)</parameter_list>;</constructor_decl>

    <comment type="block">/**
     * Execute the &lt;i&gt;update operation&lt;/i&gt; for the mode manager.
     * This method is declared abstract because the update mechanism is
     * application-specific and must be defined by concrete subclasses.
     * A pseudo-code implementation for a typical implementation of this
     * method takes the following form: &lt;PRE&gt;
     *   newMode = . . .    // compute new operational mode;
     *   setMode(newMode);&lt;/PRE&gt;
     * Thus, the method computes the new mode and then uses the
     * &lt;code&gt;setMode&lt;/code&gt; method to attempt a mode update. Note that
     * it is this latter method that is responsible for enforcing
     * the mode transition inhibitions and for reporting mode changes
     * as events.
     * &lt;p&gt;
     * This method implements the &lt;i&gt;update&lt;/i&gt; basic
     * operation of mode managers.
     * @see #setMode
     */</comment>
    <function_decl><type><name>virtual</name> <name>void</name></type> <name>update</name><parameter_list>(<param><decl><type><name>void</name></type></decl></param>)</parameter_list> <specifier>= 0</specifier>;</function_decl>

    <comment type="block">/**
     * Set the number of modes of the mode manager.
     * This is an initialization method. It should only be called once.
     * Successive calls have no effect. The number of modes should be
     * greater than zero.
     * &lt;p&gt;
     * A pseudo-code implementation for this method is as follows: &lt;PRE&gt;
     *      . . .    // allocate memory for internal data structures
     *      allocateMemory(numberOfModes); &lt;/PRE&gt;
     * Concrete mode managers will normally use some internal data
     * structure to hold mode-related information. The memory for this
     * data structure must be allocated when the component is initialized.
     * The call to the protected and abstract method &lt;code&gt;allocateMemory&lt;/code&gt;
     * can be used for this purpose.
     * &lt;p&gt;
     * This is an initialization method. It should be called only once. Only
     * positive number of modes are legal.
     * @see allocateMemory
     * @param numberOfModes the number of modes
     */</comment>
    <function_decl><type><name>void</name></type> <name>setNumberOfModes</name><parameter_list>(<param><decl><type><name>TD_Mode</name></type> <name>numberOfModes</name></decl></param>)</parameter_list>;</function_decl>

    <comment type="block">/**
     * Set the default mode of the mode manager.
     * The default mode of the mode manager is its operational mode at the
     * end of the configuration process or after a
     * call to method &lt;code&gt;rest&lt;/code&gt;. The default mode argument must lie in the
     * interval [0,N-1] where N is the total number of modes. If an illegal
     * default mode is used, then the method generates an event report of type
     * EVT_ILLEGAL_MM and returns without taking any action.
     * @param defaultMode the default mode
     */</comment>
    <function_decl><type><name>void</name></type> <name>setDefaultMode</name><parameter_list>(<param><decl><type><name>TD_Mode</name></type> <name>defaultMode</name></decl></param>)</parameter_list>;</function_decl>

    <comment type="block">/**
     * Enable/disable all mode transitions.
     * When mode transitions are disabled, the current operational mode is
     * never changed.
     * @see #update
     * @param enabled the transition are disabled if false, enabled if true
     */</comment>
    <function_decl><type><name>void</name></type> <name>setTransitionEnableStatus</name><parameter_list>(<param><decl><type><name>bool</name></type> <name>enabled</name></decl></param>)</parameter_list>;</function_decl>

    <comment type="block">/**
     * Enable/disable transitions to the toMode-th operational mode.
     * The toMode argument must lie in the
     * interval [0,N-1] where N is the total number of modes. If an illegal
     * default mode is used, then the method generates an event report of type
     * EVT_ILLEGAL_MM and returns without taking any action.
     * @see #update
     * @param toMode the operational mode to which transitions are enabled/disabled
     * @param enabled the transition is disabled if false, enabled if true
     */</comment>
    <function_decl><type><name>void</name></type> <name>setTransitionEnableStatus</name><parameter_list>(<param><decl><type><name>TD_Mode</name></type> <name>toMode</name></decl></param>, <param><decl><type><name>bool</name></type> <name>enabled</name></decl></param>)</parameter_list>;</function_decl>

    <comment type="block">/**
     * Check whether mode transitions are enabled.
     * @see #setTransitionEnableStatus
     * @return true if mode transitions are enabled, false otherwise
     */</comment>
    <function_decl><type><name>inline</name> <name>bool</name></type> <name>isTransitionEnabled</name><parameter_list>(<param><decl><type><name>void</name></type></decl></param>)</parameter_list> <specifier>const</specifier>;</function_decl>

    <comment type="block">/**
     * Check whether transitions to the argument target mode are enabled.
     * @see #setTransitionEnableStatus
     * @param toMode the target mode
     * @return true if a transition into the target mode is enabled
     */</comment>
    <function_decl><type><name>inline</name> <name>bool</name></type> <name>isTransitionEnabled</name><parameter_list>(<param><decl><type><name>TD_Mode</name></type> <name>toMode</name></decl></param>)</parameter_list> <specifier>const</specifier>;</function_decl>

    <comment type="block">/**
     * Return the current operational mode.
     * @return the current mode
     */</comment>
    <function_decl><type><name>inline</name> <name>TD_Mode</name></type> <name>getCurrentMode</name><parameter_list>(<param><decl><type><name>void</name></type></decl></param>)</parameter_list> <specifier>const</specifier>;</function_decl>

    <comment type="block">/**
     * Return the number of operational mode.
     * @return the number of operational modes
     */</comment>
    <function_decl><type><name>inline</name> <name>TD_Mode</name></type> <name>getNumberOfModes</name><parameter_list>(<param><decl><type><name>void</name></type></decl></param>)</parameter_list> <specifier>const</specifier>;</function_decl>

    <comment type="block">/**
     * Enable all mode transitions and set the operational mode to the default
     * mode. This method is declared virtual so as to allow concrete mode managers
     * to define more specific reset operations.
     */</comment>
    <function_decl><type><name>virtual</name> <name>void</name></type> <name>reset</name><parameter_list>(<param><decl><type><name>void</name></type></decl></param>)</parameter_list>;</function_decl>

    <comment type="block">/**
     * Perform a class-specific configuration check on a mode manager: verify
     * that the number of modes and the default modes have legal values.
     * @return true if the object is configured, false otherwise
     */</comment>
    <function_decl><type><name>virtual</name> <name>bool</name></type> <name>isObjectConfigured</name><parameter_list>(<param><decl><type><name>void</name></type></decl></param>)</parameter_list>;</function_decl>

  </public><protected>protected:

    <comment type="block">/**
     * Change the operational mode the mode manager.
     * This method is responsible for managing the event reporting
     * mechanism and the mode transition inhibition mechanism.
     * All mode changes should occurr through this method. This in
     * particular applies to changes commanded by implementations of
     * method &lt;code&gt;update&lt;/code&gt; in derived classes.
     * A pseudo-code implementation for this method is as follows: &lt;PRE&gt;
     *   if (newMode != currentMode)
     *      if (isTransitionEnabled() &amp;&amp; isTransitionEnabled(newMode))
     *        currentMode = newMode;
     *        createEventReport(EVT_MOD_TRANS_PERFORMED);
     *      else
     *        createEventReport(EVT_MOD_TRANS_INHIBITED);&lt;/PRE&gt;
     * where &lt;code&gt;currentMode&lt;/code&gt; is the operational mode at the
     * time the method is called and &lt;code&gt;instanceId&lt;/code&gt; is the
     * instance identifier of the mode manager component.
     * @see #update
     * @see TD_EventType
     * @see CC_RootObject
     * @param newMode the new operational mode
     */</comment>
    <function_decl><type><name>void</name></type> <name>setMode</name><parameter_list>(<param><decl><type><name>TD_Mode</name></type> <name>newMode</name></decl></param>)</parameter_list>;</function_decl>

    <comment type="block">/**
     * Allocate the memory for the internal data structures whose size
     * depends on the number of modes.
     * @see #setNumberOfModes
     * @param numberOfModes the number of modes
     */</comment>
    <function_decl><type><name>virtual</name> <name>void</name></type> <name>allocateMemory</name><parameter_list>(<param><decl><type><name>TD_Mode</name></type> <name>numberOfModes</name></decl></param>)</parameter_list> <specifier>= 0</specifier>;</function_decl>

</protected>}</block>;</class>

<cpp:include>#<cpp:directive>include</cpp:directive> <cpp:file>"ModeManager_inl.h"</cpp:file></cpp:include>

<cpp:endif>#<cpp:directive>endif</cpp:directive></cpp:endif>



</unit>
