<unit xmlns="http://www.sdml.info/srcML/src" xmlns:cpp="http://www.sdml.info/srcML/cpp">
<comment type="line">//
</comment><comment type="line">// Copyright 2004 P&amp;P Software GmbH - All Rights Reserved
</comment><comment type="line">//
</comment><comment type="line">// PunctualActionListModeManager.cpp
</comment><comment type="line">//
</comment><comment type="line">// Version	1.0
</comment><comment type="line">// Date		24.01.04
</comment><comment type="line">// Author	A. Pasetti (P&amp;P Software)
</comment>
<cpp:include>#<cpp:directive>include</cpp:directive> <cpp:file>"../GeneralInclude/CompilerSwitches.h"</cpp:file></cpp:include>
<cpp:include>#<cpp:directive>include</cpp:directive> <cpp:file>"../GeneralInclude/DebugSupport.h"</cpp:file></cpp:include>
<cpp:include>#<cpp:directive>include</cpp:directive> <cpp:file>"../GeneralInclude/ClassId.h"</cpp:file></cpp:include>
<cpp:include>#<cpp:directive>include</cpp:directive> <cpp:file>"../GeneralInclude/Constants.h"</cpp:file></cpp:include>
<cpp:include>#<cpp:directive>include</cpp:directive> <cpp:file>"../Base/CC_RootObject.h"</cpp:file></cpp:include>
<cpp:include>#<cpp:directive>include</cpp:directive> <cpp:file>"../Base/ModeManager.h"</cpp:file></cpp:include>
<cpp:include>#<cpp:directive>include</cpp:directive> <cpp:file>"PunctualActionListModeManager.h"</cpp:file></cpp:include>

<constructor><name>PunctualActionListModeManager::PunctualActionListModeManager</name><parameter_list>(<param><decl><type><name>void</name></type></decl></param>)</parameter_list> <block>{
    <expr_stmt><expr><name>counter</name> = 0</expr>;</expr_stmt>
	<expr_stmt><expr><name>list</name> = <name>pNULL</name></expr>;</expr_stmt>
	<expr_stmt><expr><name>listLength</name> = <name>pNULL</name></expr>;</expr_stmt>
    <expr_stmt><expr><name>iterationListIndex</name> = 0</expr>;</expr_stmt>
}</block></constructor>

<function><type><name>void</name></type> <name><name>PunctualActionListModeManager</name>::<name>allocateMemory</name></name><parameter_list>(<param><decl><type><name>TD_Mode</name></type> <name>numberOfModes</name></decl></param>)</parameter_list> <block>{
    <expr_stmt><expr><call><name>assert</name><argument_list>( <argument><expr><name>numberOfModes</name> &gt; 0</expr></argument>)</argument_list></call></expr>;</expr_stmt>
    <expr_stmt><expr><call><name>assert</name><argument_list>( <argument><expr><name>list</name> == <name>pNULL</name></expr></argument> )</argument_list></call></expr>;</expr_stmt>

    <expr_stmt><expr><name>list</name> = new <name>PunctualAction</name>**[<name>numberOfModes</name>]</expr>;</expr_stmt>
    <for>for (<init><expr><type><name>TD_Mode</name></type> <name>i</name>=<init><expr>0</expr></init></expr>;</init> <condition><expr><name>i</name>&lt;<name>numberOfModes</name></expr>;</condition> <incr><expr><name>i</name>++</expr></incr>)
        <expr_stmt><expr><name><name>list</name>[<expr><name>i</name></expr>]</name> = <name>pNULL</name></expr>;</expr_stmt></for>

    <expr_stmt><expr><name>listLength</name> = new <name>unsigned</name> <name><name>int</name>[<expr><name>numberOfModes</name></expr>]</name></expr>;</expr_stmt>
    <for>for (<init><expr><type><name>TD_Mode</name></type> <name>i</name>=<init><expr>0</expr></init></expr>;</init> <condition><expr><name>i</name>&lt;<name>numberOfModes</name></expr>;</condition> <incr><expr><name>i</name>++</expr></incr>)
        <expr_stmt><expr><name><name>listLength</name>[<expr><name>i</name></expr>]</name> = 0</expr>;</expr_stmt></for>
}</block></function>

<function><type><name>void</name></type> <name><name>PunctualActionListModeManager</name>::<name>setListLength</name></name><parameter_list>(<param><decl><type><name>unsigned</name> <name>int</name></type> <name>n</name></decl></param>, <param><decl><type><name>unsigned</name> <name>int</name></type> <name>length</name></decl></param>)</parameter_list> <block>{
    <expr_stmt><expr><call><name>assert</name><argument_list>( <argument><expr><name>listLength</name> != <name>pNULL</name></expr></argument> )</argument_list></call></expr>;</expr_stmt>
    <expr_stmt><expr><call><name>assert</name><argument_list>( <argument><expr><name>list</name> != <name>pNULL</name></expr></argument> )</argument_list></call></expr>;</expr_stmt>
    <expr_stmt><expr><call><name>assert</name><argument_list>( <argument><expr><name>n</name>&lt;(<name>unsigned</name> <name>int</name>)<call><name>getNumberOfModes</name><argument_list>()</argument_list></call></expr></argument> )</argument_list></call></expr>;</expr_stmt>
    <expr_stmt><expr><call><name>assert</name><argument_list>( <argument><expr><name>length</name>&gt;0</expr></argument> )</argument_list></call></expr>;</expr_stmt>

    <expr_stmt><expr><name><name>listLength</name>[<expr><name>n</name></expr>]</name> = <name>length</name></expr>;</expr_stmt>
    <expr_stmt><expr><name><name>list</name>[<expr><name>n</name></expr>]</name> = new <name>PunctualAction</name>*[<name>length</name>]</expr>;</expr_stmt>
    <for>for (<init><expr><type><name>unsigned</name> <name>int</name></type> <name>i</name>=<init><expr>0</expr></init></expr>;</init> <condition><expr><name>i</name>&lt;<name>length</name></expr>;</condition> <incr><expr><name>i</name>++</expr></incr>)
        <expr_stmt><expr><name><name>list</name>[<expr><name>n</name></expr>][<expr><name>i</name></expr>]</name> = <name>pNULL</name></expr>;</expr_stmt></for>
}</block></function>

<function><type><name>void</name></type> <name><name>PunctualActionListModeManager</name>::<name>setListItem</name></name><parameter_list>(<param><decl><type><name>unsigned</name> <name>int</name></type> <name>n</name></decl></param>, <param><decl><type><name>unsigned</name> <name>int</name></type> <name>pos</name></decl></param>, <param><decl><type><name>PunctualAction</name>*</type> <name>pItem</name></decl></param>)</parameter_list> <block>{
    <expr_stmt><expr><call><name>assert</name><argument_list>( <argument><expr><name>n</name>&lt;(<name>unsigned</name> <name>int</name>)<call><name>getNumberOfModes</name><argument_list>()</argument_list></call></expr></argument> )</argument_list></call></expr>;</expr_stmt>
    <expr_stmt><expr><call><name>assert</name><argument_list>( <argument><expr><name>listLength</name> != <name>pNULL</name></expr></argument> )</argument_list></call></expr>;</expr_stmt>
    <expr_stmt><expr><call><name>assert</name><argument_list>( <argument><expr><name><name>listLength</name>[<expr><name>n</name></expr>]</name> &gt; 0</expr></argument> )</argument_list></call></expr>;</expr_stmt>
    <expr_stmt><expr><call><name>assert</name><argument_list>( <argument><expr><name>pos</name>&lt;<name><name>listLength</name>[<expr><name>n</name></expr>]</name></expr></argument> )</argument_list></call></expr>;</expr_stmt>
    <expr_stmt><expr><call><name>assert</name><argument_list>( <argument><expr><name>pItem</name> != <name>pNULL</name></expr></argument> )</argument_list></call></expr>;</expr_stmt>

    <if>if <condition>( <expr>(<name>pos</name>&lt;<name><name>listLength</name>[<expr><name>n</name></expr>]</name>) &amp;&amp; (<name>n</name>&lt;(<name>unsigned</name> <name>int</name>)<call><name>getNumberOfModes</name><argument_list>()</argument_list></call>)</expr> )</condition><then>
        <expr_stmt><expr><name><name>list</name>[<expr><name>n</name></expr>][<expr><name>pos</name></expr>]</name> = <name>pItem</name></expr>;</expr_stmt></then>
    <else>else
        <expr_stmt><expr><call><name><name>CC_RootObject</name>::<name>getEventRepository</name></name><argument_list>()</argument_list></call>-&gt;<call><name>create</name><argument_list>(<argument><expr><name>this</name></expr></argument>,<argument><expr><name>EVT_ILLEGAL_MM</name></expr></argument>)</argument_list></call></expr>;</expr_stmt></else></if>
}</block></function>

<function><type><name>void</name></type> <name><name>PunctualActionListModeManager</name>::<name>first</name></name><parameter_list>(<param><decl><type><name>void</name></type></decl></param>)</parameter_list> <block>{
    <expr_stmt><expr><call><name>assert</name><argument_list>( <argument><expr><call><name>isObjectConfigured</name><argument_list>()</argument_list></call></expr></argument> )</argument_list></call></expr>;</expr_stmt>
    <expr_stmt><expr><name>counter</name> = 0</expr>;</expr_stmt>
    <expr_stmt><expr><name>iterationListIndex</name> = <call><name>getCurrentMode</name><argument_list>()</argument_list></call></expr>;</expr_stmt>
}</block></function>

<function><type><name>void</name></type> <name><name>PunctualActionListModeManager</name>::<name>next</name></name><parameter_list>(<param><decl><type><name>void</name></type></decl></param>)</parameter_list> <block>{
    <expr_stmt><expr><call><name>assert</name><argument_list>( <argument><expr><call><name>isObjectConfigured</name><argument_list>()</argument_list></call></expr></argument> )</argument_list></call></expr>;</expr_stmt>
    <expr_stmt><expr><name>counter</name>++</expr>;</expr_stmt>
}</block></function>

<function><type><name>bool</name></type> <name><name>PunctualActionListModeManager</name>::<name>isIterationFinished</name></name><parameter_list>(<param><decl><type><name>void</name></type></decl></param>)</parameter_list> <block>{
    <expr_stmt><expr><call><name>assert</name><argument_list>( <argument><expr><call><name>isObjectConfigured</name><argument_list>()</argument_list></call></expr></argument> )</argument_list></call></expr>;</expr_stmt>
    <return>return<expr>( <name>counter</name> == <name><name>listLength</name>[<expr><name>iterationListIndex</name></expr>]</name> )</expr>;</return>
}</block></function>

<function><type><name>PunctualAction</name>*</type> <name><name>PunctualActionListModeManager</name>::<name>getIterationPunctualAction</name></name><parameter_list>(<param><decl><type><name>void</name></type></decl></param>)</parameter_list> <block>{
    <expr_stmt><expr><call><name>assert</name><argument_list>( <argument><expr><call><name>isObjectConfigured</name><argument_list>()</argument_list></call></expr></argument> )</argument_list></call></expr>;</expr_stmt>
    <if>if <condition>(<expr><name>counter</name>&gt;=<name><name>listLength</name>[<expr><name>iterationListIndex</name></expr>]</name></expr>)</condition><then>
        <expr_stmt><expr><name>counter</name> = <name><name>listLength</name>[<expr><name>iterationListIndex</name></expr>]</name>-1</expr>;</expr_stmt></then></if>
    <return>return <expr><name><name>list</name>[<expr><name>iterationListIndex</name></expr>][<expr><name>counter</name></expr>]</name></expr>;</return>
}</block></function>

<function><type><name>bool</name></type> <name><name>PunctualActionListModeManager</name>::<name>isObjectConfigured</name></name><parameter_list>(<param><decl><type><name>void</name></type></decl></param>)</parameter_list> <block>{
    <if>if <condition>(<expr>!<call><name><name>PunctualActionModeManager</name>::<name>isObjectConfigured</name></name><argument_list>()</argument_list></call> || <name>list</name>==<name>pNULL</name> || <name>listLength</name>==<name>pNULL</name></expr>)</condition><then>
        <return>return <expr><name>NOT_CONFIGURED</name></expr>;</return></then></if>

    <for>for (<init><expr><type><name>TD_Mode</name></type> <name>i</name>=<init><expr>0</expr></init></expr>;</init> <condition><expr><name>i</name>&lt;<call><name>getNumberOfModes</name><argument_list>()</argument_list></call></expr>;</condition> <incr><expr><name>i</name>++</expr></incr>) <block>{
        <if>if <condition>( <expr><name><name>listLength</name>[<expr><name>i</name></expr>]</name> == <name>pNULL</name></expr> )</condition><then>
            <return>return <expr><name>NOT_CONFIGURED</name></expr>;</return></then></if>
    }</block></for>

    <for>for (<init><expr><type><name>TD_Mode</name></type> <name>i</name>=<init><expr>0</expr></init></expr>;</init> <condition><expr><name>i</name>&lt;<call><name>getNumberOfModes</name><argument_list>()</argument_list></call></expr>;</condition> <incr><expr><name>i</name>++</expr></incr>) <block>{
        <for>for (<init><expr><type><name>unsigned</name> <name>int</name></type> <name>j</name>=<init><expr>0</expr></init></expr>;</init> <condition><expr><name>j</name>&lt;<name><name>listLength</name>[<expr><name>i</name></expr>]</name></expr>;</condition> <incr><expr><name>j</name>++</expr></incr>) <block>{
            <if>if <condition>( <expr><name><name>list</name>[<expr><name>i</name></expr>][<expr><name>j</name></expr>]</name> == <name>pNULL</name></expr> )</condition><then>
                <return>return <expr><name>NOT_CONFIGURED</name></expr>;</return></then></if>
        }</block></for>
    }</block></for>

    <return>return <expr><name>CONFIGURED</name></expr>;</return>
}</block></function>

</unit>
