<unit xmlns="http://www.sdml.info/srcML/src" xmlns:cpp="http://www.sdml.info/srcML/cpp">
<comment type="line">//
</comment><comment type="line">// Copyright 2004 P&amp;P Software GmbH - All Rights Reserved
</comment><comment type="line">//
</comment><comment type="line">// PunctualActionModeManager.cpp
</comment><comment type="line">//
</comment><comment type="line">// Version	1.0
</comment><comment type="line">// Date		29.01.04
</comment><comment type="line">// Author	R. Totaro, A. Pasetti
</comment>
<cpp:include>#<cpp:directive>include</cpp:directive> <cpp:file>"../GeneralInclude/CompilerSwitches.h"</cpp:file></cpp:include>
<cpp:include>#<cpp:directive>include</cpp:directive> <cpp:file>"PunctualActionModeManager.h"</cpp:file></cpp:include>

<constructor><name>PunctualActionModeManager::PunctualActionModeManager</name><parameter_list>(<param><decl><type><name>void</name></type></decl></param>)</parameter_list> <block>{
}</block></constructor>

</unit>
