<unit xmlns="http://www.sdml.info/srcML/src" xmlns:cpp="http://www.sdml.info/srcML/cpp">

<comment type="line">//
</comment><comment type="line">// Copyright 2004 P&amp;P Software GmbH - All Rights Reserved
</comment><comment type="line">//
</comment><comment type="line">// CC_TelecommandFactory.h
</comment><comment type="line">//
</comment><comment type="line">// This file was automatically generated by an XSL program
</comment><comment type="line">//
</comment>
<cpp:ifndef>#<cpp:directive>ifndef</cpp:directive> <name>CC_TelecommandFactoryH</name></cpp:ifndef>
<cpp:define>#<cpp:directive>define</cpp:directive> <name>CC_TelecommandFactoryH</name></cpp:define>

<cpp:include>#<cpp:directive>include</cpp:directive> <cpp:file>"../GeneralInclude/ForwardDeclarations.h"</cpp:file></cpp:include>
<cpp:include>#<cpp:directive>include</cpp:directive> <cpp:file>"../GeneralInclude/BasicTypes.h"</cpp:file></cpp:include>
<cpp:include>#<cpp:directive>include</cpp:directive> <cpp:file>"../Base/CC_RootObject.h"</cpp:file></cpp:include>   
<cpp:include>#<cpp:directive>include</cpp:directive> <cpp:file>"../Telecommand/DC_DummyPUSTelecommand.h"</cpp:file></cpp:include>  
<cpp:include>#<cpp:directive>include</cpp:directive> <cpp:file>"../Telecommand/DC_DummyTelecommand.h"</cpp:file></cpp:include>  
<cpp:include>#<cpp:directive>include</cpp:directive> <cpp:file>"../Telecommand/DC_PUSControlDataReporting.h"</cpp:file></cpp:include>  
<cpp:include>#<cpp:directive>include</cpp:directive> <cpp:file>"../Telecommand/DC_PUSDefineDataReporting.h"</cpp:file></cpp:include>  
<cpp:include>#<cpp:directive>include</cpp:directive> <cpp:file>"../Telecommand/DC_PUSDumpMemoryAbsolute.h"</cpp:file></cpp:include>  
<cpp:include>#<cpp:directive>include</cpp:directive> <cpp:file>"../Telecommand/DC_PUSDumpMemoryOffset.h"</cpp:file></cpp:include>  
<cpp:include>#<cpp:directive>include</cpp:directive> <cpp:file>"../Telecommand/DC_PUSMemoryLoadAbsolute.h"</cpp:file></cpp:include>  
<cpp:include>#<cpp:directive>include</cpp:directive> <cpp:file>"../Telecommand/DC_PUSMemoryLoadOffset.h"</cpp:file></cpp:include>  
<cpp:include>#<cpp:directive>include</cpp:directive> <cpp:file>"../Telecommand/DC_TestPUSTelecommand.h"</cpp:file></cpp:include>  

<comment type="block">/**
 * Dynamic factory for components of type: &lt;code&gt;Telecommand&lt;/code&gt;.
 * A &lt;i&gt;dynamic factory&lt;/i&gt; is a component that manages a pool of instances of
 * components of a certain type. Clients of the factory can require one of these
 * instances at run-time. After the factory hands over a component instance to its
 * client, the instance is marked as "in use" and cannot be given to any other
 * clients. When the requesting client has finished using the instance, it should release
 * it by marking it as "no longer in use". This will allow the factory to make it
 * available to other clients that request it. The "in use" status of the component
 * instances is controlled through method &lt;code&gt;setInUse&lt;/code&gt; declared on
 * the component instances.
 * &lt;p&gt;
 * A dynamic factory is configured in two steps. The first step is performed
 * by the factory constructor when the internal data structures to hold the component
 * instances are created. The second step is performed during application initialization
 * when the component instances are loaded in the factory. Reconfiguration at run time
 * during normal application operation is not allowed.
 * &lt;p&gt;
 * Dynamic factories are implemented as singletons. They can exist in one single instance
 * that can be accessed through the &lt;code&gt;getInstance&lt;/code&gt; method.
 * The one single instance of the class is created the first time that method
 * getInstance is called. In order to avoid possible disruptions of
 * real-time behaviour, applications should ensure that this method has been called
 * at least once before the application enters its operational phase.
 * &lt;p&gt;
 * This factory manages the following component instances:&lt;ul&gt;  
 * &lt;li&gt;Number of instances of type &lt;code&gt;DC_DummyPUSTelecommand&lt;/code&gt;: 1&lt;/li&gt;    
 * &lt;li&gt;Number of instances of type &lt;code&gt;DC_DummyTelecommand&lt;/code&gt;: 2&lt;/li&gt;    
 * &lt;li&gt;Number of instances of type &lt;code&gt;DC_PUSControlDataReporting&lt;/code&gt;: 1&lt;/li&gt;    
 * &lt;li&gt;Number of instances of type &lt;code&gt;DC_PUSDefineDataReporting&lt;/code&gt;: 1&lt;/li&gt;    
 * &lt;li&gt;Number of instances of type &lt;code&gt;DC_PUSDumpMemoryAbsolute&lt;/code&gt;: 1&lt;/li&gt;    
 * &lt;li&gt;Number of instances of type &lt;code&gt;DC_PUSDumpMemoryOffset&lt;/code&gt;: 1&lt;/li&gt;    
 * &lt;li&gt;Number of instances of type &lt;code&gt;DC_PUSMemoryLoadAbsolute&lt;/code&gt;: 2&lt;/li&gt;    
 * &lt;li&gt;Number of instances of type &lt;code&gt;DC_PUSMemoryLoadOffset&lt;/code&gt;: 1&lt;/li&gt;    
 * &lt;li&gt;Number of instances of type &lt;code&gt;DC_TestPUSTelecommand&lt;/code&gt;: 3&lt;/li&gt;    
 * &lt;/ul&gt;
 * The code for this class was automatically generated by an XSL program processing
 * the XML-based application model.    
 * @ingroup Telecommand
 * @see Telecommand
 * @author Automatically Generated Class
 * @version 1.0
 */</comment>
<class>class <name>CC_TelecommandFactory</name> <super>: <specifier>public</specifier> <name>CC_RootObject</name></super> <block>{<private type="default">

  </private><private>private:
    <decl_stmt><decl><type><name>static</name> <name>CC_TelecommandFactory</name>*</type> <name>pInstance</name></decl>;</decl_stmt>     
    <decl_stmt><decl><type><name>unsigned</name> <name>int</name></type> <name>sizeDummyPUSTelecommand</name></decl>;</decl_stmt>
    <decl_stmt><decl><type><name>DC_DummyPUSTelecommand</name>**</type> <name>poolDummyPUSTelecommand</name></decl>;</decl_stmt>
      
    <decl_stmt><decl><type><name>unsigned</name> <name>int</name></type> <name>sizeDummyTelecommand</name></decl>;</decl_stmt>
    <decl_stmt><decl><type><name>DC_DummyTelecommand</name>**</type> <name>poolDummyTelecommand</name></decl>;</decl_stmt>
      
    <decl_stmt><decl><type><name>unsigned</name> <name>int</name></type> <name>sizePUSControlDataReporting</name></decl>;</decl_stmt>
    <decl_stmt><decl><type><name>DC_PUSControlDataReporting</name>**</type> <name>poolPUSControlDataReporting</name></decl>;</decl_stmt>
      
    <decl_stmt><decl><type><name>unsigned</name> <name>int</name></type> <name>sizePUSDefineDataReporting</name></decl>;</decl_stmt>
    <decl_stmt><decl><type><name>DC_PUSDefineDataReporting</name>**</type> <name>poolPUSDefineDataReporting</name></decl>;</decl_stmt>
      
    <decl_stmt><decl><type><name>unsigned</name> <name>int</name></type> <name>sizePUSDumpMemoryAbsolute</name></decl>;</decl_stmt>
    <decl_stmt><decl><type><name>DC_PUSDumpMemoryAbsolute</name>**</type> <name>poolPUSDumpMemoryAbsolute</name></decl>;</decl_stmt>
      
    <decl_stmt><decl><type><name>unsigned</name> <name>int</name></type> <name>sizePUSDumpMemoryOffset</name></decl>;</decl_stmt>
    <decl_stmt><decl><type><name>DC_PUSDumpMemoryOffset</name>**</type> <name>poolPUSDumpMemoryOffset</name></decl>;</decl_stmt>
      
    <decl_stmt><decl><type><name>unsigned</name> <name>int</name></type> <name>sizePUSMemoryLoadAbsolute</name></decl>;</decl_stmt>
    <decl_stmt><decl><type><name>DC_PUSMemoryLoadAbsolute</name>**</type> <name>poolPUSMemoryLoadAbsolute</name></decl>;</decl_stmt>
      
    <decl_stmt><decl><type><name>unsigned</name> <name>int</name></type> <name>sizePUSMemoryLoadOffset</name></decl>;</decl_stmt>
    <decl_stmt><decl><type><name>DC_PUSMemoryLoadOffset</name>**</type> <name>poolPUSMemoryLoadOffset</name></decl>;</decl_stmt>
      
    <decl_stmt><decl><type><name>unsigned</name> <name>int</name></type> <name>sizeTestPUSTelecommand</name></decl>;</decl_stmt>
    <decl_stmt><decl><type><name>DC_TestPUSTelecommand</name>**</type> <name>poolTestPUSTelecommand</name></decl>;</decl_stmt>
      

  </private><protected>protected:
    <comment type="block">/**
     * Instantiate the factory component. The class identifier is set and
     * the internal data structures to hold the component instances managed
     * by the factory are created.
     * This constructor is defined to be protected because this is a singleton
     * class.
     */</comment>
    <constructor_decl><name>CC_TelecommandFactory</name><parameter_list>(<param><decl><type><name>void</name></type></decl></param>)</parameter_list>;</constructor_decl>

  </protected><public>public:

    <comment type="block">/**
     * Get the single instance of this singleton class. If the instance does not
     * yet exist, it is created.
     */</comment>
    <function_decl><type><name>static</name> <name>CC_TelecommandFactory</name>*</type> <name>getInstance</name><parameter_list>(<param><decl><type><name>void</name></type></decl></param>)</parameter_list>;</function_decl>

    <comment type="block">/**
     * Check that all component instances required by the factory have been loaded.
     * @return true if the component is configured, false otherwise
     */</comment>
    <function_decl><type><name>virtual</name> <name>bool</name></type> <name>isObjectConfigured</name><parameter_list>()</parameter_list>;</function_decl>

  
    <comment type="block">/**
     * Load one instance of type &lt;code&gt;DC_DummyPUSTelecommand&lt;/code&gt; in the
     * factory. The component instances managed by the factory are internally stored in an
     * array. This method loads the i-th element of the array. The argument i should lie
     * in the interval [0,N-1] where N is the number of component instances of type
     * &lt;code&gt;DC_DummyPUSTelecommand&lt;/code&gt;. The value of N is defined by
     * the class constructor.
     * &lt;p&gt;
     * The "in use" status of a newly loaded component is initialized
     * to: "component is not in use".
     * &lt;p&gt;
     * This is an initialization method that should only be called during the application
     * configuration phase.
     * @param i the index in the internal array
     * @param pItem the component instance
     */</comment>
    <function_decl><type><name>void</name></type> <name>setTelecommand</name><parameter_list>(<param><decl><type><name>unsigned</name> <name>int</name></type> <name>i</name></decl></param>, <param><decl><type><name>DC_DummyPUSTelecommand</name>*</type> <name>pItem</name></decl></param>)</parameter_list>;</function_decl>

    <comment type="block">/**
     * Return the number of component instances of type &lt;code&gt;DC_DummyPUSTelecommand&lt;/code&gt;
     * that are currently allocated. A component instance is allocated if its "in use" status is
     * equal to: "component is in use".
     * @return the number of allocated component instances
     */</comment>
    <function_decl><type><name>unsigned</name> <name>int</name></type> <name>getNumberDummyPUSTelecommand</name><parameter_list>(<param><decl><type><name>void</name></type></decl></param>)</parameter_list>;</function_decl>

    <comment type="block">/**
     * Return the number of component instances of type &lt;code&gt;DC_DummyPUSTelecommand&lt;/code&gt;
     * that are in the factory. The value returned is the maximum number of component instances of
     * type &lt;code&gt;DC_DummyPUSTelecommand&lt;/code&gt; that can be allocated.
     * @return the total number of component instances in the factory of
     * type &lt;code&gt;DC_DummyPUSTelecommand&lt;/code&gt;
     */</comment>
    <function_decl><type><name>unsigned</name> <name>int</name></type> <name>getCapacityDummyPUSTelecommand</name><parameter_list>(<param><decl><type><name>void</name></type></decl></param>)</parameter_list>;</function_decl>

    <comment type="block">/**
     * Allocate one instance of type &lt;code&gt;DC_DummyPUSTelecommand&lt;/code&gt;.
     * This method scans all the entries in the factory of type &lt;code&gt;DC_DummyPUSTelecommand&lt;/code&gt;
     * and returns the first one which is not in use. 
     * Before being returned to the caller,
     * the status of the component instance is changed to: "in use". A client that receives
     * a component instance through a call to this method, should release the instance when it
     * no longer needs it. This can be done by calling
     * method &lt;code&gt;setInUse(false)&lt;/code&gt; on the component itself.
     * &lt;p&gt;
     * If no free component instances are found, then the method returns null. Note that no
     * event report is generated to record the failure to allocate a component instance. Event
     * reporting is the responsibility of the caller.      
     * @return the allocated component instance or null if no free instances were found
     */</comment>
    <function_decl><type><name>DC_DummyPUSTelecommand</name>*</type> <name>allocateDummyPUSTelecommand</name><parameter_list>()</parameter_list>;</function_decl>

    <comment type="block">/**
     * Check whether a non-allocated component instance of type &lt;code&gt;DC_DummyPUSTelecommand&lt;/code&gt;
     * is available within the factory. If this method return true, then the corresponding
     * &lt;code&gt;allocate&lt;/code&gt; method is guaranteed to return a non-null value.
     * The method parameters are used as in the corresponding &lt;code&gt;allocate&lt;/code&gt; method.
     * @see #allocateDC_DummyPUSTelecommand     
     * @return true if free instances of type DC_DummyPUSTelecommand are available,
     * false otherwise
     */</comment>
    <function_decl><type><name>bool</name></type> <name>isFreeDummyPUSTelecommand</name><parameter_list>()</parameter_list>;</function_decl>

      
            
    <comment type="block">/**
     * Load one instance of type &lt;code&gt;DC_DummyTelecommand&lt;/code&gt; in the
     * factory. The component instances managed by the factory are internally stored in an
     * array. This method loads the i-th element of the array. The argument i should lie
     * in the interval [0,N-1] where N is the number of component instances of type
     * &lt;code&gt;DC_DummyTelecommand&lt;/code&gt;. The value of N is defined by
     * the class constructor.
     * &lt;p&gt;
     * The "in use" status of a newly loaded component is initialized
     * to: "component is not in use".
     * &lt;p&gt;
     * This is an initialization method that should only be called during the application
     * configuration phase.
     * @param i the index in the internal array
     * @param pItem the component instance
     */</comment>
    <function_decl><type><name>void</name></type> <name>setTelecommand</name><parameter_list>(<param><decl><type><name>unsigned</name> <name>int</name></type> <name>i</name></decl></param>, <param><decl><type><name>DC_DummyTelecommand</name>*</type> <name>pItem</name></decl></param>)</parameter_list>;</function_decl>

    <comment type="block">/**
     * Return the number of component instances of type &lt;code&gt;DC_DummyTelecommand&lt;/code&gt;
     * that are currently allocated. A component instance is allocated if its "in use" status is
     * equal to: "component is in use".
     * @return the number of allocated component instances
     */</comment>
    <function_decl><type><name>unsigned</name> <name>int</name></type> <name>getNumberDummyTelecommand</name><parameter_list>(<param><decl><type><name>void</name></type></decl></param>)</parameter_list>;</function_decl>

    <comment type="block">/**
     * Return the number of component instances of type &lt;code&gt;DC_DummyTelecommand&lt;/code&gt;
     * that are in the factory. The value returned is the maximum number of component instances of
     * type &lt;code&gt;DC_DummyTelecommand&lt;/code&gt; that can be allocated.
     * @return the total number of component instances in the factory of
     * type &lt;code&gt;DC_DummyTelecommand&lt;/code&gt;
     */</comment>
    <function_decl><type><name>unsigned</name> <name>int</name></type> <name>getCapacityDummyTelecommand</name><parameter_list>(<param><decl><type><name>void</name></type></decl></param>)</parameter_list>;</function_decl>

    <comment type="block">/**
     * Allocate one instance of type &lt;code&gt;DC_DummyTelecommand&lt;/code&gt;.
     * This method scans all the entries in the factory of type &lt;code&gt;DC_DummyTelecommand&lt;/code&gt;
     * and returns the first one which is not in use. 
     * Before being returned to the caller,
     * the status of the component instance is changed to: "in use". A client that receives
     * a component instance through a call to this method, should release the instance when it
     * no longer needs it. This can be done by calling
     * method &lt;code&gt;setInUse(false)&lt;/code&gt; on the component itself.
     * &lt;p&gt;
     * If no free component instances are found, then the method returns null. Note that no
     * event report is generated to record the failure to allocate a component instance. Event
     * reporting is the responsibility of the caller.      
     * @return the allocated component instance or null if no free instances were found
     */</comment>
    <function_decl><type><name>DC_DummyTelecommand</name>*</type> <name>allocateDummyTelecommand</name><parameter_list>()</parameter_list>;</function_decl>

    <comment type="block">/**
     * Check whether a non-allocated component instance of type &lt;code&gt;DC_DummyTelecommand&lt;/code&gt;
     * is available within the factory. If this method return true, then the corresponding
     * &lt;code&gt;allocate&lt;/code&gt; method is guaranteed to return a non-null value.
     * The method parameters are used as in the corresponding &lt;code&gt;allocate&lt;/code&gt; method.
     * @see #allocateDC_DummyTelecommand     
     * @return true if free instances of type DC_DummyTelecommand are available,
     * false otherwise
     */</comment>
    <function_decl><type><name>bool</name></type> <name>isFreeDummyTelecommand</name><parameter_list>()</parameter_list>;</function_decl>

      
            
    <comment type="block">/**
     * Load one instance of type &lt;code&gt;DC_PUSControlDataReporting&lt;/code&gt; in the
     * factory. The component instances managed by the factory are internally stored in an
     * array. This method loads the i-th element of the array. The argument i should lie
     * in the interval [0,N-1] where N is the number of component instances of type
     * &lt;code&gt;DC_PUSControlDataReporting&lt;/code&gt;. The value of N is defined by
     * the class constructor.
     * &lt;p&gt;
     * The "in use" status of a newly loaded component is initialized
     * to: "component is not in use".
     * &lt;p&gt;
     * This is an initialization method that should only be called during the application
     * configuration phase.
     * @param i the index in the internal array
     * @param pItem the component instance
     */</comment>
    <function_decl><type><name>void</name></type> <name>setTelecommand</name><parameter_list>(<param><decl><type><name>unsigned</name> <name>int</name></type> <name>i</name></decl></param>, <param><decl><type><name>DC_PUSControlDataReporting</name>*</type> <name>pItem</name></decl></param>)</parameter_list>;</function_decl>

    <comment type="block">/**
     * Return the number of component instances of type &lt;code&gt;DC_PUSControlDataReporting&lt;/code&gt;
     * that are currently allocated. A component instance is allocated if its "in use" status is
     * equal to: "component is in use".
     * @return the number of allocated component instances
     */</comment>
    <function_decl><type><name>unsigned</name> <name>int</name></type> <name>getNumberPUSControlDataReporting</name><parameter_list>(<param><decl><type><name>void</name></type></decl></param>)</parameter_list>;</function_decl>

    <comment type="block">/**
     * Return the number of component instances of type &lt;code&gt;DC_PUSControlDataReporting&lt;/code&gt;
     * that are in the factory. The value returned is the maximum number of component instances of
     * type &lt;code&gt;DC_PUSControlDataReporting&lt;/code&gt; that can be allocated.
     * @return the total number of component instances in the factory of
     * type &lt;code&gt;DC_PUSControlDataReporting&lt;/code&gt;
     */</comment>
    <function_decl><type><name>unsigned</name> <name>int</name></type> <name>getCapacityPUSControlDataReporting</name><parameter_list>(<param><decl><type><name>void</name></type></decl></param>)</parameter_list>;</function_decl>

    <comment type="block">/**
     * Allocate one instance of type &lt;code&gt;DC_PUSControlDataReporting&lt;/code&gt;.
     * This method scans all the entries in the factory of type &lt;code&gt;DC_PUSControlDataReporting&lt;/code&gt;
     * and returns the first one which is not in use. 
     * In addition to verifyin that the returned component is not in use, this method also performs a check
     * on the value of the component configuration parameters. The folloging configuration parameters 
     * are checked: MaxNumberSID.
     * This method has a parameter matching each component configuration parameter. A component instance is
     * returned only if the value of the component configuration parameter is greater than or equal to the method
     * parameter. 
     * Before being returned to the caller,
     * the status of the component instance is changed to: "in use". A client that receives
     * a component instance through a call to this method, should release the instance when it
     * no longer needs it. This can be done by calling
     * method &lt;code&gt;setInUse(false)&lt;/code&gt; on the component itself.
     * &lt;p&gt;
     * If no free component instances are found, then the method returns null. Note that no
     * event report is generated to record the failure to allocate a component instance. Event
     * reporting is the responsibility of the caller. 
     * @param MaxNumberSID minimum value for a component configuration parameter      
     * @return the allocated component instance or null if no free instances were found
     */</comment>
    <function_decl><type><name>DC_PUSControlDataReporting</name>*</type> <name>allocatePUSControlDataReporting</name><parameter_list>(<param><decl><type><name>unsigned</name> <name>int</name></type> <name>MaxNumberSID</name></decl></param>)</parameter_list>;</function_decl>

    <comment type="block">/**
     * Check whether a non-allocated component instance of type &lt;code&gt;DC_PUSControlDataReporting&lt;/code&gt;
     * is available within the factory. If this method return true, then the corresponding
     * &lt;code&gt;allocate&lt;/code&gt; method is guaranteed to return a non-null value.
     * The method parameters are used as in the corresponding &lt;code&gt;allocate&lt;/code&gt; method.
     * @see #allocateDC_PUSControlDataReporting
     * @param MaxNumberSID minimum value for a component configuration parameter      
     * @return true if free instances of type DC_PUSControlDataReporting are available,
     * false otherwise
     */</comment>
    <function_decl><type><name>bool</name></type> <name>isFreePUSControlDataReporting</name><parameter_list>(<param><decl><type><name>unsigned</name> <name>int</name></type> <name>MaxNumberSID</name></decl></param>)</parameter_list>;</function_decl>

      
            
    <comment type="block">/**
     * Load one instance of type &lt;code&gt;DC_PUSDefineDataReporting&lt;/code&gt; in the
     * factory. The component instances managed by the factory are internally stored in an
     * array. This method loads the i-th element of the array. The argument i should lie
     * in the interval [0,N-1] where N is the number of component instances of type
     * &lt;code&gt;DC_PUSDefineDataReporting&lt;/code&gt;. The value of N is defined by
     * the class constructor.
     * &lt;p&gt;
     * The "in use" status of a newly loaded component is initialized
     * to: "component is not in use".
     * &lt;p&gt;
     * This is an initialization method that should only be called during the application
     * configuration phase.
     * @param i the index in the internal array
     * @param pItem the component instance
     */</comment>
    <function_decl><type><name>void</name></type> <name>setTelecommand</name><parameter_list>(<param><decl><type><name>unsigned</name> <name>int</name></type> <name>i</name></decl></param>, <param><decl><type><name>DC_PUSDefineDataReporting</name>*</type> <name>pItem</name></decl></param>)</parameter_list>;</function_decl>

    <comment type="block">/**
     * Return the number of component instances of type &lt;code&gt;DC_PUSDefineDataReporting&lt;/code&gt;
     * that are currently allocated. A component instance is allocated if its "in use" status is
     * equal to: "component is in use".
     * @return the number of allocated component instances
     */</comment>
    <function_decl><type><name>unsigned</name> <name>int</name></type> <name>getNumberPUSDefineDataReporting</name><parameter_list>(<param><decl><type><name>void</name></type></decl></param>)</parameter_list>;</function_decl>

    <comment type="block">/**
     * Return the number of component instances of type &lt;code&gt;DC_PUSDefineDataReporting&lt;/code&gt;
     * that are in the factory. The value returned is the maximum number of component instances of
     * type &lt;code&gt;DC_PUSDefineDataReporting&lt;/code&gt; that can be allocated.
     * @return the total number of component instances in the factory of
     * type &lt;code&gt;DC_PUSDefineDataReporting&lt;/code&gt;
     */</comment>
    <function_decl><type><name>unsigned</name> <name>int</name></type> <name>getCapacityPUSDefineDataReporting</name><parameter_list>(<param><decl><type><name>void</name></type></decl></param>)</parameter_list>;</function_decl>

    <comment type="block">/**
     * Allocate one instance of type &lt;code&gt;DC_PUSDefineDataReporting&lt;/code&gt;.
     * This method scans all the entries in the factory of type &lt;code&gt;DC_PUSDefineDataReporting&lt;/code&gt;
     * and returns the first one which is not in use. 
     * In addition to verifyin that the returned component is not in use, this method also performs a check
     * on the value of the component configuration parameters. The folloging configuration parameters 
     * are checked: NumberOfRawData.
     * This method has a parameter matching each component configuration parameter. A component instance is
     * returned only if the value of the component configuration parameter is greater than or equal to the method
     * parameter. 
     * Before being returned to the caller,
     * the status of the component instance is changed to: "in use". A client that receives
     * a component instance through a call to this method, should release the instance when it
     * no longer needs it. This can be done by calling
     * method &lt;code&gt;setInUse(false)&lt;/code&gt; on the component itself.
     * &lt;p&gt;
     * If no free component instances are found, then the method returns null. Note that no
     * event report is generated to record the failure to allocate a component instance. Event
     * reporting is the responsibility of the caller. 
     * @param NumberOfRawData minimum value for a component configuration parameter      
     * @return the allocated component instance or null if no free instances were found
     */</comment>
    <function_decl><type><name>DC_PUSDefineDataReporting</name>*</type> <name>allocatePUSDefineDataReporting</name><parameter_list>(<param><decl><type><name>unsigned</name> <name>int</name></type> <name>NumberOfRawData</name></decl></param>)</parameter_list>;</function_decl>

    <comment type="block">/**
     * Check whether a non-allocated component instance of type &lt;code&gt;DC_PUSDefineDataReporting&lt;/code&gt;
     * is available within the factory. If this method return true, then the corresponding
     * &lt;code&gt;allocate&lt;/code&gt; method is guaranteed to return a non-null value.
     * The method parameters are used as in the corresponding &lt;code&gt;allocate&lt;/code&gt; method.
     * @see #allocateDC_PUSDefineDataReporting
     * @param NumberOfRawData minimum value for a component configuration parameter      
     * @return true if free instances of type DC_PUSDefineDataReporting are available,
     * false otherwise
     */</comment>
    <function_decl><type><name>bool</name></type> <name>isFreePUSDefineDataReporting</name><parameter_list>(<param><decl><type><name>unsigned</name> <name>int</name></type> <name>NumberOfRawData</name></decl></param>)</parameter_list>;</function_decl>

      
            
    <comment type="block">/**
     * Load one instance of type &lt;code&gt;DC_PUSDumpMemoryAbsolute&lt;/code&gt; in the
     * factory. The component instances managed by the factory are internally stored in an
     * array. This method loads the i-th element of the array. The argument i should lie
     * in the interval [0,N-1] where N is the number of component instances of type
     * &lt;code&gt;DC_PUSDumpMemoryAbsolute&lt;/code&gt;. The value of N is defined by
     * the class constructor.
     * &lt;p&gt;
     * The "in use" status of a newly loaded component is initialized
     * to: "component is not in use".
     * &lt;p&gt;
     * This is an initialization method that should only be called during the application
     * configuration phase.
     * @param i the index in the internal array
     * @param pItem the component instance
     */</comment>
    <function_decl><type><name>void</name></type> <name>setTelecommand</name><parameter_list>(<param><decl><type><name>unsigned</name> <name>int</name></type> <name>i</name></decl></param>, <param><decl><type><name>DC_PUSDumpMemoryAbsolute</name>*</type> <name>pItem</name></decl></param>)</parameter_list>;</function_decl>

    <comment type="block">/**
     * Return the number of component instances of type &lt;code&gt;DC_PUSDumpMemoryAbsolute&lt;/code&gt;
     * that are currently allocated. A component instance is allocated if its "in use" status is
     * equal to: "component is in use".
     * @return the number of allocated component instances
     */</comment>
    <function_decl><type><name>unsigned</name> <name>int</name></type> <name>getNumberPUSDumpMemoryAbsolute</name><parameter_list>(<param><decl><type><name>void</name></type></decl></param>)</parameter_list>;</function_decl>

    <comment type="block">/**
     * Return the number of component instances of type &lt;code&gt;DC_PUSDumpMemoryAbsolute&lt;/code&gt;
     * that are in the factory. The value returned is the maximum number of component instances of
     * type &lt;code&gt;DC_PUSDumpMemoryAbsolute&lt;/code&gt; that can be allocated.
     * @return the total number of component instances in the factory of
     * type &lt;code&gt;DC_PUSDumpMemoryAbsolute&lt;/code&gt;
     */</comment>
    <function_decl><type><name>unsigned</name> <name>int</name></type> <name>getCapacityPUSDumpMemoryAbsolute</name><parameter_list>(<param><decl><type><name>void</name></type></decl></param>)</parameter_list>;</function_decl>

    <comment type="block">/**
     * Allocate one instance of type &lt;code&gt;DC_PUSDumpMemoryAbsolute&lt;/code&gt;.
     * This method scans all the entries in the factory of type &lt;code&gt;DC_PUSDumpMemoryAbsolute&lt;/code&gt;
     * and returns the first one which is not in use. 
     * In addition to verifyin that the returned component is not in use, this method also performs a check
     * on the value of the component configuration parameters. The folloging configuration parameters 
     * are checked: NumberOfRawData.
     * This method has a parameter matching each component configuration parameter. A component instance is
     * returned only if the value of the component configuration parameter is greater than or equal to the method
     * parameter. 
     * Before being returned to the caller,
     * the status of the component instance is changed to: "in use". A client that receives
     * a component instance through a call to this method, should release the instance when it
     * no longer needs it. This can be done by calling
     * method &lt;code&gt;setInUse(false)&lt;/code&gt; on the component itself.
     * &lt;p&gt;
     * If no free component instances are found, then the method returns null. Note that no
     * event report is generated to record the failure to allocate a component instance. Event
     * reporting is the responsibility of the caller. 
     * @param NumberOfRawData minimum value for a component configuration parameter      
     * @return the allocated component instance or null if no free instances were found
     */</comment>
    <function_decl><type><name>DC_PUSDumpMemoryAbsolute</name>*</type> <name>allocatePUSDumpMemoryAbsolute</name><parameter_list>(<param><decl><type><name>unsigned</name> <name>int</name></type> <name>NumberOfRawData</name></decl></param>)</parameter_list>;</function_decl>

    <comment type="block">/**
     * Check whether a non-allocated component instance of type &lt;code&gt;DC_PUSDumpMemoryAbsolute&lt;/code&gt;
     * is available within the factory. If this method return true, then the corresponding
     * &lt;code&gt;allocate&lt;/code&gt; method is guaranteed to return a non-null value.
     * The method parameters are used as in the corresponding &lt;code&gt;allocate&lt;/code&gt; method.
     * @see #allocateDC_PUSDumpMemoryAbsolute
     * @param NumberOfRawData minimum value for a component configuration parameter      
     * @return true if free instances of type DC_PUSDumpMemoryAbsolute are available,
     * false otherwise
     */</comment>
    <function_decl><type><name>bool</name></type> <name>isFreePUSDumpMemoryAbsolute</name><parameter_list>(<param><decl><type><name>unsigned</name> <name>int</name></type> <name>NumberOfRawData</name></decl></param>)</parameter_list>;</function_decl>

      
            
    <comment type="block">/**
     * Load one instance of type &lt;code&gt;DC_PUSDumpMemoryOffset&lt;/code&gt; in the
     * factory. The component instances managed by the factory are internally stored in an
     * array. This method loads the i-th element of the array. The argument i should lie
     * in the interval [0,N-1] where N is the number of component instances of type
     * &lt;code&gt;DC_PUSDumpMemoryOffset&lt;/code&gt;. The value of N is defined by
     * the class constructor.
     * &lt;p&gt;
     * The "in use" status of a newly loaded component is initialized
     * to: "component is not in use".
     * &lt;p&gt;
     * This is an initialization method that should only be called during the application
     * configuration phase.
     * @param i the index in the internal array
     * @param pItem the component instance
     */</comment>
    <function_decl><type><name>void</name></type> <name>setTelecommand</name><parameter_list>(<param><decl><type><name>unsigned</name> <name>int</name></type> <name>i</name></decl></param>, <param><decl><type><name>DC_PUSDumpMemoryOffset</name>*</type> <name>pItem</name></decl></param>)</parameter_list>;</function_decl>

    <comment type="block">/**
     * Return the number of component instances of type &lt;code&gt;DC_PUSDumpMemoryOffset&lt;/code&gt;
     * that are currently allocated. A component instance is allocated if its "in use" status is
     * equal to: "component is in use".
     * @return the number of allocated component instances
     */</comment>
    <function_decl><type><name>unsigned</name> <name>int</name></type> <name>getNumberPUSDumpMemoryOffset</name><parameter_list>(<param><decl><type><name>void</name></type></decl></param>)</parameter_list>;</function_decl>

    <comment type="block">/**
     * Return the number of component instances of type &lt;code&gt;DC_PUSDumpMemoryOffset&lt;/code&gt;
     * that are in the factory. The value returned is the maximum number of component instances of
     * type &lt;code&gt;DC_PUSDumpMemoryOffset&lt;/code&gt; that can be allocated.
     * @return the total number of component instances in the factory of
     * type &lt;code&gt;DC_PUSDumpMemoryOffset&lt;/code&gt;
     */</comment>
    <function_decl><type><name>unsigned</name> <name>int</name></type> <name>getCapacityPUSDumpMemoryOffset</name><parameter_list>(<param><decl><type><name>void</name></type></decl></param>)</parameter_list>;</function_decl>

    <comment type="block">/**
     * Allocate one instance of type &lt;code&gt;DC_PUSDumpMemoryOffset&lt;/code&gt;.
     * This method scans all the entries in the factory of type &lt;code&gt;DC_PUSDumpMemoryOffset&lt;/code&gt;
     * and returns the first one which is not in use. 
     * In addition to verifyin that the returned component is not in use, this method also performs a check
     * on the value of the component configuration parameters. The folloging configuration parameters 
     * are checked: NumberOfRawData.
     * This method has a parameter matching each component configuration parameter. A component instance is
     * returned only if the value of the component configuration parameter is greater than or equal to the method
     * parameter. 
     * Before being returned to the caller,
     * the status of the component instance is changed to: "in use". A client that receives
     * a component instance through a call to this method, should release the instance when it
     * no longer needs it. This can be done by calling
     * method &lt;code&gt;setInUse(false)&lt;/code&gt; on the component itself.
     * &lt;p&gt;
     * If no free component instances are found, then the method returns null. Note that no
     * event report is generated to record the failure to allocate a component instance. Event
     * reporting is the responsibility of the caller. 
     * @param NumberOfRawData minimum value for a component configuration parameter      
     * @return the allocated component instance or null if no free instances were found
     */</comment>
    <function_decl><type><name>DC_PUSDumpMemoryOffset</name>*</type> <name>allocatePUSDumpMemoryOffset</name><parameter_list>(<param><decl><type><name>unsigned</name> <name>int</name></type> <name>NumberOfRawData</name></decl></param>)</parameter_list>;</function_decl>

    <comment type="block">/**
     * Check whether a non-allocated component instance of type &lt;code&gt;DC_PUSDumpMemoryOffset&lt;/code&gt;
     * is available within the factory. If this method return true, then the corresponding
     * &lt;code&gt;allocate&lt;/code&gt; method is guaranteed to return a non-null value.
     * The method parameters are used as in the corresponding &lt;code&gt;allocate&lt;/code&gt; method.
     * @see #allocateDC_PUSDumpMemoryOffset
     * @param NumberOfRawData minimum value for a component configuration parameter      
     * @return true if free instances of type DC_PUSDumpMemoryOffset are available,
     * false otherwise
     */</comment>
    <function_decl><type><name>bool</name></type> <name>isFreePUSDumpMemoryOffset</name><parameter_list>(<param><decl><type><name>unsigned</name> <name>int</name></type> <name>NumberOfRawData</name></decl></param>)</parameter_list>;</function_decl>

      
            
    <comment type="block">/**
     * Load one instance of type &lt;code&gt;DC_PUSMemoryLoadAbsolute&lt;/code&gt; in the
     * factory. The component instances managed by the factory are internally stored in an
     * array. This method loads the i-th element of the array. The argument i should lie
     * in the interval [0,N-1] where N is the number of component instances of type
     * &lt;code&gt;DC_PUSMemoryLoadAbsolute&lt;/code&gt;. The value of N is defined by
     * the class constructor.
     * &lt;p&gt;
     * The "in use" status of a newly loaded component is initialized
     * to: "component is not in use".
     * &lt;p&gt;
     * This is an initialization method that should only be called during the application
     * configuration phase.
     * @param i the index in the internal array
     * @param pItem the component instance
     */</comment>
    <function_decl><type><name>void</name></type> <name>setTelecommand</name><parameter_list>(<param><decl><type><name>unsigned</name> <name>int</name></type> <name>i</name></decl></param>, <param><decl><type><name>DC_PUSMemoryLoadAbsolute</name>*</type> <name>pItem</name></decl></param>)</parameter_list>;</function_decl>

    <comment type="block">/**
     * Return the number of component instances of type &lt;code&gt;DC_PUSMemoryLoadAbsolute&lt;/code&gt;
     * that are currently allocated. A component instance is allocated if its "in use" status is
     * equal to: "component is in use".
     * @return the number of allocated component instances
     */</comment>
    <function_decl><type><name>unsigned</name> <name>int</name></type> <name>getNumberPUSMemoryLoadAbsolute</name><parameter_list>(<param><decl><type><name>void</name></type></decl></param>)</parameter_list>;</function_decl>

    <comment type="block">/**
     * Return the number of component instances of type &lt;code&gt;DC_PUSMemoryLoadAbsolute&lt;/code&gt;
     * that are in the factory. The value returned is the maximum number of component instances of
     * type &lt;code&gt;DC_PUSMemoryLoadAbsolute&lt;/code&gt; that can be allocated.
     * @return the total number of component instances in the factory of
     * type &lt;code&gt;DC_PUSMemoryLoadAbsolute&lt;/code&gt;
     */</comment>
    <function_decl><type><name>unsigned</name> <name>int</name></type> <name>getCapacityPUSMemoryLoadAbsolute</name><parameter_list>(<param><decl><type><name>void</name></type></decl></param>)</parameter_list>;</function_decl>

    <comment type="block">/**
     * Allocate one instance of type &lt;code&gt;DC_PUSMemoryLoadAbsolute&lt;/code&gt;.
     * This method scans all the entries in the factory of type &lt;code&gt;DC_PUSMemoryLoadAbsolute&lt;/code&gt;
     * and returns the first one which is not in use. 
     * In addition to verifyin that the returned component is not in use, this method also performs a check
     * on the value of the component configuration parameters. The folloging configuration parameters 
     * are checked: MaxNumberData, MaxNumberBlocks.
     * This method has a parameter matching each component configuration parameter. A component instance is
     * returned only if the value of the component configuration parameter is greater than or equal to the method
     * parameter. 
     * Before being returned to the caller,
     * the status of the component instance is changed to: "in use". A client that receives
     * a component instance through a call to this method, should release the instance when it
     * no longer needs it. This can be done by calling
     * method &lt;code&gt;setInUse(false)&lt;/code&gt; on the component itself.
     * &lt;p&gt;
     * If no free component instances are found, then the method returns null. Note that no
     * event report is generated to record the failure to allocate a component instance. Event
     * reporting is the responsibility of the caller. 
     * @param MaxNumberData minimum value for a component configuration parameter 
     * @param MaxNumberBlocks minimum value for a component configuration parameter      
     * @return the allocated component instance or null if no free instances were found
     */</comment>
    <function_decl><type><name>DC_PUSMemoryLoadAbsolute</name>*</type> <name>allocatePUSMemoryLoadAbsolute</name><parameter_list>(<param><decl><type><name>unsigned</name> <name>int</name></type> <name>MaxNumberData</name></decl></param>, <param><decl><type><name>unsigned</name> <name>int</name></type> <name>MaxNumberBlocks</name></decl></param>)</parameter_list>;</function_decl>

    <comment type="block">/**
     * Check whether a non-allocated component instance of type &lt;code&gt;DC_PUSMemoryLoadAbsolute&lt;/code&gt;
     * is available within the factory. If this method return true, then the corresponding
     * &lt;code&gt;allocate&lt;/code&gt; method is guaranteed to return a non-null value.
     * The method parameters are used as in the corresponding &lt;code&gt;allocate&lt;/code&gt; method.
     * @see #allocateDC_PUSMemoryLoadAbsolute
     * @param MaxNumberData minimum value for a component configuration parameter 
     * @param MaxNumberBlocks minimum value for a component configuration parameter      
     * @return true if free instances of type DC_PUSMemoryLoadAbsolute are available,
     * false otherwise
     */</comment>
    <function_decl><type><name>bool</name></type> <name>isFreePUSMemoryLoadAbsolute</name><parameter_list>(<param><decl><type><name>unsigned</name> <name>int</name></type> <name>MaxNumberData</name></decl></param>, <param><decl><type><name>unsigned</name> <name>int</name></type> <name>MaxNumberBlocks</name></decl></param>)</parameter_list>;</function_decl>

      
            
    <comment type="block">/**
     * Load one instance of type &lt;code&gt;DC_PUSMemoryLoadOffset&lt;/code&gt; in the
     * factory. The component instances managed by the factory are internally stored in an
     * array. This method loads the i-th element of the array. The argument i should lie
     * in the interval [0,N-1] where N is the number of component instances of type
     * &lt;code&gt;DC_PUSMemoryLoadOffset&lt;/code&gt;. The value of N is defined by
     * the class constructor.
     * &lt;p&gt;
     * The "in use" status of a newly loaded component is initialized
     * to: "component is not in use".
     * &lt;p&gt;
     * This is an initialization method that should only be called during the application
     * configuration phase.
     * @param i the index in the internal array
     * @param pItem the component instance
     */</comment>
    <function_decl><type><name>void</name></type> <name>setTelecommand</name><parameter_list>(<param><decl><type><name>unsigned</name> <name>int</name></type> <name>i</name></decl></param>, <param><decl><type><name>DC_PUSMemoryLoadOffset</name>*</type> <name>pItem</name></decl></param>)</parameter_list>;</function_decl>

    <comment type="block">/**
     * Return the number of component instances of type &lt;code&gt;DC_PUSMemoryLoadOffset&lt;/code&gt;
     * that are currently allocated. A component instance is allocated if its "in use" status is
     * equal to: "component is in use".
     * @return the number of allocated component instances
     */</comment>
    <function_decl><type><name>unsigned</name> <name>int</name></type> <name>getNumberPUSMemoryLoadOffset</name><parameter_list>(<param><decl><type><name>void</name></type></decl></param>)</parameter_list>;</function_decl>

    <comment type="block">/**
     * Return the number of component instances of type &lt;code&gt;DC_PUSMemoryLoadOffset&lt;/code&gt;
     * that are in the factory. The value returned is the maximum number of component instances of
     * type &lt;code&gt;DC_PUSMemoryLoadOffset&lt;/code&gt; that can be allocated.
     * @return the total number of component instances in the factory of
     * type &lt;code&gt;DC_PUSMemoryLoadOffset&lt;/code&gt;
     */</comment>
    <function_decl><type><name>unsigned</name> <name>int</name></type> <name>getCapacityPUSMemoryLoadOffset</name><parameter_list>(<param><decl><type><name>void</name></type></decl></param>)</parameter_list>;</function_decl>

    <comment type="block">/**
     * Allocate one instance of type &lt;code&gt;DC_PUSMemoryLoadOffset&lt;/code&gt;.
     * This method scans all the entries in the factory of type &lt;code&gt;DC_PUSMemoryLoadOffset&lt;/code&gt;
     * and returns the first one which is not in use. 
     * In addition to verifyin that the returned component is not in use, this method also performs a check
     * on the value of the component configuration parameters. The folloging configuration parameters 
     * are checked: MaxNumberData, MaxNumberBlocks.
     * This method has a parameter matching each component configuration parameter. A component instance is
     * returned only if the value of the component configuration parameter is greater than or equal to the method
     * parameter. 
     * Before being returned to the caller,
     * the status of the component instance is changed to: "in use". A client that receives
     * a component instance through a call to this method, should release the instance when it
     * no longer needs it. This can be done by calling
     * method &lt;code&gt;setInUse(false)&lt;/code&gt; on the component itself.
     * &lt;p&gt;
     * If no free component instances are found, then the method returns null. Note that no
     * event report is generated to record the failure to allocate a component instance. Event
     * reporting is the responsibility of the caller. 
     * @param MaxNumberData minimum value for a component configuration parameter 
     * @param MaxNumberBlocks minimum value for a component configuration parameter      
     * @return the allocated component instance or null if no free instances were found
     */</comment>
    <function_decl><type><name>DC_PUSMemoryLoadOffset</name>*</type> <name>allocatePUSMemoryLoadOffset</name><parameter_list>(<param><decl><type><name>unsigned</name> <name>int</name></type> <name>MaxNumberData</name></decl></param>, <param><decl><type><name>unsigned</name> <name>int</name></type> <name>MaxNumberBlocks</name></decl></param>)</parameter_list>;</function_decl>

    <comment type="block">/**
     * Check whether a non-allocated component instance of type &lt;code&gt;DC_PUSMemoryLoadOffset&lt;/code&gt;
     * is available within the factory. If this method return true, then the corresponding
     * &lt;code&gt;allocate&lt;/code&gt; method is guaranteed to return a non-null value.
     * The method parameters are used as in the corresponding &lt;code&gt;allocate&lt;/code&gt; method.
     * @see #allocateDC_PUSMemoryLoadOffset
     * @param MaxNumberData minimum value for a component configuration parameter 
     * @param MaxNumberBlocks minimum value for a component configuration parameter      
     * @return true if free instances of type DC_PUSMemoryLoadOffset are available,
     * false otherwise
     */</comment>
    <function_decl><type><name>bool</name></type> <name>isFreePUSMemoryLoadOffset</name><parameter_list>(<param><decl><type><name>unsigned</name> <name>int</name></type> <name>MaxNumberData</name></decl></param>, <param><decl><type><name>unsigned</name> <name>int</name></type> <name>MaxNumberBlocks</name></decl></param>)</parameter_list>;</function_decl>

      
            
    <comment type="block">/**
     * Load one instance of type &lt;code&gt;DC_TestPUSTelecommand&lt;/code&gt; in the
     * factory. The component instances managed by the factory are internally stored in an
     * array. This method loads the i-th element of the array. The argument i should lie
     * in the interval [0,N-1] where N is the number of component instances of type
     * &lt;code&gt;DC_TestPUSTelecommand&lt;/code&gt;. The value of N is defined by
     * the class constructor.
     * &lt;p&gt;
     * The "in use" status of a newly loaded component is initialized
     * to: "component is not in use".
     * &lt;p&gt;
     * This is an initialization method that should only be called during the application
     * configuration phase.
     * @param i the index in the internal array
     * @param pItem the component instance
     */</comment>
    <function_decl><type><name>void</name></type> <name>setTelecommand</name><parameter_list>(<param><decl><type><name>unsigned</name> <name>int</name></type> <name>i</name></decl></param>, <param><decl><type><name>DC_TestPUSTelecommand</name>*</type> <name>pItem</name></decl></param>)</parameter_list>;</function_decl>

    <comment type="block">/**
     * Return the number of component instances of type &lt;code&gt;DC_TestPUSTelecommand&lt;/code&gt;
     * that are currently allocated. A component instance is allocated if its "in use" status is
     * equal to: "component is in use".
     * @return the number of allocated component instances
     */</comment>
    <function_decl><type><name>unsigned</name> <name>int</name></type> <name>getNumberTestPUSTelecommand</name><parameter_list>(<param><decl><type><name>void</name></type></decl></param>)</parameter_list>;</function_decl>

    <comment type="block">/**
     * Return the number of component instances of type &lt;code&gt;DC_TestPUSTelecommand&lt;/code&gt;
     * that are in the factory. The value returned is the maximum number of component instances of
     * type &lt;code&gt;DC_TestPUSTelecommand&lt;/code&gt; that can be allocated.
     * @return the total number of component instances in the factory of
     * type &lt;code&gt;DC_TestPUSTelecommand&lt;/code&gt;
     */</comment>
    <function_decl><type><name>unsigned</name> <name>int</name></type> <name>getCapacityTestPUSTelecommand</name><parameter_list>(<param><decl><type><name>void</name></type></decl></param>)</parameter_list>;</function_decl>

    <comment type="block">/**
     * Allocate one instance of type &lt;code&gt;DC_TestPUSTelecommand&lt;/code&gt;.
     * This method scans all the entries in the factory of type &lt;code&gt;DC_TestPUSTelecommand&lt;/code&gt;
     * and returns the first one which is not in use. 
     * Before being returned to the caller,
     * the status of the component instance is changed to: "in use". A client that receives
     * a component instance through a call to this method, should release the instance when it
     * no longer needs it. This can be done by calling
     * method &lt;code&gt;setInUse(false)&lt;/code&gt; on the component itself.
     * &lt;p&gt;
     * If no free component instances are found, then the method returns null. Note that no
     * event report is generated to record the failure to allocate a component instance. Event
     * reporting is the responsibility of the caller.      
     * @return the allocated component instance or null if no free instances were found
     */</comment>
    <function_decl><type><name>DC_TestPUSTelecommand</name>*</type> <name>allocateTestPUSTelecommand</name><parameter_list>()</parameter_list>;</function_decl>

    <comment type="block">/**
     * Check whether a non-allocated component instance of type &lt;code&gt;DC_TestPUSTelecommand&lt;/code&gt;
     * is available within the factory. If this method return true, then the corresponding
     * &lt;code&gt;allocate&lt;/code&gt; method is guaranteed to return a non-null value.
     * The method parameters are used as in the corresponding &lt;code&gt;allocate&lt;/code&gt; method.
     * @see #allocateDC_TestPUSTelecommand     
     * @return true if free instances of type DC_TestPUSTelecommand are available,
     * false otherwise
     */</comment>
    <function_decl><type><name>bool</name></type> <name>isFreeTestPUSTelecommand</name><parameter_list>()</parameter_list>;</function_decl>

      
            
</public>}</block>;</class>

<cpp:endif>#<cpp:directive>endif</cpp:directive></cpp:endif>

</unit>
