<unit xmlns="http://www.sdml.info/srcML/src" xmlns:cpp="http://www.sdml.info/srcML/cpp">
<comment type="line">//
</comment><comment type="line">// Copyright 2004 P&amp;P Software GmbH - All Rights Reserved
</comment><comment type="line">//
</comment><comment type="line">// CriticalTelecommand.cpp
</comment><comment type="line">//
</comment><comment type="line">// Version	1.1
</comment><comment type="line">// Date		20.06.03
</comment><comment type="line">// Author	A. Pasetti (P&amp;P Software), R. Totaro
</comment>
<cpp:include>#<cpp:directive>include</cpp:directive> <cpp:file>"../GeneralInclude/CompilerSwitches.h"</cpp:file></cpp:include>
<cpp:include>#<cpp:directive>include</cpp:directive> <cpp:file>"../GeneralInclude/DebugSupport.h"</cpp:file></cpp:include>
<cpp:include>#<cpp:directive>include</cpp:directive> <cpp:file>"../GeneralInclude/Constants.h"</cpp:file></cpp:include>
<cpp:include>#<cpp:directive>include</cpp:directive> <cpp:file>"../Base/CC_RootObject.h"</cpp:file></cpp:include>
<cpp:include>#<cpp:directive>include</cpp:directive> <cpp:file>"../System/ObsClock.h"</cpp:file></cpp:include>
<cpp:include>#<cpp:directive>include</cpp:directive> <cpp:file>"CriticalTelecommand.h"</cpp:file></cpp:include>

<constructor><name>CriticalTelecommand::CriticalTelecommand</name><parameter_list>(<param><decl><type><name>void</name></type></decl></param>)</parameter_list> <block>{
	<expr_stmt><expr><call><name>reset</name><argument_list>()</argument_list></call></expr>;</expr_stmt>
}</block></constructor>

<function><type><name>void</name></type> <name><name>CriticalTelecommand</name>::<name>reset</name></name><parameter_list>(<param><decl><type><name>void</name></type></decl></param>)</parameter_list> <block>{
    <expr_stmt><expr><name>maxArmedDuration</name>=-1</expr>;</expr_stmt>
    <expr_stmt><expr><name>timeWhenArmed</name>   =-1</expr>;</expr_stmt>
    <expr_stmt><expr><name>pObsClock</name>       =<name>pNULL</name></expr>;</expr_stmt>
    <expr_stmt><expr><name>isTcCritical</name>    =<name>CRITICAL</name></expr>;</expr_stmt>
    <expr_stmt><expr><name>isTcArmed</name>       =<name>NOT_ARMED</name></expr>;</expr_stmt>
}</block></function>

<function><type><name>bool</name></type> <name><name>CriticalTelecommand</name>::<name>isCritical</name></name><parameter_list>(<param><decl><type><name>void</name></type></decl></param>)</parameter_list> <block>{
    <return>return <expr><name>isTcCritical</name></expr>;</return>
}</block></function>

<function><type><name>void</name></type> <name><name>CriticalTelecommand</name>::<name>setCriticalityLevel</name></name><parameter_list>(<param><decl><type><name>bool</name></type> <name>isCritical</name></decl></param>)</parameter_list> <block>{
    <expr_stmt><expr><name>isTcCritical</name> = <name>isCritical</name></expr>;</expr_stmt>
}</block></function>

<function><type><name>bool</name></type> <name><name>CriticalTelecommand</name>::<name>isArmed</name></name><parameter_list>(<param><decl><type><name>void</name></type></decl></param>)</parameter_list> <block>{
    <return>return <expr><name>isTcArmed</name></expr>;</return>
}</block></function>

<function><type><name>bool</name></type> <name><name>CriticalTelecommand</name>::<name>isImageValid</name></name><parameter_list>(<param><decl><type><name>void</name></type></decl></param>)</parameter_list> <block>{
    <return>return <expr><name>VALID</name></expr>;</return>
}</block></function>

<function><type><name>void</name></type> <name><name>CriticalTelecommand</name>::<name>storeImage</name></name><parameter_list>(<param><decl><type><name>void</name></type></decl></param>)</parameter_list> <block>{
    <return>return;</return>
}</block></function>

<function><type><name>void</name></type> <name><name>CriticalTelecommand</name>::<name>setMaxArmedDuration</name></name><parameter_list>(<param><decl><type><name>TD_ObsTime</name></type> <name>t</name></decl></param>)</parameter_list> <block>{
    <expr_stmt><expr><call><name>assert</name><argument_list>( <argument><expr><name>t</name>&gt;0</expr></argument> )</argument_list></call></expr>;</expr_stmt>
    <expr_stmt><expr><name>maxArmedDuration</name> = <name>t</name></expr>;</expr_stmt>
}</block></function>

<function><type><name>TD_ObsTime</name></type> <name><name>CriticalTelecommand</name>::<name>getMaxArmedDuration</name></name><parameter_list>(<param><decl><type><name>void</name></type></decl></param>)</parameter_list> <block>{
    <return>return <expr><name>maxArmedDuration</name></expr>;</return>
}</block></function>

<function><type><name>TD_ObsTime</name></type> <name><name>CriticalTelecommand</name>::<name>getTimeWhenArmed</name></name><parameter_list>(<param><decl><type><name>void</name></type></decl></param>)</parameter_list> <block>{
    <return>return <expr><name>timeWhenArmed</name></expr>;</return>
}</block></function>

<function><type><name>ObsClock</name>*</type> <name><name>CriticalTelecommand</name>::<name>getObsClock</name></name><parameter_list>(<param><decl><type><name>void</name></type></decl></param>)</parameter_list> <specifier>const</specifier> <block>{
   <expr_stmt><expr><call><name>assert</name> <argument_list>( <argument><expr><name>pObsClock</name></expr></argument> )</argument_list></call></expr>;</expr_stmt>
   <return>return <expr><name>pObsClock</name></expr>;</return>
}</block></function>

<function><type><name>void</name></type> <name><name>CriticalTelecommand</name>::<name>setObsClock</name></name><parameter_list>(<param><decl><type><name>ObsClock</name>*</type> <name>pClock</name></decl></param>)</parameter_list> <block>{
   <expr_stmt><expr><call><name>assert</name> <argument_list>( <argument><expr><name>pClock</name></expr></argument> )</argument_list></call></expr>;</expr_stmt>
   <expr_stmt><expr><name>pObsClock</name> = <name>pClock</name></expr>;</expr_stmt>
}</block></function>

<function><type><name>bool</name></type> <name><name>CriticalTelecommand</name>::<name>canExecute</name></name><parameter_list>(<param><decl><type><name>void</name></type></decl></param>)</parameter_list> <block>{
    <expr_stmt><expr><call><name>assert</name><argument_list>(<argument><expr><call><name>isObjectConfigured</name><argument_list>()</argument_list></call></expr></argument>)</argument_list></call></expr>;</expr_stmt>

	<if>if <condition>(<expr><name>isTcCritical</name> &amp;&amp; <name>isTcArmed</name></expr>)</condition><then> <block>{
		<if>if <condition>(<expr>(<name>pObsClock</name>-&gt;<call><name>getTime</name><argument_list>()</argument_list></call>-<name>timeWhenArmed</name>)&gt;=<name>maxArmedDuration</name></expr>)</condition><then> <block>{
			<expr_stmt><expr><call><name><name>CC_RootObject</name>::<name>getEventRepository</name></name><argument_list>()</argument_list></call>-&gt;<call><name>create</name><argument_list>(<argument><expr><name>this</name></expr></argument>,<argument><expr><name>EVT_CRIT_TC_TIMEOUT</name></expr></argument>)</argument_list></call></expr>;</expr_stmt>
			<return>return <expr><name>TC_CANNOT_EXECUTE</name></expr>;</return>
		}</block></then></if>

		<if>if <condition>(<expr>!<call><name>isImageValid</name><argument_list>()</argument_list></call></expr>)</condition><then> <block>{
			<expr_stmt><expr><call><name><name>CC_RootObject</name>::<name>getEventRepository</name></name><argument_list>()</argument_list></call>-&gt;<call><name>create</name><argument_list>(<argument><expr><name>this</name></expr></argument>,<argument><expr><name>EVT_CRIT_TC_IMG_INV</name></expr></argument>)</argument_list></call></expr>;</expr_stmt>
			<return>return <expr><name>TC_CANNOT_EXECUTE</name></expr>;</return>
		}</block></then></if>
	}</block></then></if>

    <return>return <expr><name>TC_CAN_EXECUTE</name></expr>;</return>
}</block></function>

<function><type><name>TD_ActionOutcome</name></type> <name><name>CriticalTelecommand</name>::<name>doAction</name></name><parameter_list>(<param><decl><type><name>void</name></type></decl></param>)</parameter_list> <block>{
	<expr_stmt><expr><call><name>assert</name><argument_list>(<argument><expr><call><name>isObjectConfigured</name><argument_list>()</argument_list></call></expr></argument>)</argument_list></call></expr>;</expr_stmt>

	<if>if <condition>(<expr><name>isTcArmed</name> || !<name>isTcCritical</name></expr>)</condition><then> <block>{
		<expr_stmt><expr><name>isTcArmed</name>=<name>NOT_ARMED</name></expr>;</expr_stmt>
		<expr_stmt><expr><name>timeWhenArmed</name>=-1</expr>;</expr_stmt>

		<return>return <expr><call><name>doCriticalAction</name><argument_list>()</argument_list></call></expr>;</return>
	}</block></then>
	<else>else <block>{
		<expr_stmt><expr><name>isTcArmed</name>=<name>ARMED</name></expr>;</expr_stmt>
		<expr_stmt><expr><name>timeWhenArmed</name>=<name>pObsClock</name>-&gt;<call><name>getTime</name><argument_list>()</argument_list></call></expr>;</expr_stmt>

		<expr_stmt><expr><call><name><name>CC_RootObject</name>::<name>getEventRepository</name></name><argument_list>()</argument_list></call>-&gt;<call><name>create</name><argument_list>(<argument><expr><name>this</name></expr></argument>,<argument><expr><name>EVT_CRIT_TC_ARMED</name></expr></argument>)</argument_list></call></expr>;</expr_stmt>

		<return>return <expr><name>ACTION_SUCCESS</name></expr>;</return>
	}</block></else></if>
}</block></function>

<function><type><name>bool</name></type> <name><name>CriticalTelecommand</name>::<name>isObjectConfigured</name></name><parameter_list>(<param><decl><type><name>void</name></type></decl></param>)</parameter_list> <block>{
   <return>return <expr>(<call><name><name>Telecommand</name>::<name>isObjectConfigured</name></name><argument_list>()</argument_list></call> &amp;&amp; <name>maxArmedDuration</name>&gt;0 &amp;&amp; <name>pObsClock</name>!=<name>pNULL</name>)</expr>;</return>
}</block></function>
</unit>
