<unit xmlns="http://www.sdml.info/srcML/src" xmlns:cpp="http://www.sdml.info/srcML/cpp">
<comment type="line">//
</comment><comment type="line">// Copyright 2004 P&amp;P Software GmbH - All Rights Reserved
</comment><comment type="line">//
</comment><comment type="line">// DC_BasicPUSTcLoader.h
</comment><comment type="line">//
</comment><comment type="line">// Version	1.0
</comment><comment type="line">// Date		11.01.04
</comment><comment type="line">// Author	A. Pasetti (P&amp;P Software)
</comment>
<cpp:ifndef>#<cpp:directive>ifndef</cpp:directive> <name>DC_BasicPUSTcLoaderH</name></cpp:ifndef>
<cpp:define>#<cpp:directive>define</cpp:directive> <name>DC_BasicPUSTcLoaderH</name></cpp:define>

<cpp:include>#<cpp:directive>include</cpp:directive> <cpp:file>"../GeneralInclude/ForwardDeclarations.h"</cpp:file></cpp:include>
<cpp:include>#<cpp:directive>include</cpp:directive> <cpp:file>"../GeneralInclude/BasicTypes.h"</cpp:file></cpp:include>
<cpp:include>#<cpp:directive>include</cpp:directive> <cpp:file>"../Base/CC_RootObject.h"</cpp:file></cpp:include>
<cpp:include>#<cpp:directive>include</cpp:directive> <cpp:file>"TelecommandLoader.h"</cpp:file></cpp:include>

<comment type="block">/**
 * Telecommand loader for PUS telecommands that implements only basic
 * functionalities and checks.
 * This telecommand loader can handle one or more raw telecommand packets.
 * At the time it is activated, it assumes the packets to be placed in a
 * dedicated memory area (the &lt;i&gt;telecommand load area&lt;/i&gt;) and assumes 
 * their layout to comply with the layout for telecommand packets stipulated
 * by the PUS. The packets are assumed to be placed in the telecommand area
 * in sequence, one after the other. The layout of the telecommand load area
 * is therefore assumed to be as follows. The first byte represents the
 * number of telecommand packets. Successive bytes represent the telecommand
 * packets stored in sequence and without gaps in between successive packets.
 * &lt;p&gt;
 * When the telecommand loader is 
 * activated, it accesses the telecommand load area and processes the 
 * telecommand packets one by one. For each packet, it retrieves the
 * telecommand type and subtype. It then asks the &lt;i&gt;telecommand 
 * factory&lt;/i&gt; for a telecommand component of matching type, it configures 
 * it with the data in the telecommand load area, and finally loads the
 * newly configured component in the
 * telecommand manager. 
 * &lt;p&gt;
 * In a typical usage scenario, this component would be activated periodically
 * to process any telecommand packets that have been received in the previous
 * period. In an alternative scenario, the component is activated by an 
 * interrupt handler when reception of a new telecommand packet has been 
 * detected. Note however that the processing of a telecommand packet by
 * this component can be time-consuming and hence this alternative scenario
 * only is feasible if the time between successive telecommand interrupts
 * is sufficiently long.
 * &lt;p&gt;
 * This telecommand loader is configured with the starting address of
 * the telecommand load area (method &lt;code&gt;setTcLoadAreaStart&lt;/code&gt;),
 * with the maximum length of a telecommand packet (method
 * &lt;code&gt;setMaxTcLength&lt;/code&gt;), and with the maximum number of telecommand
 * packets that can be placed in the telecommand load area (method
 * &lt;code&gt;setMaxNumberOfTc&lt;/code&gt;).
 * All configuration parameters can be changed dynamically. 
 * &lt;p&gt;
 * This telecommand loader does not perform any consistency or validity
 * checks on the raw telecommand data other than verifying that the length
 * of the telecommand packet is less than the maximum value set with method
 * &lt;code&gt;setMaxTcLength&lt;/code&gt; and that the number of telecommands is less than
 * the maximum set with method &lt;code&gt;setMaxNumberOfTc&lt;/code&gt;. 
 * @todo The implementation of method "activate" must be updated every time a new
 * PUS telecommand class is added to the framework
 * @see PUSTelecommand
 * @see CC_TelecommandManager
 * @author Alessandro Pasetti (P&amp;P Software GmbH)
 * @version 1.0
 */</comment>
<class>class <name>DC_BasicPUSTcLoader</name> <super>: <specifier>public</specifier> <name>TelecommandLoader</name></super> <block>{<private type="default">

  </private><private>private:
    <decl_stmt><decl><type><name>unsigned</name> <name>char</name>*</type> <name>tcArea</name></decl>;</decl_stmt>              <comment type="line">// start address of telecommand area
</comment>    <decl_stmt><decl><type><name>unsigned</name> <name>int</name></type> <name>maxTcDataPacketLength</name></decl>;</decl_stmt>    <comment type="line">// max length in bytes of TC packet data field
</comment>    <decl_stmt><decl><type><name>unsigned</name> <name>int</name></type> <name>maxNumberOfTc</name></decl>;</decl_stmt>         <comment type="line">// max number of telecommand packets 
</comment>
  </private><public>public:

    <comment type="block">/**
     * Instantiate a basic PUS telecommand loader. The class identifier
     * is set. The start address of the telecommand area, the maximum
     * length of the telecommand packets, and the maximum number of telecommand
     * packets are initialized
     * to illegal values to signify that the component is not yet configured.
     */</comment>
    <constructor_decl><name>DC_BasicPUSTcLoader</name><parameter_list>(<param><decl><type><name>void</name></type></decl></param>)</parameter_list>;</constructor_decl>

    <comment type="block">/**
     * Retrieve the raw telecommand packet data, create and configure a telecommand 
     * component for each telecommand packet,
     * and load them in the telecommand manager.
     * The raw telecommand packet data are assumed to consist of an array of
     * bytes stored in the telecommand load area. Their layout is assumed to 
     * conform with the PUS telecommand packet layout.
     * A pseudo-code implementation for this method is as follows: &lt;PRE&gt;
     *      pTcFct = ...    // retrieve telecommand factory
     *      for each tc packet in the tc load area {
     *          if (APID of TC telecommand does not match APID of this application)
     *              continue;
     *          tcType = ...    // read telecommand type from data in telecommand area
     *          tcSubType = ... // read telecommand subtype from data in telecommand area
     *          if (tcType=TYPE_1 and tcSubType=SUBTYPE_a) {
     *            ... // retrieve TC component of matching type and subtype from pTcFct
     *            ... // configure the TC component
     *            ... // load TC packet data into TC component
     *            getTelecommandManager()-&gt;load(...);  // load telecommand component
     *          }
     *          if (tcType=TYPE_2 and tcSubType=SUBTYPE_b) {
     *            ... // retrieve TC component of matching type and subtype from pTcFct
     *            ... // configure the TC component
     *            ... // load TC packet data into TC component
     *            getTelecommandManager()-&gt;load(...);  // load telecommand component
     *           }
     *           ...
     *       }    &lt;/PRE&gt;
     * The loading of telecommand packet data into the TC component is done using
     * the &lt;i&gt;raw data load service&lt;/i&gt;. Depending on the telecommand type, either the
     * fast or the safe version of the service is used.
     * The check on APID is performed by comparing the packet ID field in the telecommand packet
     * with the packet ID of the telecommand components as returned by method &lt;code&gt;getPacketId&lt;/code&gt;.
     * If the two values do not match, it is assumed that the telecommand packet is intended for
     * some other application and it is simply ignored.
     * &lt;p&gt;
     * For simplicity, the pseudo-code above does not consider error cases.
     * Error cases result in the generation of an error report and in the
     * immediate return of the method.
     * The following error cases are handled: &lt;ul&gt;
     * &lt;li&gt; The number of telecommand packets in the telecommand load area is greater
     * than the maximum value set when the telecommand loader is configured
     * (event report EVT_TOO_MANY_TC_PCKT)&lt;/li&gt;
     * &lt;li&gt; The telecommand factory does not return any telecommand component
     * (event report EVT_NO_TC_AVAIL)&lt;/li&gt;
     * &lt;li&gt; The telecommand type has an unexpected type 
     * (event report EVT_UNKNOWN_TC_TYPE)&lt;/li&gt;
     * &lt;li&gt; The telecommand length exceeds the maximum value set when the telecommand
     * loader is configured
     * (event report EVT_TC_TOO_LONG)&lt;/li&gt;
     * &lt;/ul&gt;
     * The current implementation can handle the following telecommands: &lt;ul&gt;
     * &lt;li&gt;PUS Test Telecommand (instance of class
     * &lt;code&gt;DC_TestPUSTelecommand&lt;/code&gt;)&lt;/li&gt;
     * &lt;li&gt;PUS Control Data Reporting Telecommand (instance of class
     * &lt;code&gt;DC_PUSControlDataReporting&lt;/code&gt;)&lt;/li&gt;
     * &lt;li&gt;PUS Define Data Reporting Telecommand (instance of class
     * &lt;code&gt;DC_PUSDefineDataReporting&lt;/code&gt;)&lt;/li&gt;
     * &lt;/ul&gt;
     * In accordance with the PUS, this method assumes what follows:&lt;ul&gt;
     * &lt;li&gt;the packet ID is located at offset: (startAddress+0)&lt;/li&gt;
     * &lt;li&gt;the packet sequence control is located at offset: (startAddress+2)&lt;/li&gt;
     * &lt;li&gt;the telecommand type field is located in a telecommand packet at offset: (startAddress+7)&lt;/li&gt;
     * &lt;li&gt;the acknowledge bits are located in the least significant four bits of the
     * byte at offset: (startAddress+6)&lt;/li&gt;
     * &lt;li&gt;the telecommand subtype is located at offset: (startAddress+8)&lt;/li&gt;
     * &lt;li&gt;the packet length field is assumed to be located at offset: (startAddress+4)&lt;/li&gt;
     * &lt;li&gt;the packet source ID has a length of &lt;code&gt;sizeof(TD_TelecommandSource)&lt;/code&gt;&lt;/li&gt;
     * &lt;li&gt;the packet error control field is assumed to be 2-byte wide but is ignored. Error checking
     * is assumed to have already been performed upstream&lt;/li&gt;
     * &lt;/ul&gt;
     */</comment>
    <function_decl><type><name>virtual</name> <name>void</name></type> <name>activate</name><parameter_list>(<param><decl><type><name>void</name></type></decl></param>)</parameter_list>;</function_decl>

    <comment type="block">/**
     * Change the status of the telecommand to "not in use".
     * A pseudo-code implementation for this method is as follows: &lt;pre&gt;
     *      pTelecommand-&gt;setInUse(NOT_IN_USE); &lt;/pre&gt;
     * @param pTelecommand the telecommand whose resources must be released
     */</comment>
    <function_decl><type><name>virtual</name> <name>void</name></type> <name>release</name><parameter_list>(<param><decl><type><name>Telecommand</name>*</type> <name>pTelecommand</name></decl></param>)</parameter_list>;</function_decl>

    <comment type="block">/**
     * Set the start address of the telecommand load area.
     * @param startAddress the start address
     */</comment>
    <function_decl><type><name>void</name></type> <name>setTcLoadAreaStart</name><parameter_list>(<param><decl><type><name>unsigned</name> <name>char</name>*</type> <name>startAddress</name></decl></param>)</parameter_list>;</function_decl>

    <comment type="block">/**
     * Set the maximum length of a telecommand packet in number of bytes.
     * The value set here is the total length of the packet including its
     * header. Only values greater than 6 are legal (a PUS header is 6 bytes
     * long).
     * @param maxTcLength the maximum length of a telecommand packet
     */</comment>
    <function_decl><type><name>void</name></type> <name>setMaxTcLength</name><parameter_list>(<param><decl><type><name>unsigned</name> <name>int</name></type> <name>maxTcLength</name></decl></param>)</parameter_list>;</function_decl>

    <comment type="block">/**
     * Getter method for the maximum length of the a telecommand packet.
     * @return the maximum length of a telecommand packet
     */</comment>
    <function_decl><type><name>unsigned</name> <name>int</name></type> <name>getMaxTcLength</name><parameter_list>(<param><decl><type><name>void</name></type></decl></param>)</parameter_list> <specifier>const</specifier>;</function_decl>

    <comment type="block">/**
     * Set the maximum number of telecommand packets that can be handled by this
     * component in an activation cycle.
     * @param max the maximum number of telecommands
     */</comment>
    <function_decl><type><name>void</name></type> <name>setMaxNumberOfTc</name><parameter_list>(<param><decl><type><name>unsigned</name> <name>int</name></type> <name>max</name></decl></param>)</parameter_list>;</function_decl>

    <comment type="block">/**
     * Getter method for the maximum number of telecommand packets that can be handled by this
     * component in an activation cycle.
     * @return the maximum number of telecommands
     */</comment>
    <function_decl><type><name>unsigned</name> <name>int</name></type> <name>getMaxNumberOfTc</name><parameter_list>(<param><decl><type><name>void</name></type></decl></param>)</parameter_list> <specifier>const</specifier>;</function_decl>

    <comment type="block">/**
     * Perform a class-specific configuration check on the telecommand
     * loader: verify that the start address of the telecommand load area, 
     * the maximum length of the telecommand packet have been set, and
     * the maximum number of telecommand packets have been set.
     * @return true if the telecommand loader is configured, false otherwise.
     */</comment>
    <function_decl><type><name>virtual</name> <name>bool</name></type> <name>isObjectConfigured</name><parameter_list>(<param><decl><type><name>void</name></type></decl></param>)</parameter_list>;</function_decl>
</public>}</block>;</class>

<cpp:endif>#<cpp:directive>endif</cpp:directive></cpp:endif>
</unit>
