<unit xmlns="http://www.sdml.info/srcML/src" xmlns:cpp="http://www.sdml.info/srcML/cpp">
<comment type="line">//
</comment><comment type="line">// Copyright 2004 P&amp;P Software GmbH - All Rights Reserved
</comment><comment type="line">//
</comment><comment type="line">// DC_DummyTelecommandLoader.h
</comment><comment type="line">//
</comment><comment type="line">// Version	1.0
</comment><comment type="line">// Date		11.12.02
</comment><comment type="line">// Author	A. Pasetti (P&amp;P Software)
</comment>
<cpp:ifndef>#<cpp:directive>ifndef</cpp:directive> <name>DC_DummyTelecommandLoaderH</name></cpp:ifndef>
<cpp:define>#<cpp:directive>define</cpp:directive> <name>DC_DummyTelecommandLoaderH</name></cpp:define>

<cpp:include>#<cpp:directive>include</cpp:directive> <cpp:file>"../GeneralInclude/ForwardDeclarations.h"</cpp:file></cpp:include>
<cpp:include>#<cpp:directive>include</cpp:directive> <cpp:file>"../GeneralInclude/BasicTypes.h"</cpp:file></cpp:include>
<cpp:include>#<cpp:directive>include</cpp:directive> <cpp:file>"../Base/CC_RootObject.h"</cpp:file></cpp:include>
<cpp:include>#<cpp:directive>include</cpp:directive> <cpp:file>"TelecommandLoader.h"</cpp:file></cpp:include>

<comment type="block">/**
 * Dummy telecommand loader that is useful for testing purposes.
 * This telecommand loader can be used to help test the functionalities
 * of the &lt;code&gt;TelecommandLoader&lt;/code&gt; class and of the telecommand
 * manager component.
 * The dummy telecommand loader manages three &lt;i&gt;sample telecommands&lt;/i&gt;.
 * These telecommands must be loaded when the dummy telecommand loader is
 * configured. When the telecommand loader is &lt;i&gt;activated&lt;/i&gt;, it loads
 * one sample telecommand. The telecommand loader maintains an
 * &lt;i&gt;allocation counter&lt;/i&gt; that records the number of telecommands that
 * are currently loaded in the telecommand manager associated to the
 * telecommand loader. The allocation counter is incremented by one
 * every time a telecommand is loaded into the telecommand manager and
 * it is decremented by one every time the telecommand manager sends a
 * &lt;i&gt;release&lt;/i&gt; request to the telecommand loader.
 * @see DC_DummyTelecommand
 * @see CC_TelecommandManager
 * @author Alessandro Pasetti (P&amp;P Software GmbH)
 * @version 1.0
 */</comment>
<class>class <name>DC_DummyTelecommandLoader</name> <super>: <specifier>public</specifier> <name>TelecommandLoader</name></super> <block>{<private type="default">

  </private><private>private:
    <decl_stmt><decl><type><name>unsigned</name> <name>int</name></type> <name>N_SAMPLE_TC</name></decl>;</decl_stmt>              <comment type="line">// number of sample telecommands
</comment>    <decl_stmt><decl><type><name>Telecommand</name>**</type> <name>pSampleTelecommand</name></decl>;</decl_stmt>     <comment type="line">// array holding sample telecommands
</comment>    <decl_stmt><decl><type><name>unsigned</name> <name>int</name></type> <name>allocationCounter</name></decl>;</decl_stmt>

  </private><public>public:

    <comment type="block">/**
     * Instantiate a dummy telecommand loader. This constructor initializes the
     * sample telecommands to pNULL and the allocation counter to zero.
     */</comment>
    <constructor_decl><name>DC_DummyTelecommandLoader</name><parameter_list>(<param><decl><type><name>void</name></type></decl></param>)</parameter_list>;</constructor_decl>

    <comment type="block">/**
     * Load a sample telecommand in the telecommand manager.
     * A pseudo-code implementation for this method is as follows: &lt;PRE&gt;
     *      i = allocationCounter MOD 3;
     *      load i-th sample telecommand in telecommand manager;
     *      allocationCounter++;  &lt;/PRE&gt;
     * Thus, each activation causes one sample telecommand to be loaded. The
     * three sample telecommands are loaded in a cyclical sequence.
     */</comment>
    <function_decl><type><name>virtual</name> <name>void</name></type> <name>activate</name><parameter_list>(<param><decl><type><name>void</name></type></decl></param>)</parameter_list>;</function_decl>

    <comment type="block">/**
     * Decrement the allocation counter by 1.
     * @param pTelecommand the telecommand whose resources must be released
     */</comment>
    <function_decl><type><name>virtual</name> <name>void</name></type> <name>release</name><parameter_list>(<param><decl><type><name>Telecommand</name>*</type> <name>pTelecommand</name></decl></param>)</parameter_list>;</function_decl>

    <comment type="block">/**
     * Load the i-th sample telecommand. The maximum number of sample
     * telecommands that can be loaded is 3. The index i must lie in the
     * interval [0,2]. No check is performed on the value of the index i
     * at run time.
     * @param i the sample telecommand index
     * @param pSampleTc the sample telecommand to be loaded in the i-th position
     */</comment>
    <function_decl><type><name>void</name></type> <name>setSampleTelecommand</name><parameter_list>(<param><decl><type><name>unsigned</name> <name>int</name></type> <name>i</name></decl></param>, <param><decl><type><name>Telecommand</name>*</type> <name>pSampleTc</name></decl></param>)</parameter_list>;</function_decl>

    <comment type="block">/**
     * Getter method for allocation counter.
     * @return the allocation counter
     */</comment>
    <function_decl><type><name>unsigned</name> <name>int</name></type> <name>getAllocationCounter</name><parameter_list>(<param><decl><type><name>void</name></type></decl></param>)</parameter_list>;</function_decl>

    <comment type="block">/**
     * Perform a class-specific configuration check on the dummy telecommand
     * loader: verify that the sample telecommands have been loaded.
     * @return true if the telecommand loader is configured, false otherwise.
     */</comment>
    <function_decl><type><name>virtual</name> <name>bool</name></type> <name>isObjectConfigured</name><parameter_list>(<param><decl><type><name>void</name></type></decl></param>)</parameter_list>;</function_decl>
</public>}</block>;</class>

<cpp:endif>#<cpp:directive>endif</cpp:directive></cpp:endif>
</unit>
