<unit xmlns="http://www.sdml.info/srcML/src" xmlns:cpp="http://www.sdml.info/srcML/cpp">
<comment type="line">//
</comment><comment type="line">// Copyright 2004 P&amp;P Software GmbH - All Rights Reserved
</comment><comment type="line">//
</comment><comment type="line">// DC_DummyCriticalTelecommand.cpp
</comment><comment type="line">//
</comment><comment type="line">// Version	1.0
</comment><comment type="line">// Date		17.06.03
</comment><comment type="line">// Author	R. Totaro
</comment>
<cpp:include>#<cpp:directive>include</cpp:directive> <cpp:file>"../GeneralInclude/CompilerSwitches.h"</cpp:file></cpp:include>
<cpp:include>#<cpp:directive>include</cpp:directive> <cpp:file>"../GeneralInclude/ClassId.h"</cpp:file></cpp:include>
<cpp:include>#<cpp:directive>include</cpp:directive> <cpp:file>"../GeneralInclude/Constants.h"</cpp:file></cpp:include>
<cpp:include>#<cpp:directive>include</cpp:directive> <cpp:file>"DC_DummyCriticalTelecommand.h"</cpp:file></cpp:include>

<constructor><name>DC_DummyCriticalTelecommand::DC_DummyCriticalTelecommand</name><parameter_list>(<param><decl><type><name>void</name></type></decl></param>)</parameter_list> <block>{
	<expr_stmt><expr><name>numberOfExecutions</name>=0</expr>;</expr_stmt>
	<expr_stmt><expr><name>imageValid</name>=<name>false</name></expr>;</expr_stmt>

	<expr_stmt><expr><call><name>setClassId</name><argument_list>(<argument><expr><name>ID_DUMMYCRITICALTELECOMMAND</name></expr></argument>)</argument_list></call></expr>;</expr_stmt>
}</block></constructor>

<function><type><name>TD_ActionOutcome</name></type> <name><name>DC_DummyCriticalTelecommand</name>::<name>doCriticalAction</name></name><parameter_list>(<param><decl><type><name>void</name></type></decl></param>)</parameter_list> <block>{
	<expr_stmt><expr><name>numberOfExecutions</name>++</expr>;</expr_stmt>

	<return>return <expr><name>ACTION_SUCCESS</name></expr>;</return>
}</block></function>

<function><type><name>unsigned</name> <name>int</name></type> <name><name>DC_DummyCriticalTelecommand</name>::<name>getNumberOfExecutions</name></name><parameter_list>(<param><decl><type><name>void</name></type></decl></param>)</parameter_list> <block>{
	<return>return <expr><name>numberOfExecutions</name></expr>;</return>
}</block></function>

<function><type><name>bool</name></type> <name><name>DC_DummyCriticalTelecommand</name>::<name>isImageValid</name></name><parameter_list>(<param><decl><type><name>void</name></type></decl></param>)</parameter_list> <block>{
	<return>return <expr><name>imageValid</name></expr>;</return>
}</block></function>

<function><type><name>void</name></type> <name><name>DC_DummyCriticalTelecommand</name>::<name>setImageValidity</name></name><parameter_list>(<param><decl><type><name>bool</name></type> <name>isValid</name></decl></param>)</parameter_list> <block>{
	<expr_stmt><expr><name>imageValid</name>=<name>isValid</name></expr>;</expr_stmt>
}</block></function>
</unit>
