<unit xmlns="http://www.sdml.info/srcML/src" xmlns:cpp="http://www.sdml.info/srcML/cpp">
<comment type="line">//
</comment><comment type="line">// Copyright 2004 P&amp;P Software GmbH - All Rights Reserved
</comment><comment type="line">//
</comment><comment type="line">// DC_DummyPUSTelecommand.h
</comment><comment type="line">//
</comment><comment type="line">// Version	1.0
</comment><comment type="line">// Date		05.12.02
</comment><comment type="line">// Author	A. Pasetti (P&amp;P Software)
</comment>
<cpp:ifndef>#<cpp:directive>ifndef</cpp:directive> <name>DC_DummyPUSTelecommandH</name></cpp:ifndef>
<cpp:define>#<cpp:directive>define</cpp:directive> <name>DC_DummyPUSTelecommandH</name></cpp:define>

<cpp:include>#<cpp:directive>include</cpp:directive> <cpp:file>"../GeneralInclude/ForwardDeclarations.h"</cpp:file></cpp:include>
<cpp:include>#<cpp:directive>include</cpp:directive> <cpp:file>"../GeneralInclude/BasicTypes.h"</cpp:file></cpp:include>
<cpp:include>#<cpp:directive>include</cpp:directive> <cpp:file>"PUSTelecommand.h"</cpp:file></cpp:include>

<comment type="block">/**
 * Dummy PUS telecommand that increments a counter every time it is 
 * executed. This telecommand is useful for testing purposes.
 * The values of the telecommand packet attributes are initialized 
 * to: &lt;ul&gt;
 * &lt;li&gt;The telecommand identifier is set to TEST_TC_ID&lt;/li&gt;
 * &lt;li&gt;The telecommand type is set to TEST_TC_TYPE&lt;/li&gt;
 * &lt;li&gt;The telecommand subtype is set to TEST_TC_SUBTYPE&lt;/li&gt;
 * &lt;li&gt;The telecommand source is set to TEST_TC_SOURCE&lt;/li&gt;
 * &lt;li&gt;The telecommand acknowledge level is set to indicate "no acknoledge is required"&lt;/li&gt;
 * &lt;/ul&gt;
 * The constants are defined in file &lt;code&gt;TestConstants.h&lt;/code&gt;.
 * Note that the APID of the process
 * receiving the telecommands does not need to be set because it is
 * a static field that should be set during the test set up process.
 * @author Alessandro Pasetti (P&amp;P Software GmbH)
 * @version 1.0
 */</comment>
<class>class <name>DC_DummyPUSTelecommand</name> <super>: <specifier>public</specifier> <name>PUSTelecommand</name></super> <block>{<private type="default">

  </private><private>private:
    <decl_stmt><decl><type><name>unsigned</name> <name>int</name></type> <name>executionCounter</name></decl>;</decl_stmt> 

  </private><protected>protected:

    <comment type="block">/**
     * Increment the execution counter by one and return a code of "action successful".
     * @see PunctualAction#execute
     * @return always returns a "telecommand successfully executed" code
     */</comment>
    <function_decl><type><name>virtual</name> <name>TD_ActionOutcome</name></type> <name>doAction</name><parameter_list>(<param><decl><type><name>void</name></type></decl></param>)</parameter_list>;</function_decl>

  </protected><public>public:

    <comment type="block">/**
     * Instantiate a dummy PUS telecommand.
     * The execution counter is set to zero. The class identifier is set.
     * The values of the telecommand packet attributes are initialized 
     * as described in the class comment.
     */</comment>
    <constructor_decl><name>DC_DummyPUSTelecommand</name><parameter_list>(<param><decl><type><name>void</name></type></decl></param>)</parameter_list>;</constructor_decl>

    <comment type="block">/**
     * Getter method for the execution counter.
     * @return the execution counter
     */</comment>
    <function_decl><type><name>unsigned</name> <name>int</name></type> <name>getExecutionCounter</name><parameter_list>(<param><decl><type><name>void</name></type></decl></param>)</parameter_list>;</function_decl>
 </public>}</block>;</class>

<cpp:endif>#<cpp:directive>endif</cpp:directive></cpp:endif> 
</unit>
