<unit xmlns="http://www.sdml.info/srcML/src" xmlns:cpp="http://www.sdml.info/srcML/cpp">
<comment type="line">//
</comment><comment type="line">// Copyright 2004 P&amp;P Software GmbH - All Rights Reserved
</comment><comment type="line">//
</comment><comment type="line">// DC_DummyTelecommand.h
</comment><comment type="line">//
</comment><comment type="line">// Version	1.0
</comment><comment type="line">// Date		05.12.02
</comment><comment type="line">// Author	A. Pasetti (P&amp;P Software)
</comment>
<cpp:ifndef>#<cpp:directive>ifndef</cpp:directive> <name>DC_DummyTelecommandH</name></cpp:ifndef>
<cpp:define>#<cpp:directive>define</cpp:directive> <name>DC_DummyTelecommandH</name></cpp:define>

<cpp:include>#<cpp:directive>include</cpp:directive> <cpp:file>"../GeneralInclude/ForwardDeclarations.h"</cpp:file></cpp:include>
<cpp:include>#<cpp:directive>include</cpp:directive> <cpp:file>"../GeneralInclude/BasicTypes.h"</cpp:file></cpp:include>
<cpp:include>#<cpp:directive>include</cpp:directive> <cpp:file>"Telecommand.h"</cpp:file></cpp:include>

<comment type="block">/**
 * Dummy telecommand that increments a counter every time it is 
 * executed. This telecommand is useful for testing purposes.
 * The telecommand maintains an &lt;i&gt;execution counter&lt;/i&gt; that is initialized 
 * to zero when the telecommand object is first instantiated and is 
 * incremented by one every time the telecommand receives an &lt;code&gt;execute&lt;/code&gt;
 * request. There is no way to reset the execution counter.
 * &lt;p&gt;
 * The telecommand offer methods to change the return value of its
 * execution check and of its validity check and to set the values of
 * validity and execution check codes. These are useful to 
 * simulate telecommands whose
 * execution check returns "telecommand cannot executed" or whose
 * validity check returns "telecommand not valid".
 * @author Alessandro Pasetti (P&amp;P Software GmbH)
 * @version 1.0
 */</comment>
<class>class <name>DC_DummyTelecommand</name> <super>: <specifier>public</specifier> <name>Telecommand</name></super> <block>{<private type="default">

  </private><private>private:
    <decl_stmt><decl><type><name>unsigned</name> <name>int</name></type> <name>executionCounter</name></decl>;</decl_stmt> 
    <decl_stmt><decl><type><name>bool</name></type> <name>executionCheckValue</name></decl>;</decl_stmt>
    <decl_stmt><decl><type><name>bool</name></type> <name>validityCheckValue</name></decl>;</decl_stmt>
    <decl_stmt><decl><type><name>TD_CheckCode</name></type> <name>executionCheckCode</name></decl>;</decl_stmt>
    <decl_stmt><decl><type><name>TD_CheckCode</name></type> <name>validityCheckCode</name></decl>;</decl_stmt>

  </private><protected>protected:

    <comment type="block">/**
     * Increment the execution counter by one and return a code of "action successful".
     * Note that there is no protection against
     * an overflow in the value of the execution counter.
     * @see PunctualAction#execute
     * @return always returns a "telecommand successfully executed" code
     */</comment>
    <function_decl><type><name>virtual</name> <name>TD_ActionOutcome</name></type> <name>doAction</name><parameter_list>(<param><decl><type><name>void</name></type></decl></param>)</parameter_list>;</function_decl>

  </protected><public>public:

    <comment type="block">/**
     * Instantiate a dummy telecommand.
     * The execution counter is set to zero.
     * The telecommand is configured to have an execution check that returns:
     * "telecommand can be executed" and a validity check that returns:
     * "telecommand is valid". The validity and execution check codes are
     * initialized to zero.
     */</comment>
    <constructor_decl><name>DC_DummyTelecommand</name><parameter_list>(<param><decl><type><name>void</name></type></decl></param>)</parameter_list>;</constructor_decl>

    <comment type="block">/**
     * Getter method for the execution counter.
     * @return the execution counter
     */</comment>
    <function_decl><type><name>unsigned</name> <name>int</name></type> <name>getExecutionCounter</name><parameter_list>(<param><decl><type><name>void</name></type></decl></param>)</parameter_list>;</function_decl>

    <comment type="block">/**
     * Execute the execution check on the telecommand.
     * A pseudo-code implementation for this method is as follows: &lt;PRE&gt;
     *      return executionCheckValue; &lt;/PRE&gt;
     * The internal variable &lt;code&gt;executionCheckValue&lt;/code&gt; is initialized
     * to &lt;code&gt;TC_CANNOT_EXECUTE&lt;/code&gt; by the constructor but its value
     * can be changed with method &lt;code&gt;setExecutionCheckValue&lt;/code&gt;
     * @see #setExecutionCheckValue
     * @see CC_TelecommandManager#activate
     * @return the value of the internal variable &lt;code&gt;setExecutionCheckValue&lt;/code&gt;
     */</comment>
    <function_decl><type><name>virtual</name> <name>bool</name></type> <name>canExecute</name><parameter_list>(<param><decl><type><name>void</name></type></decl></param>)</parameter_list>;</function_decl>

    <comment type="block">/**
     * Execute the validity check on the telecommand.
     * A pseudo-code implementation for this method is as follows: &lt;PRE&gt;
     *      return validityCheckValue; &lt;/PRE&gt;
     * The internal variable &lt;code&gt;validityCheckValue&lt;/code&gt; is initialized
     * to &lt;code&gt;VALID&lt;/code&gt; by the constructor but its value
     * can be changed with method &lt;code&gt;setValidityCheckValue&lt;/code&gt;
     * @see #setValidityCheckValue
     * @see CC_TelecommandManager#load
     * @return the value of the internal variable &lt;code&gt;setExecutionCheckValue&lt;/code&gt;
     */</comment>
    <function_decl><type><name>virtual</name> <name>bool</name></type> <name>isValid</name><parameter_list>(<param><decl><type><name>void</name></type></decl></param>)</parameter_list>;</function_decl>

    <comment type="block">/**
     * Return the validity check code for the telecommand.
     * This implementation returns a user-defined value that is set with method
     * &lt;code&gt;setValidityCheckCode&lt;/code&gt;.
     * @see #setValidityCheckCode
     * @return the validity check code
     */</comment>
    <function_decl><type><name>virtual</name> <name>TD_CheckCode</name></type> <name>getValidityCheckCode</name><parameter_list>(<param><decl><type><name>void</name></type></decl></param>)</parameter_list> <specifier>const</specifier>;</function_decl>

    <comment type="block">/**
     * Return the execution check code for the telecommand.
     * This implementation returns a user-defined value that is set with method
     * &lt;code&gt;setExecutionCheckCode&lt;/code&gt;.
     * @see #setExecutionCheckCode
     * @return the validity check code
     */</comment>
    <function_decl><type><name>virtual</name> <name>TD_CheckCode</name></type> <name>getExecutionCheckCode</name><parameter_list>(<param><decl><type><name>void</name></type></decl></param>)</parameter_list> <specifier>const</specifier>;</function_decl>

    <comment type="block">/**
     * Set the return value of the execution check.
     * This is a setter method for the internal variable &lt;code&gt;executionCheckValue&lt;/code&gt;
     * which defines the return value of the execution check implemented by this
     * telecommand.
     * @see #canExecute
     * @param executionCheckValue the value of the internal variable &lt;code&gt;setExecutionCheckValue&lt;/code&gt;
     */</comment>
    <function_decl><type><name>void</name></type> <name>setExecutionCheckValue</name><parameter_list>(<param><decl><type><name>bool</name></type> <name>executionCheckValue</name></decl></param>)</parameter_list>;</function_decl>

    <comment type="block">/**
     * Set the return value of the validity check.
     * This is a setter method for the internal variable &lt;code&gt;validityCheckValue&lt;/code&gt;
     * which defines the return value of the validity check implemented by this
     * telecommand.
     * @see #isValid
     * @param validityCheckValue the value of the internal variable &lt;code&gt;setExecutionCheckValue&lt;/code&gt;
     */</comment>
    <function_decl><type><name>void</name></type> <name>setValidityCheckValue</name><parameter_list>(<param><decl><type><name>bool</name></type> <name>validityCheckValue</name></decl></param>)</parameter_list>;</function_decl>

    <comment type="block">/**
     * Set the value of the validity check code.
     * This is a setter method for an internal variable 
     * which defines the return value of method &lt;code&gt;getValidityCheckCode&lt;/code&gt;.
     * @see #getValidityCheckCode
     * @param validityCheckCode the value of the validity check code
     */</comment>
    <function_decl><type><name>void</name></type> <name>setValidityCheckCode</name><parameter_list>(<param><decl><type><name>TD_CheckCode</name></type> <name>validityCheckCode</name></decl></param>)</parameter_list>;</function_decl>

    <comment type="block">/**
     * Set the value of the execution check code.
     * This is a setter method for an internal variable 
     * which defines the return value of method &lt;code&gt;getExecutionCheckCode&lt;/code&gt;.
     * @see #getExecutionCheckCode
     * @param executionCheckCode the value of the validity check code
     */</comment>
    <function_decl><type><name>void</name></type> <name>setExecutionCheckCode</name><parameter_list>(<param><decl><type><name>TD_CheckCode</name></type> <name>executionCheckCode</name></decl></param>)</parameter_list>;</function_decl>
</public>}</block>;</class>

<cpp:endif>#<cpp:directive>endif</cpp:directive></cpp:endif> 
</unit>
