<unit xmlns="http://www.sdml.info/srcML/src" xmlns:cpp="http://www.sdml.info/srcML/cpp">
<comment type="line">//
</comment><comment type="line">// Copyright 2004 P&amp;P Software GmbH - All Rights Reserved
</comment><comment type="line">//
</comment><comment type="line">// DC_DummyCriticalTelecommand.h
</comment><comment type="line">//
</comment><comment type="line">// Version	1.0
</comment><comment type="line">// Date		17.06.03
</comment><comment type="line">// Author	R. Totaro
</comment>
<cpp:ifndef>#<cpp:directive>ifndef</cpp:directive> <name>DC_DummyCriticalTelecommandH</name></cpp:ifndef>
<cpp:define>#<cpp:directive>define</cpp:directive> <name>DC_DummyCriticalTelecommandH</name></cpp:define>

<cpp:include>#<cpp:directive>include</cpp:directive> <cpp:file>"../GeneralInclude/ForwardDeclarations.h"</cpp:file></cpp:include>
<cpp:include>#<cpp:directive>include</cpp:directive> <cpp:file>"../GeneralInclude/BasicTypes.h"</cpp:file></cpp:include>
<cpp:include>#<cpp:directive>include</cpp:directive> <cpp:file>"CriticalTelecommand.h"</cpp:file></cpp:include>

<comment type="block">/**
 * Dummy telecommand that increments a counter every time it is 
 * executed. This telecommand is useful for testing purposes.
 * The telecommand maintains an &lt;i&gt;execution counter&lt;/i&gt; that is initialized 
 * to zero when the telecommand object is first instantiated and is 
 * incremented by one every time the telecommand receives an &lt;code&gt;execute&lt;/code&gt;
 * request. There is no way to reset the execution counter.
 * &lt;p&gt;
 * The telecommand offers a method to change the return value of its
 * execution check and of its validity check. These are useful to 
 * simulate telecommands whose
 * execution check returns "telecommand cannot executed" or whose
 * validity check returns "telecommand not valid".
 * @author Roberto Totaro
 * @version 1.0
 */</comment>
<class>class <name>DC_DummyCriticalTelecommand</name> <super>: <specifier>public</specifier> <name>CriticalTelecommand</name></super> <block>{<private type="default">
</private><private>private:
	<decl_stmt><decl><type><name>unsigned</name> <name>int</name></type> <name>numberOfExecutions</name></decl>;</decl_stmt>
	<decl_stmt><decl><type><name>bool</name></type>         <name>imageValid</name></decl>;</decl_stmt>

</private><protected>protected:
	<comment type="block">/**
	 * Increments &lt;code&gt;numberOfExecutions&lt;/code&gt; and returns a code
	 * of "action successful".
	 * @see #getNumberOfExecutions
	 * @see CriticalTelecommand#doAction
	 * @return always returns a "telecommand successfully executed" code
	 */</comment>
	<function_decl><type><name>virtual</name> <name>TD_ActionOutcome</name></type> <name>doCriticalAction</name><parameter_list>(<param><decl><type><name>void</name></type></decl></param>)</parameter_list>;</function_decl>

</protected><public>public:
	<comment type="block">/**
	 * Instantiate a dummy telecommand.
	 * The execution counter is set to zero.
	 * The telecommand is configured to have an execution check that returns:
	 * "telecommand can executed" and a validity check that returns:
	 * "telecommand is valid".
	 */</comment>
	<constructor_decl><name>DC_DummyCriticalTelecommand</name><parameter_list>(<param><decl><type><name>void</name></type></decl></param>)</parameter_list>;</constructor_decl>

	<comment type="block">/**
	 * Getter method for &lt;code&gt;numberOfExecutions&lt;/code&gt;. Used only for
	 * testing purposes.
	 * @see #doCriticalAction
	 * @return the number of times doCriticalAction() has been called
	 */</comment>
	<function_decl><type><name>unsigned</name> <name>int</name></type> <name>getNumberOfExecutions</name><parameter_list>(<param><decl><type><name>void</name></type></decl></param>)</parameter_list>;</function_decl>

	<comment type="block">/**
	 * The base class default implementation is overridden in order
	 * to be able to thoroughly test &lt;code&gt;canExecute()&lt;/code&gt;. This method
	 * returns the value of the &lt;code&gt;imageValid&lt;/code&gt; member variable.
	 * @see CriticalTelecommand#canExecute
	 * @see #setImageValidity
	 * @return the value of imageValid
	 */</comment>
    <function_decl><type><name>virtual</name> <name>bool</name></type> <name>isImageValid</name><parameter_list>(<param><decl><type><name>void</name></type></decl></param>)</parameter_list>;</function_decl>

	<comment type="block">/**
	 * Setter method for &lt;code&gt;imageValid&lt;/code&gt;. Used only for testing purposes.
	 * @see #isImageValid
	 * @param isValid new value of imageValid
	 */</comment>
	<function_decl><type><name>void</name></type> <name>setImageValidity</name><parameter_list>(<param><decl><type><name>bool</name></type> <name>isValid</name></decl></param>)</parameter_list>;</function_decl>
</public>}</block>;</class>

<cpp:endif>#<cpp:directive>endif</cpp:directive></cpp:endif> 
</unit>
