<unit xmlns="http://www.sdml.info/srcML/src" xmlns:cpp="http://www.sdml.info/srcML/cpp">
<comment type="line">//
</comment><comment type="line">// Copyright 2004 P&amp;P Software GmbH - All Rights Reserved
</comment><comment type="line">//
</comment><comment type="line">// DC_DummyPUSTelecommand.cpp
</comment><comment type="line">//
</comment><comment type="line">// Version	1.0
</comment><comment type="line">// Date		4.12.02
</comment><comment type="line">// Author	A. Pasetti (P&amp;P Software)
</comment>
<cpp:include>#<cpp:directive>include</cpp:directive> <cpp:file>"../GeneralInclude/CompilerSwitches.h"</cpp:file></cpp:include>
<cpp:include>#<cpp:directive>include</cpp:directive> <cpp:file>"../GeneralInclude/ClassId.h"</cpp:file></cpp:include>
<cpp:include>#<cpp:directive>include</cpp:directive> <cpp:file>"../GeneralInclude/Constants.h"</cpp:file></cpp:include>
<cpp:include>#<cpp:directive>include</cpp:directive> <cpp:file>"../GeneralInclude/TestConstants.h"</cpp:file></cpp:include>
<cpp:include>#<cpp:directive>include</cpp:directive> <cpp:file>"DC_DummyPUSTelecommand.h"</cpp:file></cpp:include>

<constructor><name>DC_DummyPUSTelecommand::DC_DummyPUSTelecommand</name><parameter_list>(<param><decl><type><name>void</name></type></decl></param>)</parameter_list> <block>{
   <expr_stmt><expr><name>executionCounter</name> = 0</expr>;</expr_stmt> 
   <expr_stmt><expr><call><name>setClassId</name><argument_list>(<argument><expr><name>ID_DUMMYPUSTELECOMMAND</name></expr></argument>)</argument_list></call></expr>;</expr_stmt>
   <expr_stmt><expr><call><name>setAcknowledgeLevel</name><argument_list>(<argument><expr>0</expr></argument>)</argument_list></call></expr>;</expr_stmt>
   <expr_stmt><expr><call><name>setTelecommandId</name><argument_list>(<argument><expr><name>TEST_TC_ID</name></expr></argument>)</argument_list></call></expr>;</expr_stmt>
   <expr_stmt><expr><call><name>setSource</name><argument_list>(<argument><expr><name>TEST_TC_SOURCE</name></expr></argument>)</argument_list></call></expr>;</expr_stmt>
   <expr_stmt><expr><call><name>setSubType</name><argument_list>(<argument><expr><name>TEST_TC_SUBTYPE</name></expr></argument>)</argument_list></call></expr>;</expr_stmt>
   <expr_stmt><expr><call><name>setType</name><argument_list>(<argument><expr><name>TEST_TC_TYPE</name></expr></argument>)</argument_list></call></expr>;</expr_stmt>
}</block></constructor>

<function><type><name>unsigned</name> <name>int</name></type> <name><name>DC_DummyPUSTelecommand</name>::<name>getExecutionCounter</name></name><parameter_list>(<param><decl><type><name>void</name></type></decl></param>)</parameter_list> <block>{
   <return>return <expr><name>executionCounter</name></expr>;</return>
}</block></function>

<function><type><name>TD_ActionOutcome</name></type> <name><name>DC_DummyPUSTelecommand</name>::<name>doAction</name></name><parameter_list>(<param><decl><type><name>void</name></type></decl></param>)</parameter_list> <block>{
   <expr_stmt><expr><name>executionCounter</name>++</expr>;</expr_stmt>
   <return>return <expr><name>ACTION_SUCCESS</name></expr>;</return>
}</block></function>

</unit>
