<unit xmlns="http://www.sdml.info/srcML/src" xmlns:cpp="http://www.sdml.info/srcML/cpp">
<comment type="line">//
</comment><comment type="line">// Copyright 2004 P&amp;P Software GmbH - All Rights Reserved
</comment><comment type="line">//
</comment><comment type="line">// DC_PUSClearDataReporting.cpp
</comment><comment type="line">//
</comment><comment type="line">// Version	1.0
</comment><comment type="line">// Date		4.01.03
</comment><comment type="line">// Author	A. Pasetti (P&amp;P Software)
</comment>
<cpp:include>#<cpp:directive>include</cpp:directive> <cpp:file>"../GeneralInclude/CompilerSwitches.h"</cpp:file></cpp:include>
<cpp:include>#<cpp:directive>include</cpp:directive> <cpp:file>"../GeneralInclude/DebugSupport.h"</cpp:file></cpp:include>
<cpp:include>#<cpp:directive>include</cpp:directive> <cpp:file>"../GeneralInclude/ClassId.h"</cpp:file></cpp:include>
<cpp:include>#<cpp:directive>include</cpp:directive> <cpp:file>"../GeneralInclude/Constants.h"</cpp:file></cpp:include>
<cpp:include>#<cpp:directive>include</cpp:directive> <cpp:file>"DC_PUSClearDataReporting.h"</cpp:file></cpp:include>
<cpp:include>#<cpp:directive>include</cpp:directive> <cpp:file>"../Telemetry/CC_TelemetryPacketFactory.h"</cpp:file></cpp:include>
<cpp:include>#<cpp:directive>include</cpp:directive> <cpp:file>"../Telemetry/CC_TelemetryManager.h"</cpp:file></cpp:include>
<cpp:include>#<cpp:directive>include</cpp:directive> <cpp:file>"../Telemetry/DC_PUSTelemetryModeManager.h"</cpp:file></cpp:include>

<constructor><name>DC_PUSClearDataReporting::DC_PUSClearDataReporting</name><parameter_list>(<param><decl><type><name>void</name></type></decl></param>)</parameter_list> <block>{
   <expr_stmt><expr><call><name>setClassId</name><argument_list>(<argument><expr><name>ID_PUSCLEARDATAREPORTING</name></expr></argument>)</argument_list></call></expr>;</expr_stmt>
   <expr_stmt><expr><call><name>setType</name><argument_list>(<argument><expr><name>PUS_TYPE_DATA_REP</name></expr></argument>)</argument_list></call></expr>;</expr_stmt>
   <expr_stmt><expr><name>sid</name> = <name>pNULL</name></expr>;</expr_stmt>
   <expr_stmt><expr><name>sidOverlay</name> = <name>pNULL</name></expr>;</expr_stmt>
   <expr_stmt><expr><name>nsid</name> = 0</expr>;</expr_stmt>
   <expr_stmt><expr><name>maxNsid</name> = 0</expr>;</expr_stmt>
   <expr_stmt><expr><name>lasti</name> = 0</expr>;</expr_stmt>

   <expr_stmt><expr><name>pTmModeManager</name> = <name>pNULL</name></expr>;</expr_stmt>
}</block></constructor>

<function><type><name>void</name></type> <name><name>DC_PUSClearDataReporting</name>::<name>setMaxNumberSID</name></name><parameter_list>(<param><decl><type><name>unsigned</name> <name>char</name></type> <name>max</name></decl></param>)</parameter_list> <block>{
    <expr_stmt><expr><call><name>assert</name><argument_list>( <argument><expr><name>max</name>&gt;0</expr></argument> )</argument_list></call></expr>;</expr_stmt>
    <expr_stmt><expr><call><name>assert</name><argument_list>( <argument><expr><name>maxNsid</name>==0</expr></argument> )</argument_list></call></expr>;</expr_stmt>   <comment type="line">// can only be called once
</comment>
    <expr_stmt><expr><name>maxNsid</name> = <name>max</name></expr>;</expr_stmt>
    <expr_stmt><expr><name>sid</name> = new <name><name>TD_SID</name>[<expr><name>maxNsid</name></expr>]</name></expr>;</expr_stmt>
    <expr_stmt><expr><name>sidOverlay</name> = (<name>unsigned</name> <name>char</name>*)<name>sid</name></expr>;</expr_stmt>
    <for>for (<init><expr><type><name>unsigned</name> <name>int</name></type> <name>i</name>=<init><expr>0</expr></init></expr>;</init> <condition><expr><name>i</name>&lt;<name>maxNsid</name></expr>;</condition> <incr><expr><name>i</name>++</expr></incr>)
        <expr_stmt><expr><name><name>sid</name>[<expr><name>i</name></expr>]</name> = 0</expr>;</expr_stmt></for>
}</block></function>

<function><type><name>void</name></type> <name><name>DC_PUSClearDataReporting</name>::<name>setRawData</name></name><parameter_list>(<param><decl><type><name>unsigned</name> <name>int</name></type> <name>i</name></decl></param>, <param><decl><type><name>unsigned</name> <name>char</name></type> <name>d</name></decl></param>)</parameter_list> <block>{
    <expr_stmt><expr><call><name>assert</name><argument_list>( <argument><expr><name>i</name>&lt;=<name>maxNsid</name>*<call><name>sizeof</name><argument_list>(<argument><expr><name>TD_SID</name></expr></argument>)</argument_list></call></expr></argument> )</argument_list></call></expr>;</expr_stmt>
    <macro>assert<argument_list>( (i==0) || (i==(lasti+1)) )</argument_list>;</macro>    <comment type="line">// check that i argument increments by 1 in each call
</comment>
    <expr_stmt><expr><name>lasti</name> = <name>i</name></expr>;</expr_stmt>
    <if>if <condition>(<expr><name>i</name>==0</expr>)</condition><then> <block>{
        <expr_stmt><expr><call><name>setValidityCheckCode</name><argument_list>(<argument><expr><name>VC_INCONSISTENT_RAW_DATA</name></expr></argument>)</argument_list></call></expr>;</expr_stmt>
        <expr_stmt><expr><name>nsid</name> = <name>d</name></expr>;</expr_stmt>
        <if>if <condition>(<expr><name>nsid</name>&gt;<name>maxNsid</name></expr>)</condition><then>
            <expr_stmt><expr><call><name>setValidityCheckCode</name><argument_list>(<argument><expr><name>VC_TOO_MANY_SIDS</name></expr></argument>)</argument_list></call></expr>;</expr_stmt></then></if>
        <return>return;</return>
    }</block></then></if>

    <if>if <condition>( <expr><name>i</name>&lt;<name>nsid</name>*<call><name>sizeof</name><argument_list>(<argument><expr><name>TD_SID</name></expr></argument>)</argument_list></call> &amp;&amp; (<call><name>getValidityCheckCode</name><argument_list>()</argument_list></call>==<name>VC_INCONSISTENT_RAW_DATA</name>)</expr> )</condition><then> <block>{
        <expr_stmt><expr><name><name>sidOverlay</name>[<expr><name>i</name>-1</expr>]</name> = <name>d</name></expr>;</expr_stmt>
        <return>return;</return>
    }</block></then></if>

    <if>if <condition>( <expr><name>i</name>==<name>nsid</name>*<call><name>sizeof</name><argument_list>(<argument><expr><name>TD_SID</name></expr></argument>)</argument_list></call> &amp;&amp; (<call><name>getValidityCheckCode</name><argument_list>()</argument_list></call>==<name>VC_INCONSISTENT_RAW_DATA</name>)</expr> )</condition><then> <block>{
        <expr_stmt><expr><call><name>setValidityCheckCode</name><argument_list>(<argument><expr>0</expr></argument>)</argument_list></call></expr>;</expr_stmt>
        <expr_stmt><expr><name><name>sidOverlay</name>[<expr><name>i</name>-1</expr>]</name> = <name>d</name></expr>;</expr_stmt>
        <return>return;</return>
    }</block></then></if>

    <if>if <condition>( <expr><name>i</name>&gt;=(<name>maxNsid</name>*<call><name>sizeof</name><argument_list>(<argument><expr><name>TD_SID</name></expr></argument>)</argument_list></call>+1)</expr> )</condition><then> <block>{
        <expr_stmt><expr><call><name>setValidityCheckCode</name><argument_list>(<argument><expr><name>VC_TOO_MANY_RAW_DATA</name></expr></argument>)</argument_list></call></expr>;</expr_stmt>
        <return>return;</return>
    }</block></then></if>

}</block></function>

<function><type><name>unsigned</name> <name>int</name></type> <name><name>DC_PUSClearDataReporting</name>::<name>getNumberOfRawData</name></name><parameter_list>(<param><decl><type><name>void</name></type></decl></param>)</parameter_list> <specifier>const</specifier> <block>{
    <return>return <expr><name>maxNsid</name>*<call><name>sizeof</name><argument_list>(<argument><expr><name>TD_SID</name></expr></argument>)</argument_list></call>+1</expr>;</return>
}</block></function>

<function><type><name>TD_ActionOutcome</name></type> <name><name>DC_PUSClearDataReporting</name>::<name>doAction</name></name><parameter_list>(<param><decl><type><name>void</name></type></decl></param>)</parameter_list> <block>{
    <macro>assert<argument_list>( (getSubType()==PUS_ST_DATA_REP_CLR_HK) ||
            (getSubType()==PUS_ST_DATA_REP_CLR_DG) )</argument_list>;</macro>

    <decl_stmt><decl><type><name>CC_TelemetryPacketFactory</name>*</type> <name>pFct</name> =<init> <expr><call><name><name>CC_TelemetryPacketFactory</name>::<name>getInstance</name></name><argument_list>()</argument_list></call></expr></init></decl>;</decl_stmt>
    <decl_stmt><decl><type><name>TD_ActionOutcome</name></type> <name>outcome</name>=<init><expr><name>ACTION_SUCCESS</name></expr></init></decl>;</decl_stmt>

    <for>for (<init><expr><type><name>unsigned</name> <name>int</name></type> <name>i</name>=<init><expr>0</expr></init></expr>;</init> <condition><expr><name>i</name>&lt;<name>nsid</name></expr>;</condition> <incr><expr><name>i</name>++</expr></incr>) <block>{
        <decl_stmt><decl><type><name>DC_PUSDataReportingPacket</name>*</type> <name>pPck</name> =<init> <expr><name>pFct</name>-&gt;<call><name>getPUSDataReportingPacket</name><argument_list>(<argument><expr><name><name>sid</name>[<expr><name>i</name></expr>]</name></expr></argument>)</argument_list></call></expr></init></decl>;</decl_stmt>
        <if>if <condition>( <expr><name>pPck</name>==<name>pNULL</name></expr> )</condition><then> 
            <expr_stmt><expr><name>outcome</name> = <name>ACTION_FAILURE</name></expr>;</expr_stmt></then>
        <else>else 
            <expr_stmt><expr><name>pPck</name>-&gt;<call><name>setInUse</name><argument_list>(<argument><expr><name>NOT_IN_USE</name></expr></argument>)</argument_list></call></expr>;</expr_stmt></else></if>

        <if>if <condition>( <expr><name>pTmModeManager</name>-&gt;<call><name>isSIDLoaded</name><argument_list>(<argument><expr><name><name>sid</name>[<expr><name>i</name></expr>]</name></expr></argument>)</argument_list></call></expr> )</condition><then>
            <expr_stmt><expr><name>pTmModeManager</name>-&gt;<call><name>unloadPacket</name><argument_list>(<argument><expr><name><name>sid</name>[<expr><name>i</name></expr>]</name></expr></argument>)</argument_list></call></expr>;</expr_stmt></then></if>
     }</block></for>
    
    <return>return <expr><name>outcome</name></expr>;</return>
}</block></function>

<function><type><name>void</name></type> <name><name>DC_PUSClearDataReporting</name>::<name>setPUSTelemetryModeManager</name></name><parameter_list>(<param><decl><type><name>DC_PUSTelemetryModeManager</name>*</type> <name>pTmModeManager</name></decl></param>)</parameter_list> <block>{
    <expr_stmt><expr><call><name>assert</name><argument_list>( <argument><expr><name>pTmModeManager</name>!=<name>pNULL</name></expr></argument> )</argument_list></call></expr>;</expr_stmt>
    <expr_stmt><expr><name>this</name>-&gt;<name>pTmModeManager</name> = <name>pTmModeManager</name></expr>;</expr_stmt>
}</block></function>


<function><type><name>DC_PUSTelemetryModeManager</name>*</type> <name><name>DC_PUSClearDataReporting</name>::<name>getPUSTelemetryModeManager</name></name><parameter_list>()</parameter_list> <specifier>const</specifier> <block>{
    <return>return <expr><name>pTmModeManager</name></expr>;</return>
}</block></function>

<function><type><name>bool</name></type> <name><name>DC_PUSClearDataReporting</name>::<name>isObjectConfigured</name></name><parameter_list>(<param><decl><type><name>void</name></type></decl></param>)</parameter_list> <block>{
   <return>return <expr>(<call><name><name>PUSTelecommand</name>::<name>isObjectConfigured</name></name><argument_list>()</argument_list></call> &amp;&amp; <name>maxNsid</name>!=0 &amp;&amp; <name>pTmModeManager</name>!=<name>pNULL</name>)</expr>;</return>
}</block></function>
</unit>
