<unit xmlns="http://www.sdml.info/srcML/src" xmlns:cpp="http://www.sdml.info/srcML/cpp">
<comment type="line">//
</comment><comment type="line">// Copyright 2004 P&amp;P Software GmbH - All Rights Reserved
</comment><comment type="line">//
</comment><comment type="line">// DC_PUSMemoryLoadAbsolute.cpp
</comment><comment type="line">//
</comment><comment type="line">// Version	1.0
</comment><comment type="line">// Date		4.12.03
</comment><comment type="line">// Author	A. Pasetti (P&amp;P Software)
</comment>
<cpp:include>#<cpp:directive>include</cpp:directive> <cpp:file>"../GeneralInclude/CompilerSwitches.h"</cpp:file></cpp:include>
<cpp:include>#<cpp:directive>include</cpp:directive> <cpp:file>"../GeneralInclude/DebugSupport.h"</cpp:file></cpp:include>
<cpp:include>#<cpp:directive>include</cpp:directive> <cpp:file>"../GeneralInclude/Constants.h"</cpp:file></cpp:include>
<cpp:include>#<cpp:directive>include</cpp:directive> <cpp:file>"../GeneralInclude/ClassId.h"</cpp:file></cpp:include>
<cpp:include>#<cpp:directive>include</cpp:directive> <cpp:file>"DC_PUSMemoryLoadAbsolute.h"</cpp:file></cpp:include>

<cpp:include>#<cpp:directive>include</cpp:directive> <cpp:file>&lt;string.h&gt;</cpp:file></cpp:include>

<constructor><name>DC_PUSMemoryLoadAbsolute::DC_PUSMemoryLoadAbsolute</name><parameter_list>(<param><decl><type><name>void</name></type></decl></param>)</parameter_list> <block>{
    <expr_stmt><expr><call><name>setClassId</name><argument_list>(<argument><expr><name>ID_PUSMEMORYLOADABSOLUTE</name></expr></argument>)</argument_list></call></expr>;</expr_stmt>
    <expr_stmt><expr><call><name>setSubType</name><argument_list>(<argument><expr><name>PUS_ST_TC_MEM_ABS</name></expr></argument>)</argument_list></call></expr>;</expr_stmt>
    <expr_stmt><expr><name>memId</name> = 0</expr>;</expr_stmt>
}</block></constructor>

<function><type><name>void</name></type> <name><name>DC_PUSMemoryLoadAbsolute</name>::<name>setRawData</name></name><parameter_list>(<param><decl><type><name>unsigned</name> <name>char</name>*</type> <name>d</name></decl></param>, <param><decl><type><name>unsigned</name> <name>int</name></type> <name>n</name></decl></param>)</parameter_list> <block>{
    <expr_stmt><expr><call><name>assert</name><argument_list>( <argument><expr><name>d</name>!=<name>pNULL</name></expr></argument> )</argument_list></call></expr>;</expr_stmt>
    <expr_stmt><expr><call><name>assert</name><argument_list>( <argument><expr><name>n</name>&gt;0</expr></argument> )</argument_list></call></expr>;</expr_stmt>
    <expr_stmt><expr><call><name>assert</name><argument_list>( <argument><expr><call><name>isObjectConfigured</name><argument_list>()</argument_list></call></expr></argument> )</argument_list></call></expr>;</expr_stmt>

    <expr_stmt><expr><call><name>assert</name><argument_list>( <argument><expr><call><name>sizeof</name><argument_list>(<argument><expr><name>TD_PUSMemData</name></expr></argument>)</argument_list></call>==1</expr></argument> )</argument_list></call></expr>;</expr_stmt>

    <expr_stmt><expr><call><name>setValidityCheckCode</name><argument_list>(<argument><expr>0</expr></argument>)</argument_list></call></expr>;</expr_stmt>

    <if>if <condition>( <expr><name>n</name>&lt;=(<call><name>sizeof</name><argument_list>(<argument><expr><name>TD_PUSMemId</name></expr></argument>)</argument_list></call>+<call><name>sizeof</name><argument_list>(<argument><expr><name>TD_PUSNumberMemBlocks</name></expr></argument>)</argument_list></call>)</expr> )</condition><then> <block>{
        <expr_stmt><expr><call><name>setValidityCheckCode</name><argument_list>(<argument><expr><name>VC_INCONSISTENT_RAW_DATA</name></expr></argument>)</argument_list></call></expr>;</expr_stmt>
        <return>return;</return>
    }</block></then></if>

    <decl_stmt><decl><type><name>TD_PUSMemLength</name></type> <name>length</name></decl>;</decl_stmt>
    <decl_stmt><decl><type><name>unsigned</name> <name>int</name></type> <name>counter</name></decl>;</decl_stmt>
    <decl_stmt><decl><type><name>unsigned</name> <name>int</name></type> <name>dataCounter</name></decl>;</decl_stmt>

    <expr_stmt><expr><call><name>memcpy</name><argument_list>(<argument><expr>&amp;<name>memId</name></expr></argument>,<argument><expr><name>d</name></expr></argument>,<argument><expr><call><name>sizeof</name><argument_list>(<argument><expr><name>TD_PUSMemId</name></expr></argument>)</argument_list></call></expr></argument>)</argument_list></call></expr>;</expr_stmt>
    <expr_stmt><expr><call><name>memcpy</name><argument_list>(<argument><expr>&amp;<name>numberBlocks</name></expr></argument>,<argument><expr><name>d</name>+<call><name>sizeof</name><argument_list>(<argument><expr><name>TD_PUSMemId</name></expr></argument>)</argument_list></call></expr></argument>,<argument><expr><call><name>sizeof</name><argument_list>(<argument><expr><name>TD_PUSNumberMemBlocks</name></expr></argument>)</argument_list></call></expr></argument>)</argument_list></call></expr>;</expr_stmt>

    <if>if <condition>(<expr><name>numberBlocks</name>&gt;<name>maxNumberBlocks</name></expr>)</condition><then> <block>{
        <expr_stmt><expr><call><name>setValidityCheckCode</name><argument_list>(<argument><expr><name>VC_TOO_MANY_MEM_BLOCK</name></expr></argument>)</argument_list></call></expr>;</expr_stmt>
        <return>return;</return>
    }</block></then></if>

    <expr_stmt><expr><name>counter</name> = <call><name>sizeof</name><argument_list>(<argument><expr><name>TD_PUSMemId</name></expr></argument>)</argument_list></call>+<call><name>sizeof</name><argument_list>(<argument><expr><name>TD_PUSNumberMemBlocks</name></expr></argument>)</argument_list></call></expr>;</expr_stmt>
    <expr_stmt><expr><name>dataCounter</name> = 0</expr>;</expr_stmt>
    <for>for (<init><expr><type><name>unsigned</name> <name>int</name></type> <name>i</name>=<init><expr>0</expr></init></expr>;</init> <condition><expr><name>i</name>&lt;<name>numberBlocks</name></expr>;</condition> <incr><expr><name>i</name>++</expr></incr>) <block>{
        <expr_stmt><expr><call><name>memcpy</name><argument_list>(<argument><expr>&amp;<name><name>block</name>[<expr><name>i</name></expr>]</name>.<name>startAddress</name></expr></argument>,<argument><expr><name>d</name>+<name>counter</name></expr></argument>,<argument><expr><macro>sizeof<argument_list>(TD_PUSMemData*)</argument_list></macro></expr></argument>)</argument_list></call></expr>;</expr_stmt>
        <expr_stmt><expr><call><name>memcpy</name><argument_list>(<argument><expr>&amp;<name><name>block</name>[<expr><name>i</name></expr>]</name>.<name>length</name></expr></argument>,<argument><expr><name>d</name>+<name>counter</name>+<macro>sizeof<argument_list>(TD_PUSMemData*)</argument_list></macro></expr></argument>,<argument><expr><call><name>sizeof</name><argument_list>(<argument><expr><name>TD_PUSMemLength</name></expr></argument>)</argument_list></call></expr></argument>)</argument_list></call></expr>;</expr_stmt>
        <expr_stmt><expr><name>length</name> = <name><name>block</name>[<expr><name>i</name></expr>]</name>.<name>length</name></expr>;</expr_stmt>
        <if>if <condition>(<expr><name>dataCounter</name>+<name>length</name>&gt;=<name>maxNumberData</name></expr>)</condition><then> <block>{
            <expr_stmt><expr><call><name>setValidityCheckCode</name><argument_list>(<argument><expr><name>VC_TOO_MANY_MEM_DATA</name></expr></argument>)</argument_list></call></expr>;</expr_stmt>
            <return>return;</return>
        }</block></then></if>
        <for>for (<init><expr><type><name>unsigned</name> <name>int</name></type> <name>j</name>=<init><expr>0</expr></init></expr>;</init> <condition><expr><name>j</name>&lt;<name>length</name></expr>;</condition> <incr><expr><name>j</name>++</expr></incr>) 
            <expr_stmt><expr><name><name>data</name>[<expr><name>dataCounter</name>+<name>j</name></expr>]</name> = *(<name>TD_PUSMemData</name>*)(<name>d</name>+<name>counter</name>+<macro>sizeof<argument_list>(TD_PUSMemData*)</argument_list></macro>+
                                                        <call><name>sizeof</name><argument_list>(<argument><expr><name>TD_PUSMemLength</name></expr></argument>)</argument_list></call>+<name>j</name>*<call><name>sizeof</name><argument_list>(<argument><expr><name>TD_PUSMemData</name></expr></argument>)</argument_list></call>)</expr>;</expr_stmt></for>
        <expr_stmt><expr><call><name>memcpy</name><argument_list>(<argument><expr>&amp;<name><name>block</name>[<expr><name>i</name></expr>]</name>.<name>checksum</name></expr></argument>,<argument><expr><name>d</name>+<name>counter</name>+<macro>sizeof<argument_list>(TD_PUSMemData*)</argument_list></macro>+
                                      <call><name>sizeof</name><argument_list>(<argument><expr><name>TD_PUSMemLength</name></expr></argument>)</argument_list></call>+<name>length</name>*<call><name>sizeof</name><argument_list>(<argument><expr><name>TD_PUSMemData</name></expr></argument>)</argument_list></call></expr></argument>,<argument><expr><macro>sizeof<argument_list>(unsigned short)</argument_list></macro></expr></argument>)</argument_list></call></expr>;</expr_stmt>
        <expr_stmt><expr><name>counter</name> = <name>counter</name>+<macro>sizeof<argument_list>(TD_PUSMemData*)</argument_list></macro>+<call><name>sizeof</name><argument_list>(<argument><expr><name>TD_PUSMemLength</name></expr></argument>)</argument_list></call>+<call><name>sizeof</name><argument_list>(<argument><expr><name>TD_PUSMemData</name></expr></argument>)</argument_list></call>*<name>length</name>+2</expr>;</expr_stmt>
        <expr_stmt><expr><name>dataCounter</name> = <name>dataCounter</name>+<name>length</name></expr>;</expr_stmt>
    }</block></for>

    <if>if <condition>(<expr><name>counter</name>!=<name>n</name></expr>)</condition><then> <block>{
        <expr_stmt><expr><call><name>setValidityCheckCode</name><argument_list>(<argument><expr><name>VC_INCONSISTENT_RAW_DATA</name></expr></argument>)</argument_list></call></expr>;</expr_stmt>
        <return>return;</return>
    }</block></then></if>
}</block></function>

<function><type><name>TD_PUSMemId</name></type> <name><name>DC_PUSMemoryLoadAbsolute</name>::<name>getMemoryBlockId</name></name><parameter_list>()</parameter_list> <specifier>const</specifier> <block>{
    <return>return <expr><name>memId</name></expr>;</return>
}</block></function>
</unit>
