<unit xmlns="http://www.sdml.info/srcML/src" xmlns:cpp="http://www.sdml.info/srcML/cpp">
<comment type="line">//
</comment><comment type="line">// Copyright 2004 P&amp;P Software GmbH - All Rights Reserved
</comment><comment type="line">//
</comment><comment type="line">// DC_PUSDumpMemoryAbsolute.h
</comment><comment type="line">//
</comment><comment type="line">// Version	1.0
</comment><comment type="line">// Date		05.01.04
</comment><comment type="line">// Author	A. Pasetti (P&amp;P Software)
</comment>
<cpp:ifndef>#<cpp:directive>ifndef</cpp:directive> <name>DC_PUSDumpMemoryAbsoluteH</name></cpp:ifndef>
<cpp:define>#<cpp:directive>define</cpp:directive> <name>DC_PUSDumpMemoryAbsoluteH</name></cpp:define>

<cpp:include>#<cpp:directive>include</cpp:directive> <cpp:file>"../GeneralInclude/ForwardDeclarations.h"</cpp:file></cpp:include>
<cpp:include>#<cpp:directive>include</cpp:directive> <cpp:file>"../GeneralInclude/BasicTypes.h"</cpp:file></cpp:include>
<cpp:include>#<cpp:directive>include</cpp:directive> <cpp:file>"PUSDumpMemory.h"</cpp:file></cpp:include>

<comment type="block">/**
 * PUS telecommand to set up a memory dump with absolute addresses.
 * This class encapsulates the PUS service type 6, subtype 5.
 * This class adds to its base class the implementation of the execution
 * action. Execution of this telecommand consists in retrieving a free telemetry packet
 * of type &lt;code&gt;DC_PUSMemoryDumpAbsolute&lt;/code&gt; from the telemetry packet factory, 
 * configuring it with the application
 * data and sending it to the telemetry manager for immediate dispatch. The telemetry 
 * manager is loaded as a plug-in component at configuration time. Execution can have 
 * two outcomes. 
 * The telecommand
 * can have a successful outcome (the return value of &lt;code&gt;doAction&lt;/code&gt;
 * is ACTION_SUCCESS) or it can fail for the following reasons:
 * &lt;ul&gt;
 * &lt;li&gt;No free packet could be found in the
 * telemetry packet factory (the return value of &lt;code&gt;doAction&lt;/code&gt;
 * is PACKET_NOT_FOUND)   &lt;/li&gt;
 * &lt;li&gt;The packet could not be loaded in the
 * telemetry manager (the return value of &lt;code&gt;doAction&lt;/code&gt;
 * is TM_MAN_QUEUE_FULL)   &lt;/li&gt;
 * &lt;li&gt;The internal structure of the application data was found to be 
 * inconsistent (the return value of &lt;code&gt;doAction&lt;/code&gt;
 * is APP_DATA_INCONSISTENT)   &lt;/li&gt;
 * &lt;/ul&gt; . 
 * No event reports are generated in case of failure as it is assumed that
 * this is done by the calling client.
 * @see DC_PUSMemoryDumpOffset
 * @author Alessandro Pasetti (P&amp;P Software GmbH)
 * @version 1.0
 */</comment>
<class>class <name>DC_PUSDumpMemoryAbsolute</name> <super>: <specifier>public</specifier> <name>PUSDumpMemory</name></super> <block>{<private type="default">

  </private><protected>protected:

    <comment type="block">/**
     * Use the application data to configure and load a memory dump telemetry packet
     * with base plus offset.
     * This method queries the dynamic telemetry packet factory for a new
     * memory dump packet. If it obtains it, it interprets the application data and 
     * configures the memory dump packet. The following operations are performed on
     * the memory dump packet:&lt;ul&gt;
     * &lt;li&gt;The number of blocks is defined &lt;/li&gt;
     * &lt;li&gt;If a memory dump with base plus offset is required, the base address is
     * set&lt;/li&gt;
     * &lt;li&gt;Each memory block is configured with its start address and length&lt;/li&gt;
     * &lt;/ul&gt;
     * After being configured, the telemetry packet is loaded in the immediate
     * dispatch queue of the telemetry manager.
     * This method can return a failure code. See the class comment for details.
     * @see PunctualAction#execute
     * @return action outcome code (see class comment)
     */</comment>
    <function_decl><type><name>virtual</name> <name>TD_ActionOutcome</name></type> <name>doAction</name><parameter_list>(<param><decl><type><name>void</name></type></decl></param>)</parameter_list>;</function_decl>

  </protected><public>public:

    <comment type="block">/**
     * Instantiate a PUS memory dump with absolute addresses telecommand.
     * The class identifier is set. The telecommand subtype attribute
     * is set to PUS_ST_TC_DMP_ABS. 
     */</comment>
    <constructor_decl><name>DC_PUSDumpMemoryAbsolute</name><parameter_list>(<param><decl><type><name>void</name></type></decl></param>)</parameter_list>;</constructor_decl>


</public>}</block>;</class>

<cpp:endif>#<cpp:directive>endif</cpp:directive></cpp:endif> 
</unit>
