<unit xmlns="http://www.sdml.info/srcML/src" xmlns:cpp="http://www.sdml.info/srcML/cpp">
<comment type="line">//
</comment><comment type="line">// Copyright 2004 P&amp;P Software GmbH - All Rights Reserved
</comment><comment type="line">//
</comment><comment type="line">// DC_PUSDefineDataReporting.h
</comment><comment type="line">//
</comment><comment type="line">// Version	1.0
</comment><comment type="line">// Date		05.01.04
</comment><comment type="line">// Author	A. Pasetti (P&amp;P Software)
</comment>
<cpp:ifndef>#<cpp:directive>ifndef</cpp:directive> <name>DC_PUSDefineDataReportingH</name></cpp:ifndef>
<cpp:define>#<cpp:directive>define</cpp:directive> <name>DC_PUSDefineDataReportingH</name></cpp:define>

<cpp:include>#<cpp:directive>include</cpp:directive> <cpp:file>"../GeneralInclude/ForwardDeclarations.h"</cpp:file></cpp:include>
<cpp:include>#<cpp:directive>include</cpp:directive> <cpp:file>"../GeneralInclude/BasicTypes.h"</cpp:file></cpp:include>
<cpp:include>#<cpp:directive>include</cpp:directive> <cpp:file>"PUSTelecommand.h"</cpp:file></cpp:include>

<comment type="block">/**
 * PUS telecommand to define the housekeeping and diagnostic 
 * data reporting telemetry packets.
 * This class encapsulates the following subtypes of PUS service number 3:&lt;ul&gt;
 * &lt;li&gt;Subtype 1: define new housekeeping parameter report &lt;/li&gt;
 * &lt;li&gt;Subtype 2: define new diagnostic parameter report &lt;/li&gt;
 * &lt;/ul&gt;
 * This class defines an internal buffer to store the application data 
 * that define the telemetry packet. The maximum size of this buffer is
 * a configuration parameter that must be set at application initialization 
 * time (method &lt;code&gt;setNumberOfRawData&lt;/code&gt;). 
 * &lt;p&gt;
 * During normal operation, configuration is performed using the &lt;i&gt;raw
 * data load service&lt;/i&gt;. Since in most cases the amount of data to be loaded
 * can be large, the more efficient (but less safe) implementation of this service
 * is used.
 * &lt;p&gt;
 * This telecommand implements a &lt;i&gt;validity check&lt;/i&gt; that returns "telecommand
 * not valid" in case an attempt is made to load more application data than fit
 * into the telecommand component.
 * &lt;p&gt;
 * Execution of this telecommand consists in retrieving a free data reporting telemetry packet
 * from the telemetry packet factory, configuring it with the application
 * data and loading it in the PUS telemetry mode manager. The PUS telemetry mode
 * manager is loaded as a plug-in component at configuration time. Execution can have 
 * two outcomes. 
 * The telecommand
 * can have a successful outcome (the return value of &lt;code&gt;doAction&lt;/code&gt;
 * is ACTION_SUCCESS) or it can fail for the following reasons:
 * &lt;ul&gt;
 * &lt;li&gt;No free packet could be found in the
 * telemetry packet factory (the return value of &lt;code&gt;doAction&lt;/code&gt;
 * is PACKET_NOT_FOUND)   &lt;/li&gt;
 * &lt;li&gt;The packet could not be loaded in the
 * telemetry mode manager (the return value of &lt;code&gt;doAction&lt;/code&gt;
 * is PUS_MODE_MAN_FULL)   &lt;/li&gt;
 * &lt;li&gt;The internal structure of the application data was found to be 
 * inconsistent (the return value of &lt;code&gt;doAction&lt;/code&gt;
 * is APP_DATA_INCONSISTENT)   &lt;/li&gt;
 * &lt;/ul&gt; . 
 * No event reports are generated in case of failure as it is assumed that
 * this is done by the calling client.
 * &lt;p&gt;
 * Note that this class does not try to interpret its application data. It simply passes
 * them on as unformatted raw data to the data reporting telemetry packet.
 * @author Alessandro Pasetti (P&amp;P Software GmbH)
 * @version 1.0
 */</comment>
<class>class <name>DC_PUSDefineDataReporting</name> <super>: <specifier>public</specifier> <name>PUSTelecommand</name></super> <block>{<private type="default">

  </private><private>private:
    <decl_stmt><decl><type><name>unsigned</name> <name>char</name>*</type> <name>data</name></decl>;</decl_stmt>
    <decl_stmt><decl><type><name>unsigned</name> <name>int</name></type> <name>maxNumberData</name></decl>;</decl_stmt>
    <decl_stmt><decl><type><name>unsigned</name> <name>int</name></type> <name>numberData</name></decl>;</decl_stmt>
    <decl_stmt><decl><type><name>DC_PUSTelemetryModeManager</name>*</type> <name>pTmModeManager</name></decl>;</decl_stmt>

  </private><protected>protected:

    <comment type="block">/**
     * Use the application data to configure and load a data reporting telemetry packet.
     * This method queries the dynamic telemetry packet factory for a new
     * data reporting packet. If it obtains it, it loads it with the application
     * data and then loads it in the PUS telemetry mode manager.
     * If either of these two operations fails, the method returns with a
     * failure code (see class comment).
     * &lt;p&gt;
     * In order to retrieve a free packet from the telemetry packet factory 
     * with the appropriate characteristics, this method has to extract the
     * following data from the application data: &lt;ul&gt;
     * &lt;li&gt;The number of fixed-length arrays&lt;/li&gt;
     * &lt;li&gt;The size of the packet value buffer&lt;/li&gt;
     * &lt;/ul&gt;
     * The above figures are computed by processing the content of the application
     * data. The computation makes certain assumptions about the structure of the
     * application data. The assumptions are the same as are made in class
     * &lt;code&gt;DC_PUSDataReportingPacket&lt;/code&gt;.
     * Some consistency checks are performed during the processing of the
     * application data. If these fail, then the method returns with a failure
     * code (see class comment). The consistency check will catch situations where
     * the number of fixed-length arrays or the number of parameters defined by
     * the application data is not consistent with the length of the application
     * data as defined when calling method &lt;code&gt;setRawData&lt;/code&gt;.
     * @see PunctualAction#execute
     * @return action outcome code (see class comment)
     */</comment>
    <function_decl><type><name>virtual</name> <name>TD_ActionOutcome</name></type> <name>doAction</name><parameter_list>(<param><decl><type><name>void</name></type></decl></param>)</parameter_list>;</function_decl>

  </protected><public>public:

    <comment type="block">/**
     * Instantiate a define data reporting PUS telecommand.
     * The class identifier is set.
     * The values of the internal data structure that is used to hold the telecommand
     * application data is initialized to illegal values to signify that the telecommand
     * is not yet configured. The telecommand type is set to PUS_TYPE_DATA_REP.
     */</comment>
    <constructor_decl><name>DC_PUSDefineDataReporting</name><parameter_list>(<param><decl><type><name>void</name></type></decl></param>)</parameter_list>;</constructor_decl>

    <comment type="block">/**
     * Set the maximum size of the application data array. The maximum size is specified as the
     * maximum number of bytes of the application data. 
     * This is an initialization method that should only be called once.
     * A call to this method causes the internal data structures of the
     * telecommand to be allocated and initialized. Only positive values of the method argument
     * are legal.
     * @param max the maximum size of the application data in number of bytes
     */</comment>
    <function_decl><type><name>void</name></type> <name>setNumberOfRawData</name><parameter_list>(<param><decl><type><name>unsigned</name> <name>int</name></type> <name>max</name></decl></param>)</parameter_list>;</function_decl>

    <comment type="block">/**
     * Get the maximum size (in number of bytes) of the application data array. 
     * @see #setNumberOfRawData
     * @return the maximum size of the application data in number of bytes
     */</comment>
    <function_decl><type><name>virtual</name> <name>unsigned</name> <name>int</name></type> <name>getNumberOfRawData</name><parameter_list>(<param><decl><type><name>void</name></type></decl></param>)</parameter_list>;</function_decl>

    <comment type="block">/**
     * Implementation of the raw data load service. 
     * This method copies the argument array into an internal array. The number of
     * bytes n in the argument array must be less than the maximum value set
     * with method &lt;code&gt;setNumberOfRawData&lt;/code&gt;. 
     * If an attempt is made to load a greater number of raw data, then the telecommand
     * is declared to be invalid with validity check code equal to VC_TOO_MANY_RAW_DATA. 
     * @param d the array holding the raw data
     * @param n the number of items in array d
     */</comment>
    <function_decl><type><name>virtual</name> <name>void</name></type> <name>setRawData</name><parameter_list>(<param><decl><type><name>unsigned</name> <name>char</name>*</type> <name>d</name></decl></param>, <param><decl><type><name>unsigned</name> <name>int</name></type> <name>n</name></decl></param>)</parameter_list>;</function_decl>

    <comment type="block">/**
     * Return the number of application data bytes that were loaded with the
     * last call to method &lt;code&gt;setRawData&lt;/code&gt;. The number returned by this
     * method is the same as the value of the argument n in the call to method
     * &lt;code&gt;setRawData&lt;/code&gt;.
     * @see #setRawData
     * @return the number of application data bytes in the currently loaded packet
     */</comment>
    <function_decl><type><name>virtual</name> <name>unsigned</name> <name>int</name></type> <name>getNumberOfApplicationData</name><parameter_list>(<param><decl><type><name>void</name></type></decl></param>)</parameter_list> <specifier>const</specifier>;</function_decl>

    <comment type="block">/**
     * Load the PUS telemetry mode manager.
     * @see #doAction
     * @param pTmModeManager the PUS telemetry mode manager
     */</comment>
    <function_decl><type><name>void</name></type> <name>setPUSTelemetryModeManager</name><parameter_list>(<param><decl><type><name>DC_PUSTelemetryModeManager</name>*</type> <name>pTmModeManager</name></decl></param>)</parameter_list>;</function_decl>

    <comment type="block">/**
     * Getter method for the PUS telemetry mode manager.
     * @see #setPUSTelemetryModeManager
     * @return the PUS telemetry mode manager
     */</comment>
    <function_decl><type><name>DC_PUSTelemetryModeManager</name>*</type> <name>getPUSTelemetryModeManager</name><parameter_list>()</parameter_list> <specifier>const</specifier>;</function_decl>

    <comment type="block">/**
     * Perform a class-specific configuration check on the telecommand:
     * check that the maximum number of raw data has been set and that the
     * PUS telemetry mode manager has been loaded.
     * @return true if the telecommand is configured, false otherwise
     */</comment>
    <function_decl><type><name>virtual</name> <name>bool</name></type> <name>isObjectConfigured</name><parameter_list>(<param><decl><type><name>void</name></type></decl></param>)</parameter_list>;</function_decl>

</public>}</block>;</class>

<cpp:endif>#<cpp:directive>endif</cpp:directive></cpp:endif> 
</unit>
