<unit xmlns="http://www.sdml.info/srcML/src" xmlns:cpp="http://www.sdml.info/srcML/cpp">
<comment type="line">//
</comment><comment type="line">// Copyright 2004 P&amp;P Software GmbH - All Rights Reserved
</comment><comment type="line">//
</comment><comment type="line">// DC_PUSMemoryLoadOffset.h
</comment><comment type="line">//
</comment><comment type="line">// Version	1.0
</comment><comment type="line">// Date		05.02.04
</comment><comment type="line">// Author	A. Pasetti (P&amp;P Software)
</comment>
<cpp:ifndef>#<cpp:directive>ifndef</cpp:directive> <name>DC_PUSMemoryLoadOffsetH</name></cpp:ifndef>
<cpp:define>#<cpp:directive>define</cpp:directive> <name>DC_PUSMemoryLoadOffsetH</name></cpp:define>

<cpp:include>#<cpp:directive>include</cpp:directive> <cpp:file>"../GeneralInclude/ForwardDeclarations.h"</cpp:file></cpp:include>
<cpp:include>#<cpp:directive>include</cpp:directive> <cpp:file>"../GeneralInclude/BasicTypes.h"</cpp:file></cpp:include>
<cpp:include>#<cpp:directive>include</cpp:directive> <cpp:file>"PUSMemoryLoad.h"</cpp:file></cpp:include>

<comment type="block">/**
 * Class implementing the PUS service to load memory using base plus offset (PUS 
 * service type 6, subtype 1).
 * This class adds to its superclass the implementation of the 
 * &lt;i&gt;raw data load mechanism&lt;/i&gt;. Since the amount of data to be loaded will often
 * be large, the fast version of this service is implemented. 
 * The data load mechanism interprets the application data in the telecommand
 * packet and uses them to configure the internal data structure defined by the
 * super class. The interpretation of the application data can result in the
 * detection of inconsistencies or invalid data. These are reported by setting the
 * &lt;i&gt;validity check code&lt;/i&gt;. 
 * &lt;p&gt;
 * The PUS leaves some leeway in the definition of the structure of the application
 * data for memory load telecommands. This implementation makes the following 
 * assumptions: &lt;ul&gt;
 * &lt;li&gt;The memory ID field is always present and its type is &lt;code&gt;TD_PUSMemId&lt;/code&gt;.&lt;/li&gt;
 * &lt;li&gt;The base field is a pointer and is four bytes long.&lt;/li&gt;
 * &lt;li&gt;The offset field is an integer of type &lt;code&gt;TD_PUSMemOffset&lt;/code&gt;.&lt;/li&gt;
 * &lt;li&gt;The number of blocks field is an integer of type &lt;code&gt;TD_PUSNumberMemBlocks&lt;/code&gt;.&lt;/li&gt;
 * &lt;/ul&gt;
 * The implementation of this class assumes type &lt;code&gt;TD_PUSMemId&lt;/code&gt; to have size 1
 * (i.e. to be a &lt;code&gt;char&lt;/code&gt; or an &lt;code&gt;unsigned char&lt;/code&gt;). 
 * @author Alessandro Pasetti (P&amp;P Software GmbH)
 * @version 1.0
 */</comment>
<class>class <name>DC_PUSMemoryLoadOffset</name> <super>: <specifier>public</specifier> <name>PUSMemoryLoad</name></super> <block>{<private type="default">

  </private><private>private:
     <decl_stmt><decl><type><name>TD_PUSMemId</name></type> <name>memId</name></decl>;</decl_stmt>

  </private><public>public:

    <comment type="block">/**
     * Instantiate a PUS memory load using base offset telecommand.
     * The class identifier and the telecommand subtype are set.
     * The memory block ID is initialized to zero.
     */</comment>
    <constructor_decl><name>DC_PUSMemoryLoadOffset</name><parameter_list>(<param><decl><type><name>void</name></type></decl></param>)</parameter_list>;</constructor_decl>

    <comment type="block">/**
     * Implementation of the raw data load service. This method would normally
     * be called by a telecommand loader to load the application data into the
     * the telecommand component. This method interprets the raw data as they are
     * loaded and uses them to configure the data structure (defined by the
     * super class) that holds the start address, the length, the checksum, 
     * and the memory load data for each block. The application data are constrained
     * to fit within the data structures configured at the level of the superclass.
     * Two such constraints apply:&lt;ul&gt;
     * &lt;li&gt;The number of bytes to be transferred (the value of argument n) must
     * be greater than: 
     * &lt;code&gt;sizeof(TD_PUSMemId)+sizeof(TD_PUSMemData*)+sizeof(TD_PUSNumberMemBlocks)&lt;/code&gt;.
     * If this is not the case, the validity check
     * code is set to VC_INCONSISTENT_RAW_DATA.&lt;/li&gt;
     * &lt;li&gt;The number of blocks must be less or equal than the maximum number of
     * blocks defined in the super class. If this is not the case, the validity check
     * code is set to VC_TOO_MANY_MEM_BLOCK.&lt;/li&gt;
     * &lt;li&gt;The total number of memory data to be loaded must not exceed the maximum
     * value defined in the super class. If this is not the case, the validity check
     * code is set to VC_TOO_MANY_MEM_DATA.&lt;/li&gt;
     * &lt;li&gt;The number of bytes to be transferred (the value of argument n) must 
     * be consistent with the number of blocks and of data inferred from the application
     * data. If this is not the case, the validity check
     * code is set to VC_INCONSISTENT_RAW_DATA.&lt;/li&gt;
     * &lt;/ul&gt;
     * When a constraint is violated, the method returns immediately after setting the
     * value of the validity check code.
     * @param n the number of bytes in the raw data
     * @param d the starting address of the raw data
     */</comment>
    <function_decl><type><name>virtual</name> <name>void</name></type> <name>setRawData</name><parameter_list>(<param><decl><type><name>unsigned</name> <name>char</name>*</type> <name>d</name></decl></param>, <param><decl><type><name>unsigned</name> <name>int</name></type> <name>n</name></decl></param>)</parameter_list>;</function_decl>

    <comment type="block">/**
     * Get the memory block ID.
     * @return the maximum number of blocks
     */</comment>
    <function_decl><type><name>TD_PUSMemId</name></type> <name>getMemoryBlockId</name><parameter_list>()</parameter_list> <specifier>const</specifier>;</function_decl>


</public>}</block>;</class>

<cpp:endif>#<cpp:directive>endif</cpp:directive></cpp:endif> 
</unit>
