<unit xmlns="http://www.sdml.info/srcML/src" xmlns:cpp="http://www.sdml.info/srcML/cpp">
<comment type="line">//
</comment><comment type="line">// Copyright 2004 P&amp;P Software GmbH - All Rights Reserved
</comment><comment type="line">//
</comment><comment type="line">// DC_PUSControlDataReporting.h
</comment><comment type="line">//
</comment><comment type="line">// Version	1.0
</comment><comment type="line">// Date		05.12.03
</comment><comment type="line">// Author	A. Pasetti (P&amp;P Software)
</comment>
<cpp:ifndef>#<cpp:directive>ifndef</cpp:directive> <name>DC_PUSControlDataReportingH</name></cpp:ifndef>
<cpp:define>#<cpp:directive>define</cpp:directive> <name>DC_PUSControlDataReportingH</name></cpp:define>

<cpp:include>#<cpp:directive>include</cpp:directive> <cpp:file>"../GeneralInclude/ForwardDeclarations.h"</cpp:file></cpp:include>
<cpp:include>#<cpp:directive>include</cpp:directive> <cpp:file>"../GeneralInclude/BasicTypes.h"</cpp:file></cpp:include>
<cpp:include>#<cpp:directive>include</cpp:directive> <cpp:file>"PUSTelecommand.h"</cpp:file></cpp:include>

<comment type="block">/**
 * PUS telecommand to enable and disable the housekeeping and diagnostic 
 * data reporting telemetry packets.
 * This class encapsulates the following subtypes of PUS service number 3:&lt;ul&gt;
 * &lt;li&gt;Subtype 5: enable housekeeping parameter report generation&lt;/li&gt;
 * &lt;li&gt;Subtype 6: disable housekeeping parameter report generation&lt;/li&gt;
 * &lt;li&gt;Subtype 7: enable diagnostic parameter report generation&lt;/li&gt;
 * &lt;li&gt;Subtype 8: disable diagnostic parameter report generation&lt;/li&gt;
 * &lt;/ul&gt;
 * This class is configured at initialization time by setting the maximum 
 * number of SIDs that can be handled by a single instance of the telecommand.
 * This is done through method &lt;code&gt;setMaxNumberSID&lt;/code&gt;. A call to this
 * method initializes the internal data structures that are used to hold the
 * application data of the telecommand.
 * &lt;p&gt;
 * During normal operation, configuration is performed using the &lt;i&gt;raw
 * data load service&lt;/i&gt;.
 * &lt;p&gt;
 * This telecommand implements a &lt;i&gt;validity check&lt;/i&gt; that returns "telecommand
 * not valid" in case an attempt is made to load more application data than fit
 * into the telecommand component or in case the application data are internally
 * inconsistent.
 * &lt;p&gt;
 * Execution of this telecommand can have two outcomes. The telecommand
 * can either have a successful outcome (the return value of &lt;code&gt;doAction&lt;/code&gt;
 * is ACTION_SUCCESS) or it can fail (the return value of &lt;code&gt;doAction&lt;/code&gt;
 * is ACTION_FAILURE). A failure is declared if any of the SIDs provided to 
 * the telecommand do not correspond to a data reporting packet that is
 * currently in use.
 * &lt;p&gt;
 * The PUS specifies that the first item in the application data of this
 * telecommand is the NSID field. The type of this field is not mandated by the 
 * standard. This class assumes it to be of type &lt;code&gt;unsigned char&lt;/code&gt;.
 * The standard also allows this field to be omitted. This class however
 * requires this field to be always present.
 * @author Alessandro Pasetti (P&amp;P Software GmbH)
 * @version 1.0
 */</comment>
<class>class <name>DC_PUSControlDataReporting</name> <super>: <specifier>public</specifier> <name>PUSTelecommand</name></super> <block>{<private type="default">

  </private><private>private:
    <decl_stmt><decl><type><name>TD_SID</name>*</type> <name>sid</name></decl>;</decl_stmt>
    <decl_stmt><decl><type><name>unsigned</name> <name>char</name>*</type> <name>sidOverlay</name></decl>;</decl_stmt>
    <decl_stmt><decl><type><name>unsigned</name> <name>char</name></type> <name>maxNsid</name></decl>;</decl_stmt>
    <decl_stmt><decl><type><name>unsigned</name> <name>char</name></type> <name>nsid</name></decl>;</decl_stmt>
    <decl_stmt><decl><type><name>unsigned</name> <name>int</name></type> <name>lasti</name></decl>;</decl_stmt>

  </private><protected>protected:

    <comment type="block">/**
     * Depending on the subtype of the telecommand, enable or disable the data
     * reporting packets.
     * A pseudo-code implementation for this method is as follows:&lt;pre&gt;
     *      outcome = ACTION_SUCCESS;
     *      for (all SIDs stored in the telecommand) {
     *          retrieve data reporting packet from telemetry packet factory;
     *          if (no packet is returned by the factory )
     *              outcome = ACTION_FAILURE:
     *          if ( (telecommand subtype==PUS_ST_DATA_REP_ENB_HK) ||
     *               (telecommand subtype==PUS_ST_DATA_REP_ENB_DG) )
     *              enable the data reporting packet returned by the factory;
     *          else
     *              disable the data reporting packet returned by the factory;
     *      }
     *      return outcome;&lt;/pre&gt;
     * The telecommand is configured with a list of SIDs and with a telecommand
     * subtype. Depending on the subtype, the telecommand will either enable or
     * disable the data reporting packets identified by the SIDs. The data reporting
     * packets are retrieved from the telemetry packet factory (instance of class
     * &lt;code&gt;CC_TelemetryPacketFactory&lt;/code&gt;). Enabling and disabling of the 
     * data reporting packets is done through method &lt;code&gt;setEnabled&lt;/code&gt;
     * declared by class &lt;code&gt;DC_PUSDataReportingPacket&lt;/code&gt;.
     * @see DC_PUSDataReportingPacket#setEnabled
     * @see CC_TelemetryPacketFactory
     * @see PunctualAction#execute
     * @return the execution outcome of the telecommand
     */</comment>
    <function_decl><type><name>virtual</name> <name>TD_ActionOutcome</name></type> <name>doAction</name><parameter_list>(<param><decl><type><name>void</name></type></decl></param>)</parameter_list>;</function_decl>

  </protected><public>public:

    <comment type="block">/**
     * Instantiate a control data reporting PUS telecommand.
     * The class identifier is set.
     * The values of the internal data structure that is used to hold the telecommand
     * application data is initialized to illegal values to signify that the telecommand
     * is not yet configured. The telecommand type is set to PUS_TYPE_DATA_REP.
     */</comment>
    <constructor_decl><name>DC_PUSControlDataReporting</name><parameter_list>(<param><decl><type><name>void</name></type></decl></param>)</parameter_list>;</constructor_decl>

    <comment type="block">/**
     * Set the maximum number of SIDs that can be processed by this telecommand.
     * This is an initialization method that should only be called once.
     * A call to this method causes the internal data structures where the SIDs are
     * held to be allocated and initialized. Only positive values of the method argument
     * are legal.
     * @param max the maximum number of SIDs
     */</comment>
    <function_decl><type><name>void</name></type> <name>setMaxNumberSID</name><parameter_list>(<param><decl><type><name>unsigned</name> <name>char</name></type> <name>max</name></decl></param>)</parameter_list>;</function_decl>

    <comment type="block">/**
     * Get the maximum number of SIDs that can be processed by this telecommand.
     * @see #setMaxNumberSID
     * @return the maximum number of SIDs
     */</comment>
    <function_decl><type><name>unsigned</name> <name>int</name></type> <name>getMaxNumberSID</name><parameter_list>()</parameter_list>;</function_decl>

    <comment type="block">/**
     * Implementation of the raw data load service. This method would normally
     * be called by a telecommand loader to load the application data into the
     * the telecommand component. This method interprets the raw data as they are
     * loaded and uses them to construct the sequence of SIDs of the data reporting
     * packets that have to be enabled or disabled. This method assumes that the
     * raw data are loaded in sequence starting from the first one (i.e. the value 
     * of i in the first call is zero and succesive calls use values of i that 
     * are incremented by one at each call). The value of i is also constrained to 
     * lie in the range [0,N] where N is computed as follows: &lt;pre&gt;
     *      N = M*sizeof(TD_SID)  &lt;/pre&gt;
     * where M is the maximum number of SIDs defined by method &lt;code&gt;setMaxNumberSID&lt;/code&gt;.
     * If the number of SIDs in the telecommand packet exceeds the maximum defined
     * with method &lt;code&gt;setMaxNumberSID&lt;/code&gt;, the telecommand
     * is declared to be invalid with validity check code equal to VC_TOO_MANY_SIDS. 
     * If an attempt is made to load a greater number of raw data, the telecommand
     * is declared to be invalid with validity check code equal to VC_TOO_MANY_RAW_DATA. 
     * Finally, the total number of loaded raw data T
     * must be consistent with the number of SIDs (the first byte in the telecommand
     * packet). If this
     * is not the case, then the telecommand is declared invalid with validity check code
     * equal to VC_INCONSISTENT_RAW_DATA.
     * @see #getNumberOfRawData
     * @param i the index of the raw telecommand data
     * @param d the raw data
     */</comment>
    <function_decl><type><name>virtual</name> <name>void</name></type> <name>setRawData</name><parameter_list>(<param><decl><type><name>unsigned</name> <name>int</name></type> <name>i</name></decl></param>, <param><decl><type><name>unsigned</name> <name>char</name></type> <name>d</name></decl></param>)</parameter_list>;</function_decl>

    <comment type="block">/**
     * Return the number of raw data bytes that can be loaded with the
     * raw telecommand data load service.
     * The value returned by this class is equal to: &lt;code&gt;M*sizeof(TD_SID)+1&lt;/code&gt;
     * where M is the maximum number of SIDs defined by method &lt;code&gt;setMaxNumberSID&lt;/code&gt;.
     * @see #setRawData
     * @return the number of raw data bytes to be loaded with the raw
     * data load service
     */</comment>
    <function_decl><type><name>virtual</name> <name>unsigned</name> <name>int</name></type> <name>getNumberOfRawData</name><parameter_list>(<param><decl><type><name>void</name></type></decl></param>)</parameter_list> <specifier>const</specifier>;</function_decl>

    <comment type="block">/**
     * Perform a class-specific configuration check on the telecommand:
     * check that the maximum number of SIDs that can be processed by the telecommand 
     * has been set.
     * @return true if the telecommand is configured, false otherwise
     */</comment>
    <function_decl><type><name>virtual</name> <name>bool</name></type> <name>isObjectConfigured</name><parameter_list>(<param><decl><type><name>void</name></type></decl></param>)</parameter_list>;</function_decl>

</public>}</block>;</class>

<cpp:endif>#<cpp:directive>endif</cpp:directive></cpp:endif> 
</unit>
