<unit xmlns="http://www.sdml.info/srcML/src" xmlns:cpp="http://www.sdml.info/srcML/cpp">
<comment type="line">//
</comment><comment type="line">// Copyright 2004 P&amp;P Software GmbH - All Rights Reserved
</comment><comment type="line">//
</comment><comment type="line">// DC_TestPUSTelecommand.h
</comment><comment type="line">//
</comment><comment type="line">// Version	1.0
</comment><comment type="line">// Date		05.01.04
</comment><comment type="line">// Author	A. Pasetti (P&amp;P Software)
</comment>
<cpp:ifndef>#<cpp:directive>ifndef</cpp:directive> <name>DC_TestPUSTelecommandH</name></cpp:ifndef>
<cpp:define>#<cpp:directive>define</cpp:directive> <name>DC_TestPUSTelecommandH</name></cpp:define>

<cpp:include>#<cpp:directive>include</cpp:directive> <cpp:file>"../GeneralInclude/ForwardDeclarations.h"</cpp:file></cpp:include>
<cpp:include>#<cpp:directive>include</cpp:directive> <cpp:file>"../GeneralInclude/BasicTypes.h"</cpp:file></cpp:include>
<cpp:include>#<cpp:directive>include</cpp:directive> <cpp:file>"PUSTelecommand.h"</cpp:file></cpp:include>

<comment type="block">/**
 * Telecommand that can be used as part of an end-to-end PUS test scenario to 
 * simulate a PUS telecommand.
 * This telecommand consists of an &lt;i&gt;execution counter&lt;/i&gt; that is incremented 
 * by one every time the telecommand is executed. 
 * The telecommand additionally offers methods to change the return value of its
 * execution check and of its validity check and to set the values of
 * validity and execution check codes. These are useful to 
 * simulate telecommands whose
 * execution check returns "telecommand cannot executed" or whose
 * validity check returns "telecommand not valid". 
 * Similarly, it is possible to set the return value of the execution method to
 * either ACTION_SUCCESS or ACTION_FAILURE.
 * &lt;p&gt;
 * The initial values of the execution counter, of the
 * validity and execution check return values, of the execution return value, 
 * and of the validity and
 * execution check codes are defined in the telecommand application data that
 * are loaded when the telecommand is configured through the &lt;i&gt;raw data load service&lt;/i&gt;.
 * &lt;p&gt;
 * The type and subtype of the telecommand are set to PUS_TYPE_TEST and
 * PUS_ST_TC_TEST, respectively.
 * &lt;p&gt;
 * The application data associated to this telecommand are assumed to consist
 * of 6 bytes which are interpreted as follows:&lt;ul&gt;
 * &lt;li&gt;Byte 0: the initial value of the execution counter&lt;/li&gt;
 * &lt;li&gt;Byte 1: the initial value of the execution check value&lt;/li&gt;
 * &lt;li&gt;Byte 2: the initial value of the validity check value&lt;/li&gt;
 * &lt;li&gt;Byte 3: the initial value of the execution check code&lt;/li&gt;
 * &lt;li&gt;Byte 4: the initial value of the validity check code&lt;/li&gt;
 * &lt;li&gt;Byte 5: the value of the execution outcome return value (ACTION_FAILURE if 1,
 * ACTION_SUCCESS otherwise)&lt;/li&gt;
 * &lt;/ul&gt;
 * @author Alessandro Pasetti (P&amp;P Software GmbH)
 * @version 1.0
 */</comment>
<class>class <name>DC_TestPUSTelecommand</name> <super>: <specifier>public</specifier> <name>PUSTelecommand</name></super> <block>{<private type="default">

  </private><private>private:
    <decl_stmt><decl><type><name>unsigned</name> <name>char</name></type> <name>executionCounter</name></decl>;</decl_stmt> 
    <decl_stmt><decl><type><name>bool</name></type> <name>executionCheckValue</name></decl>;</decl_stmt>
    <decl_stmt><decl><type><name>bool</name></type> <name>validityCheckValue</name></decl>;</decl_stmt>
    <decl_stmt><decl><type><name>bool</name></type> <name>executionSuccess</name></decl>;</decl_stmt>
    <decl_stmt><decl><type><name>TD_CheckCode</name></type> <name>executionCheckCode</name></decl>;</decl_stmt>
    <decl_stmt><decl><type><name>TD_CheckCode</name></type> <name>validityCheckCode</name></decl>;</decl_stmt>
    <decl_stmt><decl><type><name>unsigned</name> <name>int</name></type> <name>lasti</name></decl>;</decl_stmt>


  </private><protected>protected:

    <comment type="block">/**
     * Increment the execution counter by one and return the execution outcome code 
     * set in the application data.
     * A pseudo-code implementation for this method is as follows: &lt;PRE&gt;
     *      if (exectionCounter&lt;255)
     *          executionCounter++;
     *      else
     *          executionCounter=0;
     *      if (executionSuccess)
     *          return ACTION_SUCCESS;
     *      else
     *          return ACTION_FAILURE;&lt;/PRE&gt;
     * The vlaue of the internal flag &lt;code&gt;executionSuccess&lt;/code&gt; is read from
     * the telecommand application data. 
     * @see PunctualAction#execute
     * @return the execution outcome code (either ACTION_SUCCESS or ACTION_FAILURE
     * depending on the value byte 6 of the application data)
     */</comment>
    <function_decl><type><name>virtual</name> <name>TD_ActionOutcome</name></type> <name>doAction</name><parameter_list>(<param><decl><type><name>void</name></type></decl></param>)</parameter_list>;</function_decl>

  </protected><public>public:

    <comment type="block">/**
     * Instantiate a test telecommand.
     * The class identifier is set. The telecommand type and subtype are set
     * the values indicated in the class comment. All other internal variables 
     * are set to dummy values. 
     */</comment>
    <constructor_decl><name>DC_TestPUSTelecommand</name><parameter_list>(<param><decl><type><name>void</name></type></decl></param>)</parameter_list>;</constructor_decl>

    <comment type="block">/**
     * Getter method for the execution counter.
     * @return the execution counter
     */</comment>
    <function_decl><type><name>unsigned</name> <name>int</name></type> <name>getExecutionCounter</name><parameter_list>(<param><decl><type><name>void</name></type></decl></param>)</parameter_list>;</function_decl>

    <comment type="block">/**
     * Execute the execution check on the telecommand.
     * A pseudo-code implementation for this method is as follows: &lt;PRE&gt;
     *      return executionCheckValue; &lt;/PRE&gt;
     * The internal variable &lt;code&gt;executionCheckValue&lt;/code&gt; is initialized
     * when the telecommand application data are loaded. Its value
     * can additionally be changed with method &lt;code&gt;setExecutionCheckValue&lt;/code&gt;
     * @see #setExecutionCheckValue
     * @see CC_TelecommandManager#activate
     * @return the value of the internal variable &lt;code&gt;setExecutionCheckValue&lt;/code&gt;
     */</comment>
    <function_decl><type><name>virtual</name> <name>bool</name></type> <name>canExecute</name><parameter_list>(<param><decl><type><name>void</name></type></decl></param>)</parameter_list>;</function_decl>

    <comment type="block">/**
     * Execute the validity check on the telecommand.
     * A pseudo-code implementation for this method is as follows: &lt;PRE&gt;
     *      return validityCheckValue; &lt;/PRE&gt;
     * The internal variable &lt;code&gt;validityCheckValue&lt;/code&gt; is initialized
     * when the telecommand application data are loaded. Its value
     * can be changed with method &lt;code&gt;setValidityCheckValue&lt;/code&gt;
     * @see #setValidityCheckValue
     * @see CC_TelecommandManager#load
     * @return the value of the internal variable &lt;code&gt;setExecutionCheckValue&lt;/code&gt;
     */</comment>
    <function_decl><type><name>virtual</name> <name>bool</name></type> <name>isValid</name><parameter_list>(<param><decl><type><name>void</name></type></decl></param>)</parameter_list>;</function_decl>

    <comment type="block">/**
     * Return the validity check code for the telecommand.
     * This implementation returns a user-defined value that is initialized
     * when the telecommand application data are loaded and that can be 
     * set with method
     * &lt;code&gt;setValidityCheckCode&lt;/code&gt;.
     * @see #setValidityCheckCode
     * @return the validity check code
     */</comment>
    <function_decl><type><name>virtual</name> <name>TD_CheckCode</name></type> <name>getValidityCheckCode</name><parameter_list>(<param><decl><type><name>void</name></type></decl></param>)</parameter_list> <specifier>const</specifier>;</function_decl>

    <comment type="block">/**
     * Return the execution check code for the telecommand.
     * This implementation returns a user-defined value that is initialized
     * when the telecommand application data are loaded and that can be set with method
     * &lt;code&gt;setExecutionCheckCode&lt;/code&gt;.
     * @see #setExecutionCheckCode
     * @return the validity check code
     */</comment>
    <function_decl><type><name>virtual</name> <name>TD_CheckCode</name></type> <name>getExecutionCheckCode</name><parameter_list>(<param><decl><type><name>void</name></type></decl></param>)</parameter_list> <specifier>const</specifier>;</function_decl>

    <comment type="block">/**
     * Set the return value of the execution check.
     * This is a setter method for the internal variable &lt;code&gt;executionCheckValue&lt;/code&gt;
     * which defines the return value of the execution check implemented by this
     * telecommand.
     * @see #canExecute
     * @param executionCheckValue the value of the internal variable &lt;code&gt;setExecutionCheckValue&lt;/code&gt;
     */</comment>
    <function_decl><type><name>void</name></type> <name>setExecutionCheckValue</name><parameter_list>(<param><decl><type><name>bool</name></type> <name>executionCheckValue</name></decl></param>)</parameter_list>;</function_decl>

    <comment type="block">/**
     * Set the return value of the validity check.
     * This is a setter method for the internal variable &lt;code&gt;validityCheckValue&lt;/code&gt;
     * which defines the return value of the validity check implemented by this
     * telecommand.
     * @see #isValid
     * @param validityCheckValue the value of the internal variable &lt;code&gt;setExecutionCheckValue&lt;/code&gt;
     */</comment>
    <function_decl><type><name>void</name></type> <name>setValidityCheckValue</name><parameter_list>(<param><decl><type><name>bool</name></type> <name>validityCheckValue</name></decl></param>)</parameter_list>;</function_decl>

    <comment type="block">/**
     * Set the value of the validity check code.
     * This is a setter method for an internal variable 
     * which defines the return value of method &lt;code&gt;getValidityCheckCode&lt;/code&gt;.
     * @see #getValidityCheckCode
     * @param validityCheckCode the value of the validity check code
     */</comment>
    <function_decl><type><name>void</name></type> <name>setValidityCheckCode</name><parameter_list>(<param><decl><type><name>TD_CheckCode</name></type> <name>validityCheckCode</name></decl></param>)</parameter_list>;</function_decl>

    <comment type="block">/**
     * Set the value of the execution check code.
     * This is a setter method for an internal variable 
     * which defines the return value of method &lt;code&gt;getExecutionCheckCode&lt;/code&gt;.
     * @see #getExecutionCheckCode
     * @param executionCheckCode the value of the validity check code
     */</comment>
    <function_decl><type><name>void</name></type> <name>setExecutionCheckCode</name><parameter_list>(<param><decl><type><name>TD_CheckCode</name></type> <name>executionCheckCode</name></decl></param>)</parameter_list>;</function_decl>

    <comment type="block">/**
     * Set the action outcome returned by method &lt;code&gt;doAction&lt;/code&gt;.
     * The possible values are foreseen ACTION_SUCCESS or ACTION_FAILURE.
     * The former is used if the value set with this method is true. Otherwise
     * the latter is used.
     * @see #doAction
     * @param executionSuccess if true, then the action outcome is forced to
     * ACTION_SUCCESS, otherwise  it is forced to ACTION_FAILURE
     */</comment>
    <function_decl><type><name>void</name></type> <name>setActionOutcome</name><parameter_list>(<param><decl><type><name>bool</name></type> <name>executionSuccess</name></decl></param>)</parameter_list>;</function_decl>

    <comment type="block">/**
     * Get the action outcome returned by method &lt;code&gt;doAction&lt;/code&gt;.
     * If the return value is true, then action outcome is ACTION_SUCCESS.
     * Otherwise it ACTION_FAILURE.
     * @see #setActionOutcome
     * @return a flag indicating which value of action outcome is returned by
     * method &lt;code&gt;doAction&lt;/code&gt;
     */</comment>
    <function_decl><type><name>bool</name></type> <name>getActionOutcome</name><parameter_list>()</parameter_list>;</function_decl>

    <comment type="block">/**
     * Implementation of the raw data load service. This method would normally
     * be called by a telecommand loader to load the application data into the
     * the telecommand component. This method interprets the raw data as they are
     * loaded and uses them to initialize the internal variables of the telecommand
     * component. The expected layout of the application data is specified
     * in the class comment. 
     * @see #getNumberOfRawData
     * @param i the index of the raw telecommand data
     * @param d the raw data
     */</comment>
    <function_decl><type><name>virtual</name> <name>void</name></type> <name>setRawData</name><parameter_list>(<param><decl><type><name>unsigned</name> <name>int</name></type> <name>i</name></decl></param>, <param><decl><type><name>unsigned</name> <name>char</name></type> <name>d</name></decl></param>)</parameter_list>;</function_decl>

    <comment type="block">/**
     * Return the number of raw data bytes that can be loaded with the
     * raw telecommand data load service.
     * Since the size of the application data for this telecommand is fixed and equal
     * to six,
     * this method always returns the value of six.
     * @see #setRawData
     * @return alwys returns the value 6
     */</comment>
    <function_decl><type><name>virtual</name> <name>unsigned</name> <name>int</name></type> <name>getNumberOfRawData</name><parameter_list>(<param><decl><type><name>void</name></type></decl></param>)</parameter_list> <specifier>const</specifier>;</function_decl>

</public>}</block>;</class>

<cpp:endif>#<cpp:directive>endif</cpp:directive></cpp:endif> 
</unit>
