<unit xmlns="http://www.sdml.info/srcML/src" xmlns:cpp="http://www.sdml.info/srcML/cpp">
<comment type="line">//
</comment><comment type="line">// Copyright 2004 P&amp;P Software GmbH - All Rights Reserved
</comment><comment type="line">//
</comment><comment type="line">// PUSDumpMemory.cpp
</comment><comment type="line">//
</comment><comment type="line">// Version	1.0
</comment><comment type="line">// Date		4.01.04
</comment><comment type="line">// Author	A. Pasetti (P&amp;P Software)
</comment>
<cpp:include>#<cpp:directive>include</cpp:directive> <cpp:file>"../GeneralInclude/CompilerSwitches.h"</cpp:file></cpp:include>
<cpp:include>#<cpp:directive>include</cpp:directive> <cpp:file>"../GeneralInclude/DebugSupport.h"</cpp:file></cpp:include>
<cpp:include>#<cpp:directive>include</cpp:directive> <cpp:file>"../GeneralInclude/ClassId.h"</cpp:file></cpp:include>
<cpp:include>#<cpp:directive>include</cpp:directive> <cpp:file>"../GeneralInclude/Constants.h"</cpp:file></cpp:include>
<cpp:include>#<cpp:directive>include</cpp:directive> <cpp:file>"PUSDumpMemory.h"</cpp:file></cpp:include>
<cpp:include>#<cpp:directive>include</cpp:directive> <cpp:file>"../Telemetry/CC_TelemetryManager.h"</cpp:file></cpp:include>
<cpp:include>#<cpp:directive>include</cpp:directive> <cpp:file>"../Telemetry/CC_TelemetryPacketFactory.h"</cpp:file></cpp:include>
<cpp:include>#<cpp:directive>include</cpp:directive> <cpp:file>"../Telemetry/DC_PUSMemoryDumpOffset.h"</cpp:file></cpp:include>
<cpp:include>#<cpp:directive>include</cpp:directive> <cpp:file>"../Telemetry/DC_PUSMemoryDumpAbsolute.h"</cpp:file></cpp:include>
<cpp:include>#<cpp:directive>include</cpp:directive> <cpp:file>"../Data/DataPool.h"</cpp:file></cpp:include>

<constructor><name>PUSDumpMemory::PUSDumpMemory</name><parameter_list>(<param><decl><type><name>void</name></type></decl></param>)</parameter_list> <block>{
    <expr_stmt><expr><call><name>setType</name><argument_list>(<argument><expr><name>PUS_TYPE_MEM</name></expr></argument>)</argument_list></call></expr>;</expr_stmt>

    <expr_stmt><expr><name>data</name> = <name>pNULL</name></expr>;</expr_stmt>
    <expr_stmt><expr><name>maxNumberData</name> = 0</expr>;</expr_stmt>
    <expr_stmt><expr><name>numberData</name> = 0</expr>;</expr_stmt>
    <expr_stmt><expr><name>pTmManager</name> = <name>pNULL</name></expr>;</expr_stmt>
}</block></constructor>

<function><type><name>void</name></type> <name><name>PUSDumpMemory</name>::<name>setNumberOfRawData</name></name><parameter_list>(<param><decl><type><name>unsigned</name> <name>int</name></type> <name>max</name></decl></param>)</parameter_list> <block>{
    <expr_stmt><expr><call><name>assert</name><argument_list>( <argument><expr><name>max</name>&gt;0</expr></argument> )</argument_list></call></expr>;</expr_stmt>
    <expr_stmt><expr><call><name>assert</name><argument_list>( <argument><expr><name>data</name>==<name>pNULL</name></expr></argument> )</argument_list></call></expr>;</expr_stmt>

    <expr_stmt><expr><name>maxNumberData</name> = <name>max</name></expr>;</expr_stmt>
    <expr_stmt><expr><name>data</name> = new <name>unsigned</name> <name><name>char</name>[<expr><name>maxNumberData</name></expr>]</name></expr>;</expr_stmt>
    <for>for (<init><expr><type><name>unsigned</name> <name>int</name></type> <name>i</name>=<init><expr>0</expr></init></expr>;</init> <condition><expr><name>i</name>&lt;<name>maxNumberData</name></expr>;</condition> <incr><expr><name>i</name>++</expr></incr>)
        <expr_stmt><expr><name><name>data</name>[<expr><name>i</name></expr>]</name> = 0</expr>;</expr_stmt></for>
}</block></function>

<function><type><name>unsigned</name> <name>int</name></type> <name><name>PUSDumpMemory</name>::<name>getNumberOfRawData</name></name><parameter_list>()</parameter_list> <block>{
    <return>return <expr><name>maxNumberData</name></expr>;</return>
}</block></function>

<function><type><name>void</name></type> <name><name>PUSDumpMemory</name>::<name>setRawData</name></name><parameter_list>(<param><decl><type><name>unsigned</name> <name>char</name>*</type> <name>d</name></decl></param>, <param><decl><type><name>unsigned</name> <name>int</name></type> <name>n</name></decl></param>)</parameter_list> <block>{
    <expr_stmt><expr><call><name>assert</name><argument_list>( <argument><expr><name>data</name>!=<name>pNULL</name></expr></argument> )</argument_list></call></expr>;</expr_stmt>

    <if>if <condition>( <expr><name>n</name>&gt;<name>maxNumberData</name></expr> )</condition><then> <block>{
        <expr_stmt><expr><call><name>setValidityCheckCode</name><argument_list>(<argument><expr><name>VC_TOO_MANY_RAW_DATA</name></expr></argument>)</argument_list></call></expr>;</expr_stmt>
        <return>return;</return>
    }</block></then></if> 

    <expr_stmt><expr><name>numberData</name> = <name>n</name></expr>;</expr_stmt>
    <for>for (<init><expr><type><name>unsigned</name> <name>int</name></type> <name>i</name>=<init><expr>0</expr></init></expr>;</init> <condition><expr><name>i</name>&lt;<name>numberData</name></expr>;</condition> <incr><expr><name>i</name>++</expr></incr>)
        <expr_stmt><expr><name><name>data</name>[<expr><name>i</name></expr>]</name> = <name><name>d</name>[<expr><name>i</name></expr>]</name></expr>;</expr_stmt></for>

    <expr_stmt><expr><call><name>setValidityCheckCode</name><argument_list>(<argument><expr>0</expr></argument>)</argument_list></call></expr>;</expr_stmt>
    <return>return;</return>
}</block></function>

<function><type><name>unsigned</name> <name>int</name></type> <name><name>PUSDumpMemory</name>::<name>getNumberOfApplicationData</name></name><parameter_list>(<param><decl><type><name>void</name></type></decl></param>)</parameter_list> <specifier>const</specifier> <block>{
    <return>return <expr><name>numberData</name></expr>;</return>
}</block></function>

<function><type><name>void</name></type> <name><name>PUSDumpMemory</name>::<name>setTelemetryManager</name></name><parameter_list>(<param><decl><type><name>CC_TelemetryManager</name>*</type> <name>pTmManager</name></decl></param>)</parameter_list> <block>{
    <expr_stmt><expr><call><name>assert</name><argument_list>( <argument><expr><name>pTmManager</name>!=<name>pNULL</name></expr></argument> )</argument_list></call></expr>;</expr_stmt>
    <expr_stmt><expr><name>this</name>-&gt;<name>pTmManager</name> = <name>pTmManager</name></expr>;</expr_stmt>
}</block></function>

<function><type><name>CC_TelemetryManager</name>*</type> <name><name>PUSDumpMemory</name>::<name>getTelemetryManager</name></name><parameter_list>()</parameter_list> <specifier>const</specifier> <block>{
    <return>return <expr><name>pTmManager</name></expr>;</return>
}</block></function>

<function><type><name>bool</name></type> <name><name>PUSDumpMemory</name>::<name>isObjectConfigured</name></name><parameter_list>(<param><decl><type><name>void</name></type></decl></param>)</parameter_list> <block>{
   <return>return <expr>(<call><name><name>PUSTelecommand</name>::<name>isObjectConfigured</name></name><argument_list>()</argument_list></call> &amp;&amp; <name>data</name>!=<name>pNULL</name> &amp;&amp;
                                                                <name>pTmManager</name>!=<name>pNULL</name>)</expr>;</return>
}</block></function>
</unit>
