<unit xmlns="http://www.sdml.info/srcML/src" xmlns:cpp="http://www.sdml.info/srcML/cpp">
<comment type="line">//
</comment><comment type="line">// Copyright 2004 P&amp;P Software GmbH - All Rights Reserved
</comment><comment type="line">//
</comment><comment type="line">// PUSDumpMemory.h
</comment><comment type="line">//
</comment><comment type="line">// Version	1.0
</comment><comment type="line">// Date		05.01.04
</comment><comment type="line">// Author	A. Pasetti (P&amp;P Software)
</comment>
<cpp:ifndef>#<cpp:directive>ifndef</cpp:directive> <name>PUSDumpMemoryH</name></cpp:ifndef>
<cpp:define>#<cpp:directive>define</cpp:directive> <name>PUSDumpMemoryH</name></cpp:define>

<cpp:include>#<cpp:directive>include</cpp:directive> <cpp:file>"../GeneralInclude/ForwardDeclarations.h"</cpp:file></cpp:include>
<cpp:include>#<cpp:directive>include</cpp:directive> <cpp:file>"../GeneralInclude/BasicTypes.h"</cpp:file></cpp:include>
<cpp:include>#<cpp:directive>include</cpp:directive> <cpp:file>"PUSTelecommand.h"</cpp:file></cpp:include>

<comment type="block">/**
 * Base class for PUS telecommands to set up a memory dump either with base plus offset or absolute address.
 * This class encapsulates the commonalities for the following subtypes of PUS service number 6:&lt;ul&gt;
 * &lt;li&gt;Subtype 3: dump memory using base plus offset&lt;/li&gt;
 * &lt;li&gt;Subtype 5: dump memory using absolute addresses&lt;/li&gt;
 * &lt;/ul&gt;
 * This class defines an internal buffer to store the application data 
 * that define the telemetry packet. The maximum size of this buffer is
 * a configuration parameter that must be set at application initialization 
 * time (method &lt;code&gt;setNumberOfRawData&lt;/code&gt;). This and other internal data structured
 * are declared &lt;code&gt;protected&lt;/code&gt; in order to facilitate the implementation of
 * concrete subclasses.
 * &lt;p&gt;
 * During normal operation, configuration is performed using the &lt;i&gt;raw
 * data load service&lt;/i&gt;. Since in most cases the amount of data to be loaded
 * can be large, the more efficient (but less safe) implementation of this service
 * is used.
 * &lt;p&gt;
 * This telecommand implements a &lt;i&gt;validity check&lt;/i&gt; that returns "telecommand
 * not valid" in case an attempt is made to load more application data than fit
 * into the telecommand component.
 * &lt;p&gt;
 * No implementation for the execution action of this telecommand is provided. This
 * depends on whether the memory dump is of the "absolute address" or the "base address
 * plus offset" type and must therefore be provided by the concrete subclasses.
 * &lt;p&gt;
 * The PUS leaves some leeway in the definition of the structure of the application
 * data for memory dump telecommands. This implementation makes the same
 * assumptions as defined in the class comment of class &lt;code&gt;PUS_MemoryDump&lt;/code&gt;.
 * @author Alessandro Pasetti (P&amp;P Software GmbH)
 * @version 1.0
 */</comment>
<class>class <name>PUSDumpMemory</name> <super>: <specifier>public</specifier> <name>PUSTelecommand</name></super> <block>{<private type="default">

  </private><protected>protected:

    <comment type="block">/**
     * The buffer where the application data are stored
     */</comment>
    <decl_stmt><decl><type><name>unsigned</name> <name>char</name>*</type> <name>data</name></decl>;</decl_stmt>
    
    <comment type="block">/**
     * The size in number of bytes of the &lt;code&gt;data&lt;/code&gt; buffer
     */</comment>
    <decl_stmt><decl><type><name>unsigned</name> <name>int</name></type> <name>maxNumberData</name></decl>;</decl_stmt>

    <comment type="block">/**
     * The size in the number of bytes of the currently loaded application data
     */</comment>
    <decl_stmt><decl><type><name>unsigned</name> <name>int</name></type> <name>numberData</name></decl>;</decl_stmt>

    <comment type="block">/**
     * The telemetry manager
     */</comment>
    <decl_stmt><decl><type><name>CC_TelemetryManager</name>*</type> <name>pTmManager</name></decl>;</decl_stmt>

  </protected><public>public:

    <comment type="block">/**
     * Instantiate a memory dump PUS telecommand.
     * The values of the internal data structure that is used to hold the telecommand
     * application data is initialized to illegal values to signify that the telecommand
     * is not yet configured. The telecommand type is set to PUS_TYPE_MEM.
     */</comment>
    <constructor_decl><name>PUSDumpMemory</name><parameter_list>(<param><decl><type><name>void</name></type></decl></param>)</parameter_list>;</constructor_decl>

    <comment type="block">/**
     * Set the maximum size of the application data array. The maximum size is specified as the
     * maximum number of bytes of the application data. 
     * This is an initialization method that should only be called once.
     * A call to this method causes the internal data structures of the
     * telecommand to be allocated and initialized. Only positive values of the method argument
     * are legal.
     * @param max the maximum size of the application data in number of bytes
     */</comment>
    <function_decl><type><name>void</name></type> <name>setNumberOfRawData</name><parameter_list>(<param><decl><type><name>unsigned</name> <name>int</name></type> <name>max</name></decl></param>)</parameter_list>;</function_decl>

    <comment type="block">/**
     * Get the maximum size of the application data array. 
     * @see #setNumberOfRawData
     * @return the maximum size of the application data in number of bytes
     */</comment>
    <function_decl><type><name>virtual</name> <name>unsigned</name> <name>int</name></type> <name>getNumberOfRawData</name><parameter_list>(<param><decl><type><name>void</name></type></decl></param>)</parameter_list>;</function_decl>

    <comment type="block">/**
     * Implementation of the raw data load service. 
     * This method copies the argument array into an internal array. The number of
     * bytes n in the argument array must be less than the maximum value set
     * with method &lt;code&gt;setNumberOfRawData&lt;/code&gt;. 
     * If an attempt is made to load a greater number of raw data, then the telecommand
     * is declared to be invalid with validity check code equal to VC_TOO_MANY_RAW_DATA. 
     * @param d the array holding the raw data
     * @param n the number of items in array d
     */</comment>
    <function_decl><type><name>virtual</name> <name>void</name></type> <name>setRawData</name><parameter_list>(<param><decl><type><name>unsigned</name> <name>char</name>*</type> <name>d</name></decl></param>, <param><decl><type><name>unsigned</name> <name>int</name></type> <name>n</name></decl></param>)</parameter_list>;</function_decl>

    <comment type="block">/**
     * Return the number of application data bytes that were loaded with the
     * last call to method &lt;code&gt;setRawData&lt;/code&gt;. The number returned by this
     * method is the same as the value of the argument n in the call to method
     * &lt;code&gt;setRawData&lt;/code&gt;.
     * @see #setRawData
     * @return the number of application data bytes in the currently loaded packet
     */</comment>
    <function_decl><type><name>virtual</name> <name>unsigned</name> <name>int</name></type> <name>getNumberOfApplicationData</name><parameter_list>(<param><decl><type><name>void</name></type></decl></param>)</parameter_list> <specifier>const</specifier>;</function_decl>

    <comment type="block">/**
     * Load the telemetry manager.
     * @see #doAction
     * @param pTmManager the PUS telemetry mode manager
     */</comment>
    <function_decl><type><name>void</name></type> <name>setTelemetryManager</name><parameter_list>(<param><decl><type><name>CC_TelemetryManager</name>*</type> <name>pTmManager</name></decl></param>)</parameter_list>;</function_decl>

    <comment type="block">/**
     * Getter method for the telemetry manager.
     * @see #setTelemetryManager
     * @return the telemetry manager
     */</comment>
    <function_decl><type><name>CC_TelemetryManager</name>*</type> <name>getTelemetryManager</name><parameter_list>()</parameter_list> <specifier>const</specifier>;</function_decl>

    <comment type="block">/**
     * Perform a class-specific configuration check on the telecommand:
     * check that the maximum number of raw data has been set and that the
     * telemetry manager has been loaded.
     * @return true if the telecommand is configured, false otherwise
     */</comment>
    <function_decl><type><name>virtual</name> <name>bool</name></type> <name>isObjectConfigured</name><parameter_list>(<param><decl><type><name>void</name></type></decl></param>)</parameter_list>;</function_decl>

</public>}</block>;</class>

<cpp:endif>#<cpp:directive>endif</cpp:directive></cpp:endif> 
</unit>
