<unit xmlns="http://www.sdml.info/srcML/src" xmlns:cpp="http://www.sdml.info/srcML/cpp">
<comment type="line">//
</comment><comment type="line">// Copyright 2004 P&amp;P Software GmbH - All Rights Reserved
</comment><comment type="line">//
</comment><comment type="line">// PUSFunctionManagement.h
</comment><comment type="line">//
</comment><comment type="line">// Version	1.0
</comment><comment type="line">// Date		05.12.03
</comment><comment type="line">// Author	A. Pasetti (P&amp;P Software)
</comment>
<cpp:ifndef>#<cpp:directive>ifndef</cpp:directive> <name>PUSFunctionManagementH</name></cpp:ifndef>
<cpp:define>#<cpp:directive>define</cpp:directive> <name>PUSFunctionManagementH</name></cpp:define>

<cpp:include>#<cpp:directive>include</cpp:directive> <cpp:file>"../GeneralInclude/ForwardDeclarations.h"</cpp:file></cpp:include>
<cpp:include>#<cpp:directive>include</cpp:directive> <cpp:file>"../GeneralInclude/BasicTypes.h"</cpp:file></cpp:include>
<cpp:include>#<cpp:directive>include</cpp:directive> <cpp:file>"PUSTelecommand.h"</cpp:file></cpp:include>

<comment type="block">/**
 * PUS telecommand to implementing the PUS function management service (PUS service
 * number 8). This is an abstract class since the function implementation service
 * is application specific. This class defines a PUS telecommand with type equal to
 * 8 and subtype equal to 1. No other attributes or services are added to those provided
 * by the &lt;code&gt;PUSTelecommand&lt;/code&gt; superclass. 
 * &lt;p&gt;
 * The function management service defines a mechanism for passing parameters to the
 * function that the telecommand manages. This mechanism is already covered by the
 * &lt;i&gt;raw data load&lt;/i&gt; mechanism defined by the &lt;code&gt;PUSTelecommand&lt;/code&gt; superclass.
 * @todo Can a generic way be found to handle the execution of some action as a function
 * of the "function ID field" in the telecommand packet?
 * @author Alessandro Pasetti (P&amp;P Software GmbH)
 * @version 1.0
 */</comment>
<class>class <name>PUSFunctionManagement</name> <super>: <specifier>public</specifier> <name>PUSTelecommand</name></super> <block>{<private type="default">

  </private><public>public:
    <comment type="block">/**
     * Instantiate a function management telecommand.
     * The telecommand type is set to PUS_TYPE_TC_FNC and the telecommand subtype is set 
     * to PUS_ST_TC_FNC_PER.
     * @see PUS_TYPE_TC_FNC
     * @see PUS_ST_TC_FNC_PER
     */</comment>
    <constructor_decl><name>PUSFunctionManagement</name><parameter_list>(<param><decl><type><name>void</name></type></decl></param>)</parameter_list>;</constructor_decl>

</public>}</block>;</class>

<cpp:endif>#<cpp:directive>endif</cpp:directive></cpp:endif> 
</unit>
