<unit xmlns="http://www.sdml.info/srcML/src" xmlns:cpp="http://www.sdml.info/srcML/cpp">
<comment type="line">//
</comment><comment type="line">// Copyright 2004 P&amp;P Software GmbH - All Rights Reserved
</comment><comment type="line">//
</comment><comment type="line">// PUSMemoryLoad.cpp
</comment><comment type="line">//
</comment><comment type="line">// Version	1.0
</comment><comment type="line">// Date		4.12.03
</comment><comment type="line">// Author	A. Pasetti (P&amp;P Software)
</comment>
<cpp:include>#<cpp:directive>include</cpp:directive> <cpp:file>"../GeneralInclude/CompilerSwitches.h"</cpp:file></cpp:include>
<cpp:include>#<cpp:directive>include</cpp:directive> <cpp:file>"../GeneralInclude/DebugSupport.h"</cpp:file></cpp:include>
<cpp:include>#<cpp:directive>include</cpp:directive> <cpp:file>"../GeneralInclude/Constants.h"</cpp:file></cpp:include>
<cpp:include>#<cpp:directive>include</cpp:directive> <cpp:file>"../Utilities/Checksum.h"</cpp:file></cpp:include>
<cpp:include>#<cpp:directive>include</cpp:directive> <cpp:file>"PUSMemoryLoad.h"</cpp:file></cpp:include>

<constructor><name>PUSMemoryLoad::PUSMemoryLoad</name><parameter_list>(<param><decl><type><name>void</name></type></decl></param>)</parameter_list> <block>{

    <expr_stmt><expr><name>block</name> = <name>pNULL</name></expr>;</expr_stmt>
    <expr_stmt><expr><name>maxNumberBlocks</name> = 0</expr>;</expr_stmt>
    <expr_stmt><expr><name>numberBlocks</name> = 0</expr>;</expr_stmt>
    <expr_stmt><expr><name>data</name> = <name>pNULL</name></expr>;</expr_stmt>
    <expr_stmt><expr><name>maxNumberData</name> = 0</expr>;</expr_stmt>
        
    <expr_stmt><expr><call><name>setType</name><argument_list>(<argument><expr><name>PUS_TYPE_MEM</name></expr></argument>)</argument_list></call></expr>;</expr_stmt>
}</block></constructor>

<function><type><name>void</name></type> <name><name>PUSMemoryLoad</name>::<name>setMaxNumberBlocks</name></name><parameter_list>(<param><decl><type><name>unsigned</name> <name>int</name></type> <name>max</name></decl></param>)</parameter_list> <block>{
    <expr_stmt><expr><call><name>assert</name><argument_list>( <argument><expr><name>max</name>&gt;0</expr></argument> )</argument_list></call></expr>;</expr_stmt>
    <expr_stmt><expr><call><name>assert</name><argument_list>( <argument><expr><name>block</name>==<name>pNULL</name></expr></argument> )</argument_list></call></expr>;</expr_stmt>     <comment type="line">// must be called only once
</comment>
    <expr_stmt><expr><name>maxNumberBlocks</name> = (<name>TD_PUSNumberMemBlocks</name>)<name>max</name></expr>;</expr_stmt>
    <expr_stmt><expr><name>block</name> = new <name><name>MemBlockType</name>[<expr><name>maxNumberBlocks</name></expr>]</name></expr>;</expr_stmt>
    <for>for (<init><expr><type><name>unsigned</name> <name>int</name></type> <name>i</name>=<init><expr>0</expr></init></expr>;</init> <condition><expr><name>i</name>++</expr>;</condition> <incr><expr><name>i</name></expr>,<expr>0</expr></incr>) <block>{ 
        <expr_stmt><expr><name><name>block</name>[<expr><name>i</name></expr>]</name>.<name>checksum</name> = 0</expr>;</expr_stmt>
        <expr_stmt><expr><name><name>block</name>[<expr><name>i</name></expr>]</name>.<name>length</name> = 0</expr>;</expr_stmt>
        <expr_stmt><expr><name><name>block</name>[<expr><name>i</name></expr>]</name>.<name>startAddress</name> = <name>pNULL</name></expr>;</expr_stmt>
    }</block></for>

}</block></function>

<function><type><name>unsigned</name> <name>int</name></type> <name><name>PUSMemoryLoad</name>::<name>getMaxNumberBlocks</name></name><parameter_list>()</parameter_list> <specifier>const</specifier> <block>{
    <expr_stmt><expr><call><name>assert</name><argument_list>( <argument><expr><name>block</name>!=<name>pNULL</name></expr></argument> )</argument_list></call></expr>;</expr_stmt>
    <return>return <expr><name>maxNumberBlocks</name></expr>;</return>
}</block></function>

<function><type><name>unsigned</name> <name>int</name></type> <name><name>PUSMemoryLoad</name>::<name>getNumberBlocks</name></name><parameter_list>()</parameter_list> <specifier>const</specifier> <block>{
    <expr_stmt><expr><call><name>assert</name><argument_list>( <argument><expr><name>block</name>!=<name>pNULL</name></expr></argument> )</argument_list></call></expr>;</expr_stmt>
    <return>return <expr><name>numberBlocks</name></expr>;</return>
}</block></function>

<function><type><name>void</name></type> <name><name>PUSMemoryLoad</name>::<name>setMaxNumberData</name></name><parameter_list>(<param><decl><type><name>unsigned</name> <name>int</name></type> <name>max</name></decl></param>)</parameter_list> <block>{
    <expr_stmt><expr><call><name>assert</name><argument_list>( <argument><expr><name>max</name>&gt;0</expr></argument> )</argument_list></call></expr>;</expr_stmt>
    <expr_stmt><expr><call><name>assert</name><argument_list>( <argument><expr><name>data</name>==<name>pNULL</name></expr></argument> )</argument_list></call></expr>;</expr_stmt>

    <expr_stmt><expr><name>maxNumberData</name> = <name>max</name></expr>;</expr_stmt>
    <expr_stmt><expr><name>data</name> = new <name><name>TD_PUSMemData</name>[<expr><name>maxNumberData</name></expr>]</name></expr>;</expr_stmt>
    <for>for (<init><expr><type><name>unsigned</name> <name>int</name></type> <name>i</name>=<init><expr>0</expr></init></expr>;</init> <condition><expr><name>i</name>++</expr>;</condition> <incr><expr><name>i</name></expr>,<expr>0</expr></incr>) <block>{ 
        <expr_stmt><expr><name>data</name> = 0</expr>;</expr_stmt>
    }</block></for>
}</block></function>

<function><type><name>unsigned</name> <name>int</name></type> <name><name>PUSMemoryLoad</name>::<name>getMaxNumberData</name></name><parameter_list>()</parameter_list> <specifier>const</specifier> <block>{
    <expr_stmt><expr><call><name>assert</name><argument_list>( <argument><expr><name>data</name>!=<name>pNULL</name></expr></argument> )</argument_list></call></expr>;</expr_stmt>
    <return>return <expr><name>maxNumberData</name></expr>;</return>
}</block></function>

<function><type><name>TD_PUSMemData</name>*</type> <name><name>PUSMemoryLoad</name>::<name>getStartAddress</name></name><parameter_list>(<param><decl><type><name>unsigned</name> <name>int</name></type> <name>i</name></decl></param>)</parameter_list> <specifier>const</specifier> <block>{
    <expr_stmt><expr><call><name>assert</name><argument_list>( <argument><expr><name>i</name>&lt;(<name>unsigned</name> <name>int</name>)<name>numberBlocks</name></expr></argument> )</argument_list></call></expr>;</expr_stmt>

    <return>return <expr><name><name>block</name>[<expr><name>i</name></expr>]</name>.<name>startAddress</name></expr>;</return>
}</block></function>

<function><type><name>TD_PUSMemLength</name></type> <name><name>PUSMemoryLoad</name>::<name>getLength</name></name><parameter_list>(<param><decl><type><name>unsigned</name> <name>int</name></type> <name>i</name></decl></param>)</parameter_list> <specifier>const</specifier> <block>{
    <expr_stmt><expr><call><name>assert</name><argument_list>( <argument><expr><name>i</name>&lt;<name>numberBlocks</name></expr></argument> )</argument_list></call></expr>;</expr_stmt>

    <return>return <expr><name><name>block</name>[<expr><name>i</name></expr>]</name>.<name>length</name></expr>;</return>
}</block></function>

<function><type><name>unsigned</name> <name>short</name></type> <name><name>PUSMemoryLoad</name>::<name>getChecksum</name></name><parameter_list>(<param><decl><type><name>unsigned</name> <name>int</name></type> <name>i</name></decl></param>)</parameter_list> <specifier>const</specifier> <block>{
    <expr_stmt><expr><call><name>assert</name><argument_list>( <argument><expr><name>i</name>&lt;<name>numberBlocks</name></expr></argument> )</argument_list></call></expr>;</expr_stmt>

    <return>return <expr><name><name>block</name>[<expr><name>i</name></expr>]</name>.<name>checksum</name></expr>;</return>
}</block></function>

<function><type><name>TD_ActionOutcome</name></type> <name><name>PUSMemoryLoad</name>::<name>doAction</name></name><parameter_list>(<param><decl><type><name>void</name></type></decl></param>)</parameter_list> <block>{
    <expr_stmt><expr><call><name>assert</name><argument_list>( <argument><expr><call><name>isObjectConfigured</name><argument_list>()</argument_list></call></expr></argument> )</argument_list></call></expr>;</expr_stmt>
    <expr_stmt><expr><call><name>assert</name><argument_list>( <argument><expr><name>numberBlocks</name>&gt;0</expr></argument> )</argument_list></call></expr>;</expr_stmt>
    <expr_stmt><expr><call><name>assert</name><argument_list>( <argument><expr><call><name>sizeof</name><argument_list>(<argument><expr><name>TD_PUSMemData</name></expr></argument>)</argument_list></call>==1</expr></argument> )</argument_list></call></expr>;</expr_stmt>

    <decl_stmt><decl><type><name>unsigned</name> <name>int</name></type> <name>counter</name></decl>;</decl_stmt>
    
    <comment type="line">// Do checksum check (if the checksum is required)
</comment>    <expr_stmt><expr><name>counter</name> = 0</expr>;</expr_stmt>
    <for>for (<init><expr><type><name>unsigned</name> <name>int</name></type> <name>i</name>=<init><expr>0</expr></init></expr>;</init> <condition><expr><name>i</name>&lt;(<name>unsigned</name> <name>int</name>)<name>numberBlocks</name></expr>;</condition> <incr><expr><name>i</name>++</expr></incr>) <block>{
        <expr_stmt><expr><call><name>assert</name><argument_list>( <argument><expr><name>counter</name>&lt;<name>maxNumberData</name></expr></argument> )</argument_list></call></expr>;</expr_stmt>
        <if>if <condition>( <expr><name><name>block</name>[<expr><name>i</name></expr>]</name>.<name>checksum</name>==0</expr> )</condition><then> <block>{
            <expr_stmt><expr><name>counter</name> = <name>counter</name> + <name><name>block</name>[<expr><name>i</name></expr>]</name>.<name>length</name></expr>;</expr_stmt>
            <continue>continue;</continue>
        }</block></then></if>

        <if>if <condition>( <expr><macro>doChecksum<argument_list>((unsigned char*)(data+counter),
                            (block[i].length*sizeof(TD_PUSMemData)))</argument_list></macro>!=<name><name>block</name>[<expr><name>i</name></expr>]</name>.<name>checksum</name></expr> )</condition><then>
            <return>return <expr><name>MEM_LOAD_PRE_CHECKSUM_FAILED</name></expr>;</return></then></if>

        <expr_stmt><expr><name>counter</name> = <name>counter</name> + <name><name>block</name>[<expr><name>i</name></expr>]</name>.<name>length</name></expr>;</expr_stmt>
    }</block></for>

    <comment type="line">// Write memory data
</comment>    <expr_stmt><expr><name>counter</name> = 0</expr>;</expr_stmt>
    <for>for (<init><expr><type><name>unsigned</name> <name>int</name></type> <name>i</name>=<init><expr>0</expr></init></expr>;</init> <condition><expr><name>i</name>&lt;<name>numberBlocks</name></expr>;</condition> <incr><expr><name>i</name>++</expr></incr>) <block>{
        <decl_stmt><decl><type><name>TD_PUSMemData</name>*</type> <name>writeLocation</name> =<init> <expr><name><name>block</name>[<expr><name>i</name></expr>]</name>.<name>startAddress</name></expr></init></decl>;</decl_stmt>
        <for>for (<init><expr><type><name>TD_PUSMemLength</name></type> <name>j</name>=<init><expr>0</expr></init></expr>;</init> <condition><expr><name>j</name>&lt;<name><name>block</name>[<expr><name>i</name></expr>]</name>.<name>length</name></expr>;</condition> <incr><expr><name>j</name>++</expr></incr>) <block>{
            <expr_stmt><expr><call><name>assert</name><argument_list>( <argument><expr><name>counter</name>&lt;<name>maxNumberData</name></expr></argument> )</argument_list></call></expr>;</expr_stmt>
            <expr_stmt><expr>*(<name>writeLocation</name>+<name>j</name>) = *(<name>TD_PUSMemData</name>*)(<name>data</name>+<name>counter</name>)</expr>;</expr_stmt>
            <expr_stmt><expr><name>counter</name> = <name>counter</name> + 1</expr>;</expr_stmt>
        }</block></for>
    }</block></for>

    <comment type="line">// Verify checksum (if required)
</comment>    <if>if <condition>( <expr>!<call><name>isCompletionAckRequired</name><argument_list>()</argument_list></call></expr> )</condition><then>
        <return>return <expr><name>ACTION_SUCCESS</name></expr>;</return></then></if>

    <for>for (<init><expr><type><name>unsigned</name> <name>int</name></type> <name>i</name>=<init><expr>0</expr></init></expr>;</init> <condition><expr><name>i</name>&lt;<name>numberBlocks</name></expr>;</condition> <incr><expr><name>i</name>++</expr></incr>) 
        <if>if <condition>( <expr>!<macro>verifyChecksum<argument_list>((unsigned char*)block[i].startAddress,
                                    block[i].length*sizeof(TD_PUSMemData),block[i].checksum)</argument_list></macro></expr> )</condition><then>
            <return>return <expr><name>MEM_LOAD_POST_CHECKSUM_FAILED</name></expr>;</return></then></if></for>

    <return>return <expr><name>ACTION_SUCCESS</name></expr>;</return>
}</block></function>


<function><type><name>bool</name></type> <name><name>PUSMemoryLoad</name>::<name>isObjectConfigured</name></name><parameter_list>(<param><decl><type><name>void</name></type></decl></param>)</parameter_list> <block>{
   <return>return <expr>( <call><name><name>PUSTelecommand</name>::<name>isObjectConfigured</name></name><argument_list>()</argument_list></call> &amp;&amp;
           (<name>block</name>!=<name>pNULL</name>) &amp;&amp;
           (<name>data</name>!=<name>pNULL</name>) )</expr>;</return>
}</block></function>

</unit>
