<unit xmlns="http://www.sdml.info/srcML/src" xmlns:cpp="http://www.sdml.info/srcML/cpp">
<comment type="line">//
</comment><comment type="line">// Copyright 2004 P&amp;P Software GmbH - All Rights Reserved
</comment><comment type="line">//
</comment><comment type="line">// PUSTelecommand.h
</comment><comment type="line">//
</comment><comment type="line">// Version	1.0
</comment><comment type="line">// Date		15.12.03 (version 1.0)
</comment><comment type="line">// Author	A. Pasetti (P&amp;P Software)
</comment><comment type="line">//
</comment><comment type="line">// Change Record:
</comment>
<cpp:ifndef>#<cpp:directive>ifndef</cpp:directive> <name>PUSTelecommandH</name></cpp:ifndef>
<cpp:define>#<cpp:directive>define</cpp:directive> <name>PUSTelecommandH</name></cpp:define>

<cpp:include>#<cpp:directive>include</cpp:directive> <cpp:file>"../GeneralInclude/ForwardDeclarations.h"</cpp:file></cpp:include>
<cpp:include>#<cpp:directive>include</cpp:directive> <cpp:file>"../GeneralInclude/BasicTypes.h"</cpp:file></cpp:include>
<cpp:include>#<cpp:directive>include</cpp:directive> <cpp:file>"../Telecommand/Telecommand.h"</cpp:file></cpp:include>

<comment type="block">/**
 * Base class from which all PUS telecommand classes are derived.
 * This class implements the attributes defined by the more
 * generic &lt;code&gt;Telecommand&lt;/code&gt; superclass in a manner that ensures compatibility with the
 * Packet Utilization Standard (PUS). Only the PUS attributes that are relevant to an
 * application process are modelled by this class.
 * &lt;p&gt;
 * The mapping between the attributes defined by the &lt;code&gt;Telecommand&lt;/code&gt; superclass
 * and the attributes mandated by the PUS is as follows:&lt;ul&gt;
 * &lt;li&gt;The &lt;i&gt;packet ID&lt;/i&gt; PUS attribute has a fixed value for all telecommands in the same
 * application process and it is therefore implemented as a static attribute.&lt;/li&gt;
 * &lt;li&gt;The &lt;i&gt;packet sequence control&lt;/i&gt; PUS attribute is mapped to the
 * &lt;i&gt;telecommand identifier&lt;/i&gt; attribute of the &lt;code&gt;Telecommand&lt;/code&gt; superclass.&lt;/li&gt;
 * &lt;li&gt;The &lt;i&gt;acknowledge field&lt;/i&gt; PUS attribute is mapped to the
 * &lt;i&gt;acknowledge level&lt;/i&gt; attribute of the &lt;code&gt;Telecommand&lt;/code&gt; superclass.&lt;/li&gt;
 * &lt;li&gt;The &lt;i&gt;service type&lt;/i&gt; PUS attributes is mapped to the
 * &lt;i&gt;telecommand type&lt;/i&gt; attribute of the &lt;code&gt;Telecommand&lt;/code&gt; superclass.&lt;/li&gt;
 * &lt;li&gt;The &lt;i&gt;service subtype&lt;/i&gt; PUS attributes is mapped to the
 * &lt;i&gt;telecommand subtype&lt;/i&gt; attribute of the &lt;code&gt;Telecommand&lt;/code&gt; superclass.&lt;/li&gt;
 * &lt;li&gt;The &lt;i&gt;source&lt;/i&gt; PUS attribute is mapped to the
 * &lt;i&gt;telecommand source&lt;/i&gt; attribute of the &lt;code&gt;Telecommand&lt;/code&gt; superclass.&lt;/li&gt;
 * &lt;/ul&gt;
 * The mapping of the PUS acknowledge flags onto the acknowledge level attribute is done in
 * a manner that is completely transparent to the clients of this class.
 * &lt;p&gt;
 * This class defines a default structure of the &lt;i&gt;telecommand validity check&lt;/i&gt;. 
 * The class defines an internal variable to hold the value of the validity check 
 * code and initializes it to zero. A protected method is offered to set the value
 * of the validity check code. The vallidty check returns "telecommand is valid" if the
 * value of the validity check code is equal to zero. The idea is that validity checking 
 * in a PUS telecommand is done when its application data are loaded (using the
 * &lt;i&gt;raw data load service&lt;/i&gt;). During the load operation, the telecommand interprets 
 * the data and checks their validity. If the data are found to be invalid, then
 * the validity check code is set to a non-zero value.
 * @author Alessandro Pasetti (P&amp;P Software GmbH)
 * @version 1.0
 * @ingroup PUS
 * @ingroup Telecommand
 */</comment>
<class>class <name>PUSTelecommand</name> <super>: <specifier>public</specifier> <name>Telecommand</name></super> <block>{<private type="default">

  </private><private>private:
    <decl_stmt><decl><type><name>static</name> <name>TD_PUSPacketId</name></type> <name>packetId</name></decl>;</decl_stmt>
    <decl_stmt><decl><type><name>TD_TelecommandId</name></type> <name>tcId</name></decl>;</decl_stmt>
    <decl_stmt><decl><type><name>TD_TelecommandType</name></type> <name>tcType</name></decl>;</decl_stmt>
    <decl_stmt><decl><type><name>TD_TelecommandSubType</name></type> <name>tcSubType</name></decl>;</decl_stmt>
    <decl_stmt><decl><type><name>TD_TelecommandSource</name></type> <name>tcSource</name></decl>;</decl_stmt>
    <decl_stmt><decl><type><name>TD_TelecommandAck</name></type> <name>ackLevel</name></decl>;</decl_stmt>
    <decl_stmt><decl><type><name>TD_CheckCode</name></type> <name>validityCheckCode</name></decl>;</decl_stmt>

  </private><protected>protected:

    <comment type="block">/**
     * Setter method for the validity check code. This method would normally be called
     * by the data load service (method &lt;code&gt;setRawData&lt;/code&gt;) when it 
     * detects an inconsistency or some other
     * problem in the data being loaded. The value of the code indicates the
     * type of problem.
     * @param valCheckCode the validity check code
     */</comment>
    <function_decl><type><name>void</name></type> <name>setValidityCheckCode</name><parameter_list>(<param><decl><type><name>TD_CheckCode</name></type> <name>valCheckCode</name></decl></param>)</parameter_list>;</function_decl>


  </protected><public>public:

    <comment type="block">/**
     * Instantiate a PUS telecommand.
     * The telecommand attributes are set as follows: &lt;ul&gt;
     * &lt;li&gt;The telecommand identifier is set to a non-legal value to indicate
     * that the telecommand component is not yet configured&lt;/li&gt;
     * &lt;li&gt;The telecommand type is set to a non-legal value to indicate
     * that the telecommand component is not yet configured&lt;/li&gt;
     * &lt;li&gt;The telecommand subtype is set to a non-legal value to indicate
     * that the telecommand component is not yet configured&lt;/li&gt;
     * &lt;li&gt;The telecommand source is set to a non-legal value to indicate
     * that the telecommand component is not yet configured&lt;/li&gt;
     * &lt;li&gt;The acknowledge flags are set to "false" (no acknowledge is required)&lt;/li&gt;
     * &lt;li&gt;The validity check code is initialized to zero (telecommand is valid)&lt;/li&gt;
     * &lt;/ul&gt;
     * Note that the packet identifier (a static attribute) is initialized to an illegal value
     * to indicate that the component is not yet initialized.
     */</comment>
    <constructor_decl><name>PUSTelecommand</name><parameter_list>(<param><decl><type><name>void</name></type></decl></param>)</parameter_list>;</constructor_decl>

    <comment type="block">/**
     * Execute the validity check on the telecommand.
     * This method returns "telecommand valid" if the validity check code
     * is equal to zero. The validity check code is computed in method 
     * &lt;code&gt;setRawData&lt;/code&gt;.
     * @see #setValidityCheckCode
     * @return true if the telecommand is valid, false otherwise
     */</comment>
    <function_decl><type><name>virtual</name> <name>bool</name></type> <name>isValid</name><parameter_list>(<param><decl><type><name>void</name></type></decl></param>)</parameter_list>;</function_decl>

    <comment type="block">/**
     * Return the validity check code for the telecommand.
     * @see #setValidityCheckCode
     * @return the validity check code
     */</comment>
    <function_decl><type><name>virtual</name> <name>TD_CheckCode</name></type> <name>getValidityCheckCode</name><parameter_list>(<param><decl><type><name>void</name></type></decl></param>)</parameter_list> <specifier>const</specifier>;</function_decl>

    <comment type="block">/**
     * Getter method for the telecommand packet identifier. The telecommand packet
     * identifier is assumed to be fixed for all telecommands in the same
     * application process. According to the PUS, the packet identifier consists
     * of the following four fields: &lt;ul&gt;
     * &lt;li&gt;The version number: this field is fixed and equal to 0&lt;/li&gt;
     * &lt;li&gt;The type: this field is fixed and equal to 1&lt;/li&gt;
     * &lt;li&gt;The data field header: this field is fixed and equal to 1 (indicating
     * that a telecommand packet always has a secondary header)&lt;/li&gt;
     * &lt;li&gt;The application ID: this field is fixed within the application process and
     * it is equal to the application identifier&lt;/li&gt;
     * &lt;/ul&gt;
     * @see #setApplicationId
     * @return the packet identifier
     */</comment>
    <function_decl><type><name>static</name> <name>TD_PUSPacketId</name></type> <name>getPacketId</name><parameter_list>(<param><decl><type><name>void</name></type></decl></param>)</parameter_list>;</function_decl>

    <comment type="block">/**
     * Setter method for the application identifier (APID). The APID is used to construct
     * the telecommand packet identifier. The APID is placed in the 11 least-significant bits
     * of the PUS packet identifier. A pseudo-code implementation for this method is as
     * follows: &lt;pre&gt;
     *      packetId = 2**12+2**11;     // set the fixed part of the packet ID
     *      packetId = packetId + apid; // set the APID part of the packet ID &lt;/pre&gt;
     * The APID should be smaller than 2**11.
     * @see getPacketId
     * @param apid the identifier of the application for which the telecommand is intended
     */</comment>
    <function_decl><type><name>static</name> <name>void</name></type> <name>setApplicationId</name><parameter_list>(<param><decl><type><name>TD_APID</name></type> <name>apid</name></decl></param>)</parameter_list>;</function_decl>

    <comment type="block">/**
     * Getter method for the telecommand identifier. In this class, the
     * telecommand identifier is identified with the &lt;i&gt;packet sequence
     * control&lt;/i&gt; PUS attribute.
     * @return the telecommand identifier
     */</comment>
    <function_decl><type><name>virtual</name> <name>TD_TelecommandId</name></type> <name>getTelecommandId</name><parameter_list>(<param><decl><type><name>void</name></type></decl></param>)</parameter_list> <specifier>const</specifier>;</function_decl>

    <comment type="block">/**
     * Setter method for the telecommand identifier.
     * @see #getTelecommandId
     * @param tcIdentifier the telecommand identifier
     */</comment>
    <function_decl><type><name>virtual</name> <name>void</name></type> <name>setTelecommandId</name><parameter_list>(<param><decl><type><name>TD_TelecommandId</name></type> <name>tcIdentifier</name></decl></param>)</parameter_list>;</function_decl>

    <comment type="block">/**
     * Getter method for the telecommand type. In this class, the
     * telecommand type is identifed with the &lt;i&gt;telecommand service
     * type&lt;/i&gt; PUS attribute.
     * @return the telecommand type
     */</comment>
    <function_decl><type><name>virtual</name> <name>TD_TelecommandType</name></type> <name>getType</name><parameter_list>(<param><decl><type><name>void</name></type></decl></param>)</parameter_list> <specifier>const</specifier>;</function_decl>

    <comment type="block">/**
     * Setter method for the telecommand type.
     * @see #getType
     * @param tcType the telecommand type
     */</comment>
    <function_decl><type><name>virtual</name> <name>void</name></type> <name>setType</name><parameter_list>(<param><decl><type><name>TD_TelecommandType</name></type> <name>tcType</name></decl></param>)</parameter_list>;</function_decl>

    <comment type="block">/**
     * Getter method for the telecommand type. In this class, the
     * telecommand subtype is identifed with the &lt;i&gt;telecommand service
     * subtype&lt;/i&gt; PUS attribute.
     * @return the telecommand subtype
     */</comment>
    <function_decl><type><name>virtual</name> <name>TD_TelecommandSubType</name></type> <name>getSubType</name><parameter_list>(<param><decl><type><name>void</name></type></decl></param>)</parameter_list> <specifier>const</specifier>;</function_decl>

    <comment type="block">/**
     * Setter method for the telecommand subtype.
     * @see #getSubType
     * @param tcSubType the telecommand subtype
     */</comment>
    <function_decl><type><name>virtual</name> <name>void</name></type> <name>setSubType</name><parameter_list>(<param><decl><type><name>TD_TelecommandSubType</name></type> <name>tcSubType</name></decl></param>)</parameter_list>;</function_decl>

    <comment type="block">/**
     * Getter method for the telecommand source.
     * @return the telecommand source
     */</comment>
    <function_decl><type><name>virtual</name> <name>TD_TelecommandSource</name></type> <name>getSource</name><parameter_list>(<param><decl><type><name>void</name></type></decl></param>)</parameter_list> <specifier>const</specifier>;</function_decl>

    <comment type="block">/**
     * Setter method for the telecommand source.
     * @see #getSource
     * @param tcSource the telecommand source
     */</comment>
    <function_decl><type><name>virtual</name> <name>void</name></type> <name>setSource</name><parameter_list>(<param><decl><type><name>TD_TelecommandSource</name></type> <name>tcSource</name></decl></param>)</parameter_list>;</function_decl>

    <comment type="block">/**
     * Set the value of the acknowledge level for this telecommand.
     * The acknowledge level implements the PUS acknowledge field as
     * follows: &lt;ul&gt;
     * &lt;li&gt;Bit 0 represents the acceptance acknowledge flag&lt;/li&gt;
     * &lt;li&gt;Bit 1 represents the start acknowledge flag&lt;/li&gt;
     * &lt;li&gt;Bit 2 represents the progress acknowledge flag&lt;/li&gt;
     * &lt;li&gt;Bit 3 represents the completion acknowledge flag&lt;/li&gt;
     * &lt;/ul&gt;
     * Bit 0 is the least-significant bit.
     * @see #getAcknowledgeLevel
     * @param ackLevel the new value of the acknowledge level attribute
     */</comment>
    <function_decl><type><name>virtual</name> <name>void</name></type> <name>setAcknowledgeLevel</name><parameter_list>(<param><decl><type><name>TD_TelecommandAck</name></type> <name>ackLevel</name></decl></param>)</parameter_list>;</function_decl>

    <comment type="block">/**
     * Return the value of the acknowledge level attribute.
     * Note that methods are also provided to return the values of the
     * individual PUS acknowledge flags.
     * @see #setAcknowledgeLevel
     * @return the value of the acknowledge level attribute
     */</comment>
    <function_decl><type><name>virtual</name> <name>TD_TelecommandAck</name></type> <name>getAcknowledgeLevel</name><parameter_list>(<param><decl><type><name>void</name></type></decl></param>)</parameter_list> <specifier>const</specifier>;</function_decl>

    <comment type="block">/**
     * Return the true if acknowledgement of telecommand acceptance is
     * required. The return value is read from the acknowledge level attribute.
     * @see #setAcknowledgeLevel
     * @return the value of the acceptance acknowledge flag
     */</comment>
    <function_decl><type><name>bool</name></type> <name>isAcceptanceAckRequired</name><parameter_list>(<param><decl><type><name>void</name></type></decl></param>)</parameter_list> <specifier>const</specifier>;</function_decl>

    <comment type="block">/**
     * Return the true if acknowledgement of telecommand execution start is
     * required. The return value is read from the acknowledge level attribute.
     * @see #setAcknowledgeLevel
     * @return the value of the start acknowledge flag
     */</comment>
    <function_decl><type><name>bool</name></type> <name>isStartAckRequired</name><parameter_list>(<param><decl><type><name>void</name></type></decl></param>)</parameter_list> <specifier>const</specifier>;</function_decl>

    <comment type="block">/**
     * Return the true if acknowledgement of telecommand execution progress is
     * required. The return value is read from the acknowledge level attribute.
     * @see #setAcknowledgeLevel
     * @return the value of the progress acknowledge flag
     */</comment>
    <function_decl><type><name>bool</name></type> <name>isProgressAckRequired</name><parameter_list>(<param><decl><type><name>void</name></type></decl></param>)</parameter_list> <specifier>const</specifier>;</function_decl>

    <comment type="block">/**
     * Return the true if acknowledgement of telecommand execution completion is
     * required. The return value is read from the acknowledge level attribute.
     * @see #setAcknowledgeLevel
     * @return the value of the completion acknowledge flag
     */</comment>
    <function_decl><type><name>bool</name></type> <name>isCompletionAckRequired</name><parameter_list>(<param><decl><type><name>void</name></type></decl></param>)</parameter_list> <specifier>const</specifier>;</function_decl>

    <comment type="block">/**
     * Perform a class-specific configuration check on the telecommand:
     * verify that the telecommand identifier, telecommand type, the
     * telecommand subtype, the telecommand source, and the packet identifier have a legal value.
     * @return true if the component is configured, false otherwise.
     */</comment>
    <function_decl><type><name>virtual</name> <name>bool</name></type> <name>isObjectConfigured</name><parameter_list>(<param><decl><type><name>void</name></type></decl></param>)</parameter_list>;</function_decl>

</public>}</block>;</class>

<cpp:endif>#<cpp:directive>endif</cpp:directive></cpp:endif>
</unit>
