<unit xmlns="http://www.sdml.info/srcML/src" xmlns:cpp="http://www.sdml.info/srcML/cpp">
<comment type="line">//
</comment><comment type="line">// Copyright 2004 P&amp;P Software GmbH - All Rights Reserved
</comment><comment type="line">//
</comment><comment type="line">// TelecommandLoader_inl.h
</comment><comment type="line">//
</comment><comment type="line">// Version	1.0
</comment><comment type="line">// Date		06.12.02
</comment><comment type="line">// Author	A. Pasetti (P&amp;P Software)
</comment>
<cpp:ifndef>#<cpp:directive>ifndef</cpp:directive> <name>TelecommandLoaderINL</name></cpp:ifndef>
<cpp:define>#<cpp:directive>define</cpp:directive> <name>TelecommandLoaderINL</name></cpp:define>


<function><type><name>inline</name> <name>void</name></type> <name><name>TelecommandLoader</name>::<name>setTelecommandManager</name></name><parameter_list>(<param><decl><type><name>CC_TelecommandManager</name>*</type> <name>pTcManager</name></decl></param>)</parameter_list> <block>{
    <expr_stmt><expr><name>pTelecommandManager</name> = <name>pTcManager</name></expr>;</expr_stmt>
}</block></function>

<function><type><name>inline</name> <name>CC_TelecommandManager</name>*</type> <name><name>TelecommandLoader</name>::<name>getTelecommandManager</name></name><parameter_list>(<param><decl><type><name>void</name></type></decl></param>)</parameter_list> <block>{
    <expr_stmt><expr><call><name>assert</name><argument_list>( <argument><expr><name>pTelecommandManager</name> != <name>pNULL</name></expr></argument> )</argument_list></call></expr>;</expr_stmt>
    <return>return <expr><name>pTelecommandManager</name></expr>;</return>
}</block></function>

<cpp:endif>#<cpp:directive>endif</cpp:directive></cpp:endif>
</unit>
