<unit xmlns="http://www.sdml.info/srcML/src" xmlns:cpp="http://www.sdml.info/srcML/cpp">
<comment type="line">//
</comment><comment type="line">// Copyright 2004 P&amp;P Software GmbH - All Rights Reserved
</comment><comment type="line">//
</comment><comment type="line">// DC_Event.h
</comment><comment type="line">//
</comment><comment type="line">// Version	1.1
</comment><comment type="line">// Date	    13.09.03 (version 1.0)
</comment><comment type="line">// Author	A. Pasetti (P&amp;P Software)
</comment><comment type="line">//
</comment><comment type="line">// Change Record:
</comment>
<cpp:ifndef>#<cpp:directive>ifndef</cpp:directive> <name>DC_EventH</name></cpp:ifndef>
<cpp:define>#<cpp:directive>define</cpp:directive> <name>DC_EventH</name></cpp:define>

<cpp:include>#<cpp:directive>include</cpp:directive> <cpp:file>"../GeneralInclude/BasicTypes.h"</cpp:file></cpp:include>
<cpp:include>#<cpp:directive>include</cpp:directive> <cpp:file>"../Base/CC_RootObject.h"</cpp:file></cpp:include>

<comment type="block">/**
 * Base class from which all event classes are derived.
 * An event class encapsulates an &lt;i&gt;event report&lt;/i&gt;.
 * An event report is used to store information that is generated by
 * an application upon the occurrence of certain conditions. From an implementation
 * point of view, an event is a container for attributes that describe the occurrence
 * that triggered the creation of event report. This class recognizes only
 * two such attributes:&lt;ul&gt;
 * &lt;li&gt;an &lt;i&gt;event type identifier&lt;/i&gt; that defines the event category,&lt;/li&gt;
 * &lt;li&gt;a &lt;i&gt;time stamp&lt;/i&gt; that defines the time when the event was created.&lt;/li&gt;
 * &lt;/ul&gt;
 * Both attributes are read-write. Applications that need to attach more information
 * to an event report can do so by extending this class.
 * &lt;p&gt;
 * Normally, to each event class is associated an event repository class that
 * encapsulates a container for a set of event reports.
 * The event repository class associated to the &lt;code&gt;DC_Event&lt;/code&gt;
 * class is &lt;CODE&gt;DC_EventRepository&lt;/CODE&gt;.
 * Events should normally be manipulated only by their associated &lt;i&gt;event
 * repository&lt;/i&gt;. Applications should normally have no need to directly
 * interact with an event object.
 * &lt;p&gt;
 * This class is intended to be very light-weight because it may be
 * instantiated in large numbers within an event repository.
 * For this reason, unlike most OBS Framework classes, it is a stand-alone class
 * which does not inherit from &lt;CODE&gt;DC_RootObject&lt;/CODE&gt;. This is a deviation
 * from project-specific coding rule PR1.1.
 * @see DC_EventRepository
 * @author A. Pasetti (P&amp;P Software GmbH)
 * @version 1.o
 */</comment>
<class>class <name>DC_Event</name>  <block>{<private type="default">

  </private><private>private:

     <decl_stmt><decl><type><name>TD_ObsTime</name></type> <name>timeStamp</name></decl>;</decl_stmt>
     <decl_stmt><decl><type><name>TD_EventType</name></type> <name>evtType</name></decl>;</decl_stmt>

  </private><public>public:

    <comment type="block">/**
     * Instantiate an event object. In order to minimize the overhead due to the
     * instantiation of a &lt;code&gt;DC_Event&lt;/code&gt; component, this constructor
     * returns without
     * taking any action. The time stamp and event type therefore remain
     * uninitialized (note that the &lt;code&gt;DC_Event&lt;/code&gt; components should only be seen
     * inside an event repository and are not intended to be ever directly accessed
     * by the application code).
     * &lt;p&gt;
     * The constructor is declared &lt;code&gt;inline&lt;/code&gt; which should result in
     * it being optimized away.
     */</comment>
    <function_decl><type><name>inline</name></type> <name>DC_Event</name><parameter_list>(<param><decl><type><name>void</name></type></decl></param>)</parameter_list>;</function_decl>

    <comment type="block">/**
     * Getter method for the time stamp attribute of the event.
     * @return the time stamp
     */</comment>
    <function_decl><type><name>inline</name> <name>TD_ObsTime</name></type> <name>getTimeStamp</name><parameter_list>(<param><decl><type><name>void</name></type></decl></param>)</parameter_list> <specifier>const</specifier>;</function_decl>

    <comment type="block">/**
     * Getter method for the event identifier attribute of the event.
     * @return the event type
     */</comment>
    <function_decl><type><name>inline</name> <name>TD_EventType</name></type> <name>getEventType</name><parameter_list>(<param><decl><type><name>void</name></type></decl></param>)</parameter_list> <specifier>const</specifier>;</function_decl>

    <comment type="block">/**
     * Setter method for the time stamp attribute of the event.
     * @param timeStamp the event time stamp
     */</comment>
    <function_decl><type><name>inline</name> <name>void</name></type> <name>setTimeStamp</name><parameter_list>(<param><decl><type><name>TD_ObsTime</name></type> <name>timeStamp</name></decl></param>)</parameter_list>;</function_decl>

    <comment type="block">/**
     * Setter method for the event identifier attribute of the event.
     * @param eventType the event type
     */</comment>
    <function_decl><type><name>inline</name> <name>void</name></type> <name>setEventType</name><parameter_list>(<param><decl><type><name>TD_EventType</name></type> <name>eventType</name></decl></param>)</parameter_list>;</function_decl>

</public>}</block>;</class>

<cpp:include>#<cpp:directive>include</cpp:directive> <cpp:file>"DC_Event_inl.h"</cpp:file></cpp:include>

<cpp:endif>#<cpp:directive>endif</cpp:directive></cpp:endif>


</unit>
