<unit xmlns="http://www.sdml.info/srcML/src" xmlns:cpp="http://www.sdml.info/srcML/cpp">
<comment type="line">//
</comment><comment type="line">// Copyright 2004 P&amp;P Software GmbH - All Rights Reserved
</comment><comment type="line">//
</comment><comment type="line">// DC_EventRepository.cpp
</comment><comment type="line">//
</comment><comment type="line">// Version	1.1
</comment><comment type="line">// Date	    13.09.03 (version 1.0)
</comment><comment type="line">//          03.12.03 (version 1.1)
</comment><comment type="line">// Author	A. Pasetti (P&amp;P Software), R. Totaro
</comment><comment type="line">//
</comment><comment type="line">// Change Record:
</comment><comment type="line">//   Version 1.1: The class was almost completely re-implemented.
</comment>
<cpp:include>#<cpp:directive>include</cpp:directive> <cpp:file>"../GeneralInclude/CompilerSwitches.h"</cpp:file></cpp:include>
<cpp:include>#<cpp:directive>include</cpp:directive> <cpp:file>"../GeneralInclude/DebugSupport.h"</cpp:file></cpp:include>
<cpp:include>#<cpp:directive>include</cpp:directive> <cpp:file>"../GeneralInclude/BasicTypes.h"</cpp:file></cpp:include>
<cpp:include>#<cpp:directive>include</cpp:directive> <cpp:file>"../GeneralInclude/ClassId.h"</cpp:file></cpp:include>
<cpp:include>#<cpp:directive>include</cpp:directive> <cpp:file>"../GeneralInclude/Constants.h"</cpp:file></cpp:include>
<cpp:include>#<cpp:directive>include</cpp:directive> <cpp:file>"../System/ObsClock.h"</cpp:file></cpp:include>
<cpp:include>#<cpp:directive>include</cpp:directive> <cpp:file>"DC_Event.h"</cpp:file></cpp:include>
<cpp:include>#<cpp:directive>include</cpp:directive> <cpp:file>"DC_EventRepository.h"</cpp:file></cpp:include>

<constructor><name>DC_EventRepository::DC_EventRepository</name><parameter_list>(<param><decl><type><name>void</name></type></decl></param>)</parameter_list> <block>{
    <expr_stmt><expr><call><name>setClassId</name><argument_list>(<argument><expr><name>ID_EVENTREPOSITORY</name></expr></argument>)</argument_list></call></expr>;</expr_stmt>

    <expr_stmt><expr><name>counter</name>      =0</expr>;</expr_stmt>
    <expr_stmt><expr><name>listSize</name>     =0</expr>;</expr_stmt>
    <expr_stmt><expr><name>pList</name>        =<name>pNULL</name></expr>;</expr_stmt>
    <expr_stmt><expr><name>pObsClock</name>    =<name>pNULL</name></expr>;</expr_stmt>
    <expr_stmt><expr><name>globalEnabled</name>=<name>ENABLED</name></expr>;</expr_stmt>

    <for>for (<init><expr><type><name>int</name></type> <name>i</name>=<init><expr>0</expr></init></expr>;</init><condition><expr><name>i</name>&lt;=<name>LAST_EVENT_TYPE</name></expr>;</condition><incr><expr><name>i</name>++</expr></incr>)
        <expr_stmt><expr><name><name>selectiveEnabled</name>[<expr><name>i</name></expr>]</name>=<name>ENABLED</name></expr>;</expr_stmt></for>

    <expr_stmt><expr><call><name>reset</name><argument_list>()</argument_list></call></expr>;</expr_stmt>
}</block></constructor>

<function><type><name>void</name></type> <name><name>DC_EventRepository</name>::<name>setRepositorySize</name></name><parameter_list>(<param><decl><type><name>unsigned</name> <name>int</name></type> <name>repositorySize</name></decl></param>)</parameter_list> <block>{
    <expr_stmt><expr><call><name>assert</name><argument_list>(<argument><expr><name>listSize</name>==0 &amp;&amp; <name>repositorySize</name>&gt;0</expr></argument>)</argument_list></call></expr>;</expr_stmt>

    <expr_stmt><expr><name>pList</name>   =new <name>DC_Event</name>*[<name>repositorySize</name>]</expr>;</expr_stmt>
    <expr_stmt><expr><name>listSize</name>=<name>repositorySize</name></expr>;</expr_stmt>

    <for>for (<init><expr><type><name>unsigned</name> <name>int</name></type> <name>i</name>=<init><expr>0</expr></init></expr>;</init><condition><expr><name>i</name>&lt;<name>repositorySize</name></expr>;</condition><incr><expr><name>i</name>++</expr></incr>)
        <expr_stmt><expr><name><name>pList</name>[<expr><name>i</name></expr>]</name>=<name>pNULL</name></expr>;</expr_stmt></for>

    <expr_stmt><expr><call><name>createEventDataStructure</name><argument_list>()</argument_list></call></expr>;</expr_stmt>
}</block></function>

<function><type><name>void</name></type> <name><name>DC_EventRepository</name>::<name>createEventDataStructure</name></name><parameter_list>(<param><decl><type><name>void</name></type></decl></param>)</parameter_list> <block>{
    <expr_stmt><expr><call><name>assert</name><argument_list>(<argument><expr><name>pList</name>!=<name>pNULL</name></expr></argument>)</argument_list></call></expr>;</expr_stmt>

    <for>for (<init><expr><type><name>unsigned</name> <name>int</name></type> <name>i</name>=<init><expr>0</expr></init></expr>;</init><condition><expr><name>i</name>&lt;<name>listSize</name></expr>;</condition><incr><expr><name>i</name>++</expr></incr>) <block>{
        <expr_stmt><expr><name><name>pList</name>[<expr><name>i</name></expr>]</name>=new <name>DC_Event</name></expr>;</expr_stmt>
        <expr_stmt><expr><call><name>assert</name><argument_list>(<argument><expr><name><name>pList</name>[<expr><name>i</name></expr>]</name></expr></argument>)</argument_list></call></expr>;</expr_stmt>
    }</block></for>
}</block></function>

<function><type><name>void</name></type> <name><name>DC_EventRepository</name>::<name>create</name></name><parameter_list>(<param><decl><type><name>CC_RootObject</name> *</type><name>originator</name></decl></param>,<param><decl><type><name>TD_EventType</name></type> <name>eventId</name></decl></param>)</parameter_list> <block>{
    <expr_stmt><expr><call><name>assert</name><argument_list>(<argument><expr><call><name>isObjectConfigured</name><argument_list>()</argument_list></call> &amp;&amp;
           <name>originator</name>!=<name>pNULL</name> &amp;&amp; <name>eventId</name>&gt;0 &amp;&amp; <name>eventId</name>&lt;=<name>LAST_EVENT_TYPE</name></expr></argument>)</argument_list></call></expr>;</expr_stmt>

    <comment type="line">// Only create event if creation is enabled
</comment>    <if>if <condition>(<expr><call><name>isEnabled</name><argument_list>()</argument_list></call> &amp;&amp; <call><name>isEnabled</name><argument_list>(<argument><expr><name>eventId</name></expr></argument>)</argument_list></call></expr>)</condition><then> <block>{
        <expr_stmt><expr><name><name>pList</name>[<expr><name>counter</name>%<name>listSize</name></expr>]</name>-&gt;<call><name>setEventType</name><argument_list>(<argument><expr><name>eventId</name></expr></argument>)</argument_list></call></expr>;</expr_stmt>
        <expr_stmt><expr><name><name>pList</name>[<expr><name>counter</name>%<name>listSize</name></expr>]</name>-&gt;<call><name>setTimeStamp</name><argument_list>(<argument><expr><name>pObsClock</name>-&gt;<call><name>getTime</name><argument_list>()</argument_list></call></expr></argument>)</argument_list></call></expr>;</expr_stmt>

        <expr_stmt><expr><name>counter</name>++</expr>;</expr_stmt>
    }</block></then></if>
}</block></function>

<function><type><name>void</name></type> <name><name>DC_EventRepository</name>::<name>latest</name></name><parameter_list>(<param><decl><type><name>void</name></type></decl></param>)</parameter_list> <block>{
    <expr_stmt><expr><name>eventPointer</name>=(<name>counter</name>&gt;0?<name>counter</name>-1:0)</expr>;</expr_stmt>
    <expr_stmt><expr><name>iterationCounter</name>=(<name>counter</name>&gt;=<name>listSize</name>?<name>listSize</name>:<name>counter</name>)</expr>;</expr_stmt>
}</block></function>

<function><type><name>void</name></type> <name><name>DC_EventRepository</name>::<name>previous</name></name><parameter_list>(<param><decl><type><name>void</name></type></decl></param>)</parameter_list> <block>{
    <if>if <condition>(<expr><name>iterationCounter</name>&gt;0</expr>)</condition><then> <block>{
        <expr_stmt><expr><name>iterationCounter</name>--</expr>;</expr_stmt>
        <expr_stmt><expr><name>eventPointer</name>--</expr>;</expr_stmt>
    }</block></then></if>
}</block></function>

<function><type><name>void</name></type> <name><name>DC_EventRepository</name>::<name>reset</name></name><parameter_list>(<param><decl><type><name>void</name></type></decl></param>)</parameter_list> <block>{
    <expr_stmt><expr><name>eventPointer</name>    =0</expr>;</expr_stmt>
    <expr_stmt><expr><name>iterationCounter</name>=0</expr>;</expr_stmt>
}</block></function>

<function><type><name>bool</name></type> <name><name>DC_EventRepository</name>::<name>isObjectConfigured</name></name><parameter_list>(<param><decl><type><name>void</name></type></decl></param>)</parameter_list> <block>{
    <return>return <expr>(<call><name><name>CC_RootObject</name>::<name>isObjectConfigured</name></name><argument_list>()</argument_list></call> &amp;&amp; <name>pList</name>!=<name>pNULL</name> &amp;&amp; <name>pObsClock</name>!=<name>pNULL</name>)</expr>;</return>
}</block></function>
</unit>
