<unit xmlns="http://www.sdml.info/srcML/src" xmlns:cpp="http://www.sdml.info/srcML/cpp">
<comment type="line">//
</comment><comment type="line">// Copyright 2004 P&amp;P Software GmbH - All Rights Reserved
</comment><comment type="line">//
</comment><comment type="line">// DC_PUSEventRepository.h
</comment><comment type="line">//
</comment><comment type="line">// Version	1.0
</comment><comment type="line">// Date		13.11.03 (Version 1.0)
</comment><comment type="line">// Author	A. Pasetti (P&amp;P Software)
</comment><comment type="line">//
</comment><comment type="line">// Change Record:
</comment>
<cpp:ifndef>#<cpp:directive>ifndef</cpp:directive> <name>DC_PUSEventRepositoryH</name></cpp:ifndef>
<cpp:define>#<cpp:directive>define</cpp:directive> <name>DC_PUSEventRepositoryH</name></cpp:define>

<cpp:include>#<cpp:directive>include</cpp:directive> <cpp:file>"../GeneralInclude/ForwardDeclarations.h"</cpp:file></cpp:include>
<cpp:include>#<cpp:directive>include</cpp:directive> <cpp:file>"../GeneralInclude/BasicTypes.h"</cpp:file></cpp:include>
<cpp:include>#<cpp:directive>include</cpp:directive> <cpp:file>"../Event/DC_EventRepository.h"</cpp:file></cpp:include>

<comment type="block">/**
 * Event repository for PUS applications.
 * This event repository differs from the basic repository implemented by its
 * base class in that it processes telecommand-related events separately from
 * other events. For this purpose, it adds two new &lt;code&gt;create&lt;/code&gt; methods
 * that intercept events generated by PUS telecommands (i.e. events whose originator
 * is a component of type &lt;code&gt;PUSTelecommand&lt;/code&gt;) and by PUS telecommand 
 * manoeuvres (i.e. events whose originator is a component of type
 * &lt;code&gt;PUSTcManoeuvre&lt;/code&gt;). Events of this kind signal a change in execution
 * status of a PUS telecommand. Their detection results in the generation of
 * a telecommand verification telemetry packet (instance of class 
 * &lt;code&gt;DC_PUSTcVerificationPacket&lt;/code&gt;). 
 * &lt;p&gt;
 * The events that are intercepted by this repository and the way they are interpreted
 * is as follows:&lt;ul&gt;
 * &lt;li&gt;EVT_TC_LOADED is interpreted as: "telecommand acceptance - success".&lt;/li&gt;
 * &lt;li&gt;EVT_TC_NOT_VALID is interpreted as: "telecommand acceptance - failure". The error
 * code in the verification telemetry packet is the &lt;i&gt;validity check code&lt;/i&gt; of the telecommand
 * if this is different from zero, otherwise it is the event identifier EVT_TC_NOT_VALID.&lt;/li&gt;
 * &lt;li&gt;EVT_TC_LIST_FULL is interpreted as: "telecommand acceptance - failure". The error
 * code in the verification telemetry packet is the event identifier EVT_TC_LIST_FULL.&lt;/li&gt;
 * &lt;li&gt;EVT_MAN_STARTED is interpreted as: "telecommand execution start - success". This
 * event identifier can only be generated for manoeuvre telecommands.&lt;/li&gt;
 * &lt;li&gt;EVT_MAN_LIST_FULL is interpreted as: "telecommand execution start - failure". The error
 * code in the verification telemetry packet is the event identifier EVT_MAN_LIST_FULL. This
 * event identifier can only be generated for manoeuvre telecommands.&lt;/li&gt;
 * &lt;li&gt;EVT_TC_EXEC_CHECK_FAIL is interpreted as: "telecommand execution start - failure". The error
 * code in the verification telemetry packet is the &lt;i&gt;execution check code&lt;/i&gt; of the telecommand
 * if this is different from zero, otherwise it is the event identifier EVT_TC_EXEC_CHECK_FAIL.&lt;/li&gt;
 * &lt;li&gt;EVT_TC_ABORTED is interpreted as: "telecommand execution start - failure". The error
 * code in the verification telemetry packet is the event identifier EVT_TC_ABORTED.&lt;/li&gt;
 * &lt;li&gt;EVT_MAN_PROGRESS is interpreted as: "telecommand execution progress - success". This
 * event identifier can only be generated for telemecommand manoeuvres.&lt;/li&gt;
 * &lt;li&gt;EVT_TC_EXEC_SUCC is interpreted as: "telecommand execution completion - success". &lt;/li&gt;
 * &lt;li&gt;EVT_TC_EXEC_FAIL is interpreted as: "telecommand execution completion - failure". The error
 * code in the verification telemetry packet is the &lt;i&gt;outcome code&lt;/i&gt; of the telecommand.&lt;/li&gt;
 * &lt;li&gt;EVT_MAN_ABORTED is interpreted as: "telecommand execution progress - failure". The error
 * code in the verification telemetry packet is the &lt;i&gt;continuation check code&lt;/i&gt; of the telecommand
 * manoeuvre if this is different from zero, otherwise it is the event identifier EVT_MAN_ABORTED. This
 * event identifier can only be generated for telemecommand manoeuvres.&lt;/li&gt;
 * &lt;li&gt;EVT_MAN_TERMINATED is interpreted as: "telecommand execution completion - success". This
 * event identifier can only be generated for telemecommand manoeuvres.&lt;/li&gt;
 * &lt;/ul&gt;
 * For events that indicate "success", the disptaching of the associated telemetry packet is only
 * done if the telecommand had set the associated "acknowledge flag". 
 * @todo Verify whether the declaration and implementation of method create(CC_RootObject*,TD_EventId)
 * is really needed (try omitting it on the gnu compiler). Its presence seems unnecessary and it
 * is undesirable because it adds a level of indirection
 * @todo Modify the processing of the events denoting "success" to include a check on the 
 * acknowledge flag of the telecommand that is being verified: a verification packet should
 * only be sent in case of success if this is explicitly requested by the telecommand through
 * its acknowledge flags (see pag. 44 of PUS standard).
 * to most calls of the event creation service. 
 * @see PUSTelecommand
 * @see PUSTcManoeuvre
 * @see DC_PUSTcVerificationPacket
 * @author Alessandro Pasetti (P&amp;P Software)
 * @version 1.0
 * @ingroup PUS
 */</comment>
<class>class <name>DC_PUSEventRepository</name> <super>: <specifier>public</specifier> <name>DC_EventRepository</name></super> <block>{<private type="default">

  </private><private>private:
    <decl_stmt><decl><type><name>CC_TelemetryManager</name>*</type> <name>pTmManager</name></decl>;</decl_stmt>

  </private><public>public:

    <comment type="block">/**
     * Instantiate a PUS event repository.
     * The PUS event repository maintains as an internal variable an instance of 
     * class &lt;code&gt;DC_PUSTcVerificationPacket&lt;/code&gt;. This is used to encapsulate
     * the telemetry packet that describes a change in telecommand execution status.
     * This constructor creates and configures this component and sets the class
     * identifier.
     */</comment>
    <constructor_decl><name>DC_PUSEventRepository</name><parameter_list>(<param><decl><type><name>void</name></type></decl></param>)</parameter_list>;</constructor_decl>

    <comment type="block">/**
     * Implement the event creation service for event originators of type
     * &lt;code&gt;PUSTelecommand&lt;/code&gt;. A pseudo-code implementation for this method
     * is as follows: &lt;pre&gt;
     *  if ( isEnabled() &amp;&amp; isEnabled(eventId) ) {
     *      allocate a TC verification packet from the telemetry packet factory
     *      if (allocation fails) {
     *          create((CC_RootObject*)originator,EVT_TM_PCK_ALLOC_FAIL);
     *          create((CC_RootObject*)originator,eventId); 
     *          return;
     *      }
     *      configure TC verification packet according to value of eventId;
     *      submit TC verification packet to TM manager for immediate dispatch;
     *      create((CC_RootObject*)originator,eventId); 
     *  } &lt;/pre&gt;
     * The mapping of the event identifiers to the configuration of the TC verification 
     * packet is explained in the class comment. The last instruction in the "if"
     * clause indicates that the event processing is delegated to the default version
     * of the &lt;code&gt;create&lt;/code&gt; method provided by the superclass &lt;code&gt;DC_EventRepositor&lt;/code&gt;.
     * If the event is a "success event", then the above processing is only performed
     * if the associated "acknowledge flag" in the telecommand is set.
     * @param originator the originator of the event
     * @param eventId the event type identifier
     */</comment>
    <function_decl><type><name>void</name></type> <name>create</name><parameter_list>(<param><decl><type><name>PUSTelecommand</name>*</type> <name>originator</name></decl></param>, <param><decl><type><name>TD_EventType</name></type> <name>eventId</name></decl></param>)</parameter_list>;</function_decl>

    <comment type="block">/**
     * Implement the event creation service for event originators of type
     * &lt;code&gt;PUSTcManoeuvre&lt;/code&gt;. The implementation logic of this method is
     * the same as for the &lt;code&gt;create(PUSTelecommand*, TD_EventType)&lt;/code&gt; method
     * in this same class.
     * @param originator the originator of the event
     * @param eventId the event type identifier
     */</comment>
    <function_decl><type><name>void</name></type> <name>create</name><parameter_list>(<param><decl><type><name>PUSTcManoeuvre</name>*</type> <name>originator</name></decl></param>, <param><decl><type><name>TD_EventType</name></type> <name>eventId</name></decl></param>)</parameter_list>;</function_decl>

    <comment type="block">/**
     * Implement the event creation service for event originators of type
     * other than &lt;code&gt;PUSTcManoeuvre&lt;/code&gt; or &lt;code&gt;PUSTelecommand&lt;/code&gt;. 
     * This method simply calls the implementation of the create method in the 
     * super class.
     * &lt;p&gt;
     * &lt;i&gt;Implementation Note&lt;/i&gt;: this method is strictly speaking unnecessary because
     * it simply calls the same virtual method in the superclass. However its absence 
     * causes a warning (C4264) in the Microsoft Visual Studio compiler.
     * @param originator the originator of the event
     * @param eventId the event type identifier
     */</comment>
    <function_decl><type><name>virtual</name> <name>void</name></type> <name>create</name><parameter_list>(<param><decl><type><name>CC_RootObject</name>*</type> <name>originator</name></decl></param>, <param><decl><type><name>TD_EventType</name></type> <name>eventId</name></decl></param>)</parameter_list>;</function_decl>

    <comment type="block">/**
     * Perform a class-specific configuration check on a repository object:
     * verify that the telemetry manager plug-in component has been loaded.
     * @return true if the object is configured, false otherwise
     */</comment>
    <function_decl><type><name>virtual</name> <name>bool</name></type> <name>isObjectConfigured</name><parameter_list>(<param><decl><type><name>void</name></type></decl></param>)</parameter_list>;</function_decl>

    <comment type="block">/**
     * Load the telemetry manager component. The event repository needs access to
     * the telemetry manager to dispatch the telecommand verification telemetry 
     * packet.
     * @param pTmManager the telemetry manager
     */</comment>
    <function_decl><type><name>void</name></type> <name>setTelemetryManager</name><parameter_list>(<param><decl><type><name>CC_TelemetryManager</name>*</type> <name>pTmManager</name></decl></param>)</parameter_list>;</function_decl>

    <comment type="block">/**
     * Return the telemetry manager component.
     * @see #setTelemetryManager
     * @return the the telemetry manager
     */</comment>
    <function_decl><type><name>CC_TelemetryManager</name>*</type> <name>getTelemetryManager</name><parameter_list>(<param><decl><type><name>void</name></type></decl></param>)</parameter_list> <specifier>const</specifier>;</function_decl>
</public>}</block>;</class>

<cpp:endif>#<cpp:directive>endif</cpp:directive></cpp:endif>
</unit>
