<unit xmlns="http://www.sdml.info/srcML/src" xmlns:cpp="http://www.sdml.info/srcML/cpp">
<comment type="line">//
</comment><comment type="line">// Copyright 2004 P&amp;P Software GmbH - All Rights Reserved
</comment><comment type="line">//
</comment><comment type="line">// DC_DeltaProfile.cpp
</comment><comment type="line">//
</comment><comment type="line">// Version	1.1
</comment><comment type="line">// Date		07.01.03 (Version 1.0)
</comment><comment type="line">//          01.10.03 (Version 1.1)
</comment><comment type="line">// Author	A. Pasetti (P&amp;P Software), R. Totaro
</comment><comment type="line">//
</comment><comment type="line">// Change Record:
</comment><comment type="line">//   Version 1.1: replaced double and int with TD_Float and TD_Integer
</comment>
<cpp:include>#<cpp:directive>include</cpp:directive> <cpp:file>"../GeneralInclude/CompilerSwitches.h"</cpp:file></cpp:include>
<cpp:include>#<cpp:directive>include</cpp:directive> <cpp:file>"../GeneralInclude/DebugSupport.h"</cpp:file></cpp:include>
<cpp:include>#<cpp:directive>include</cpp:directive> <cpp:file>"../GeneralInclude/Constants.h"</cpp:file></cpp:include>
<cpp:include>#<cpp:directive>include</cpp:directive> <cpp:file>"../GeneralInclude/ClassId.h"</cpp:file></cpp:include>
<cpp:include>#<cpp:directive>include</cpp:directive> <cpp:file>"DC_DeltaProfile.h"</cpp:file></cpp:include>

<cpp:include>#<cpp:directive>include</cpp:directive> <cpp:file>&lt;math.h&gt;</cpp:file></cpp:include>

<constructor><name>DC_DeltaProfile::DC_DeltaProfile</name><parameter_list>(<param><decl><type><name>void</name></type></decl></param>)</parameter_list> <block>{
    <expr_stmt><expr><call><name>setClassId</name><argument_list>(<argument><expr><name>ID_DELTAPROFILE</name></expr></argument>)</argument_list></call></expr>;</expr_stmt>
    <expr_stmt><expr><name>deltaThreshold</name> = (<name>TD_Float</name>)0.0</expr>;</expr_stmt>
    <expr_stmt><expr><name>previousValue</name> = (<name>TD_Float</name>)0.0</expr>;</expr_stmt>
    <expr_stmt><expr><call><name>reset</name><argument_list>()</argument_list></call></expr>;</expr_stmt>
}</block></constructor>

<function><type><name>bool</name></type> <name><name>DC_DeltaProfile</name>::<name>doProfileCheck</name></name><parameter_list>(<param><decl><type><name>TD_Float</name></type> <name>value</name></decl></param>)</parameter_list> <block>{
    <expr_stmt><expr><call><name>assert</name><argument_list>( <argument><expr><name>deltaThreshold</name>&gt;(<name>TD_Float</name>)0.0</expr></argument> )</argument_list></call></expr>;</expr_stmt>

    <if>if <condition>(<expr><name>notFirst</name> &amp;&amp; <call><name>fabs</name><argument_list>(<argument><expr><name>value</name>-<name>previousValue</name></expr></argument>)</argument_list></call>&gt;(<name>double</name>)<name>deltaThreshold</name></expr>)</condition><then> <block>{
        <expr_stmt><expr><name>previousValue</name> = <name>value</name></expr>;</expr_stmt>
        <return>return <expr><name>MON_PROFILE_DEVIATION</name></expr>;</return>
    }</block></then>
    <else>else <block>{
        <expr_stmt><expr><name>notFirst</name> = <name>true</name></expr>;</expr_stmt>
        <expr_stmt><expr><name>previousValue</name> = <name>value</name></expr>;</expr_stmt>
        <return>return <expr><name>NO_MON_PROFILE_DEVIATION</name></expr>;</return>
    }</block></else></if>
}</block></function>

<function><type><name>bool</name></type> <name><name>DC_DeltaProfile</name>::<name>doProfileCheck</name></name><parameter_list>(<param><decl><type><name>TD_Integer</name></type> <name>value</name></decl></param>)</parameter_list> <block>{
    <expr_stmt><expr><call><name>assert</name><argument_list>( <argument><expr><name>deltaThreshold</name>&gt;(<name>TD_Float</name>)0.0</expr></argument> )</argument_list></call></expr>;</expr_stmt>
    <return>return <expr><macro>doProfileCheck<argument_list>( (TD_Float)value )</argument_list></macro></expr>;</return>
}</block></function>

<function><type><name>void</name></type> <name><name>DC_DeltaProfile</name>::<name>setDeltaThreshold</name></name><parameter_list>(<param><decl><type><name>TD_Float</name></type> <name>deltaThreshold</name></decl></param>)</parameter_list> <block>{
    <expr_stmt><expr><call><name>assert</name><argument_list>( <argument><expr><name>deltaThreshold</name>&gt;(<name>TD_Float</name>)0.0</expr></argument> )</argument_list></call></expr>;</expr_stmt>
    <expr_stmt><expr><name>this</name>-&gt;<name>deltaThreshold</name> = <name>deltaThreshold</name></expr>;</expr_stmt>
}</block></function>

<function><type><name>TD_Float</name></type> <name><name>DC_DeltaProfile</name>::<name>getDeltaThreshold</name></name><parameter_list>(<param><decl><type><name>void</name></type></decl></param>)</parameter_list> <block>{
    <expr_stmt><expr><call><name>assert</name><argument_list>( <argument><expr><name>deltaThreshold</name>&gt;(<name>TD_Float</name>)0.0</expr></argument> )</argument_list></call></expr>;</expr_stmt>
    <return>return <expr><name>deltaThreshold</name></expr>;</return>
}</block></function>

<function><type><name>void</name></type> <name><name>DC_DeltaProfile</name>::<name>reset</name></name><parameter_list>(<param><decl><type><name>void</name></type></decl></param>)</parameter_list> <block>{
    <expr_stmt><expr><name>notFirst</name> = <name>false</name></expr>;</expr_stmt>
}</block></function>

<function><type><name>bool</name></type> <name><name>DC_DeltaProfile</name>::<name>isObjectConfigured</name></name><parameter_list>(<param><decl><type><name>void</name></type></decl></param>)</parameter_list> <block>{
   <return>return <expr>(<call><name><name>MonitoringProfile</name>::<name>isObjectConfigured</name></name><argument_list>()</argument_list></call> &amp;&amp; <name>deltaThreshold</name>&gt;(<name>TD_Float</name>)0.0)</expr>;</return>
}</block></function>
</unit>
