<unit xmlns="http://www.sdml.info/srcML/src" xmlns:cpp="http://www.sdml.info/srcML/cpp">
<comment type="line">//
</comment><comment type="line">// Copyright 2004 P&amp;P Software GmbH - All Rights Reserved
</comment><comment type="line">//
</comment><comment type="line">// DC_DummyRecoveryAction.h
</comment><comment type="line">//
</comment><comment type="line">// Version	1.0
</comment><comment type="line">// Date		25.06.03 (version 1.0)
</comment><comment type="line">// Author	R. Totaro
</comment>
<cpp:ifndef>#<cpp:directive>ifndef</cpp:directive> <name>DC_DummyRecoveryActionH</name></cpp:ifndef>
<cpp:define>#<cpp:directive>define</cpp:directive> <name>DC_DummyRecoveryActionH</name></cpp:define>

<cpp:include>#<cpp:directive>include</cpp:directive> <cpp:file>"../GeneralInclude/BasicTypes.h"</cpp:file></cpp:include>
<cpp:include>#<cpp:directive>include</cpp:directive> <cpp:file>"RecoveryAction.h"</cpp:file></cpp:include>

<comment type="block">/**
 * Recovery action that performs no action and returns a configurable
 * outcome (see &lt;code&gt;setActionOutcome()&lt;/code&gt;). This recovery action is
 * used only for testing purposes.
 * @author Roberto Totaro
 * @version 1.0
 */</comment>
<class>class <name>DC_DummyRecoveryAction</name> <super>: <specifier>public</specifier> <name>RecoveryAction</name></super> <block>{<private type="default">
</private><private>private:
	<decl_stmt><decl><type><name>bool</name></type>             <name>actionCanExecute</name></decl>;</decl_stmt>
	<decl_stmt><decl><type><name>TD_ActionOutcome</name></type> <name>actionOutcome</name></decl>;</decl_stmt>

</private><protected>protected:
	<comment type="block">/**
	 * Return &lt;code&gt;actionOutcome&lt;/code&gt; without taking any action.
	 * @see #setActionOutcome
	 * @see RecoveryAction#doAction
	 * @return return the outcome code set by the caller
	 */</comment>
	<function_decl><type><name>virtual</name> <name>TD_ActionOutcome</name></type> <name>doRecoveryAction</name><parameter_list>(<param><decl><type><name>void</name></type></decl></param>)</parameter_list>;</function_decl>

	<comment type="block">/**
	 * Return &lt;code&gt;actionCanExecute&lt;/code&gt;.
	 * @see #setExecutionFlag
	 * @see RecoveryAction#doAction
     * @return true if the action can be executed, false if the action cannot
     * be executed. 
	 */</comment>
	<function_decl><type><name>virtual</name> <name>bool</name></type> <name>canExecute</name><parameter_list>(<param><decl><type><name>void</name></type></decl></param>)</parameter_list>;</function_decl>

</protected><public>public:
	<comment type="block">/**
	 * Instantiate a dummy recovery action. The class identifier is set,
	 * &lt;code&gt;actionOutcome&lt;/code&gt; is initialized to &lt;code&gt;ACTION_SUCCESS&lt;/code&gt;
	 * and &lt;code&gt;actionCanExecute&lt;/code&gt; to &lt;code&gt;true&lt;/code&gt;.
	 */</comment>
	<constructor_decl><name>DC_DummyRecoveryAction</name><parameter_list>(<param><decl><type><name>void</name></type></decl></param>)</parameter_list>;</constructor_decl>

	<comment type="block">/**
	 * Set the action's outcome.
	 * @see #doRecoveryAction
	 * @param nextOutcome the outcome of the action
	 */</comment>
	<function_decl><type><name>void</name></type> <name>setActionOutcome</name><parameter_list>(<param><decl><type><name>TD_ActionOutcome</name></type> <name>nextOutcome</name></decl></param>)</parameter_list>;</function_decl>

	<comment type="block">/**
	 * Set the status of the execution flag.
	 * @see #canExecute
	 * @param canExecute the value returned by &lt;code&gt;canExecute()&lt;/code&gt;
	 */</comment>
	<function_decl><type><name>void</name></type> <name>setExecutionFlag</name><parameter_list>(<param><decl><type><name>bool</name></type> <name>canExecute</name></decl></param>)</parameter_list>;</function_decl>
</public>}</block>;</class>
<cpp:endif>#<cpp:directive>endif</cpp:directive></cpp:endif>
</unit>
