<unit xmlns="http://www.sdml.info/srcML/src" xmlns:cpp="http://www.sdml.info/srcML/cpp">
<comment type="line">//
</comment><comment type="line">// Copyright 2004 P&amp;P Software GmbH - All Rights Reserved
</comment><comment type="line">//
</comment><comment type="line">// DC_DummyRecoveryAction.cpp
</comment><comment type="line">//
</comment><comment type="line">// Version	1.0
</comment><comment type="line">// Date		25.06.03
</comment><comment type="line">// Author	R. Totaro
</comment>
<cpp:include>#<cpp:directive>include</cpp:directive> <cpp:file>"../GeneralInclude/CompilerSwitches.h"</cpp:file></cpp:include>
<cpp:include>#<cpp:directive>include</cpp:directive> <cpp:file>"../GeneralInclude/ClassId.h"</cpp:file></cpp:include>
<cpp:include>#<cpp:directive>include</cpp:directive> <cpp:file>"../GeneralInclude/Constants.h"</cpp:file></cpp:include>
<cpp:include>#<cpp:directive>include</cpp:directive> <cpp:file>"../Base/CC_RootObject.h"</cpp:file></cpp:include>
<cpp:include>#<cpp:directive>include</cpp:directive> <cpp:file>"DC_DummyRecoveryAction.h"</cpp:file></cpp:include>

<constructor><name>DC_DummyRecoveryAction::DC_DummyRecoveryAction</name><parameter_list>(<param><decl><type><name>void</name></type></decl></param>)</parameter_list> <block>{
	<expr_stmt><expr><name>actionCanExecute</name>=<name>true</name></expr>;</expr_stmt>
	<expr_stmt><expr><name>actionOutcome</name>=<name>ACTION_SUCCESS</name></expr>;</expr_stmt>
	<expr_stmt><expr><call><name>setClassId</name><argument_list>(<argument><expr><name>ID_DUMMYRECOVERYACTION</name></expr></argument>)</argument_list></call></expr>;</expr_stmt>
}</block></constructor>

<function><type><name>TD_ActionOutcome</name></type> <name><name>DC_DummyRecoveryAction</name>::<name>doRecoveryAction</name></name><parameter_list>(<param><decl><type><name>void</name></type></decl></param>)</parameter_list> <block>{
	<return>return <expr><name>actionOutcome</name></expr>;</return>
}</block></function>

<function><type><name>bool</name></type> <name><name>DC_DummyRecoveryAction</name>::<name>canExecute</name></name><parameter_list>(<param><decl><type><name>void</name></type></decl></param>)</parameter_list> <block>{
	<return>return <expr><name>actionCanExecute</name></expr>;</return>
}</block></function>

<function><type><name>void</name></type> <name><name>DC_DummyRecoveryAction</name>::<name>setActionOutcome</name></name><parameter_list>(<param><decl><type><name>TD_ActionOutcome</name></type> <name>nextOutcome</name></decl></param>)</parameter_list> <block>{
	<expr_stmt><expr><name>actionOutcome</name>=<name>nextOutcome</name></expr>;</expr_stmt>
}</block></function>

<function><type><name>void</name></type> <name><name>DC_DummyRecoveryAction</name>::<name>setExecutionFlag</name></name><parameter_list>(<param><decl><type><name>bool</name></type> <name>canExecute</name></decl></param>)</parameter_list> <block>{
	<expr_stmt><expr><name>actionCanExecute</name>=<name>canExecute</name></expr>;</expr_stmt>
}</block></function>
</unit>
