<unit xmlns="http://www.sdml.info/srcML/src" xmlns:cpp="http://www.sdml.info/srcML/cpp">
<comment type="line">//
</comment><comment type="line">// Copyright 2004 P&amp;P Software GmbH - All Rights Reserved
</comment><comment type="line">//
</comment><comment type="line">// DC_ForbiddenValueProfile.cpp
</comment><comment type="line">//
</comment><comment type="line">// Version	1.1
</comment><comment type="line">// Date		16.01.03 (Version 1.0)
</comment><comment type="line">//          01.10.03 (Version 1.1)
</comment><comment type="line">// Author	A. Pasetti (P&amp;P Software), R. Totaro
</comment><comment type="line">//
</comment><comment type="line">// Change Record:
</comment><comment type="line">//   Version 1.1: replaced double and int with TD_Float and TD_Integer
</comment>
<cpp:include>#<cpp:directive>include</cpp:directive> <cpp:file>"../GeneralInclude/CompilerSwitches.h"</cpp:file></cpp:include>
<cpp:include>#<cpp:directive>include</cpp:directive> <cpp:file>"../GeneralInclude/DebugSupport.h"</cpp:file></cpp:include>
<cpp:include>#<cpp:directive>include</cpp:directive> <cpp:file>"../GeneralInclude/Constants.h"</cpp:file></cpp:include>
<cpp:include>#<cpp:directive>include</cpp:directive> <cpp:file>"../GeneralInclude/ClassId.h"</cpp:file></cpp:include>
<cpp:include>#<cpp:directive>include</cpp:directive> <cpp:file>"DC_ForbiddenValueProfile.h"</cpp:file></cpp:include>

<constructor><name>DC_ForbiddenValueProfile::DC_ForbiddenValueProfile</name><parameter_list>(<param><decl><type><name>void</name></type></decl></param>)</parameter_list> <block>{
    <expr_stmt><expr><call><name>setClassId</name><argument_list>(<argument><expr><name>ID_FORBIDDENVALUEPROFILE</name></expr></argument>)</argument_list></call></expr>;</expr_stmt>
    <expr_stmt><expr><name>forbiddenValue</name> = 0</expr>;</expr_stmt>
}</block></constructor>

<function><type><name>bool</name></type> <name><name>DC_ForbiddenValueProfile</name>::<name>doProfileCheck</name></name><parameter_list>(<param><decl><type><name>TD_Float</name></type> <name>value</name></decl></param>)</parameter_list> <block>{
    <expr_stmt><expr><call><name>assert</name><argument_list>(<argument><expr><name>false</name></expr></argument>)</argument_list></call></expr>;</expr_stmt>
    <return>return <expr><name>MON_PROFILE_DEVIATION</name></expr>;</return>
}</block></function>

<function><type><name>bool</name></type> <name><name>DC_ForbiddenValueProfile</name>::<name>doProfileCheck</name></name><parameter_list>(<param><decl><type><name>TD_Integer</name></type> <name>value</name></decl></param>)</parameter_list> <block>{
    <return>return <expr>(<name>value</name>==<name>forbiddenValue</name>)</expr>;</return>
}</block></function>

<function><type><name>void</name></type> <name><name>DC_ForbiddenValueProfile</name>::<name>setForbiddenValue</name></name><parameter_list>(<param><decl><type><name>TD_Integer</name></type> <name>forbiddenValue</name></decl></param>)</parameter_list> <block>{
    <expr_stmt><expr><name>this</name>-&gt;<name>forbiddenValue</name>=<name>forbiddenValue</name></expr>;</expr_stmt>
}</block></function>

<function><type><name>TD_Integer</name></type> <name><name>DC_ForbiddenValueProfile</name>::<name>getForbiddenValue</name></name><parameter_list>(<param><decl><type><name>void</name></type></decl></param>)</parameter_list> <specifier>const</specifier> <block>{
    <return>return <expr><name>forbiddenValue</name></expr>;</return>
}</block></function>
</unit>
