<unit xmlns="http://www.sdml.info/srcML/src" xmlns:cpp="http://www.sdml.info/srcML/cpp">
<comment type="line">//
</comment><comment type="line">// Copyright 2004 P&amp;P Software GmbH - All Rights Reserved
</comment><comment type="line">//
</comment><comment type="line">// DC_FdirCheck.h
</comment><comment type="line">//
</comment><comment type="line">// Version	1.0
</comment><comment type="line">// Date		11.06.03 (version 1.0)
</comment><comment type="line">// Author	A. Pasetti (P&amp;P Software)
</comment>
<cpp:ifndef>#<cpp:directive>ifndef</cpp:directive> <name>DC_FdirCheckH</name></cpp:ifndef>
<cpp:define>#<cpp:directive>define</cpp:directive> <name>DC_FdirCheckH</name></cpp:define>

<cpp:include>#<cpp:directive>include</cpp:directive> <cpp:file>"../GeneralInclude/BasicTypes.h"</cpp:file></cpp:include>
<cpp:include>#<cpp:directive>include</cpp:directive> <cpp:file>"../Base/PunctualAction.h"</cpp:file></cpp:include>
<cpp:include>#<cpp:directive>include</cpp:directive> <cpp:file>"../FDIR/RecoveryAction.h"</cpp:file></cpp:include>

<comment type="block">/**
 * Encapsulation of a failure detection and isolation check and of its
 * associated recovery action. A FDIR (fault detection, isolation
 * and recovery) check usually consists of two parts. A check that
 * determines the existence of a fault and isolates its cause (the
 * &lt;i&gt;failure detection and isolation check&lt;/i&gt; or FDI check), and a
 * a &lt;i&gt;recovery action&lt;/i&gt; to counteract the fault. This component
 * encapsulates a complete FDIR check and allows both the
 * FDI check and the recovery action to be executed
 * as a single action.
 * &lt;p&gt;
 * This component assumes that the FDI check check is encapsulated
 * in a component of type &lt;code&gt;PunctualAction&lt;/code&gt;.
 * and that the recovery action is encapsulated in a component of type
 * &lt;code&gt;RecoveryAction&lt;/code&gt;.
 * &lt;p&gt;
 * This component is offered as a form of &lt;i&gt;punctual action&lt;/i&gt; (it
 * is derived from the base class &lt;code&gt;PunctualAction&lt;/code&gt;). Its
 * associated action consists in the execution of the FDI check
 * and, if this returns with a failure code, in
 * the subsequent and immediate execution of the associated recovery
 * action. Note that there is no conditional execution check associated to an
 * FDIR check: the FDI check is always executed when the &lt;code&gt;FdirCheck&lt;/code&gt;
 * component is executed. If it is desired to have the FDIR check executed only
 * if certain conditions hold, the conditional execution check can be built
 * into the FDI check (this is typically done by implementing the FDI check
 * as a subclass of &lt;code&gt;ConditionalPunctualAction&lt;/code&gt;).
 * @todo change the name of this class to: DC_FdirAction (remember to update
 * the comments to reflect the change of class name)
 * @author Alessandro Pasetti (P&amp;P Software GmbH)
 * @version 1.0
 * @ingroup FDIR
 */</comment>
<class>class <name>DC_FdirCheck</name> <super>: <specifier>public</specifier> <name>PunctualAction</name></super> <block>{<private type="default">
</private><private>private:
	<decl_stmt><decl><type><name>RecoveryAction</name>*</type> <name>pRecoveryAction</name></decl>;</decl_stmt>
    <decl_stmt><decl><type><name>PunctualAction</name>*</type> <name>pFdiCheck</name></decl>;</decl_stmt>

</private><protected>protected:
    <comment type="block">/**
     * Execute the FDI check and, if this returns a failure code, execute
     * the recovery action.
     * A pseudo-code implementation for this method is as follows: &lt;PRE&gt;
     *   outcome = pFdiCheck-&gt;execute();
     *   if ( outcome == ACTION_FAILURE )
     *      outcome = pRecoveryAction-&gt;execute();
     *   return outcome; &lt;/PRE&gt;
     * Note that the outcome code returned by this punctual action is either
     * the return code of the FDI check or of the recovery action, whichever
     * is executed last.
     * @see TD_ActionOutcome
     * @return the outcome code of the last recovery action to be executed
     * or ACTION_CANNOT_EXECUTE if no action can be executed
     */</comment>
    <function_decl><type><name>virtual</name> <name>TD_ActionOutcome</name></type> <name>doAction</name><parameter_list>(<param><decl><type><name>void</name></type></decl></param>)</parameter_list>;</function_decl>

</protected><public>public:
    <comment type="block">/**
     * Instantiate an FDIR check. The recovery action and FDI check are
     * left undefined to signify that the component is not yet configured.
     */</comment>
    <constructor_decl><name>DC_FdirCheck</name><parameter_list>(<param><decl><type><name>void</name></type></decl></param>)</parameter_list>;</constructor_decl>

    <comment type="block">/**
     * Set the FDI check.
     * @see #doAction
     * @param pFdiCheck the FDI check component
     */</comment>
    <function_decl><type><name>void</name></type> <name>setFdiCheck</name><parameter_list>(<param><decl><type><name>PunctualAction</name>*</type> <name>pFdiCheck</name></decl></param>)</parameter_list>;</function_decl>

    <comment type="block">/**
     * Get the FDI check.
     * @see #doAction
     * @return the FDI check component
     */</comment>
    <function_decl><type><name>PunctualAction</name>*</type> <name>getFdiCheck</name><parameter_list>(<param><decl><type><name>void</name></type></decl></param>)</parameter_list>;</function_decl>

    <comment type="block">/**
     * Set the recovery action.
     * @see #doAction
     * @param pRecoveryAction the recovery action
     */</comment>
    <function_decl><type><name>void</name></type> <name>setRecoveryAction</name><parameter_list>(<param><decl><type><name>RecoveryAction</name>*</type> <name>pRecoveryAction</name></decl></param>)</parameter_list>;</function_decl>

    <comment type="block">/**
     * Get the recovery action.
     * @see #doAction
     * @return the recovery action
     */</comment>
    <function_decl><type><name>RecoveryAction</name>*</type> <name>getRecoveryAction</name><parameter_list>(<param><decl><type><name>void</name></type></decl></param>)</parameter_list>;</function_decl>

    <comment type="block">/**
     * Perform a class-specific configuration check on the FDIR check:
	 * verify that the recovery action and FDI check have been set.
     * @return true if the FDIR check is configured, false otherwise.
     */</comment>
    <function_decl><type><name>virtual</name> <name>bool</name></type> <name>isObjectConfigured</name><parameter_list>(<param><decl><type><name>void</name></type></decl></param>)</parameter_list>;</function_decl>
</public>}</block>;</class>
<cpp:endif>#<cpp:directive>endif</cpp:directive></cpp:endif>
</unit>
