<unit xmlns="http://www.sdml.info/srcML/src" xmlns:cpp="http://www.sdml.info/srcML/cpp">
<comment type="line">//
</comment><comment type="line">// Copyright 2004 P&amp;P Software GmbH - All Rights Reserved
</comment><comment type="line">//
</comment><comment type="line">// DC_OutOfRangeProfile.cpp
</comment><comment type="line">//
</comment><comment type="line">// Version	1.1
</comment><comment type="line">// Date		17.01.03 (Version 1.0)
</comment><comment type="line">//          01.10.03 (Version 1.1)
</comment><comment type="line">// Author	A. Pasetti (P&amp;P Software), R. Totaro
</comment><comment type="line">//
</comment><comment type="line">// Change Record:
</comment><comment type="line">//   Version 1.1: replaced double and int with TD_Float and TD_Integer
</comment>
<cpp:include>#<cpp:directive>include</cpp:directive> <cpp:file>"../GeneralInclude/CompilerSwitches.h"</cpp:file></cpp:include>
<cpp:include>#<cpp:directive>include</cpp:directive> <cpp:file>"../GeneralInclude/DebugSupport.h"</cpp:file></cpp:include>
<cpp:include>#<cpp:directive>include</cpp:directive> <cpp:file>"../GeneralInclude/Constants.h"</cpp:file></cpp:include>
<cpp:include>#<cpp:directive>include</cpp:directive> <cpp:file>"../GeneralInclude/ClassId.h"</cpp:file></cpp:include>
<cpp:include>#<cpp:directive>include</cpp:directive> <cpp:file>"RangeProfile.h"</cpp:file></cpp:include>
<cpp:include>#<cpp:directive>include</cpp:directive> <cpp:file>"DC_OutOfRangeProfile.h"</cpp:file></cpp:include>

<constructor><name>DC_OutOfRangeProfile::DC_OutOfRangeProfile</name><parameter_list>(<param><decl><type><name>void</name></type></decl></param>)</parameter_list> <block>{
    <expr_stmt><expr><call><name>setClassId</name><argument_list>(<argument><expr><name>ID_OUTOFRANGEPROFILE</name></expr></argument>)</argument_list></call></expr>;</expr_stmt>
}</block></constructor>

<function><type><name>bool</name></type> <name><name>DC_OutOfRangeProfile</name>::<name>doProfileCheck</name></name><parameter_list>(<param><decl><type><name>TD_Float</name></type> <name>value</name></decl></param>)</parameter_list> <block>{
    <expr_stmt><expr><call><name>assert</name><argument_list>(<argument><expr><call><name>getLowerBound</name><argument_list>()</argument_list></call>&lt;<call><name>getUpperBound</name><argument_list>()</argument_list></call></expr></argument>)</argument_list></call></expr>;</expr_stmt>

    <return>return <expr>(<name>value</name>&lt;<call><name>getLowerBound</name><argument_list>()</argument_list></call> || <name>value</name>&gt;<call><name>getUpperBound</name><argument_list>()</argument_list></call>)</expr>;</return>
}</block></function>
</unit>
