<unit xmlns="http://www.sdml.info/srcML/src" xmlns:cpp="http://www.sdml.info/srcML/cpp">
<comment type="line">//
</comment><comment type="line">// Copyright 2004 P&amp;P Software GmbH - All Rights Reserved
</comment><comment type="line">//
</comment><comment type="line">// DC_OutOfRangeProfile.h
</comment><comment type="line">//
</comment><comment type="line">// Version	1.1
</comment><comment type="line">// Date		16.01.03 (Version 1.0)
</comment><comment type="line">//          01.10.03 (Version 1.1)
</comment><comment type="line">// Author	A. Pasetti (P&amp;P Software), R. Totaro
</comment><comment type="line">//
</comment><comment type="line">// Change Record:
</comment><comment type="line">//   Version 1.1: replaced double and int with TD_Float and TD_Integer
</comment>
<cpp:ifndef>#<cpp:directive>ifndef</cpp:directive> <name>DC_OutOfRangeProfileH</name></cpp:ifndef>
<cpp:define>#<cpp:directive>define</cpp:directive> <name>DC_OutOfRangeProfileH</name></cpp:define>

<cpp:include>#<cpp:directive>include</cpp:directive> <cpp:file>"../GeneralInclude/ForwardDeclarations.h"</cpp:file></cpp:include>
<cpp:include>#<cpp:directive>include</cpp:directive> <cpp:file>"../GeneralInclude/BasicTypes.h"</cpp:file></cpp:include>
<cpp:include>#<cpp:directive>include</cpp:directive> <cpp:file>"RangeProfile.h"</cpp:file></cpp:include>

<comment type="block">/**
 * Default component implementing an "out of range" monitoring profile.
 * This monitoring profile reports a "deviation from profile" if the 
 * value of the monitored variable lies outside a predefined
 * range interval [lowerBound, upperBound].  
 * @author Alessandro Pasetti (P&amp;P Software GmbH)
 * @author Roberto Totaro
 * @version 1.1
 */</comment>

<class>class <name>DC_OutOfRangeProfile</name><super>: <specifier>public</specifier> <name>RangeProfile</name></super> <block>{<private type="default">

</private><protected>protected:

  <comment type="block">/**
  * Check whether the monitored value is outside the range.
  * If it is, a "devation from profile" is reported.
  * A pseudo-code implementation for this method is as follows: &lt;PRE&gt;
  *   if ( ( value&lt;lowerBound) || (value&gt;upperBound) )
  *      return MON_PROFILE_DEVIATION; 
  *   else
  *      return NO_MON_PROFILE_DEVIATION; &lt;/PRE&gt;
  * &lt;p&gt;
  * @param value the value of the monitored variable
  * @return true if the monitored variable lies within the range, false otherwise
  */</comment>
  <function_decl><type><name>virtual</name> <name>bool</name></type> <name>doProfileCheck</name><parameter_list>(<param><decl><type><name>TD_Float</name></type> <name>value</name></decl></param>)</parameter_list>;</function_decl>

</protected><public>public:

  <comment type="block">/**
  * Instantiate an in-range monitoring profile.
  * The class identifier is set. 
  */</comment>
  <constructor_decl><name>DC_OutOfRangeProfile</name><parameter_list>(<param><decl><type><name>void</name></type></decl></param>)</parameter_list>;</constructor_decl>

</public>}</block>;</class>

<cpp:endif>#<cpp:directive>endif</cpp:directive></cpp:endif>
</unit>
