<unit xmlns="http://www.sdml.info/srcML/src" xmlns:cpp="http://www.sdml.info/srcML/cpp">
<comment type="line">//
</comment><comment type="line">// Copyright 2004 P&amp;P Software GmbH - All Rights Reserved
</comment><comment type="line">//
</comment><comment type="line">// DC_StuckDataProfile.h
</comment><comment type="line">//
</comment><comment type="line">// Version	1.1
</comment><comment type="line">// Date		07.01.03 (Version 1.0)
</comment><comment type="line">//          01.10.03 (Version 1.1)
</comment><comment type="line">// Author	A. Pasetti (P&amp;P Software), R. Totaro
</comment><comment type="line">//
</comment><comment type="line">// Change Record:
</comment><comment type="line">//   Version 1.1: replaced double and int with TD_Float and TD_Integer
</comment>
<cpp:ifndef>#<cpp:directive>ifndef</cpp:directive> <name>DC_StuckDataProfileH</name></cpp:ifndef>
<cpp:define>#<cpp:directive>define</cpp:directive> <name>DC_StuckDataProfileH</name></cpp:define>

<cpp:include>#<cpp:directive>include</cpp:directive> <cpp:file>"../GeneralInclude/ForwardDeclarations.h"</cpp:file></cpp:include>
<cpp:include>#<cpp:directive>include</cpp:directive> <cpp:file>"../GeneralInclude/BasicTypes.h"</cpp:file></cpp:include>
<cpp:include>#<cpp:directive>include</cpp:directive> <cpp:file>"MonitoringProfile.h"</cpp:file></cpp:include>

<comment type="block">/**
 * Default component implementing a "stuck data" monitoring profile.
 * This monitoring profile reports a "deviation from profile" if the 
 * value of the monitored variable remains unchanged for more
 * a certain number of consecutive activations. 
 * The number of consecutive activations that the
 * monitored variable must remain unchanged before the monitoring check is
 * detected is called the &lt;i&gt;stuck threshold&lt;/i&gt;.
 * The stuck threshold is a settable parameter. Its value must be
 * greater than zero.
 * &lt;p&gt;
 * This type of check only makes sense for monitored variables of
 * integer type. The version of the monitoring check for variables
 * of doble type is therefore implemented as a dummy operation
 * that always returns "deviation from profile has been detected".
 * @author Alessandro Pasetti (P&amp;P Software GmbH)
 * @author Roberto Totaro
 * @version 1.1
 */</comment>

<class>class <name>DC_StuckDataProfile</name><super>: <specifier>public</specifier> <name>MonitoringProfile</name></super> <block>{<private type="default">

</private><private>private:
    <decl_stmt><decl><type><name>unsigned</name> <name>int</name></type> <name>stuckThreshold</name></decl>;</decl_stmt>
    <decl_stmt><decl><type><name>unsigned</name> <name>int</name></type> <name>counter</name></decl>;</decl_stmt>
    <decl_stmt><decl><type><name>TD_Integer</name></type> <name>previousValue</name></decl>;</decl_stmt>

</private><protected>protected:

  <comment type="block">/**
  * Check whether the monitored value is stuck.
  * If it is, a "devation from profile" is reported.
  * A pseudo-code implementation for this method is as follows: &lt;PRE&gt;
  *   if ( value == previousValue )
  *   {  counter++;
  *      previousValue = value;
  *      if (counter == stuckThreshold)
  *      { counter = 0;
  *        return MON_PROFILE_DEVIATION; 
  *      }
  *      else
  *        return NO_MON_PROFILE_DEVIATION; 
  *   }
  *   else
  *      counter = 0;
  *   previousValue = value;   
  *   return NO_MON_PROFILE_DEVIATION; &lt;/PRE&gt;
  * &lt;p&gt;
  * The value of &lt;code&gt;previousValue&lt;/code&gt; and &lt;code&gt;counter&lt;/code&gt;
  * are initialized by the constructor and by method &lt;code&gt;reset&lt;/code&gt;. 
  * Spurious triggerings can occurr either after a reset or after the
  * component is created.
  * @see #reset
  * @see #DC_StuckDataProfile
  * @param value the value of the monitored variable
  * @return true if the monitored variable is stuck, false otherwise
  */</comment>
  <function_decl><type><name>virtual</name> <name>bool</name></type> <name>doProfileCheck</name><parameter_list>(<param><decl><type><name>TD_Integer</name></type> <name>value</name></decl></param>)</parameter_list>;</function_decl>

  <comment type="block">/**
  * Dummy implementation of a monitoring check that always returns "deviation
  * from profile detected".
  * This operation should never be called since stuck data monitoring checks on
  * non-integer variables may give unpredictable results due to numerical
  * precision errors.
  * @param value the value of the monitored variable
  * @return always returns true 
  */</comment>
  <function_decl><type><name>virtual</name> <name>bool</name></type> <name>doProfileCheck</name><parameter_list>(<param><decl><type><name>TD_Float</name></type> <name>value</name></decl></param>)</parameter_list>;</function_decl>

</protected><public>public:

  <comment type="block">/**
  * Instantiate a stuck data profile.
  * The class identifier is set, the stuck threshold is initialized to 0 to 
  * signify that the component is not yet configured, and the component is
  * reset.
  */</comment>
  <constructor_decl><name>DC_StuckDataProfile</name><parameter_list>(<param><decl><type><name>void</name></type></decl></param>)</parameter_list>;</constructor_decl>

  <comment type="block">/**
  * Set the stuck threshold.
  * @see #doProfileCheck
  * @param stuckThreshold the value of the stuck threshold
  */</comment>
  <function_decl><type><name>void</name></type> <name>setStuckThreshold</name><parameter_list>(<param><decl><type><name>unsigned</name> <name>int</name></type> <name>stuckThreshold</name></decl></param>)</parameter_list>;</function_decl>

  <comment type="block">/**
  * Get the stuck thresholde.
  * @see #setStuckThreshold
  * @return the value of the stuck threshold
  */</comment>
  <function_decl><type><name>unsigned</name> <name>int</name></type> <name>getStuckThreshold</name><parameter_list>(<param><decl><type><name>void</name></type></decl></param>)</parameter_list> <specifier>const</specifier>;</function_decl>

  <comment type="block">/**
  * Perform a class-specific configuration check on the monitoring
  * profile: verify that the stuck threshold has a value greater than zero.
  * @return true if the monitoring profile is configured, false otherwise.
  */</comment>
  <function_decl><type><name>virtual</name> <name>bool</name></type> <name>isObjectConfigured</name><parameter_list>(<param><decl><type><name>void</name></type></decl></param>)</parameter_list>;</function_decl>

  <comment type="block">/**
   * Reset the stuck value profile check. With reference to the 
   * implementation of method &lt;code&gt;doProfileCheck(TD_Integer)&lt;/code&gt;, a call to
   * this method causes the variable &lt;code&gt;counter&lt;/code&gt; to be reset to
   * zero and the variable &lt;code&gt;previousValue&lt;/code&gt; to be reset to 
   * PREVIOUS_VALUE_INIT.
   */</comment>
   <function_decl><type><name>virtual</name> <name>void</name></type> <name>reset</name><parameter_list>(<param><decl><type><name>void</name></type></decl></param>)</parameter_list>;</function_decl>

</public>}</block>;</class>

<cpp:endif>#<cpp:directive>endif</cpp:directive></cpp:endif>
</unit>
