<unit xmlns="http://www.sdml.info/srcML/src" xmlns:cpp="http://www.sdml.info/srcML/cpp">
<comment type="line">//
</comment><comment type="line">// Copyright 2004 P&amp;P Software GmbH - All Rights Reserved
</comment><comment type="line">//
</comment><comment type="line">// MonitoringProfile.h
</comment><comment type="line">//
</comment><comment type="line">// Version	1.0
</comment><comment type="line">// Date	    30.09.03 
</comment><comment type="line">// Author	A. Pasetti, R. Totaro
</comment><comment type="line">//
</comment><comment type="line">// Change Record:
</comment>
<cpp:ifndef>#<cpp:directive>ifndef</cpp:directive> <name>MonitoringProfileH</name></cpp:ifndef>
<cpp:define>#<cpp:directive>define</cpp:directive> <name>MonitoringProfileH</name></cpp:define>

<cpp:include>#<cpp:directive>include</cpp:directive> <cpp:file>"../GeneralInclude/ForwardDeclarations.h"</cpp:file></cpp:include>
<cpp:include>#<cpp:directive>include</cpp:directive> <cpp:file>"../GeneralInclude/BasicTypes.h"</cpp:file></cpp:include>
<cpp:include>#<cpp:directive>include</cpp:directive> <cpp:file>"../Base/CC_RootObject.h"</cpp:file></cpp:include>

<comment type="block">/**
 * Base class from which all monitoring profile classes are derived.
 * A monitoring profile encapsulates a profile against which the value
 * of a monitored variable must be checked (&lt;i&gt;monitoring check&lt;/i&gt;).
 * Two versions of the monitoring check are offered by this class,
 * one for monitored variables of &lt;code&gt;TD_Float&lt;/code&gt; type and one for monitored
 * variables of &lt;code&gt;TD_Integer&lt;/code&gt; type.
 * &lt;p&gt;
 * Monitoring profiles can be enabled or disabled.
 * A monitoring profile that is disabled will always report:
 * "no deviation from profile".
 * &lt;p&gt;
 * Monitoring profiles can be linked in sequential
 * chains. The client only sees one single monitoring profile (the one
 * at the head of the chain) but its execution can lead to all profiles 
 * in the chain being executed in sequence. This class defines a &lt;i&gt;next monitoring
 * profile&lt;/i&gt; attribute that holds the pointer to the next monitoring profile in the
 * chain. A monitoring profile reports "no profile violation detected" only if
 * neither itself nor any of the monitoring profiles downstream in the chain of
 * linked profiles report "no profile violation detected".
 * &lt;p&gt;
 * A violation of a monitoring profile is reported as an event.
 * &lt;p&gt;
 * This class is abstract because the implementation of the monitoring
 * profile is class-specific and must be defined in the derived classes
 * that implement concrete profiles.
 * The management of the enable status and the reporting of profile
 * violation as events is however performed in this base class.
 * @todo Add an internal variable that to record the reason for the violation
 * and that concrete monitoring profiles can set to indicate how the profile
 * was violated (e.g. violation of upper boundary of a range interval). Clients
 * can then inspect the value of this variable to know the exact reason of the
 * profile violation.
 * @todo Add a test case to cover the "next monitoring profile" functionality.
 * This could be obtained by modifying the test case of DC_ProfileList.
 * @todo Monitoring profiles use parameters that are implemented as internal variables.
 * In practice, these parameters will often have to come from the parameter database.
 * Two solutions are possible: generators are used to parameterize the concrete 
 * monitoring profiles classes with respect to the mode of implementation of the
 * profile parameters. Or aspect programs are used modify the monitoring profile class
 * as follows: code to set the link to the parameter database is inserted, and 
 * code to update the value of the internal parameter with the value read from the
 * parameter database is added at the beginning of method doProfileCheck.
 * @author Alessandro Pasetti 
 * @author Roberto Totaro
 * @version 1.0
 * @ingroup FDIR
 */</comment>
<class>class <name>MonitoringProfile</name><super>: <specifier>public</specifier> <name>CC_RootObject</name></super> <block>{<private type="default">
</private><private>private:
    <decl_stmt><decl><type><name>bool</name></type> <name>enableStatus</name></decl>;</decl_stmt>
    <decl_stmt><decl><type><name>MonitoringProfile</name>*</type> <name>pNext</name></decl>;</decl_stmt>

</private><protected>protected:
    <comment type="block">/**
     * Encapsulate the check of the monitored variable value against the
     * monitoring profile.
     * This method is called by method &lt;CODE&gt;deviatesFromProfile()&lt;/CODE&gt;
     * in this same class.
     * User of monitoring profiles do not see &lt;CODE&gt;method doProfileCheck()&lt;/CODE&gt;,
     * they only see method
     * &lt;CODE&gt;deviatesFromProfile()&lt;/CODE&gt;.
     * @see #deviatesFromProfile
     * @param value the value of the monitored variable
     * @return true if the monitored variable deviates from the monitoring profile, false otherwise
     */</comment>
    <function_decl><type><name>virtual</name> <name>bool</name></type> <name>doProfileCheck</name><parameter_list>(<param><decl><type><name>TD_Float</name></type> <name>value</name></decl></param>)</parameter_list> <specifier>= 0</specifier>;</function_decl>

    <comment type="block">/**
     * Version of method &lt;CODE&gt;doProfileCheck()&lt;/CODE&gt; for monitored variables
     * of integer type.
     * @see #doProfileCheck
     */</comment>
    <function_decl><type><name>virtual</name> <name>bool</name></type> <name>doProfileCheck</name><parameter_list>(<param><decl><type><name>TD_Integer</name></type> <name>value</name></decl></param>)</parameter_list> <specifier>= 0</specifier>;</function_decl>

</protected><public>public:
    <comment type="block">/**
     * Instantiate a monitoring profile.
     * The enabled status of the profile is initialized to "enabled".
     * The "next monitoring profile" attribute is set to NULL.
     */</comment>
    <constructor_decl><name>MonitoringProfile</name><parameter_list>(<param><decl><type><name>void</name></type></decl></param>)</parameter_list>;</constructor_decl>

    <comment type="block">/**
     * Check whether the value of the monitored variable - passed as an argument
     * to the method - is within
     * the profile encapsulated by the monitoring profile object.
     * The check is only done if the monitoring profile object is enabled.
     * If it is disabled, the method returns true indicating that there is no
     * deviation from the profile.
     * After performing the monitoring check encapsulated by this class, 
     * it is verified whether there are any linked monitoring checks and, if
     * so, the check value is passed on to them. A return value of "deviation
     * detected" may indicate either that this check has detected a violation
     * or that a violation has been detected by the next monitoring profile 
     * in the chain.
     * &lt;p&gt;
     * A pseudo-code implementation for this method is as follows: &lt;PRE&gt;
     *   bool outcome = NO_MON_PROFILE_DEVIATION;
     *   if ( isEnabled() )
     *   { if (doProfileCheck(value))
     *     { createEventReport(EVT_MON_PROFILE_VIOLATION);
     *       outcome = MON_PROFILE_DEVIATION;
     *     }
     *   }
     *   if ( pNext!=pNULL )     // there is a next monitoring profile 
     *      if ( next-&gt;deviatesFromProfile(value) )
     *          outcome = MON_PROFILE_DEVIATION;
     *   return outcome; &lt;/PRE&gt;
     * The &lt;CODE&gt;doProfileCheck()&lt;/CODE&gt; method is abstract and encapsulates
     * the implementation of the profile check.
     * Thus, this class enforces the management of the enabled status and 
     * of the "next monitoring profile" but delegates implementation of the
     * monitoring profile check to derived classes implementing concrete profiles.
     * An event is created when deviations from the profile are detected.
     * The event parameter is the class identifier of the monitoring profile
     * object itself.
     * @param value the value of the monitored variable
     * @return true if the monitored variable deviates from the monitoring profile,
     * false otherwise
     */</comment>
    <function_decl><type><name>bool</name></type> <name>deviatesFromProfile</name><parameter_list>(<param><decl><type><name>TD_Float</name></type> <name>value</name></decl></param>)</parameter_list>;</function_decl>

    <comment type="block">/**
     * Version of method &lt;CODE&gt;deviatesFromProfile()&lt;/CODE&gt; for monitored
     * variables of integer type.
     * @see #deviatesFromProfile
     */</comment>
    <function_decl><type><name>bool</name></type> <name>deviatesFromProfile</name><parameter_list>(<param><decl><type><name>TD_Integer</name></type> <name>value</name></decl></param>)</parameter_list>;</function_decl>

    <comment type="block">/**
     * Set the enable status of the monitoring profile.
     * When the profile is disabled, a call to method &lt;CODE&gt;deviatesFromProfile()&lt;/CODE&gt;
     * always returns "no deviation from profile".
     * @param enableStatus if true, then the profile is enabled; if false, then
     * the profile is disabled
     */</comment>
    <function_decl><type><name>inline</name> <name>void</name></type> <name>setEnabled</name><parameter_list>(<param><decl><type><name>bool</name></type> <name>enableStatus</name></decl></param>)</parameter_list>;</function_decl>

    <comment type="block">/**
     * Check the enable status of the monitoring profile.
     * @return true if the profile is enabled, false otherwise
     */</comment>
    <function_decl><type><name>inline</name> <name>bool</name></type> <name>isEnabled</name><parameter_list>(<param><decl><type><name>void</name></type></decl></param>)</parameter_list>;</function_decl>

	<comment type="block">/**
	 * Set the next monitoring profile.
	 * @see #deviatesFromProfile
	 * @param pNextMonitoringProfile the next monitoring profile
	 */</comment>
	<function_decl><type><name>void</name></type> <name>setNextMonitoringProfile</name><parameter_list>(<param><decl><type><name>MonitoringProfile</name>*</type> <name>pNextMonitoringProfile</name></decl></param>)</parameter_list>;</function_decl>

	<comment type="block">/**
	 * Get the next monitoring profile. If no monitoring profile has been chained
     * to this one, then a value of pNULL is returned.
	 * @see #deviatesFromProfile
	 * @return the next monitoring profile
	 */</comment>
	<function_decl><type><name>MonitoringProfile</name>*</type> <name>getNextMonitoringProfile</name><parameter_list>()</parameter_list>;</function_decl>

    <comment type="block">/**
     * Reset the internal state of the monitoring profile to the value it had
     * immediately after instantiation.
     * Some monitoring profiles need to keep track of past values of the monitored
     * variable and therefore have
     * an internal state.
     * This method allows this internal state to be reset.
     * This class offers a default implementation of this method that does not
     * do anything.
     * Subclasses may need to override this default implementation.
     */</comment>
    <function_decl><type><name>virtual</name> <name>void</name></type> <name>reset</name><parameter_list>(<param><decl><type><name>void</name></type></decl></param>)</parameter_list>;</function_decl>
</public>}</block>;</class>

<cpp:include>#<cpp:directive>include</cpp:directive> <cpp:file>"MonitoringProfile_inl.h"</cpp:file></cpp:include>

<cpp:endif>#<cpp:directive>endif</cpp:directive></cpp:endif>
</unit>
