<unit xmlns="http://www.sdml.info/srcML/src" xmlns:cpp="http://www.sdml.info/srcML/cpp">
<comment type="line">//
</comment><comment type="line">// Copyright 2004 P&amp;P Software GmbH - All Rights Reserved
</comment><comment type="line">//
</comment><comment type="line">// RangeProfile_inl.h
</comment><comment type="line">//
</comment><comment type="line">// Version	1.1
</comment><comment type="line">// Date		17.01.03 (Version 1.0)
</comment><comment type="line">//          01.10.03 (Version 1.1)
</comment><comment type="line">// Author	A. Pasetti (P&amp;P Software), R. Totaro
</comment><comment type="line">//
</comment><comment type="line">// Change Record:
</comment><comment type="line">//   Version 1.1: replaced double and int with TD_Float and TD_Integer
</comment>
<cpp:ifndef>#<cpp:directive>ifndef</cpp:directive> <name>RangeProfile_INL</name></cpp:ifndef>
<cpp:define>#<cpp:directive>define</cpp:directive> <name>RangeProfile_INL</name></cpp:define>

<function><type><name>inline</name> <name>TD_Float</name></type> <name><name>RangeProfile</name>::<name>getLowerBound</name></name><parameter_list>(<param><decl><type><name>void</name></type></decl></param>)</parameter_list> <specifier>const</specifier> <block>{
	<return>return <expr><name>lowerBound</name></expr>;</return>
}</block></function>

<function><type><name>inline</name> <name>TD_Float</name></type> <name><name>RangeProfile</name>::<name>getUpperBound</name></name><parameter_list>(<param><decl><type><name>void</name></type></decl></param>)</parameter_list> <specifier>const</specifier> <block>{
	<return>return <expr><name>upperBound</name></expr>;</return>
}</block></function>

<cpp:endif>#<cpp:directive>endif</cpp:directive></cpp:endif>
</unit>
