<unit xmlns="http://www.sdml.info/srcML/src" xmlns:cpp="http://www.sdml.info/srcML/cpp">
<comment type="line">//
</comment><comment type="line">// Copyright 2004 P&amp;P Software GmbH - All Rights Reserved
</comment><comment type="line">//
</comment><comment type="line">// RangeProfile.cpp
</comment><comment type="line">//
</comment><comment type="line">// Version	1.1
</comment><comment type="line">// Date		17.01.03 (Version 1.0)
</comment><comment type="line">//          01.10.03 (Version 1.1)
</comment><comment type="line">// Author	A. Pasetti (P&amp;P Software), R. Totaro
</comment><comment type="line">//
</comment><comment type="line">// Change Record:
</comment><comment type="line">//   Version 1.1: replaced double and int with TD_Float and TD_Integer
</comment>
<cpp:include>#<cpp:directive>include</cpp:directive> <cpp:file>"../GeneralInclude/CompilerSwitches.h"</cpp:file></cpp:include>
<cpp:include>#<cpp:directive>include</cpp:directive> <cpp:file>"../GeneralInclude/DebugSupport.h"</cpp:file></cpp:include>
<cpp:include>#<cpp:directive>include</cpp:directive> <cpp:file>"../GeneralInclude/Constants.h"</cpp:file></cpp:include>
<cpp:include>#<cpp:directive>include</cpp:directive> <cpp:file>"../GeneralInclude/ClassId.h"</cpp:file></cpp:include>
<cpp:include>#<cpp:directive>include</cpp:directive> <cpp:file>"RangeProfile.h"</cpp:file></cpp:include>

<constructor><name>RangeProfile::RangeProfile</name><parameter_list>(<param><decl><type><name>void</name></type></decl></param>)</parameter_list> <block>{
    <expr_stmt><expr><name>lowerBound</name> = (<name>TD_Float</name>)0.0</expr>;</expr_stmt>
    <expr_stmt><expr><name>upperBound</name> = (<name>TD_Float</name>)0.0</expr>;</expr_stmt>
}</block></constructor>

<function><type><name>bool</name></type> <name><name>RangeProfile</name>::<name>doProfileCheck</name></name><parameter_list>(<param><decl><type><name>TD_Integer</name></type> <name>value</name></decl></param>)</parameter_list> <block>{
    <expr_stmt><expr><call><name>assert</name><argument_list>( <argument><expr><name>lowerBound</name>&lt;<name>upperBound</name></expr></argument> )</argument_list></call></expr>;</expr_stmt>
    <return>return <expr><macro>doProfileCheck<argument_list>( (TD_Float)value )</argument_list></macro></expr>;</return>
}</block></function>

<function><type><name>void</name></type> <name><name>RangeProfile</name>::<name>setLowerBound</name></name><parameter_list>(<param><decl><type><name>TD_Float</name></type> <name>lowerBound</name></decl></param>)</parameter_list> <block>{
    <expr_stmt><expr><name>this</name>-&gt;<name>lowerBound</name> = <name>lowerBound</name></expr>;</expr_stmt>
}</block></function>

<function><type><name>void</name></type> <name><name>RangeProfile</name>::<name>setUpperBound</name></name><parameter_list>(<param><decl><type><name>TD_Float</name></type> <name>upperBound</name></decl></param>)</parameter_list> <block>{
    <expr_stmt><expr><name>this</name>-&gt;<name>upperBound</name> = <name>upperBound</name></expr>;</expr_stmt>
}</block></function>

<function><type><name>bool</name></type> <name><name>RangeProfile</name>::<name>isObjectConfigured</name></name><parameter_list>(<param><decl><type><name>void</name></type></decl></param>)</parameter_list> <block>{
    <return>return <expr>(<call><name><name>MonitoringProfile</name>::<name>isObjectConfigured</name></name><argument_list>()</argument_list></call> &amp;&amp; <name>lowerBound</name>&lt;<name>upperBound</name>)</expr>;</return>
}</block></function>
</unit>
