<unit xmlns="http://www.sdml.info/srcML/src" xmlns:cpp="http://www.sdml.info/srcML/cpp">
<comment type="line">//
</comment><comment type="line">// Copyright 2004 P&amp;P Software GmbH - All Rights Reserved
</comment><comment type="line">//
</comment><comment type="line">// RecoveryAction.h
</comment><comment type="line">//
</comment><comment type="line">// Version	1.0
</comment><comment type="line">// Date		11.06.03 (version 1.0)
</comment><comment type="line">// Author	A. Pasetti (P&amp;P Software)
</comment>
<cpp:ifndef>#<cpp:directive>ifndef</cpp:directive> <name>RecoveryActionH</name></cpp:ifndef>
<cpp:define>#<cpp:directive>define</cpp:directive> <name>RecoveryActionH</name></cpp:define>

<cpp:include>#<cpp:directive>include</cpp:directive> <cpp:file>"../GeneralInclude/BasicTypes.h"</cpp:file></cpp:include>
<cpp:include>#<cpp:directive>include</cpp:directive> <cpp:file>"../Base/ConditionalPunctualAction.h"</cpp:file></cpp:include>

<comment type="block">/**
 * Punctual action that performs a &lt;i&gt;recovery action&lt;/i&gt;.
 * A recovery action is an action that is executed in response to the
 * detection of a failure. Recovery actions are implemented as a
 * form of &lt;i&gt;punctual action&lt;/i&gt;. They add to their base class
 * the &lt;i&gt;next recovery action&lt;/i&gt; attribute and the &lt;i&gt;execution
 * check&lt;/i&gt;.
 * &lt;p&gt;
 * Recovery actions can be linked in sequential
 * chains. The client only sees one single recovery action (the one
 * at the head of the chain) but its execution can lead to all actions
 * in the chain being executed in sequence. The &lt;i&gt;next recovery action&lt;/i&gt;
 * attribute holds the pointer to the next recovery action in the
 * chain.
 * &lt;p&gt;
 * The execution check is performed before executing the recovery
 * action. Its implementation is left open and concrete subclasses
 * can use it to define the conditions under which the execution of
 * the recovery action is allowed.
 * &lt;p&gt;
 * This is an abstract class because it leaves open the definition of
 * actual actions to be performed by the recovery action component
 * and the definition of the execution check open.
 * This class only implements the management of the next recovery
 * action.
 * &lt;p&gt;
 * Punctual actions return an &lt;i&gt;outcome&lt;/i&gt;. The outcome of a
 * recovery action R is the outcome of the last recovery action in
 * the chain of recovery actions that has R as its first item.
 * &lt;p&gt;
 * &lt;i&gt;Implementation Note:&lt;/i&gt; This could in principle be implemented
 * as a subclass of &lt;code&gt;ConditionalPunctualAction&lt;/code&gt;. This is
 * not done because class a failure of the execution check in
 * class &lt;code&gt;ConditionalPunctualAction&lt;/code&gt; simply leads
 * to an immediate termination of the punctual action. In the case
 * of the &lt;code&gt;RecoveryAction&lt;/code&gt; class, instead, a failure
 * of the execution check leads to an attempt to execute the next
 * recovery action.
 * @author Alessandro Pasetti (P&amp;P Software GmbH)
 * @version 1.0
 * @ingroup FDIR
 */</comment>
<class>class <name>RecoveryAction</name> <super>: <specifier>public</specifier> <name>PunctualAction</name></super> <block>{<private type="default">
</private><private>private:
	<decl_stmt><decl><type><name>RecoveryAction</name>*</type> <name>pNextRecoveryAction</name></decl>;</decl_stmt>

</private><public>public:

	<comment type="block">/**
	 * Instantiate a recovery action. The &lt;i&gt;next recovery action&lt;/i&gt; is
	 * set to null.
	 */</comment>
	<constructor_decl><name>RecoveryAction</name><parameter_list>(<param><decl><type><name>void</name></type></decl></param>)</parameter_list>;</constructor_decl>

	<comment type="block">/**
	 * Set the next recovery action.
	 * @see #doAction
	 * @param pNextRecoveryAction the next recovery action
	 */</comment>
	<function_decl><type><name>void</name></type> <name>setNextRecoveryAction</name><parameter_list>(<param><decl><type><name>RecoveryAction</name>*</type> <name>pNextRecoveryAction</name></decl></param>)</parameter_list>;</function_decl>

	<comment type="block">/**
	 * Get the next recovery action. If no recovery action has been chained
     * to this one, then a value of pNULL is returned.
	 * @see #doAction
	 * @return the next recovery action
	 */</comment>
	<function_decl><type><name>RecoveryAction</name>*</type> <name>getNextRecoveryAction</name><parameter_list>(<param><decl><type><name>void</name></type></decl></param>)</parameter_list>;</function_decl>

</public><protected>protected:

	<comment type="block">/**
	 * Execute the recovery action if the execution check is satisfied
	 * and pass on the execute request to the next recovery action
	 * (if one is defined).
	 * A pseudo-code implementation for this method is as follows: &lt;PRE&gt;
	 *   outcome = ACTION_CANNOT_EXECUTE;
	 *   if ( canExecute() )
	 *      outcome = doRecoveryAction()
	 *   if ( nextRecoveryAction != pNULL)
	 *      outcome = nextRecoveryAction-&gt;execute();
	 *   return outcome; &lt;/PRE&gt;
	 * The &lt;CODE&gt;doRecoveryAction()&lt;/CODE&gt; method is abstract and encapsulates
	 * the implementation of the actions associated to this recovery action.
	 * Thus, this class enforces the handing over of execution requests
	 * from one recovery action
	 * to the next but it leaves the definition of the
	 * specific recovery actions to concrete subclasses.
	 * @see #setNextRecoveryAction
	 * @see TD_ActionOutcome
	 * @return the outcome code of the last recovery action to be executed
	 * or ACTION_CANNOT_EXECUTE if no action can be executed
	 */</comment>
	<function_decl><type><name>virtual</name> <name>TD_ActionOutcome</name></type> <name>doAction</name><parameter_list>(<param><decl><type><name>void</name></type></decl></param>)</parameter_list>;</function_decl>

	<comment type="block">/**
	 * Encapsulate implementation of the &lt;i&gt;execution check&lt;/i&gt;.
	 * This method is called by method &lt;CODE&gt;doAction()&lt;/CODE&gt; in this same
	 * class. This class provides a default implementation that always
	 * returns "can execute".
	 * @see #doAction
	 * @return true if the action can be executed, false if the action cannot
	 * be executed.
	 */</comment>
	<function_decl><type><name>virtual</name> <name>bool</name></type> <name>canExecute</name><parameter_list>(<param><decl><type><name>void</name></type></decl></param>)</parameter_list>;</function_decl>

	<comment type="block">/**
	 * Encapsulate implementation of the concrete recovery actions associated
	 * to this component.
	 * This method is called by method &lt;CODE&gt;doAction()&lt;/CODE&gt; in this same
	 * class.
	 * @see #doAction
	 * @return the outcome code of the punctual action
	 */</comment>
	<function_decl><type><name>virtual</name> <name>TD_ActionOutcome</name></type> <name>doRecoveryAction</name><parameter_list>(<param><decl><type><name>void</name></type></decl></param>)</parameter_list> <specifier>= 0</specifier>;</function_decl>
</protected>}</block>;</class>
<cpp:endif>#<cpp:directive>endif</cpp:directive></cpp:endif>
</unit>
