<unit xmlns="http://www.sdml.info/srcML/src" xmlns:cpp="http://www.sdml.info/srcML/cpp">

<comment type="line">//
</comment><comment type="line">// Copyright 2003 P&amp;P Software GmbH - All Rights Reserved
</comment><comment type="line">//
</comment><comment type="line">// CC_ManoeuvreFactory.cpp
</comment><comment type="line">//
</comment><comment type="line">// This file was automatically generated by an XSL program
</comment><comment type="line">//
</comment>
<cpp:include>#<cpp:directive>include</cpp:directive> <cpp:file>"../GeneralInclude/CompilerSwitches.h"</cpp:file></cpp:include>
<cpp:include>#<cpp:directive>include</cpp:directive> <cpp:file>"../GeneralInclude/DebugSupport.h"</cpp:file></cpp:include>
<cpp:include>#<cpp:directive>include</cpp:directive> <cpp:file>"../GeneralInclude/BasicTypes.h"</cpp:file></cpp:include>
<cpp:include>#<cpp:directive>include</cpp:directive> <cpp:file>"../GeneralInclude/ClassId.h"</cpp:file></cpp:include>
<cpp:include>#<cpp:directive>include</cpp:directive> <cpp:file>"../GeneralInclude/Constants.h"</cpp:file></cpp:include>  
<cpp:include>#<cpp:directive>include</cpp:directive> <cpp:file>"../Manoeuvre/DC_DummyConfigurableManoeuvre.h"</cpp:file></cpp:include>  
<cpp:include>#<cpp:directive>include</cpp:directive> <cpp:file>"../Manoeuvre/DC_DummyManoeuvre.h"</cpp:file></cpp:include>  
<cpp:include>#<cpp:directive>include</cpp:directive> <cpp:file>"../Manoeuvre/DC_TestPUSConfigurableManoeuvre.h"</cpp:file></cpp:include>  
<cpp:include>#<cpp:directive>include</cpp:directive> <cpp:file>"../Base/CC_RootObject.h"</cpp:file></cpp:include>
<cpp:include>#<cpp:directive>include</cpp:directive> <cpp:file>"CC_ManoeuvreFactory.h"</cpp:file></cpp:include>

<decl_stmt><decl><type><name>CC_ManoeuvreFactory</name>*</type> <name><name>CC_ManoeuvreFactory</name>::<name>pInstance</name></name> =<init> <expr><name>pNULL</name></expr></init></decl>;</decl_stmt>

<constructor><name>CC_ManoeuvreFactory::CC_ManoeuvreFactory</name><parameter_list>(<param><decl><type><name>void</name></type></decl></param>)</parameter_list> <block>{
    <expr_stmt><expr><call><name>setClassId</name><argument_list>(<argument><expr><name>ID_MANOEUVREFACTORY</name></expr></argument>)</argument_list></call></expr>;</expr_stmt>

  
    <expr_stmt><expr><name>sizeDummyConfigurableManoeuvre</name> = 1</expr>;</expr_stmt>
    <expr_stmt><expr><name>poolDummyConfigurableManoeuvre</name> = new <name>DC_DummyConfigurableManoeuvre</name>*[<name>sizeDummyConfigurableManoeuvre</name>]</expr>;</expr_stmt>
    <for>for (<init><expr><type><name>unsigned</name> <name>int</name></type> <name>i</name>=<init><expr>0</expr></init></expr>;</init> <condition><expr><name>i</name>&lt;<name>sizeDummyConfigurableManoeuvre</name></expr>;</condition> <incr><expr><name>i</name>++</expr></incr>)
        <expr_stmt><expr><name><name>poolDummyConfigurableManoeuvre</name>[<expr><name>i</name></expr>]</name> = <name>pNULL</name></expr>;</expr_stmt></for>
      
    <expr_stmt><expr><name>sizeDummyManoeuvre</name> = 1</expr>;</expr_stmt>
    <expr_stmt><expr><name>poolDummyManoeuvre</name> = new <name>DC_DummyManoeuvre</name>*[<name>sizeDummyManoeuvre</name>]</expr>;</expr_stmt>
    <for>for (<init><expr><type><name>unsigned</name> <name>int</name></type> <name>i</name>=<init><expr>0</expr></init></expr>;</init> <condition><expr><name>i</name>&lt;<name>sizeDummyManoeuvre</name></expr>;</condition> <incr><expr><name>i</name>++</expr></incr>)
        <expr_stmt><expr><name><name>poolDummyManoeuvre</name>[<expr><name>i</name></expr>]</name> = <name>pNULL</name></expr>;</expr_stmt></for>
      
    <expr_stmt><expr><name>sizeTestPUSConfigurableManoeuvre</name> = 1</expr>;</expr_stmt>
    <expr_stmt><expr><name>poolTestPUSConfigurableManoeuvre</name> = new <name>DC_TestPUSConfigurableManoeuvre</name>*[<name>sizeTestPUSConfigurableManoeuvre</name>]</expr>;</expr_stmt>
    <for>for (<init><expr><type><name>unsigned</name> <name>int</name></type> <name>i</name>=<init><expr>0</expr></init></expr>;</init> <condition><expr><name>i</name>&lt;<name>sizeTestPUSConfigurableManoeuvre</name></expr>;</condition> <incr><expr><name>i</name>++</expr></incr>)
        <expr_stmt><expr><name><name>poolTestPUSConfigurableManoeuvre</name>[<expr><name>i</name></expr>]</name> = <name>pNULL</name></expr>;</expr_stmt></for>
      
}</block></constructor>

<function><type><name>bool</name></type> <name><name>CC_ManoeuvreFactory</name>::<name>isObjectConfigured</name></name><parameter_list>(<param><decl><type><name>void</name></type></decl></param>)</parameter_list> <block>{

    <if>if <condition>( <expr>!<call><name><name>CC_RootObject</name>::<name>isObjectConfigured</name></name><argument_list>()</argument_list></call></expr> )</condition><then>
        <return>return <expr><name>false</name></expr>;</return></then></if>
  
    <if>if <condition>( <expr><name>poolDummyConfigurableManoeuvre</name>==<name>pNULL</name></expr> )</condition><then>
        <return>return <expr><name>false</name></expr>;</return></then></if>

    <for>for (<init><expr><type><name>unsigned</name> <name>int</name></type> <name>i</name>=<init><expr>0</expr></init></expr>;</init> <condition><expr><name>i</name>&lt;<name>sizeDummyConfigurableManoeuvre</name></expr>;</condition> <incr><expr><name>i</name>++</expr></incr>)
        <if>if <condition>( <expr><name><name>poolDummyConfigurableManoeuvre</name>[<expr><name>i</name></expr>]</name>==<name>pNULL</name></expr> )</condition><then>
            <return>return <expr><name>false</name></expr>;</return></then></if></for>
     
    <if>if <condition>( <expr><name>poolDummyManoeuvre</name>==<name>pNULL</name></expr> )</condition><then>
        <return>return <expr><name>false</name></expr>;</return></then></if>

    <for>for (<init><expr><type><name>unsigned</name> <name>int</name></type> <name>i</name>=<init><expr>0</expr></init></expr>;</init> <condition><expr><name>i</name>&lt;<name>sizeDummyManoeuvre</name></expr>;</condition> <incr><expr><name>i</name>++</expr></incr>)
        <if>if <condition>( <expr><name><name>poolDummyManoeuvre</name>[<expr><name>i</name></expr>]</name>==<name>pNULL</name></expr> )</condition><then>
            <return>return <expr><name>false</name></expr>;</return></then></if></for>
     
    <if>if <condition>( <expr><name>poolTestPUSConfigurableManoeuvre</name>==<name>pNULL</name></expr> )</condition><then>
        <return>return <expr><name>false</name></expr>;</return></then></if>

    <for>for (<init><expr><type><name>unsigned</name> <name>int</name></type> <name>i</name>=<init><expr>0</expr></init></expr>;</init> <condition><expr><name>i</name>&lt;<name>sizeTestPUSConfigurableManoeuvre</name></expr>;</condition> <incr><expr><name>i</name>++</expr></incr>)
        <if>if <condition>( <expr><name><name>poolTestPUSConfigurableManoeuvre</name>[<expr><name>i</name></expr>]</name>==<name>pNULL</name></expr> )</condition><then>
            <return>return <expr><name>false</name></expr>;</return></then></if></for>
     

   <return>return <expr><name>true</name></expr>;</return>
}</block></function>

<function><type><name>CC_ManoeuvreFactory</name>*</type> <name><name>CC_ManoeuvreFactory</name>::<name>getInstance</name></name><parameter_list>(<param><decl><type><name>void</name></type></decl></param>)</parameter_list> <block>{
    <if>if <condition>(<expr><name>pInstance</name>==<name>pNULL</name></expr>)</condition><then>
        <expr_stmt><expr><name>pInstance</name> = new <call><name>CC_ManoeuvreFactory</name><argument_list>()</argument_list></call></expr>;</expr_stmt></then></if>
    <return>return <expr><name>pInstance</name></expr>;</return>
}</block></function>

  
<function><type><name>void</name></type> <name><name>CC_ManoeuvreFactory</name>::<name>setManoeuvre</name></name><parameter_list>(<param><decl><type><name>unsigned</name> <name>int</name></type> <name>i</name></decl></param>, <param><decl><type><name>DC_DummyConfigurableManoeuvre</name>*</type> <name>pItem</name></decl></param>)</parameter_list> <block>{
    <expr_stmt><expr><call><name>assert</name><argument_list>(<argument><expr><name>i</name>&lt;<name>sizeDummyConfigurableManoeuvre</name></expr></argument>)</argument_list></call></expr>;</expr_stmt>
    <expr_stmt><expr><call><name>assert</name><argument_list>(<argument><expr><name>pItem</name>!=<name>pNULL</name></expr></argument>)</argument_list></call></expr>;</expr_stmt>
    <expr_stmt><expr><name><name>poolDummyConfigurableManoeuvre</name>[<expr><name>i</name></expr>]</name> = <name>pItem</name></expr>;</expr_stmt>
    <expr_stmt><expr><name><name>poolDummyConfigurableManoeuvre</name>[<expr><name>i</name></expr>]</name>-&gt;<call><name>setInUse</name><argument_list>(<argument><expr><name>false</name></expr></argument>)</argument_list></call></expr>;</expr_stmt>
}</block></function>

<function><type><name>unsigned</name> <name>int</name></type> <name><name>CC_ManoeuvreFactory</name>::<name>getNumberDummyConfigurableManoeuvre</name></name><parameter_list>(<param><decl><type><name>void</name></type></decl></param>)</parameter_list> <block>{
    <decl_stmt><decl><type><name>unsigned</name> <name>int</name></type> <name>counter</name> =<init> <expr>0</expr></init></decl>;</decl_stmt>
    <for>for (<init><expr><type><name>unsigned</name> <name>int</name></type> <name>i</name>=<init><expr>0</expr></init></expr>;</init> <condition><expr><name>i</name>&lt;<name>sizeDummyConfigurableManoeuvre</name></expr>;</condition> <incr><expr><name>i</name>++</expr></incr>)
        <if>if <condition>( <expr><name><name>poolDummyConfigurableManoeuvre</name>[<expr><name>i</name></expr>]</name>-&gt;<call><name>isInUse</name><argument_list>()</argument_list></call></expr> )</condition><then>
            <expr_stmt><expr><name>counter</name>++</expr>;</expr_stmt></then></if></for>
    <return>return <expr><name>counter</name></expr>;</return>
}</block></function>

<function><type><name>unsigned</name> <name>int</name></type> <name><name>CC_ManoeuvreFactory</name>::<name>getCapacityDummyConfigurableManoeuvre</name></name><parameter_list>(<param><decl><type><name>void</name></type></decl></param>)</parameter_list> <block>{
    <return>return <expr><name>sizeDummyConfigurableManoeuvre</name></expr>;</return>
}</block></function>


<function><type><name>DC_DummyConfigurableManoeuvre</name>*</type> <name><name>CC_ManoeuvreFactory</name>::<name>allocateDummyConfigurableManoeuvre</name></name><parameter_list>()</parameter_list> <block>{
    <expr_stmt><expr><call><name>assert</name><argument_list>( <argument><expr><call><name>isObjectConfigured</name><argument_list>()</argument_list></call></expr></argument> )</argument_list></call></expr>;</expr_stmt>
    <for>for (<init><expr><type><name>unsigned</name> <name>int</name></type> <name>i</name>=<init><expr>0</expr></init></expr>;</init> <condition><expr><name>i</name>&lt;<name>sizeDummyConfigurableManoeuvre</name></expr>;</condition> <incr><expr><name>i</name>++</expr></incr>)
        <if>if <condition>(<expr>!<name><name>poolDummyConfigurableManoeuvre</name>[<expr><name>i</name></expr>]</name>-&gt;<call><name>isInUse</name><argument_list>()</argument_list></call></expr> )</condition><then> <block>{
           <expr_stmt><expr><name><name>poolDummyConfigurableManoeuvre</name>[<expr><name>i</name></expr>]</name>-&gt;<call><name>setInUse</name><argument_list>(<argument><expr><name>true</name></expr></argument>)</argument_list></call></expr>;</expr_stmt>
           <return>return <expr><name><name>poolDummyConfigurableManoeuvre</name>[<expr><name>i</name></expr>]</name></expr>;</return>
        }</block></then></if></for>
    <return>return <expr><name>pNULL</name></expr>;</return>
}</block></function>

<function><type><name>bool</name></type> <name><name>CC_ManoeuvreFactory</name>::<name>isFreeDummyConfigurableManoeuvre</name></name><parameter_list>()</parameter_list> <block>{
    <for>for (<init><expr><type><name>unsigned</name> <name>int</name></type> <name>i</name>=<init><expr>0</expr></init></expr>;</init> <condition><expr><name>i</name>&lt;<name>sizeDummyConfigurableManoeuvre</name></expr>;</condition> <incr><expr><name>i</name>++</expr></incr>)
        <if>if <condition>( <expr>!<name><name>poolDummyConfigurableManoeuvre</name>[<expr><name>i</name></expr>]</name>-&gt;<call><name>isInUse</name><argument_list>()</argument_list></call></expr> )</condition><then>
           <return>return <expr><name>true</name></expr>;</return></then></if></for>

    <return>return <expr><name>false</name></expr>;</return>
}</block></function>

      
            
<function><type><name>void</name></type> <name><name>CC_ManoeuvreFactory</name>::<name>setManoeuvre</name></name><parameter_list>(<param><decl><type><name>unsigned</name> <name>int</name></type> <name>i</name></decl></param>, <param><decl><type><name>DC_DummyManoeuvre</name>*</type> <name>pItem</name></decl></param>)</parameter_list> <block>{
    <expr_stmt><expr><call><name>assert</name><argument_list>(<argument><expr><name>i</name>&lt;<name>sizeDummyManoeuvre</name></expr></argument>)</argument_list></call></expr>;</expr_stmt>
    <expr_stmt><expr><call><name>assert</name><argument_list>(<argument><expr><name>pItem</name>!=<name>pNULL</name></expr></argument>)</argument_list></call></expr>;</expr_stmt>
    <expr_stmt><expr><name><name>poolDummyManoeuvre</name>[<expr><name>i</name></expr>]</name> = <name>pItem</name></expr>;</expr_stmt>
    <expr_stmt><expr><name><name>poolDummyManoeuvre</name>[<expr><name>i</name></expr>]</name>-&gt;<call><name>setInUse</name><argument_list>(<argument><expr><name>false</name></expr></argument>)</argument_list></call></expr>;</expr_stmt>
}</block></function>

<function><type><name>unsigned</name> <name>int</name></type> <name><name>CC_ManoeuvreFactory</name>::<name>getNumberDummyManoeuvre</name></name><parameter_list>(<param><decl><type><name>void</name></type></decl></param>)</parameter_list> <block>{
    <decl_stmt><decl><type><name>unsigned</name> <name>int</name></type> <name>counter</name> =<init> <expr>0</expr></init></decl>;</decl_stmt>
    <for>for (<init><expr><type><name>unsigned</name> <name>int</name></type> <name>i</name>=<init><expr>0</expr></init></expr>;</init> <condition><expr><name>i</name>&lt;<name>sizeDummyManoeuvre</name></expr>;</condition> <incr><expr><name>i</name>++</expr></incr>)
        <if>if <condition>( <expr><name><name>poolDummyManoeuvre</name>[<expr><name>i</name></expr>]</name>-&gt;<call><name>isInUse</name><argument_list>()</argument_list></call></expr> )</condition><then>
            <expr_stmt><expr><name>counter</name>++</expr>;</expr_stmt></then></if></for>
    <return>return <expr><name>counter</name></expr>;</return>
}</block></function>

<function><type><name>unsigned</name> <name>int</name></type> <name><name>CC_ManoeuvreFactory</name>::<name>getCapacityDummyManoeuvre</name></name><parameter_list>(<param><decl><type><name>void</name></type></decl></param>)</parameter_list> <block>{
    <return>return <expr><name>sizeDummyManoeuvre</name></expr>;</return>
}</block></function>


<function><type><name>DC_DummyManoeuvre</name>*</type> <name><name>CC_ManoeuvreFactory</name>::<name>allocateDummyManoeuvre</name></name><parameter_list>()</parameter_list> <block>{
    <expr_stmt><expr><call><name>assert</name><argument_list>( <argument><expr><call><name>isObjectConfigured</name><argument_list>()</argument_list></call></expr></argument> )</argument_list></call></expr>;</expr_stmt>
    <for>for (<init><expr><type><name>unsigned</name> <name>int</name></type> <name>i</name>=<init><expr>0</expr></init></expr>;</init> <condition><expr><name>i</name>&lt;<name>sizeDummyManoeuvre</name></expr>;</condition> <incr><expr><name>i</name>++</expr></incr>)
        <if>if <condition>(<expr>!<name><name>poolDummyManoeuvre</name>[<expr><name>i</name></expr>]</name>-&gt;<call><name>isInUse</name><argument_list>()</argument_list></call></expr> )</condition><then> <block>{
           <expr_stmt><expr><name><name>poolDummyManoeuvre</name>[<expr><name>i</name></expr>]</name>-&gt;<call><name>setInUse</name><argument_list>(<argument><expr><name>true</name></expr></argument>)</argument_list></call></expr>;</expr_stmt>
           <return>return <expr><name><name>poolDummyManoeuvre</name>[<expr><name>i</name></expr>]</name></expr>;</return>
        }</block></then></if></for>
    <return>return <expr><name>pNULL</name></expr>;</return>
}</block></function>

<function><type><name>bool</name></type> <name><name>CC_ManoeuvreFactory</name>::<name>isFreeDummyManoeuvre</name></name><parameter_list>()</parameter_list> <block>{
    <for>for (<init><expr><type><name>unsigned</name> <name>int</name></type> <name>i</name>=<init><expr>0</expr></init></expr>;</init> <condition><expr><name>i</name>&lt;<name>sizeDummyManoeuvre</name></expr>;</condition> <incr><expr><name>i</name>++</expr></incr>)
        <if>if <condition>( <expr>!<name><name>poolDummyManoeuvre</name>[<expr><name>i</name></expr>]</name>-&gt;<call><name>isInUse</name><argument_list>()</argument_list></call></expr> )</condition><then>
           <return>return <expr><name>true</name></expr>;</return></then></if></for>

    <return>return <expr><name>false</name></expr>;</return>
}</block></function>

      
            
<function><type><name>void</name></type> <name><name>CC_ManoeuvreFactory</name>::<name>setManoeuvre</name></name><parameter_list>(<param><decl><type><name>unsigned</name> <name>int</name></type> <name>i</name></decl></param>, <param><decl><type><name>DC_TestPUSConfigurableManoeuvre</name>*</type> <name>pItem</name></decl></param>)</parameter_list> <block>{
    <expr_stmt><expr><call><name>assert</name><argument_list>(<argument><expr><name>i</name>&lt;<name>sizeTestPUSConfigurableManoeuvre</name></expr></argument>)</argument_list></call></expr>;</expr_stmt>
    <expr_stmt><expr><call><name>assert</name><argument_list>(<argument><expr><name>pItem</name>!=<name>pNULL</name></expr></argument>)</argument_list></call></expr>;</expr_stmt>
    <expr_stmt><expr><name><name>poolTestPUSConfigurableManoeuvre</name>[<expr><name>i</name></expr>]</name> = <name>pItem</name></expr>;</expr_stmt>
    <expr_stmt><expr><name><name>poolTestPUSConfigurableManoeuvre</name>[<expr><name>i</name></expr>]</name>-&gt;<call><name>setInUse</name><argument_list>(<argument><expr><name>false</name></expr></argument>)</argument_list></call></expr>;</expr_stmt>
}</block></function>

<function><type><name>unsigned</name> <name>int</name></type> <name><name>CC_ManoeuvreFactory</name>::<name>getNumberTestPUSConfigurableManoeuvre</name></name><parameter_list>(<param><decl><type><name>void</name></type></decl></param>)</parameter_list> <block>{
    <decl_stmt><decl><type><name>unsigned</name> <name>int</name></type> <name>counter</name> =<init> <expr>0</expr></init></decl>;</decl_stmt>
    <for>for (<init><expr><type><name>unsigned</name> <name>int</name></type> <name>i</name>=<init><expr>0</expr></init></expr>;</init> <condition><expr><name>i</name>&lt;<name>sizeTestPUSConfigurableManoeuvre</name></expr>;</condition> <incr><expr><name>i</name>++</expr></incr>)
        <if>if <condition>( <expr><name><name>poolTestPUSConfigurableManoeuvre</name>[<expr><name>i</name></expr>]</name>-&gt;<call><name>isInUse</name><argument_list>()</argument_list></call></expr> )</condition><then>
            <expr_stmt><expr><name>counter</name>++</expr>;</expr_stmt></then></if></for>
    <return>return <expr><name>counter</name></expr>;</return>
}</block></function>

<function><type><name>unsigned</name> <name>int</name></type> <name><name>CC_ManoeuvreFactory</name>::<name>getCapacityTestPUSConfigurableManoeuvre</name></name><parameter_list>(<param><decl><type><name>void</name></type></decl></param>)</parameter_list> <block>{
    <return>return <expr><name>sizeTestPUSConfigurableManoeuvre</name></expr>;</return>
}</block></function>


<function><type><name>DC_TestPUSConfigurableManoeuvre</name>*</type> <name><name>CC_ManoeuvreFactory</name>::<name>allocateTestPUSConfigurableManoeuvre</name></name><parameter_list>()</parameter_list> <block>{
    <expr_stmt><expr><call><name>assert</name><argument_list>( <argument><expr><call><name>isObjectConfigured</name><argument_list>()</argument_list></call></expr></argument> )</argument_list></call></expr>;</expr_stmt>
    <for>for (<init><expr><type><name>unsigned</name> <name>int</name></type> <name>i</name>=<init><expr>0</expr></init></expr>;</init> <condition><expr><name>i</name>&lt;<name>sizeTestPUSConfigurableManoeuvre</name></expr>;</condition> <incr><expr><name>i</name>++</expr></incr>)
        <if>if <condition>(<expr>!<name><name>poolTestPUSConfigurableManoeuvre</name>[<expr><name>i</name></expr>]</name>-&gt;<call><name>isInUse</name><argument_list>()</argument_list></call></expr> )</condition><then> <block>{
           <expr_stmt><expr><name><name>poolTestPUSConfigurableManoeuvre</name>[<expr><name>i</name></expr>]</name>-&gt;<call><name>setInUse</name><argument_list>(<argument><expr><name>true</name></expr></argument>)</argument_list></call></expr>;</expr_stmt>
           <return>return <expr><name><name>poolTestPUSConfigurableManoeuvre</name>[<expr><name>i</name></expr>]</name></expr>;</return>
        }</block></then></if></for>
    <return>return <expr><name>pNULL</name></expr>;</return>
}</block></function>

<function><type><name>bool</name></type> <name><name>CC_ManoeuvreFactory</name>::<name>isFreeTestPUSConfigurableManoeuvre</name></name><parameter_list>()</parameter_list> <block>{
    <for>for (<init><expr><type><name>unsigned</name> <name>int</name></type> <name>i</name>=<init><expr>0</expr></init></expr>;</init> <condition><expr><name>i</name>&lt;<name>sizeTestPUSConfigurableManoeuvre</name></expr>;</condition> <incr><expr><name>i</name>++</expr></incr>)
        <if>if <condition>( <expr>!<name><name>poolTestPUSConfigurableManoeuvre</name>[<expr><name>i</name></expr>]</name>-&gt;<call><name>isInUse</name><argument_list>()</argument_list></call></expr> )</condition><then>
           <return>return <expr><name>true</name></expr>;</return></then></if></for>

    <return>return <expr><name>false</name></expr>;</return>
}</block></function>

      
            </unit>
