<unit xmlns="http://www.sdml.info/srcML/src" xmlns:cpp="http://www.sdml.info/srcML/cpp">
<comment type="line">//
</comment><comment type="line">// Copyright 2004 P&amp;P Software GmbH - All Rights Reserved
</comment><comment type="line">//
</comment><comment type="line">// CC_ManoeuvreManager.cpp
</comment><comment type="line">//
</comment><comment type="line">// Version	1.1
</comment><comment type="line">// Date		09.05.03
</comment><comment type="line">// Author	A. Pasetti (P&amp;P Software), R. Totaro
</comment>
<cpp:include>#<cpp:directive>include</cpp:directive> <cpp:file>"../GeneralInclude/CompilerSwitches.h"</cpp:file></cpp:include>
<cpp:include>#<cpp:directive>include</cpp:directive> <cpp:file>"../GeneralInclude/DebugSupport.h"</cpp:file></cpp:include>
<cpp:include>#<cpp:directive>include</cpp:directive> <cpp:file>"../GeneralInclude/Constants.h"</cpp:file></cpp:include>
<cpp:include>#<cpp:directive>include</cpp:directive> <cpp:file>"../GeneralInclude/ClassId.h"</cpp:file></cpp:include>
<cpp:include>#<cpp:directive>include</cpp:directive> <cpp:file>"../Base/CC_RootObject.h"</cpp:file></cpp:include>
<cpp:include>#<cpp:directive>include</cpp:directive> <cpp:file>"CC_ManoeuvreManager.h"</cpp:file></cpp:include>

<constructor><name>CC_ManoeuvreManager::CC_ManoeuvreManager</name><parameter_list>(<param><decl><type><name>void</name></type></decl></param>)</parameter_list> <block>{
    <expr_stmt><expr><name>pManList</name> = <name>pNULL</name></expr>;</expr_stmt>
    <expr_stmt><expr><name>manListSize</name> = 0</expr>;</expr_stmt>
    <expr_stmt><expr><name>manCounter</name> = 0</expr>;</expr_stmt>
    <expr_stmt><expr><call><name>setClassId</name><argument_list>(<argument><expr><name>ID_MANOEUVREMANAGER</name></expr></argument>)</argument_list></call></expr>;</expr_stmt>
}</block></constructor>

<function><type><name>void</name></type> <name><name>CC_ManoeuvreManager</name>::<name>reset</name></name><parameter_list>(<param><decl><type><name>void</name></type></decl></param>)</parameter_list> <block>{
    <expr_stmt><expr><call><name>assert</name><argument_list>( <argument><expr><name>pManList</name> != <name>pNULL</name></expr></argument> )</argument_list></call></expr>;</expr_stmt>
    <for>for (<init><expr><type><name>unsigned</name> <name>int</name></type> <name>i</name>=<init><expr>0</expr></init></expr>;</init> <condition><expr><name>i</name>&lt;<name>manListSize</name></expr>;</condition> <incr><expr><name>i</name>++</expr></incr>)
        <if>if <condition>(<expr><name><name>pManList</name>[<expr><name>i</name></expr>]</name> != <name>pNULL</name></expr>)</condition><then>
            <expr_stmt><expr><call><name>abort</name><argument_list>(<argument><expr><name><name>pManList</name>[<expr><name>i</name></expr>]</name></expr></argument>)</argument_list></call></expr>;</expr_stmt></then></if></for>
    <expr_stmt><expr><call><name>assert</name><argument_list>( <argument><expr><name>manCounter</name> == 0</expr></argument>)</argument_list></call></expr>;</expr_stmt>
}</block></function>

<function><type><name>void</name></type> <name><name>CC_ManoeuvreManager</name>::<name>setPendingManoeuvreListSize</name></name><parameter_list>(<param><decl><type><name>const</name> <name>unsigned</name> <name>int</name></type> <name>listSize</name></decl></param>)</parameter_list> <block>{
    <expr_stmt><expr><call><name>assert</name><argument_list>( <argument><expr><name>manListSize</name> == 0</expr></argument>)</argument_list></call></expr>;</expr_stmt>      <comment type="line">// should not be called more than once
</comment>    <expr_stmt><expr><call><name>assert</name><argument_list>( <argument><expr><name>listSize</name> &gt; 0</expr></argument> )</argument_list></call></expr>;</expr_stmt>
    <expr_stmt><expr><name>manListSize</name> = <name>listSize</name></expr>;</expr_stmt>
    <expr_stmt><expr><name>pManList</name> = new <name>Manoeuvre</name>*[<name>manListSize</name>]</expr>;</expr_stmt>

    <for>for (<init><expr><type><name>unsigned</name> <name>int</name></type> <name>i</name>=<init><expr>0</expr></init></expr>;</init> <condition><expr><name>i</name>&lt;<name>manListSize</name></expr>;</condition> <incr><expr><name>i</name>++</expr></incr>)
        <expr_stmt><expr><name><name>pManList</name>[<expr><name>i</name></expr>]</name> = <name>pNULL</name></expr>;</expr_stmt></for>
}</block></function>

<function><type><name>unsigned</name> <name>int</name></type> <name><name>CC_ManoeuvreManager</name>::<name>getPendingManoeuvreListSize</name></name><parameter_list>(<param><decl><type><name>void</name></type></decl></param>)</parameter_list> <block>{
    <expr_stmt><expr><call><name>assert</name><argument_list>( <argument><expr><name>manListSize</name> &gt; 0</expr></argument> )</argument_list></call></expr>;</expr_stmt>
    <return>return <expr><name>manListSize</name></expr>;</return>
}</block></function>

<function><type><name>void</name></type> <name><name>CC_ManoeuvreManager</name>::<name>load</name></name><parameter_list>(<param><decl><type><name>Manoeuvre</name>*</type> <name>pManoeuvre</name></decl></param>)</parameter_list> <block>{
    <expr_stmt><expr><call><name>assert</name> <argument_list>( <argument><expr><call><name>isObjectConfigured</name><argument_list>()</argument_list></call></expr></argument> )</argument_list></call></expr>;</expr_stmt>

    <comment type="line">// Check whether list of pending manoeuvres is full
</comment>    <if>if <condition>( <expr><name>manCounter</name> == <name>manListSize</name></expr> )</condition><then> <block>{
        <expr_stmt><expr><call><name><name>CC_RootObject</name>::<name>getEventRepository</name></name><argument_list>()</argument_list></call>-&gt;<call><name>create</name><argument_list>(<argument><expr><name>pManoeuvre</name></expr></argument>,<argument><expr><name>EVT_MAN_LIST_FULL</name></expr></argument>)</argument_list></call></expr>;</expr_stmt>
        <return>return;</return>
    }</block></then></if>

    <comment type="line">// Insert manoeuvre in the list of pending manoeuvres
</comment>	<for>for (<init><expr><type><name>unsigned</name> <name>int</name></type> <name>i</name>=<init><expr>0</expr></init></expr>;</init> <condition><expr><name>i</name>&lt;<name>manListSize</name></expr>;</condition> <incr><expr><name>i</name>++</expr></incr>) <block>{
        <if>if <condition>(<expr><name><name>pManList</name>[<expr><name>i</name></expr>]</name> == <name>pNULL</name></expr>)</condition><then> <block>{
            <expr_stmt><expr><name><name>pManList</name>[<expr><name>i</name></expr>]</name> = <name>pManoeuvre</name></expr>;</expr_stmt>
            <expr_stmt><expr><name>manCounter</name>++</expr>;</expr_stmt>
            <expr_stmt><expr><call><name><name>CC_RootObject</name>::<name>getEventRepository</name></name><argument_list>()</argument_list></call>-&gt;<call><name>create</name><argument_list>(<argument><expr><name>pManoeuvre</name></expr></argument>,<argument><expr><name>EVT_MAN_LOADED</name></expr></argument>)</argument_list></call></expr>;</expr_stmt>
            <return>return;</return>
        }</block></then></if>
	}</block></for>

    <comment type="line">// This point shall never be reached
</comment>    <expr_stmt><expr><call><name>assert</name><argument_list>(<argument><expr><name>false</name></expr></argument>)</argument_list></call></expr>;</expr_stmt>
}</block></function>

<function><type><name>void</name></type> <name><name>CC_ManoeuvreManager</name>::<name>unload</name></name><parameter_list>(<param><decl><type><name>Manoeuvre</name>*</type> <name>pManoeuvre</name></decl></param>)</parameter_list> <block>{
    <expr_stmt><expr><call><name>assert</name> <argument_list>( <argument><expr><call><name>isObjectConfigured</name><argument_list>()</argument_list></call></expr></argument> )</argument_list></call></expr>;</expr_stmt>
    <expr_stmt><expr><call><name>assert</name> <argument_list>( <argument><expr><name>pManoeuvre</name> != <name>pNULL</name></expr></argument> )</argument_list></call></expr>;</expr_stmt>
    <expr_stmt><expr><call><name>assert</name> <argument_list>( <argument><expr><name>manCounter</name> &gt; 0</expr></argument> )</argument_list></call></expr>;</expr_stmt>
    <expr_stmt><expr><call><name>assert</name> <argument_list>( <argument><expr><name>pManoeuvre</name>-&gt;<call><name>isInUse</name><argument_list>()</argument_list></call></expr></argument> )</argument_list></call></expr>;</expr_stmt>
    <expr_stmt><expr><call><name>assert</name> <argument_list>( <argument><expr>!<name>pManoeuvre</name>-&gt;<call><name>isExecuting</name><argument_list>()</argument_list></call></expr></argument> )</argument_list></call></expr>;</expr_stmt>

    <comment type="line">// Remove manoeuvre from the list of pending telecommands
</comment>    <for>for (<init><expr><type><name>unsigned</name> <name>int</name></type> <name>i</name>=<init><expr>0</expr></init></expr>;</init> <condition><expr><name>i</name>&lt;<name>manListSize</name></expr>;</condition> <incr><expr><name>i</name>++</expr></incr>) <block>{
        <if>if <condition>(<expr><name><name>pManList</name>[<expr><name>i</name></expr>]</name> == <name>pManoeuvre</name></expr>)</condition><then> <block>{
            <expr_stmt><expr><name>pManoeuvre</name>-&gt;<call><name>setInUse</name><argument_list>(<argument><expr><name>MAN_NOT_IN_USE</name></expr></argument>)</argument_list></call></expr>;</expr_stmt>
            <expr_stmt><expr><name><name>pManList</name>[<expr><name>i</name></expr>]</name> = <name>pNULL</name></expr>;</expr_stmt>
            <expr_stmt><expr><name>manCounter</name>--</expr>;</expr_stmt>
            <expr_stmt><expr><call><name><name>CC_RootObject</name>::<name>getEventRepository</name></name><argument_list>()</argument_list></call>-&gt;<call><name>create</name><argument_list>(<argument><expr><name>pManoeuvre</name></expr></argument>,<argument><expr><name>EVT_MAN_UNLOADED</name></expr></argument>)</argument_list></call></expr>;</expr_stmt>
            <return>return;</return>
        }</block></then></if>
    }</block></for>

    <comment type="line">// This point shall never be reached
</comment>    <expr_stmt><expr><call><name>assert</name><argument_list>(<argument><expr><name>false</name></expr></argument>)</argument_list></call></expr>;</expr_stmt>
}</block></function>

<function><type><name>unsigned</name> <name>int</name></type> <name><name>CC_ManoeuvreManager</name>::<name>getPendingManoeuvres</name></name><parameter_list>(<param><decl><type><name>void</name></type></decl></param>)</parameter_list> <block>{
    <expr_stmt><expr><call><name>assert</name><argument_list>(<argument><expr><call><name>isObjectConfigured</name><argument_list>()</argument_list></call></expr></argument>)</argument_list></call></expr>;</expr_stmt>
    <return>return <expr><name>manCounter</name></expr>;</return>
}</block></function>

<function><type><name>void</name></type> <name><name>CC_ManoeuvreManager</name>::<name>abort</name></name><parameter_list>(<param><decl><type><name>Manoeuvre</name>*</type> <name>pManoeuvre</name></decl></param>)</parameter_list> <block>{
    <expr_stmt><expr><call><name>assert</name><argument_list>(<argument><expr><call><name>isObjectConfigured</name><argument_list>()</argument_list></call> &amp;&amp; <name>pManoeuvre</name>!=<name>pNULL</name></expr></argument>)</argument_list></call></expr>;</expr_stmt>

    <for>for (<init><expr><type><name>unsigned</name> <name>int</name></type> <name>i</name>=<init><expr>0</expr></init></expr>;</init> <condition><expr><name>i</name>&lt;<name>manListSize</name></expr>;</condition> <incr><expr><name>i</name>++</expr></incr>) <block>{
        <if>if <condition>(<expr><name><name>pManList</name>[<expr><name>i</name></expr>]</name> == <name>pManoeuvre</name></expr>)</condition><then> <block>{
            <expr_stmt><expr><name>pManoeuvre</name>-&gt;<call><name>abort</name><argument_list>()</argument_list></call></expr>;</expr_stmt>
            <expr_stmt><expr><name>pManoeuvre</name>-&gt;<call><name>setInUse</name><argument_list>(<argument><expr><name>MAN_NOT_IN_USE</name></expr></argument>)</argument_list></call></expr>;</expr_stmt>
            <expr_stmt><expr><name><name>pManList</name>[<expr><name>i</name></expr>]</name> = <name>pNULL</name></expr>;</expr_stmt>
            <expr_stmt><expr><name>manCounter</name>--</expr>;</expr_stmt>
            <expr_stmt><expr><call><name><name>CC_RootObject</name>::<name>getEventRepository</name></name><argument_list>()</argument_list></call>-&gt;<call><name>create</name><argument_list>(<argument><expr><name>pManoeuvre</name></expr></argument>,<argument><expr><name>EVT_MAN_UNLOADED</name></expr></argument>)</argument_list></call></expr>;</expr_stmt>
            <return>return;</return>
        }</block></then></if>
    }</block></for>

    <comment type="line">// This point shall never be reached
</comment>    <expr_stmt><expr><call><name>assert</name><argument_list>(<argument><expr><name>false</name></expr></argument>)</argument_list></call></expr>;</expr_stmt>
}</block></function>

<function><type><name>void</name></type> <name><name>CC_ManoeuvreManager</name>::<name>activate</name></name><parameter_list>(<param><decl><type><name>void</name></type></decl></param>)</parameter_list> <block>{
    <expr_stmt><expr><call><name>assert</name><argument_list>(<argument><expr><call><name>isObjectConfigured</name><argument_list>()</argument_list></call></expr></argument>)</argument_list></call></expr>;</expr_stmt>

    <for>for (<init><expr><type><name>unsigned</name> <name>int</name></type> <name>i</name>=<init><expr>0</expr></init></expr>;</init><condition><expr><name>i</name>&lt;<name>manListSize</name></expr>;</condition><incr><expr><name>i</name>++</expr></incr>) <block>{
        <decl_stmt><decl><type><name>Manoeuvre</name> *</type><name>pM</name>=<init><expr><name><name>pManList</name>[<expr><name>i</name></expr>]</name></expr></init></decl>;</decl_stmt>

		<if>if <condition>(<expr><name>pM</name>!=<name>pNULL</name></expr>)</condition><then> <block>{
			<if>if <condition>(<expr>!<name>pM</name>-&gt;<call><name>isExecuting</name><argument_list>()</argument_list></call></expr>)</condition><then> <block>{
				<if>if <condition>(<expr><name>pM</name>-&gt;<call><name>canStart</name><argument_list>()</argument_list></call></expr>)</condition><then> <block>{
					<expr_stmt><expr><name>pM</name>-&gt;<call><name>initialize</name><argument_list>()</argument_list></call></expr>;</expr_stmt>
					<expr_stmt><expr><name>pM</name>-&gt;<call><name>doContinue</name><argument_list>()</argument_list></call></expr>;</expr_stmt>
				}</block></then></if>
			}</block></then>
			<else>else <if>if <condition>(<expr><name>pM</name>-&gt;<call><name>isFinished</name><argument_list>()</argument_list></call></expr>)</condition><then> <block>{
				<expr_stmt><expr><name>pM</name>-&gt;<call><name>terminate</name><argument_list>()</argument_list></call></expr>;</expr_stmt>
				<expr_stmt><expr><call><name>unload</name><argument_list>(<argument><expr><name>pM</name></expr></argument>)</argument_list></call></expr>;</expr_stmt>
			}</block></then>
			<else>else <if>if <condition>(<expr><name>pM</name>-&gt;<call><name>canContinue</name><argument_list>()</argument_list></call></expr>)</condition><then> <block>{
				<expr_stmt><expr><name>pM</name>-&gt;<call><name>doContinue</name><argument_list>()</argument_list></call></expr>;</expr_stmt>
			}</block></then>
			<else>else <block>{
				<expr_stmt><expr><name>pM</name>-&gt;<call><name>abort</name><argument_list>()</argument_list></call></expr>;</expr_stmt>
				<expr_stmt><expr><call><name>unload</name><argument_list>(<argument><expr><name>pM</name></expr></argument>)</argument_list></call></expr>;</expr_stmt>
			}</block></else></if></else></if></else></if>
		}</block></then></if>
    }</block></for>
}</block></function>

<function><type><name>bool</name></type> <name><name>CC_ManoeuvreManager</name>::<name>isObjectConfigured</name></name><parameter_list>(<param><decl><type><name>void</name></type></decl></param>)</parameter_list> <block>{
   <return>return <expr>(<call><name><name>CC_RootObject</name>::<name>isObjectConfigured</name></name><argument_list>()</argument_list></call> &amp;&amp; <name>manListSize</name>&gt;0)</expr>;</return>
}</block></function>
</unit>
