<unit xmlns="http://www.sdml.info/srcML/src" xmlns:cpp="http://www.sdml.info/srcML/cpp">
<comment type="line">//
</comment><comment type="line">// Copyright 2004 P&amp;P Software GmbH - All Rights Reserved
</comment><comment type="line">//
</comment><comment type="line">// DC_DummyConfigurableManoeuvre.h
</comment><comment type="line">//
</comment><comment type="line">// Version	1.0
</comment><comment type="line">// Date		11.04.03
</comment><comment type="line">// Author	A. Pasetti (P&amp;P Software)
</comment>
<cpp:ifndef>#<cpp:directive>ifndef</cpp:directive> <name>DC_DummyConfigurableManoeuvreH</name></cpp:ifndef>
<cpp:define>#<cpp:directive>define</cpp:directive> <name>DC_DummyConfigurableManoeuvreH</name></cpp:define>

<cpp:include>#<cpp:directive>include</cpp:directive> <cpp:file>"../GeneralInclude/ForwardDeclarations.h"</cpp:file></cpp:include>
<cpp:include>#<cpp:directive>include</cpp:directive> <cpp:file>"../GeneralInclude/BasicTypes.h"</cpp:file></cpp:include>
<cpp:include>#<cpp:directive>include</cpp:directive> <cpp:file>"Manoeuvre.h"</cpp:file></cpp:include>

<comment type="block">/**
 * Dummy implementation of the &lt;code&gt;Manoeuvre&lt;/code&gt; abstract class
 * to be used for testing purposes. This class implements some simple
 * forms of manoeuvre actions and it allows the return values of the
 * manoeuvre checks to be configured by the user.
 * &lt;p&gt;
 * This class associates three counters to each of the three actions
 * (&lt;i&gt;initialization action&lt;/i&gt;, &lt;i&gt;continuation action&lt;/i&gt;, and
 * &lt;i&gt;termination action&lt;/i&gt;) that characterize a manoeuvre.
 * The counters are initialized to zero
 * by the constructor and are incremented by one every time the
 * action is executed.
 * The return value of the three checks (&lt;i&gt;start check&lt;/i&gt;,
 * &lt;i&gt;continuation check&lt;/i&gt;, and &lt;i&gt;termination check&lt;/i&gt;) associated
 * to the manoeuvres can be set be the user. The value of the continuation
 * check code can also be set by the user.
 * @author Alessandro Pasetti (P&amp;P Software GmbH)
 * @version 1.0
 */</comment>
<class>class <name>DC_DummyConfigurableManoeuvre</name><super>: <specifier>public</specifier> <name>Manoeuvre</name></super> <block>{<private type="default">

</private><private>private:
    <decl_stmt><decl><type><name>int</name></type> <name>initializationActionCounter</name></decl>;</decl_stmt>
    <decl_stmt><decl><type><name>int</name></type> <name>continuationActionCounter</name></decl>;</decl_stmt>
    <decl_stmt><decl><type><name>int</name></type> <name>terminationActionCounter</name></decl>;</decl_stmt>
    <decl_stmt><decl><type><name>bool</name></type> <name>startCheck</name></decl>;</decl_stmt>
    <decl_stmt><decl><type><name>bool</name></type> <name>continuationCheck</name></decl>;</decl_stmt>
    <decl_stmt><decl><type><name>bool</name></type> <name>terminationCheck</name></decl>;</decl_stmt>
    <decl_stmt><decl><type><name>TD_CheckCode</name></type> <name>continuationCheckCode</name></decl>;</decl_stmt>

</private><protected>protected:

  <comment type="block">/**
  * Increment the continuation action counter by one.
  * @see Manoeuvre#doContinue
  */</comment>
  <function_decl><type><name>virtual</name> <name>void</name></type> <name>doInternalContinue</name><parameter_list>(<param><decl><type><name>void</name></type></decl></param>)</parameter_list>;</function_decl>

  <comment type="block">/**
  * Increment the termination action counter by one.
  * @see Manoeuvre#terminate
  */</comment>
  <function_decl><type><name>virtual</name> <name>void</name></type> <name>internalTerminate</name><parameter_list>(<param><decl><type><name>void</name></type></decl></param>)</parameter_list>;</function_decl>

</protected><public>public:

  <comment type="block">/**
  * Instantiate a dummy configurable manoeuvre object.
  * The counters are initialized to zero; the return values of the start,
  * continuation and termination check are initialized to false; and the class
  * identified is set.
  */</comment>
  <constructor_decl><name>DC_DummyConfigurableManoeuvre</name><parameter_list>(<param><decl><type><name>void</name></type></decl></param>)</parameter_list>;</constructor_decl>

  <comment type="block">/**
  * Return the value of the start check flag.
  * The value of the start check flag can be set by the user through method
  * &lt;code&gt;setCheckStatus&lt;/code&gt;.
  * @see #setCheckStatus
  * @return true if the manoeuvre is ready to start
  */</comment>
  <function_decl><type><name>virtual</name> <name>bool</name></type> <name>canStart</name><parameter_list>(<param><decl><type><name>void</name></type></decl></param>)</parameter_list>;</function_decl>

  <comment type="block">/**
  * Increment the initialization action counter by one.
  */</comment>
  <function_decl><type><name>virtual</name> <name>void</name></type> <name>initialize</name><parameter_list>(<param><decl><type><name>void</name></type></decl></param>)</parameter_list>;</function_decl>

  <comment type="block">/**
  * Return the value of the continuation check flag.
  * The value of the continuation check flag can be set by the user through method
  * &lt;code&gt;setCheckStatus&lt;/code&gt;.
  * @see #setCheckStatus
  * @return true if the manoeuvre can continue execution
  */</comment>
  <function_decl><type><name>virtual</name> <name>bool</name></type> <name>canContinue</name><parameter_list>(<param><decl><type><name>void</name></type></decl></param>)</parameter_list>;</function_decl>

  <comment type="block">/**
  * Return the value of the termination check flag.
  * The value of the termination check flag can be set by the user through method
  * &lt;code&gt;setCheckStatus&lt;/code&gt;.
  * @see #setCheckStatus
  * @return true if the manoeuvre has terminated execution
  */</comment>
  <function_decl><type><name>virtual</name> <name>bool</name></type> <name>isFinished</name><parameter_list>(<param><decl><type><name>void</name></type></decl></param>)</parameter_list>;</function_decl>

  <comment type="block">/**
  * Set the value of the start check.
  * The value set with this method is the value returned by the start check method.
  * @see #canStart
  * @param startCheck the return value of the start check
  */</comment>
  <function_decl><type><name>void</name></type> <name>setStartCheckStatus</name><parameter_list>(<param><decl><type><name>bool</name></type> <name>startCheck</name></decl></param>)</parameter_list>;</function_decl>

  <comment type="block">/**
  * Set the value of the continuation check.
  * The value set with this method is the value returned by the continuation check method.
  * @see #canContinue
  * @param continuationCheck the return value of the continuation check
  */</comment>
  <function_decl><type><name>void</name></type> <name>setContinuationCheckStatus</name><parameter_list>(<param><decl><type><name>bool</name></type> <name>continuationCheck</name></decl></param>)</parameter_list>;</function_decl>

  <comment type="block">/**
  * Set the value of the continuation check code.
  * The value set with this method is the value returned by method &lt;code&gt;getContinuationCheckCode&lt;/code&gt;.
  * @see #canContinue
  * @param continuationCheckCode the return value of the continuation check
  */</comment>
  <function_decl><type><name>void</name></type> <name>setContinuationCheckCode</name><parameter_list>(<param><decl><type><name>TD_CheckCode</name></type> <name>continuationCheckCode</name></decl></param>)</parameter_list>;</function_decl>

  <comment type="block">/**
  * Get the value of the continuation check code.
  * In this class, the value of the continuation check code can be set by the user.
  * @see #setContinuationCheckCode
  * @return he return value of the continuation check
  */</comment>
  <function_decl><type><name>virtual</name> <name>TD_CheckCode</name></type> <name>getContinuationCheckCode</name><parameter_list>()</parameter_list> <specifier>const</specifier>;</function_decl>

  <comment type="block">/**
  * Set the value of the termination check.
  * The value set with this method is the value returned by the termination check methods.
  * @see #isFinished
  * @param terminationCheck the return value of the termination check
  */</comment>
  <function_decl><type><name>void</name></type> <name>setTerminationCheckStatus</name><parameter_list>(<param><decl><type><name>bool</name></type> <name>terminationCheck</name></decl></param>)</parameter_list>;</function_decl>

  <comment type="block">/**
  * Getter method for the initialization action counter.
  * @see #initialize
  * @return the initialization action counter
  */</comment>
  <function_decl><type><name>int</name></type> <name>getInitializationActionCounter</name><parameter_list>(<param><decl><type><name>void</name></type></decl></param>)</parameter_list>;</function_decl>

  <comment type="block">/**
  * Getter method for the continuation action counter.
  * @see #doInternalContinue
  * @return the continuation action counter
  */</comment>
  <function_decl><type><name>int</name></type> <name>getContinuationActionCounter</name><parameter_list>(<param><decl><type><name>void</name></type></decl></param>)</parameter_list>;</function_decl>

  <comment type="block">/**
  * Getter method for the termination action counter.
  * @see #internalTerminate
  * @return the termination action counter
  */</comment>
  <function_decl><type><name>int</name></type> <name>getTerminationActionCounter</name><parameter_list>(<param><decl><type><name>void</name></type></decl></param>)</parameter_list>;</function_decl>

</public>}</block>;</class>

<cpp:endif>#<cpp:directive>endif</cpp:directive></cpp:endif>

</unit>
