<unit xmlns="http://www.sdml.info/srcML/src" xmlns:cpp="http://www.sdml.info/srcML/cpp">
<comment type="line">//
</comment><comment type="line">// Copyright 2004 P&amp;P Software GmbH - All Rights Reserved
</comment><comment type="line">//
</comment><comment type="line">// Manoeuvre.cpp
</comment><comment type="line">//
</comment><comment type="line">// Version	1.0
</comment><comment type="line">// Date		10.04.03
</comment><comment type="line">// Author	A. Pasetti (P&amp;P Software)
</comment>
<cpp:include>#<cpp:directive>include</cpp:directive> <cpp:file>"../GeneralInclude/CompilerSwitches.h"</cpp:file></cpp:include>
<cpp:include>#<cpp:directive>include</cpp:directive> <cpp:file>"../GeneralInclude/DebugSupport.h"</cpp:file></cpp:include>
<cpp:include>#<cpp:directive>include</cpp:directive> <cpp:file>"../GeneralInclude/Constants.h"</cpp:file></cpp:include>
<cpp:include>#<cpp:directive>include</cpp:directive> <cpp:file>"../Base/CC_RootObject.h"</cpp:file></cpp:include>
<cpp:include>#<cpp:directive>include</cpp:directive> <cpp:file>"Manoeuvre.h"</cpp:file></cpp:include>

<constructor><name>Manoeuvre::Manoeuvre</name><parameter_list>(<param><decl><type><name>void</name></type></decl></param>)</parameter_list> <block>{
    <expr_stmt><expr><name>enabled</name> = <name>ENABLED</name></expr>;</expr_stmt>
    <expr_stmt><expr><name>inUse</name> = <name>MAN_NOT_IN_USE</name></expr>;</expr_stmt>
    <expr_stmt><expr><name>executing</name> = <name>MAN_NOT_EXECUTING</name></expr>;</expr_stmt>
    <expr_stmt><expr><name>suspended</name> = <name>MAN_NOT_SUSPENDED</name></expr>;</expr_stmt>
    <expr_stmt><expr><name>activationStepCounter</name> = 0</expr>;</expr_stmt>
}</block></constructor>

<function><type><name>void</name></type> <name><name>Manoeuvre</name>::<name>internalAbort</name></name><parameter_list>(<param><decl><type><name>void</name></type></decl></param>)</parameter_list> <block>{
    <return>return;</return>
}</block></function>

<function><type><name>void</name></type> <name><name>Manoeuvre</name>::<name>internalTerminate</name></name><parameter_list>(<param><decl><type><name>void</name></type></decl></param>)</parameter_list> <block>{
    <return>return;</return>
}</block></function>

<function><type><name>bool</name></type> <name><name>Manoeuvre</name>::<name>internalCanStart</name></name><parameter_list>(<param><decl><type><name>void</name></type></decl></param>)</parameter_list> <block>{
    <return>return <expr><name>MAN_CAN_START</name></expr>;</return>
}</block></function>

<function><type><name>bool</name></type> <name><name>Manoeuvre</name>::<name>canStart</name></name><parameter_list>(<param><decl><type><name>void</name></type></decl></param>)</parameter_list> <block>{
    <expr_stmt><expr><call><name>assert</name><argument_list>( <argument><expr>!<name>executing</name></expr></argument> )</argument_list></call></expr>;</expr_stmt>

    <if>if <condition>( <expr>!<call><name>isEnabled</name><argument_list>()</argument_list></call></expr> )</condition><then>
      <return>return <expr><name>MAN_CANNOT_START</name></expr>;</return></then>
    <else>else
      <return>return <expr><call><name>internalCanStart</name><argument_list>()</argument_list></call></expr>;</return></else></if>
}</block></function>

<function><type><name>void</name></type> <name><name>Manoeuvre</name>::<name>initialize</name></name><parameter_list>(<param><decl><type><name>void</name></type></decl></param>)</parameter_list> <block>{
   <expr_stmt><expr><call><name>assert</name><argument_list>( <argument><expr>!<name>executing</name></expr></argument> )</argument_list></call></expr>;</expr_stmt>
   <return>return;</return>
}</block></function>

<function><type><name>bool</name></type> <name><name>Manoeuvre</name>::<name>canContinue</name></name><parameter_list>(<param><decl><type><name>void</name></type></decl></param>)</parameter_list> <block>{
   <expr_stmt><expr><call><name>assert</name><argument_list>( <argument><expr><name>executing</name></expr></argument> )</argument_list></call></expr>;</expr_stmt>
   <return>return <expr><name>MAN_CAN_CONTINUE</name></expr>;</return>
}</block></function>

<function><type><name>TD_CheckCode</name></type> <name><name>Manoeuvre</name>::<name>getContinuationCheckCode</name></name><parameter_list>(<param><decl><type><name>void</name></type></decl></param>)</parameter_list> <specifier>const</specifier> <block>{
   <return>return <expr>0</expr>;</return>
}</block></function>

<function><type><name>void</name></type> <name><name>Manoeuvre</name>::<name>doContinue</name></name><parameter_list>(<param><decl><type><name>void</name></type></decl></param>)</parameter_list> <block>{

   <if>if <condition>( <expr>!<name>executing</name></expr> )</condition><then> <block>{
      <expr_stmt><expr><name>executing</name> = <name>true</name></expr>;</expr_stmt>
      <expr_stmt><expr><name>activationStepCounter</name> = 0</expr>;</expr_stmt>
      <expr_stmt><expr><call><name><name>CC_RootObject</name>::<name>getEventRepository</name></name><argument_list>()</argument_list></call>-&gt;<call><name>create</name><argument_list>(<argument><expr><name>this</name></expr></argument>,<argument><expr><name>EVT_MAN_STARTED</name></expr></argument>)</argument_list></call></expr>;</expr_stmt>
   }</block></then></if>

   <if>if <condition>( <expr>!<call><name>isSuspended</name><argument_list>()</argument_list></call></expr> )</condition><then> <block>{
      <expr_stmt><expr><name>activationStepCounter</name>++</expr>;</expr_stmt>
      <expr_stmt><expr><call><name>doInternalContinue</name><argument_list>()</argument_list></call></expr>;</expr_stmt>
  }</block></then></if>
}</block></function>

<function><type><name>void</name></type> <name><name>Manoeuvre</name>::<name>abort</name></name><parameter_list>(<param><decl><type><name>void</name></type></decl></param>)</parameter_list> <block>{
    <expr_stmt><expr><name>suspended</name> = <name>false</name></expr>;</expr_stmt>

    <if>if <condition>(<expr><name>executing</name></expr>)</condition><then> <block>{
        <expr_stmt><expr><name>executing</name> = <name>false</name></expr>;</expr_stmt>
        <expr_stmt><expr><call><name><name>CC_RootObject</name>::<name>getEventRepository</name></name><argument_list>()</argument_list></call>-&gt;<call><name>create</name><argument_list>(<argument><expr><name>this</name></expr></argument>,<argument><expr><name>EVT_MAN_ABORTED</name></expr></argument>)</argument_list></call></expr>;</expr_stmt>
        <expr_stmt><expr><call><name>internalAbort</name><argument_list>()</argument_list></call></expr>;</expr_stmt>
    }</block></then></if>
}</block></function>

<function><type><name>void</name></type> <name><name>Manoeuvre</name>::<name>terminate</name></name><parameter_list>(<param><decl><type><name>void</name></type></decl></param>)</parameter_list> <block>{
    <expr_stmt><expr><call><name>assert</name><argument_list>( <argument><expr><name>executing</name></expr></argument> )</argument_list></call></expr>;</expr_stmt>
    <expr_stmt><expr><name>suspended</name> = <name>false</name></expr>;</expr_stmt>
    <expr_stmt><expr><name>executing</name> = <name>false</name></expr>;</expr_stmt>
    <expr_stmt><expr><call><name><name>CC_RootObject</name>::<name>getEventRepository</name></name><argument_list>()</argument_list></call>-&gt;<call><name>create</name><argument_list>(<argument><expr><name>this</name></expr></argument>,<argument><expr><name>EVT_MAN_TERMINATED</name></expr></argument>)</argument_list></call></expr>;</expr_stmt>
    <expr_stmt><expr><call><name>internalTerminate</name><argument_list>()</argument_list></call></expr>;</expr_stmt>
}</block></function>

<function><type><name>void</name></type> <name><name>Manoeuvre</name>::<name>setInUse</name></name><parameter_list>(<param><decl><type><name>bool</name></type> <name>newInUse</name></decl></param>)</parameter_list> <block>{
    <expr_stmt><expr><name>inUse</name> = <name>newInUse</name></expr>;</expr_stmt>
}</block></function>

<function><type><name>bool</name></type> <name><name>Manoeuvre</name>::<name>isInUse</name></name><parameter_list>(<param><decl><type><name>void</name></type></decl></param>)</parameter_list> <specifier>const</specifier> <block>{
	<return>return <expr><name>inUse</name></expr>;</return>
}</block></function>

<function><type><name>void</name></type> <name><name>Manoeuvre</name>::<name>setIsSuspended</name></name><parameter_list>(<param><decl><type><name>bool</name></type> <name>newIsSuspended</name></decl></param>)</parameter_list> <block>{
	<if>if <condition>( <expr><name>suspended</name> &amp;&amp; !<name>newIsSuspended</name></expr> )</condition><then>
		<expr_stmt><expr><call><name><name>CC_RootObject</name>::<name>getEventRepository</name></name><argument_list>()</argument_list></call>-&gt;<call><name>create</name><argument_list>(<argument><expr><name>this</name></expr></argument>,<argument><expr><name>EVT_MAN_RESUMED</name></expr></argument>)</argument_list></call></expr>;</expr_stmt></then>
	<else>else <if>if <condition>( <expr>!<name>suspended</name> &amp;&amp; <name>newIsSuspended</name></expr> )</condition><then>
		<expr_stmt><expr><call><name><name>CC_RootObject</name>::<name>getEventRepository</name></name><argument_list>()</argument_list></call>-&gt;<call><name>create</name><argument_list>(<argument><expr><name>this</name></expr></argument>,<argument><expr><name>EVT_MAN_SUSPENDED</name></expr></argument>)</argument_list></call></expr>;</expr_stmt></then></if></else></if>
	<expr_stmt><expr><name>suspended</name> = <name>newIsSuspended</name></expr>;</expr_stmt>
}</block></function>

<function><type><name>bool</name></type> <name><name>Manoeuvre</name>::<name>isSuspended</name></name><parameter_list>(<param><decl><type><name>void</name></type></decl></param>)</parameter_list> <specifier>const</specifier> <block>{
	<return>return <expr><name>suspended</name></expr>;</return>
}</block></function>

<function><type><name>bool</name></type> <name><name>Manoeuvre</name>::<name>isExecuting</name></name><parameter_list>(<param><decl><type><name>void</name></type></decl></param>)</parameter_list> <specifier>const</specifier> <block>{
	<return>return <expr><name>executing</name></expr>;</return>
}</block></function>

<function><type><name>void</name></type> <name><name>Manoeuvre</name>::<name>setEnabled</name></name><parameter_list>(<param><decl><type><name>bool</name></type> <name>enabledStatus</name></decl></param>)</parameter_list> <block>{
	<expr_stmt><expr><name>enabled</name> = <name>enabledStatus</name></expr>;</expr_stmt>
}</block></function>

<function><type><name>bool</name></type> <name><name>Manoeuvre</name>::<name>isEnabled</name></name><parameter_list>(<param><decl><type><name>void</name></type></decl></param>)</parameter_list> <specifier>const</specifier> <block>{
	<return>return <expr><name>enabled</name></expr>;</return>
}</block></function>

<function><type><name>unsigned</name> <name>int</name></type> <name><name>Manoeuvre</name>::<name>getActivationStepCounter</name></name><parameter_list>(<param><decl><type><name>void</name></type></decl></param>)</parameter_list> <specifier>const</specifier> <block>{
    <return>return <expr><name>activationStepCounter</name></expr>;</return>
}</block></function>
</unit>
