<unit xmlns="http://www.sdml.info/srcML/src" xmlns:cpp="http://www.sdml.info/srcML/cpp">
<comment type="line">//
</comment><comment type="line">// Copyright 2004 P&amp;P Software GmbH - All Rights Reserved
</comment><comment type="line">//
</comment><comment type="line">// PUSTcManoeuvre.h
</comment><comment type="line">//
</comment><comment type="line">// Version	1.0
</comment><comment type="line">// Date		10.11.03
</comment><comment type="line">// Author	A. Pasetti (P&amp;P Software)
</comment>
<cpp:ifndef>#<cpp:directive>ifndef</cpp:directive> <name>PUSTcManoeuvreH</name></cpp:ifndef>
<cpp:define>#<cpp:directive>define</cpp:directive> <name>PUSTcManoeuvreH</name></cpp:define>

<cpp:include>#<cpp:directive>include</cpp:directive> <cpp:file>"../GeneralInclude/ForwardDeclarations.h"</cpp:file></cpp:include>
<cpp:include>#<cpp:directive>include</cpp:directive> <cpp:file>"../GeneralInclude/BasicTypes.h"</cpp:file></cpp:include>
<cpp:include>#<cpp:directive>include</cpp:directive> <cpp:file>"../Manoeuvre/Manoeuvre.h"</cpp:file></cpp:include>

<comment type="block">/**
 * Base class for classes encapsulating a &lt;i&gt;PUS telecommand manoeuvre&lt;/i&gt;.
 * A PUS telecommand manoeuvre models the manoeuvre-like actions associated
 * to a PUS telecommand.
 * The OBS Framework implements a telecommand as a form of &lt;i&gt;punctual action&lt;/i&gt;
 * that is executed in one-shot mode (i.e. its execution terminates in the same cycle
 * in which it begins). The Packet Utilization Standard (PUS) instead
 * allows for actions to be associated to a telecommand that must be executed over
 * an interval of time. This class models this type of actions as a form of
 * &lt;i&gt;manoeuvre&lt;/i&gt;. A manoeuvre of this type would normally be launched by
 * a PUS telecommand.
 * &lt;p&gt;
 * This class adds to its base class the following attributes that
 * describe the telecommand that launches the manoeuvre: &lt;ul&gt;
 * &lt;li&gt;The &lt;i&gt;telecommand identifier attribute&lt;/i&gt; of the PUS telecommand that triggered
 * execution of the manoeuvre. In a PUS telecommand, this attribute is identical to the
 * packet sequence control attribute.&lt;/li&gt;
 * &lt;li&gt;The &lt;i&gt;execution start acknowledge flag&lt;/i&gt; of the PUS telecommand that triggered
 * execution of the manoeuvre. &lt;/li&gt;
 * &lt;li&gt;The &lt;i&gt;progress acknowledge flag&lt;/i&gt; of the PUS telecommand that triggered
 * execution of the manoeuvre. &lt;/li&gt;
 * &lt;li&gt;The &lt;i&gt;completion acknowledge flag&lt;/i&gt; of the PUS telecommand that triggered
 * execution of the manoeuvre. &lt;/li&gt;
 * &lt;/ul&gt;
 * Additionally, this class provides a &lt;i&gt;progress event generation service&lt;/i&gt;. This
 * service can be called by concrete subclasses to generate an event marking the
 * advancement of the execution of the PUS telecommand mananoeuvre.
 * &lt;p&gt;
 * A PUS telecommand manoeuvre is normally loaded into the manoeuvre manager by
 * a PUS telecommand. The PUS telecommand should configured the PUS manoeuvre as follows:&lt;ul&gt;
 * &lt;li&gt;It should set its telecommand identifier attribute&lt;/li&gt;
 * &lt;li&gt;It should set its execution start acknowledge flag&lt;/li&gt;
 * &lt;li&gt;It should set its progress acknowledge flag&lt;/li&gt;
 * &lt;li&gt;It should set its completion acknowledge flag&lt;/li&gt;
 * &lt;/ul&gt;
 * The above configuration actions can be performed in any order.
 * @see PUSTelecommand
 * @author Alessandro Pasetti (P&amp;P Software GmbH)
 * @version 1.0
 * @ingroup PUS
 * @ingroup Manoeuvre
 */</comment>
<class>class <name>PUSTcManoeuvre</name><super>: <specifier>public</specifier> <name>Manoeuvre</name></super> <block>{<private type="default">

  </private><private>private:
    <decl_stmt><decl><type><name>bool</name></type> <name>startAck</name></decl>;</decl_stmt>
    <decl_stmt><decl><type><name>bool</name></type> <name>progressAck</name></decl>;</decl_stmt>
    <decl_stmt><decl><type><name>bool</name></type> <name>completionAck</name></decl>;</decl_stmt>
    <decl_stmt><decl><type><name>TD_TelecommandId</name></type> <name>tcId</name></decl>;</decl_stmt>

  </private><protected>protected:

    <comment type="block">/**
     * This method generates an event of type EVT_MAN_PROGRESS (manoeuvre progress event report). 
     * Some applications require that telemetry packets be generated to
     * mark the advancement of the execution of the actions associated to a PUS telecommand.
     * This method is intended as a facility to be called by concrete subclasses at points
     * where generation of an execution progress report is required. It would typically be
     * called from inside the implementation of method &lt;code&gt;doInternalContinue&lt;/code&gt;.
     * A pseudo-code implementation for this method is as follows:&lt;pre&gt;
     *          createEventReport(this, EVT_MAN_PROGRESS); &lt;/pre&gt;
     * @see #isProgressAckRequired
     */</comment>
    <function_decl><type><name>virtual</name> <name>void</name></type> <name>generateProgressEvent</name><parameter_list>(<param><decl><type><name>void</name></type></decl></param>)</parameter_list>;</function_decl>

  </protected><public>public:

   <comment type="block">/**
    * Instantiate a PUS telecommand manoeuvre component.
    * The acknoweldge flags are set to false ("no acknowledge is required") and the telecommand
    * identifier is set to an illegal value to signify that the component is not yet configured.
    */</comment>
    <constructor_decl><name>PUSTcManoeuvre</name><parameter_list>(<param><decl><type><name>void</name></type></decl></param>)</parameter_list>;</constructor_decl>

    <comment type="block">/**
     * Return true if acknowledgement of manoeuvre execution start is
     * required. This flag should normally have the same value as the execution start 
     * acknowledgement flag of the telecommand that triggered the execution of this
     * manoeuvre.
     * @see #setStartAckFlag
     * @return the value of the execution start acknowledge flag
     */</comment>
    <function_decl><type><name>bool</name></type> <name>isStartAckRequired</name><parameter_list>(<param><decl><type><name>void</name></type></decl></param>)</parameter_list> <specifier>const</specifier>;</function_decl>

    <comment type="block">/**
     * Return true if acknowledgement of manoeuvre execution progress is
     * required. This flag should normally have the same value as the progress
     * acknowledgement flag of the telecommand that triggered the execution of this
     * manoeuvre.
     * @see #setProgressAckFlag
     * @return the value of the progress acknowledge flag
     */</comment>
    <function_decl><type><name>bool</name></type> <name>isProgressAckRequired</name><parameter_list>(<param><decl><type><name>void</name></type></decl></param>)</parameter_list> <specifier>const</specifier>;</function_decl>

    <comment type="block">/**
     * Return the true if acknowledgement of manoeuvre execution completion is
     * required. This flag should normally have the same value as the completion
     * acknowledgement flag of the telecommand that triggered the execution of this
     * manoeuvre.
     * @see #setCompletionAckFlag
     * @return the value of the completion acknowledge flag
     */</comment>
    <function_decl><type><name>bool</name></type> <name>isCompletionAckRequired</name><parameter_list>(<param><decl><type><name>void</name></type></decl></param>)</parameter_list> <specifier>const</specifier>;</function_decl>

    <comment type="block">/**
     * Set the value of the start acknowledge flag.
     * @see #isStartAckRequired
     * @param startAckFlag the value of the execution start acknowledge flag
     */</comment>
    <function_decl><type><name>void</name></type> <name>setStartAckFlag</name><parameter_list>(<param><decl><type><name>bool</name></type> <name>startAckFlag</name></decl></param>)</parameter_list>;</function_decl>

    <comment type="block">/**
     * Set the value of the completion acknowledge flag.
     * @see #isCompletionAckRequired
     * @param completionAckFlag the value of the completion acknowledge flag
     */</comment>
    <function_decl><type><name>void</name></type> <name>setCompletionAckFlag</name><parameter_list>(<param><decl><type><name>bool</name></type> <name>completionAckFlag</name></decl></param>)</parameter_list>;</function_decl>

    <comment type="block">/**
     * Set the value of the progress acknowledge flag.
     * @see #isCompletionAckRequired
     * @param progressAckFlag the value of the progress acknowledge flag
     */</comment>
    <function_decl><type><name>void</name></type> <name>setProgressAckFlag</name><parameter_list>(<param><decl><type><name>bool</name></type> <name>progressAckFlag</name></decl></param>)</parameter_list>;</function_decl>

    <comment type="block">/**
     * Getter method for the identifier of the telecommand that launched this
     * manoeuvre.
     * @see #setTelecommandId
     * @return the telecommand identifier
     */</comment>
    <function_decl><type><name>virtual</name> <name>TD_TelecommandId</name></type> <name>getTelecommandId</name><parameter_list>(<param><decl><type><name>void</name></type></decl></param>)</parameter_list> <specifier>const</specifier>;</function_decl>

    <comment type="block">/**
     * Setter method for the identifier of the telecommand that launched this
     * manoeuvre.
     * @see #getTelecommandId
     * @param tcIdentifier the telecommand identifier
     */</comment>
    <function_decl><type><name>virtual</name> <name>void</name></type> <name>setTelecommandId</name><parameter_list>(<param><decl><type><name>TD_TelecommandId</name></type> <name>tcIdentifier</name></decl></param>)</parameter_list>;</function_decl>

</public>}</block>;</class>

<cpp:endif>#<cpp:directive>endif</cpp:directive></cpp:endif>

</unit>
