<unit xmlns="http://www.sdml.info/srcML/src" xmlns:cpp="http://www.sdml.info/srcML/cpp">
<comment type="line">//
</comment><comment type="line">// Copyright 2004 P&amp;P Software GmbH - All Rights Reserved
</comment><comment type="line">//
</comment><comment type="line">// PUSTcManoeuvre.cpp
</comment><comment type="line">//
</comment><comment type="line">// Version	1.0
</comment><comment type="line">// Date		10.11.03
</comment><comment type="line">// Author	A. Pasetti (P&amp;P Software)
</comment>
<cpp:include>#<cpp:directive>include</cpp:directive> <cpp:file>"../GeneralInclude/CompilerSwitches.h"</cpp:file></cpp:include>
<cpp:include>#<cpp:directive>include</cpp:directive> <cpp:file>"../GeneralInclude/DebugSupport.h"</cpp:file></cpp:include>
<cpp:include>#<cpp:directive>include</cpp:directive> <cpp:file>"../GeneralInclude/Constants.h"</cpp:file></cpp:include>
<cpp:include>#<cpp:directive>include</cpp:directive> <cpp:file>"../Base/CC_RootObject.h"</cpp:file></cpp:include>
<cpp:include>#<cpp:directive>include</cpp:directive> <cpp:file>"PUSTcManoeuvre.h"</cpp:file></cpp:include>

<constructor><name>PUSTcManoeuvre::PUSTcManoeuvre</name><parameter_list>(<param><decl><type><name>void</name></type></decl></param>)</parameter_list> <block>{
    <expr_stmt><expr><name>progressAck</name> = <name>false</name></expr>;</expr_stmt>
    <expr_stmt><expr><name>completionAck</name> = <name>false</name></expr>;</expr_stmt>
    <expr_stmt><expr><name>startAck</name> = <name>false</name></expr>;</expr_stmt>
    <expr_stmt><expr><name>tcId</name> = 0</expr>;</expr_stmt>
}</block></constructor>

<function><type><name>void</name></type> <name><name>PUSTcManoeuvre</name>::<name>generateProgressEvent</name></name><parameter_list>(<param><decl><type><name>void</name></type></decl></param>)</parameter_list> <block>{
    <expr_stmt><expr><call><name><name>CC_RootObject</name>::<name>getEventRepository</name></name><argument_list>()</argument_list></call>-&gt;<call><name>create</name><argument_list>(<argument><expr><name>this</name></expr></argument>,<argument><expr><name>EVT_MAN_PROGRESS</name></expr></argument>)</argument_list></call></expr>;</expr_stmt>
}</block></function>

<function><type><name>bool</name></type> <name><name>PUSTcManoeuvre</name>::<name>isStartAckRequired</name></name><parameter_list>(<param><decl><type><name>void</name></type></decl></param>)</parameter_list> <specifier>const</specifier> <block>{
    <return>return <expr><name>startAck</name></expr>;</return>
}</block></function>

<function><type><name>bool</name></type> <name><name>PUSTcManoeuvre</name>::<name>isProgressAckRequired</name></name><parameter_list>(<param><decl><type><name>void</name></type></decl></param>)</parameter_list> <specifier>const</specifier> <block>{
    <return>return <expr><name>progressAck</name></expr>;</return>
}</block></function>

<function><type><name>bool</name></type> <name><name>PUSTcManoeuvre</name>::<name>isCompletionAckRequired</name></name><parameter_list>(<param><decl><type><name>void</name></type></decl></param>)</parameter_list> <specifier>const</specifier> <block>{
    <return>return <expr><name>completionAck</name></expr>;</return>
}</block></function>

<function><type><name>void</name></type> <name><name>PUSTcManoeuvre</name>::<name>setStartAckFlag</name></name><parameter_list>(<param><decl><type><name>bool</name></type> <name>startAckFlag</name></decl></param>)</parameter_list> <block>{
    <expr_stmt><expr><name>startAck</name> = <name>startAckFlag</name></expr>;</expr_stmt>
}</block></function>

<function><type><name>void</name></type> <name><name>PUSTcManoeuvre</name>::<name>setCompletionAckFlag</name></name><parameter_list>(<param><decl><type><name>bool</name></type> <name>completionAckFlag</name></decl></param>)</parameter_list> <block>{
    <expr_stmt><expr><name>completionAck</name> = <name>completionAckFlag</name></expr>;</expr_stmt>
}</block></function>

<function><type><name>void</name></type> <name><name>PUSTcManoeuvre</name>::<name>setProgressAckFlag</name></name><parameter_list>(<param><decl><type><name>bool</name></type> <name>progressAckFlag</name></decl></param>)</parameter_list> <block>{
    <expr_stmt><expr><name>progressAck</name> = <name>progressAckFlag</name></expr>;</expr_stmt>
}</block></function>

<function><type><name>TD_TelecommandId</name></type> <name><name>PUSTcManoeuvre</name>::<name>getTelecommandId</name></name><parameter_list>(<param><decl><type><name>void</name></type></decl></param>)</parameter_list> <specifier>const</specifier> <block>{
    <return>return <expr><name>tcId</name></expr>;</return>
}</block></function>

<function><type><name>void</name></type> <name><name>PUSTcManoeuvre</name>::<name>setTelecommandId</name></name><parameter_list>(<param><decl><type><name>TD_TelecommandId</name></type> <name>tcIdentifier</name></decl></param>)</parameter_list> <block>{
    <expr_stmt><expr><call><name>assert</name><argument_list>( <argument><expr><name>tcIdentifier</name>&gt;0</expr></argument> )</argument_list></call></expr>;</expr_stmt>
    <expr_stmt><expr><name>tcId</name> = <name>tcIdentifier</name></expr>;</expr_stmt>
}</block></function>
</unit>
