<unit xmlns="http://www.sdml.info/srcML/src" xmlns:cpp="http://www.sdml.info/srcML/cpp">
<comment type="line">//
</comment><comment type="line">// Copyright 2004 P&amp;P Software GmbH - All Rights Reserved
</comment><comment type="line">//
</comment><comment type="line">// Checksum.cpp
</comment><comment type="line">//
</comment><comment type="line">// Version	1.0
</comment><comment type="line">// Date		13.01.04
</comment><comment type="line">// Author	A. Pasetti (P&amp;P Software)
</comment>
<cpp:include>#<cpp:directive>include</cpp:directive> <cpp:file>"../GeneralInclude/CompilerSwitches.h"</cpp:file></cpp:include>
<cpp:include>#<cpp:directive>include</cpp:directive> <cpp:file>"../GeneralInclude/DebugSupport.h"</cpp:file></cpp:include>
<cpp:include>#<cpp:directive>include</cpp:directive> <cpp:file>"../GeneralInclude/Constants.h"</cpp:file></cpp:include>
<cpp:include>#<cpp:directive>include</cpp:directive> <cpp:file>"../Utilities/Checksum.h"</cpp:file></cpp:include>

<function><type><name>unsigned</name> <name>short</name></type> <name>doChecksum</name><parameter_list>(<param><decl><type><name>unsigned</name> <name>char</name>*</type> <name>item</name></decl></param>, <param><decl><type><name>unsigned</name> <name>int</name></type> <name>n</name></decl></param>)</parameter_list> <block>{
    <expr_stmt><expr><call><name>assert</name><argument_list>( <argument><expr><name>item</name>!=<name>pNULL</name></expr></argument> )</argument_list></call></expr>;</expr_stmt>
    <expr_stmt><expr><call><name>assert</name><argument_list>( <argument><expr><name>n</name>&gt;0</expr></argument> )</argument_list></call></expr>;</expr_stmt>

    <expr_stmt><expr><name>C0</name> = 0</expr>;</expr_stmt>
    <expr_stmt><expr><name>C1</name> = 0</expr>;</expr_stmt>

    <for>for (<init><expr><type><name>unsigned</name> <name>int</name></type> <name>i</name>=<init><expr>0</expr></init></expr>;</init> <condition><expr><name>i</name>&lt;<name>n</name></expr>;</condition> <incr><expr><name>i</name>++</expr></incr>) <block>{
        <expr_stmt><expr><name>C0</name> = <name>C0</name> + (<name>int</name>)<name><name>item</name>[<expr><name>i</name></expr>]</name></expr>;</expr_stmt>
        <expr_stmt><expr><name>C1</name> = <name>C1</name> + <name>C0</name></expr>;</expr_stmt>
    }</block></for>

    <expr_stmt><expr><name>CK1</name> = (<name>unsigned</name> <name>char</name>)(255-((<name>C0</name>+<name>C1</name>)%255))</expr>;</expr_stmt>
    <expr_stmt><expr><name>CK2</name> =  (<name>unsigned</name> <name>char</name>)(<name>C1</name>%255)</expr>;</expr_stmt>

    <if>if <condition>(<expr><name>CK1</name>==0</expr>)</condition><then>
        <expr_stmt><expr><name>CK1</name>=255</expr>;</expr_stmt></then></if>

    <if>if <condition>(<expr><name>CK2</name>==0</expr>)</condition><then>
        <expr_stmt><expr><name>CK2</name>=255</expr>;</expr_stmt></then></if>

    <return>return <expr>(<name>CK1</name>*256+<name>CK2</name>)</expr>;</return>
}</block></function>

<function><type><name>bool</name></type> <name>verifyChecksum</name><parameter_list>(<param><decl><type><name>unsigned</name> <name>char</name>*</type> <name>item</name></decl></param>, <param><decl><type><name>unsigned</name> <name>int</name></type> <name>n</name></decl></param>, <param><decl><type><name>unsigned</name> <name>short</name></type> <name>checksum</name></decl></param>)</parameter_list> <block>{
    <expr_stmt><expr><call><name>assert</name><argument_list>( <argument><expr><name>item</name>!=<name>pNULL</name></expr></argument> )</argument_list></call></expr>;</expr_stmt>
    <expr_stmt><expr><call><name>assert</name><argument_list>( <argument><expr><name>n</name>&gt;0</expr></argument> )</argument_list></call></expr>;</expr_stmt>

    <expr_stmt><expr><name>CK1</name> = (<name>unsigned</name> <name>char</name>)(<name>checksum</name>/256)</expr>;</expr_stmt>
    <expr_stmt><expr><name>CK2</name> = (<name>unsigned</name> <name>char</name>)(<name>checksum</name>%256)</expr>;</expr_stmt>

    <if>if <condition>( <expr>((<name>CK1</name>==0)&amp;&amp;(<name>CK2</name>!=0)) || ((<name>CK1</name>!=0)&amp;&amp;(<name>CK2</name>==0))</expr> )</condition><then>
        <return>return <expr><name>false</name></expr>;</return></then></if>

    <expr_stmt><expr><name>C0</name> = 0</expr>;</expr_stmt>
    <expr_stmt><expr><name>C1</name> = 0</expr>;</expr_stmt>

    <for>for (<init><expr><type><name>unsigned</name> <name>int</name></type> <name>i</name>=<init><expr>0</expr></init></expr>;</init> <condition><expr><name>i</name>&lt;<name>n</name></expr>;</condition> <incr><expr><name>i</name>++</expr></incr>) <block>{
        <expr_stmt><expr><name>C0</name> = <name>C0</name> + (<name>unsigned</name> <name>short</name>)<name><name>item</name>[<expr><name>i</name></expr>]</name></expr>;</expr_stmt>
        <expr_stmt><expr><name>C1</name> = <name>C1</name> + <name>C0</name></expr>;</expr_stmt>
    }</block></for>

    <expr_stmt><expr><name>C0</name> = <name>C0</name> + <name>CK1</name></expr>;</expr_stmt>
    <expr_stmt><expr><name>C1</name> = <name>C1</name> + <name>C0</name></expr>;</expr_stmt>

    <expr_stmt><expr><name>C0</name> = <name>C0</name> + <name>CK2</name></expr>;</expr_stmt>
    <expr_stmt><expr><name>C1</name> = <name>C1</name> + <name>C0</name></expr>;</expr_stmt>

    <if>if <condition>( <expr>( (<name>C0</name>%255)==0) &amp;&amp; ( (<name>C1</name>%255)==0)</expr> )</condition><then>
        <return>return <expr><name>true</name></expr>;</return></then>
    <else>else
        <return>return <expr><name>false</name></expr>;</return></else></if>
}</block></function>
</unit>
