<unit xmlns="http://www.sdml.info/srcML/src" xmlns:cpp="http://www.sdml.info/srcML/cpp">
<comment type="line">//
</comment><comment type="line">// Copyright 2004 P&amp;P Software GmbH - All Rights Reserved
</comment><comment type="line">//
</comment><comment type="line">// TestCasePUSFull.h
</comment><comment type="line">//
</comment><comment type="line">// Version	1.0
</comment><comment type="line">// Date		28.01.04
</comment><comment type="line">// Author	A. Pasetti
</comment><comment type="line">//
</comment><comment type="line">// Change Record:
</comment>
<cpp:ifndef>#<cpp:directive>ifndef</cpp:directive> <name>TestCasePUSFullH</name></cpp:ifndef>
<cpp:define>#<cpp:directive>define</cpp:directive> <name>TestCasePUSFullH</name></cpp:define>

<cpp:include>#<cpp:directive>include</cpp:directive> <cpp:file>"../Utilities/TestCaseWithFactories.h"</cpp:file></cpp:include>
<cpp:include>#<cpp:directive>include</cpp:directive> <cpp:file>"../GeneralInclude/ForwardDeclarations.h"</cpp:file></cpp:include>
<cpp:include>#<cpp:directive>include</cpp:directive> <cpp:file>"../GeneralInclude/TestConstants.h"</cpp:file></cpp:include>

<comment type="block">/**
 * Base class for test cases that implement a PUS-related scenario.
 * The test set-up procedure creates and configures several PUS-related components:
 * &lt;ul&gt;
 * &lt;li&gt;Telecommand loader of type &lt;code&gt;DC_BasicPUSTcLoader&lt;/code&gt;&lt;/li&gt;
 * &lt;li&gt;Telecommand manager&lt;/li&gt;
 * &lt;li&gt;Telemetry manager&lt;/li&gt;
 * &lt;li&gt;PUS Telemetry mode manager of type &lt;code&gt;DC_PUSTelemetryModeManager&lt;/code&gt;&lt;/li&gt;
 * &lt;li&gt;Logger telemetry stream of type &lt;code&gt;DC_PUSTmLogger&lt;/code&gt;&lt;/li&gt;
 * &lt;li&gt;PUS event repository of type &lt;code&gt;DC_PUSEventRepository&lt;/code&gt;&lt;/li&gt;
 * &lt;li&gt;Manoeuvre manager&lt;/li&gt;
 * &lt;li&gt;Dummy OBS Clock of type &lt;code&gt;DC_DummyObsClock&lt;/code&gt;&lt;/li&gt;
 * &lt;/ul&gt;
 * The event repository is loaded in the &lt;code&gt;CC_RootObject&lt;/code&gt;
 * which is then unloaded in the shutdown procedure. 
 * All the above items are created as static instances and are accessible 
 * through getter methods defined by this class.
 * &lt;p&gt;
 * This class is especially useful for test cases that want to perform end-to-end
 * tests of PUS-related functionalities (many components they require are
 * already instantiated and configured) and generally for test cases that
 * exercise PUS-related functionalities.
 * &lt;p&gt;
 * In order to facilitate the task of the test developers, this class offers utility
 * methods to load the telecommand load area associated to the telecommand loader
 * with data representing instances of several types of telecommand packets.
 * The telecommand packet data are loaded in the command load area associated to the
 * telecommand loader managed by this class. This class is responsible for managing the
 * command load area. It updates its first byte that holds the number of telecommand packets
 * currently stored in the command area and it maintains a &lt;i&gt;command area position
 * index&lt;/i&gt; that points to the location in the command area where the next telecommand packet
 * should be written. The position index is initialized to 1 and can be reset with method 
 * &lt;code&gt;resetCommandLoadArea&lt;/code&gt;. The utility methods write both the header and the
 * application data part of the telecommand packet.  In general, except for the acknowledge 
 * field (which is specified by the caller), all other information in the telecommand packet 
 * header is given fixed default values. The header is written by method &lt;code&gt;writeTcHeader&lt;/code&gt;.
 * &lt;p&gt;
 * If there is no space left in the command load area to store the telecommand packet specified
 * by the caller of this method, then the method returns a value of false. Otherwise, the
 * telecommand is written to the command load area and a value of true is returned.
 * @author A. Pasetti
 * @version 1.0
 * @ingroup TestCases
 */</comment>
<class>class <name>TestCasePUSFull</name> <super>: <specifier>public</specifier> <name>TestCaseWithFactories</name></super> <block>{<private type="default">
 
  </private><private>private:
     <decl_stmt><decl><type><name>static</name> <name>bool</name></type> <name>firstActivation</name></decl>;</decl_stmt>

     <decl_stmt><decl><type><name>static</name> <name>CC_TelemetryManager</name>*</type> <name>pTmManager</name></decl>;</decl_stmt>
     <decl_stmt><decl><type><name>static</name> <name>DC_PUSTelemetryModeManager</name>*</type> <name>pTmModeMan</name></decl>;</decl_stmt>
     <decl_stmt><decl><type><name>static</name> <name>CC_TelecommandManager</name>*</type> <name>pTcManager</name></decl>;</decl_stmt>
     <decl_stmt><decl><type><name>static</name> <name>CC_ManoeuvreManager</name>*</type> <name>pManManager</name></decl>;</decl_stmt>
     <decl_stmt><decl><type><name>static</name> <name>DC_PUSTmLogger</name>*</type> <name>pTmLogger</name></decl>;</decl_stmt>
     <decl_stmt><decl><type><name>static</name> <name>DC_BasicPUSTcLoader</name>*</type> <name>pTcLoader</name></decl>;</decl_stmt>
     <decl_stmt><decl><type><name>static</name> <name>DC_PUSEventRepository</name>*</type> <name>pEvtRep</name></decl>;</decl_stmt>
     <decl_stmt><decl><type><name>static</name> <name>DC_DummyObsClock</name>*</type> <name>pObsClock</name></decl>;</decl_stmt>
     <decl_stmt><decl><type><name>static</name> <name>unsigned</name> <name>char</name></type> <name><name>tcCommandArea</name>[<expr><name>TC_COMMAND_AREA_MAX_N_TC</name>*<name>TC_COMMAND_AREA_MAX_TC_LEN</name></expr>]</name></decl>;</decl_stmt>
     <decl_stmt><decl><type><name>unsigned</name> <name>int</name></type> <name>tcCmdPos</name></decl>;</decl_stmt>
     <decl_stmt><decl><type><name>DC_EventRepository</name>*</type> <name>pOldEvtRep</name></decl>;</decl_stmt>

  </private><protected>protected:
	<comment type="block">/**
	 * Helper method that writes a default telecommand packet header to the
     * telecommand load. 
     * This method is called by the methods that write telecommands packets
     * to the telecommand load area. 
     * @param length the "packet length" field of the telecommand packet
     * @param packetSeqControl the packet sequence control field of the telecommand packet
	 */</comment>
	<function_decl><type><name>void</name></type> <name>writeTcHeader</name><parameter_list>(<param><decl><type><name>unsigned</name> <name>short</name></type> <name>length</name></decl></param>, <param><decl><type><name>unsigned</name> <name>short</name></type> <name>packetSeqControl</name></decl></param>)</parameter_list>;</function_decl>

  </protected><public>public:
	<comment type="block">/**
	 * Set the identifier and the name of the test case.
	 * @param testId the test identifier
	 * @param testName the name of the test
	 */</comment>
	<constructor_decl><name>TestCasePUSFull</name><parameter_list>(<param><decl><type><name>int</name></type> <name>testId</name></decl></param>,<param><decl><type><name>char</name> *</type><name>testName</name></decl></param>)</parameter_list>;</constructor_decl>

	<comment type="block">/**
	 * Call the test setup service of the super class and then create
     * and configure the components listed in the class comment. 
     * Component creation and configuration of some parameters is only performed the first
     * time this method is executed. Configuration parameters that can updated 
     * once are instead set at every activation. This ensures that all derived test cases
     * can rely on the same initial configuration. The values of
     * the configuration parameters are constants that are defined in file &lt;code&gt;TestConstants.h&lt;/code&gt;.
     * This method also loads the PUS event repository in &lt;code&gt;CC_RootObject&lt;/code&gt;.
	 */</comment>
	<function_decl><type><name>virtual</name> <name>bool</name></type> <name>setUpTestCase</name><parameter_list>(<param><decl><type><name>void</name></type></decl></param>)</parameter_list>;</function_decl>

     <comment type="block">/**
      * Restore the old event repository that was loaded at the time this
      * test case was started.
      * 
      */</comment>
	<function_decl><type><name>virtual</name> <name>bool</name></type> <name>shutDownTestCase</name><parameter_list>(<param><decl><type><name>void</name></type></decl></param>)</parameter_list>;</function_decl>

     <comment type="block">/**
      * Return the telecommand manager created by the initialization
      * procedure of this test case.
      * @return the telecommmand manager
      */</comment>
	<function_decl><type><name>CC_TelecommandManager</name>*</type> <name>getTelecommandManager</name><parameter_list>(<param><decl><type><name>void</name></type></decl></param>)</parameter_list> <specifier>const</specifier>;</function_decl>

     <comment type="block">/**
      * Return the telemetry manager created by the initialization
      * procedure of this test case.
      * @return the telemetry manager
      */</comment>
	<function_decl><type><name>CC_TelemetryManager</name>*</type> <name>getTelemetryManager</name><parameter_list>(<param><decl><type><name>void</name></type></decl></param>)</parameter_list> <specifier>const</specifier>;</function_decl>

     <comment type="block">/**
      * Return the telemetry mode manager created by the initialization
      * procedure of this test case.
      * @return the telemetry mode manager
      */</comment>
	<function_decl><type><name>DC_PUSTelemetryModeManager</name>*</type> <name>getTelemetryModeManager</name><parameter_list>(<param><decl><type><name>void</name></type></decl></param>)</parameter_list> <specifier>const</specifier>;</function_decl>

     <comment type="block">/**
      * Return the manoeuvre manager created by the initialization
      * procedure of this test case.
      * @return the manoeuvre manager
      */</comment>
	<function_decl><type><name>CC_ManoeuvreManager</name>*</type> <name>getManoeuvreManager</name><parameter_list>(<param><decl><type><name>void</name></type></decl></param>)</parameter_list> <specifier>const</specifier>;</function_decl>

     <comment type="block">/**
      * Return the telecommand loader created by the initialization
      * procedure of this test case.
      * @return the telecommand loader
      */</comment>
	<function_decl><type><name>DC_BasicPUSTcLoader</name>*</type> <name>getTcLoader</name><parameter_list>(<param><decl><type><name>void</name></type></decl></param>)</parameter_list> <specifier>const</specifier>;</function_decl>

     <comment type="block">/**
      * Return the telemetry stream created by the initialization
      * procedure of this test case.
      * @return the telemetry stream
      */</comment>
	<function_decl><type><name>DC_PUSTmLogger</name>*</type> <name>getTmStream</name><parameter_list>(<param><decl><type><name>void</name></type></decl></param>)</parameter_list> <specifier>const</specifier>;</function_decl>

     <comment type="block">/**
      * Return the OBS clock created by the initialization
      * procedure of this test case.
      * @return the OBS clock
      */</comment>
	<function_decl><type><name>DC_DummyObsClock</name>*</type> <name>getObsClock</name><parameter_list>(<param><decl><type><name>void</name></type></decl></param>)</parameter_list> <specifier>const</specifier>;</function_decl>

     <comment type="block">/**
      * Return the PUS Event Repository created by the initialization
      * procedure of this test case.
      * @return the PUS event repository
      */</comment>
	<function_decl><type><name>DC_PUSEventRepository</name>*</type> <name>getEventRepository</name><parameter_list>(<param><decl><type><name>void</name></type></decl></param>)</parameter_list> <specifier>const</specifier>;</function_decl>

     <comment type="block">/**
      * Load the &lt;i&gt;command load area&lt;/i&gt; with data representing a &lt;code&gt;DC_TestPUSTelecommand&lt;/code&gt; 
      * telecommand packet.
      * @see DC_TestPUSTelecommand
      * @param ackField the acknowledge field of the telecommand 
      * @param execCounter the execution counter value
      * @param execCheckVal the execution check value
      * @param valCheckVal the validity check value
      * @param execCheckCode the execution check code
      * @param valCheckCode the validity check code
      * @param execOutcome the outcome of the execution check 
      * @param packetSeqControl the packet sequence control field
      * @return true if the telecommand packet could be successfully written, false otherwise
      */</comment>
     <function_decl><type><name>bool</name></type> <name>writeTestPUSTelecommand</name><parameter_list>(<param><decl><type><name>unsigned</name> <name>char</name></type> <name>ackField</name></decl></param>, <param><decl><type><name>unsigned</name> <name>int</name></type> <name>execCounter</name></decl></param>, <param><decl><type><name>bool</name></type> <name>execCheckVal</name></decl></param>,
                       <param><decl><type><name>bool</name></type> <name>valCheckVal</name></decl></param>, <param><decl><type><name>TD_CheckCode</name></type> <name>execCheckCode</name></decl></param>,
                       <param><decl><type><name>TD_CheckCode</name></type> <name>valCheckCode</name></decl></param>, <param><decl><type><name>bool</name></type> <name>execOutcome</name></decl></param>, <param><decl><type><name>unsigned</name> <name>short</name></type> <name>packetSeqControl</name></decl></param>)</parameter_list>;</function_decl>

     <comment type="block">/**
      * Load the &lt;i&gt;command load area&lt;/i&gt; with data representing a &lt;code&gt;DC_PUSDefineDataReporting&lt;/code&gt; 
      * telecommand packet.
      * A simple instance of the telecommand is written that includes only one parameter to be 
      * sample at every collection interval.
      * @see DC_PUSDefineDataReporting
      * @param ackField the acknowledge field of the telecommand 
      * @param collectionInterval the collection interval
      * @param sid the SID of the packet being defined
      * @param par the parameter to be sampled 
      * @param packetSeqControl the packet sequence control field
      * @param tcSubType the subtype of the telecommand packet 
      * @return true if the telecommand packet could be successfully written, false otherwise
      */</comment>
     <function_decl><type><name>bool</name></type> <name>writePUSDefineDataReporting</name><parameter_list>(<param><decl><type><name>unsigned</name> <name>char</name></type> <name>ackField</name></decl></param>, <param><decl><type><name>TD_PUSCollectionInterval</name></type> <name>collectionInterval</name></decl></param>, 
                                                <param><decl><type><name>TD_SID</name></type> <name>sid</name></decl></param>, <param><decl><type><name>TD_DataPoolId</name></type> <name>par</name></decl></param>, <param><decl><type><name>unsigned</name> <name>short</name></type> <name>packetSeqControl</name></decl></param>,
                                                <param><decl><type><name>TD_TelecommandSubType</name></type> <name>tcSubType</name></decl></param>)</parameter_list>;</function_decl>

     <comment type="block">/**
      * Load the &lt;i&gt;command load area&lt;/i&gt; with data representing either a &lt;code&gt;DC_PUSControlDataReporting&lt;/code&gt;,
      * or a &lt;code&gt;DC_PUSClearDataReporting&lt;/code&gt;, or a &lt;code&gt;DC_PUSRequestDataReporting&lt;/code&gt;
      * telecommand packet.
      * The telecommand content is specified by its subtype and by an array that holds the SIDs of 
      * data reporting telecommands that must be controlled, cleared, or requested.
      * @see DC_PUSDefineDataReporting
      * @param ackField the acknowledge field of the telecommand 
      * @param NSID the number of SIDs in the telecommand
      * @param sid the array holding the SIDs
      * @param tcSubType the telecommand subtype
      * @param packetSeqControl the packet sequence control field
      * @return true if the telecommand packet could be successfully written, false otherwise
      */</comment>
     <function_decl><type><name>bool</name></type> <name>writePUSDataReportingControl</name><parameter_list>(<param><decl><type><name>unsigned</name> <name>char</name></type> <name>ackField</name></decl></param>, <param><decl><type><name>unsigned</name> <name>char</name></type> <name>NSID</name></decl></param>, <param><decl><type><name>TD_SID</name>*</type> <name>sid</name></decl></param>,
                                          <param><decl><type><name>TD_TelecommandSubType</name></type> <name>tcSubType</name></decl></param>, <param><decl><type><name>unsigned</name> <name>short</name></type> <name>packetSeqControl</name></decl></param>)</parameter_list>;</function_decl>

     <comment type="block">/**
      * Clear the &lt;i&gt;command load area&lt;/i&gt;. The command load area position index is reset to 
      * one and the first byte of the command load area is reset to zero.
      */</comment>
     <function_decl><type><name>void</name></type> <name>resetCommandLoadArea</name><parameter_list>()</parameter_list>;</function_decl>

</public>}</block>;</class>
<cpp:endif>#<cpp:directive>endif</cpp:directive></cpp:endif>
</unit>
