<unit xmlns="http://www.sdml.info/srcML/src" xmlns:cpp="http://www.sdml.info/srcML/cpp">
<comment type="line">//
</comment><comment type="line">// Copyright 2004 P&amp;P Software GmbH - All Rights Reserved
</comment><comment type="line">//
</comment><comment type="line">// TestCasePUSFull.cpp
</comment><comment type="line">//
</comment><comment type="line">// Version	1.0
</comment><comment type="line">// Date		13.01.04
</comment><comment type="line">// Author	A. Pasetti (P&amp;P Software)
</comment>
<cpp:include>#<cpp:directive>include</cpp:directive> <cpp:file>"TestCasePUSFull.h"</cpp:file></cpp:include>
<cpp:include>#<cpp:directive>include</cpp:directive> <cpp:file>"../GeneralInclude/CompilerSwitches.h"</cpp:file></cpp:include>
<cpp:include>#<cpp:directive>include</cpp:directive> <cpp:file>"../GeneralInclude/TestConstants.h"</cpp:file></cpp:include>
<cpp:include>#<cpp:directive>include</cpp:directive> <cpp:file>"../GeneralInclude/ClassId.h"</cpp:file></cpp:include>
<cpp:include>#<cpp:directive>include</cpp:directive> <cpp:file>"../GeneralInclude/Constants.h"</cpp:file></cpp:include>
<cpp:include>#<cpp:directive>include</cpp:directive> <cpp:file>"../Base/CC_RootObject.h"</cpp:file></cpp:include>
<cpp:include>#<cpp:directive>include</cpp:directive> <cpp:file>"../System/DC_DummyObsClock.h"</cpp:file></cpp:include>
<cpp:include>#<cpp:directive>include</cpp:directive> <cpp:file>"../Event/DC_PUSEventRepository.h"</cpp:file></cpp:include>
<cpp:include>#<cpp:directive>include</cpp:directive> <cpp:file>"../Data/DC_DummyDataPool.h"</cpp:file></cpp:include>
<cpp:include>#<cpp:directive>include</cpp:directive> <cpp:file>"../Data/DC_DummyDatabase.h"</cpp:file></cpp:include>
<cpp:include>#<cpp:directive>include</cpp:directive> <cpp:file>"../Manoeuvre/CC_ManoeuvreManager.h"</cpp:file></cpp:include>
<cpp:include>#<cpp:directive>include</cpp:directive> <cpp:file>"../Telemetry/CC_TelemetryManager.h"</cpp:file></cpp:include>
<cpp:include>#<cpp:directive>include</cpp:directive> <cpp:file>"../Telemetry/DC_PUSTelemetryModeManager.h"</cpp:file></cpp:include>
<cpp:include>#<cpp:directive>include</cpp:directive> <cpp:file>"../Telemetry/DC_PUSDataReportingPacket.h"</cpp:file></cpp:include>
<cpp:include>#<cpp:directive>include</cpp:directive> <cpp:file>"../Telemetry/DC_PUSTmLogger.h"</cpp:file></cpp:include>
<cpp:include>#<cpp:directive>include</cpp:directive> <cpp:file>"../Telemetry/TelemetryPacket.h"</cpp:file></cpp:include>
<cpp:include>#<cpp:directive>include</cpp:directive> <cpp:file>"../Telecommand/CC_TelecommandManager.h"</cpp:file></cpp:include>
<cpp:include>#<cpp:directive>include</cpp:directive> <cpp:file>"../Telecommand/DC_BasicPUSTcLoader.h"</cpp:file></cpp:include>
<cpp:include>#<cpp:directive>include</cpp:directive> <cpp:file>"../Telecommand/TelecommandLoader.h"</cpp:file></cpp:include>
<cpp:include>#<cpp:directive>include</cpp:directive> <cpp:file>"../Telecommand/PUSTelecommand.h"</cpp:file></cpp:include>

<cpp:include>#<cpp:directive>include</cpp:directive> <cpp:file>&lt;string.h&gt;</cpp:file></cpp:include>
<cpp:include>#<cpp:directive>include</cpp:directive> <cpp:file>&lt;assert.h&gt;</cpp:file></cpp:include>

<decl_stmt><decl><type><name>bool</name></type> <name><name>TestCasePUSFull</name>::<name>firstActivation</name></name> =<init> <expr><name>true</name></expr></init></decl>;</decl_stmt>

<decl_stmt><decl><type><name>CC_TelemetryManager</name>*</type> <name><name>TestCasePUSFull</name>::<name>pTmManager</name></name> =<init> <expr><name>pNULL</name></expr></init></decl>;</decl_stmt>
<decl_stmt><decl><type><name>DC_PUSTelemetryModeManager</name>*</type> <name><name>TestCasePUSFull</name>::<name>pTmModeMan</name></name> =<init> <expr><name>pNULL</name></expr></init></decl>;</decl_stmt>
<decl_stmt><decl><type><name>CC_TelecommandManager</name>*</type> <name><name>TestCasePUSFull</name>::<name>pTcManager</name></name> =<init> <expr><name>pNULL</name></expr></init></decl>;</decl_stmt>
<decl_stmt><decl><type><name>CC_ManoeuvreManager</name>*</type> <name><name>TestCasePUSFull</name>::<name>pManManager</name></name> =<init> <expr><name>pNULL</name></expr></init></decl>;</decl_stmt>
<decl_stmt><decl><type><name>DC_PUSTmLogger</name>*</type> <name><name>TestCasePUSFull</name>::<name>pTmLogger</name></name> =<init> <expr><name>pNULL</name></expr></init></decl>;</decl_stmt>
<decl_stmt><decl><type><name>DC_BasicPUSTcLoader</name>*</type> <name><name>TestCasePUSFull</name>::<name>pTcLoader</name></name> =<init> <expr><name>pNULL</name></expr></init></decl>;</decl_stmt>
<decl_stmt><decl><type><name>DC_PUSEventRepository</name>*</type> <name><name>TestCasePUSFull</name>::<name>pEvtRep</name></name> =<init> <expr><name>pNULL</name></expr></init></decl>;</decl_stmt>
<decl_stmt><decl><type><name>DC_DummyObsClock</name>*</type> <name><name>TestCasePUSFull</name>::<name>pObsClock</name></name> =<init> <expr><name>pNULL</name></expr></init></decl>;</decl_stmt>

<decl_stmt><decl><type><name>unsigned</name> <name>char</name></type> <name><name>TestCasePUSFull</name>::<name>tcCommandArea</name>[<expr><name>TC_COMMAND_AREA_MAX_N_TC</name>*<name>TC_COMMAND_AREA_MAX_TC_LEN</name></expr>]</name></decl>;</decl_stmt>

<constructor><name>TestCasePUSFull::TestCasePUSFull</name><parameter_list>(<param><decl><type><name>int</name></type> <name>testId</name></decl></param>, <param><decl><type><name>char</name>*</type> <name>testName</name></decl></param>)</parameter_list><member_list>:
     <call><name>TestCaseWithFactories</name><argument_list>(<argument><expr><name>testId</name></expr></argument>,<argument><expr><name>testName</name></expr></argument>)</argument_list></call> </member_list><block>{
     <return>return;</return>
}</block></constructor>

<function><type><name>bool</name></type> <name><name>TestCasePUSFull</name>::<name>setUpTestCase</name></name><parameter_list>(<param><decl><type><name>void</name></type></decl></param>)</parameter_list> <block>{

   <if>if <condition>(<expr>!<call><name><name>TestCaseWithFactories</name>::<name>setUpTestCase</name></name><argument_list>()</argument_list></call></expr>)</condition><then> 
       <return>return <expr><name>INITIALIZATION_FAILURE</name></expr>;</return></then></if>

   <if>if <condition>(<expr><name>firstActivation</name></expr>)</condition><then> <block>{

      <comment type="line">// Create the components
</comment>      <expr_stmt><expr><name>pTmManager</name> = new <call><name>CC_TelemetryManager</name><argument_list>()</argument_list></call></expr>;</expr_stmt>
      <expr_stmt><expr><name>pTmModeMan</name> = new <call><name>DC_PUSTelemetryModeManager</name><argument_list>()</argument_list></call></expr>;</expr_stmt>
      <expr_stmt><expr><name>pTcManager</name> = new <call><name>CC_TelecommandManager</name><argument_list>()</argument_list></call></expr>;</expr_stmt>
      <expr_stmt><expr><name>pManManager</name> = new <call><name>CC_ManoeuvreManager</name><argument_list>()</argument_list></call></expr>;</expr_stmt>
      <expr_stmt><expr><name>pTmLogger</name> = new <call><name>DC_PUSTmLogger</name><argument_list>()</argument_list></call></expr>;</expr_stmt>
      <expr_stmt><expr><name>pTcLoader</name> = new <call><name>DC_BasicPUSTcLoader</name><argument_list>()</argument_list></call></expr>;</expr_stmt>
      <expr_stmt><expr><name>pEvtRep</name> = new <call><name>DC_PUSEventRepository</name><argument_list>()</argument_list></call></expr>;</expr_stmt>
      <expr_stmt><expr><name>pObsClock</name> = new <call><name>DC_DummyObsClock</name><argument_list>()</argument_list></call></expr>;</expr_stmt>

     <comment type="line">// Configure the non-changeable part of the tc manager
</comment>     <if>if <condition>( <expr><name>pTcManager</name>-&gt;<call><name>isObjectConfigured</name><argument_list>()</argument_list></call></expr> )</condition><then>
        <return>return <expr><name>false</name></expr>;</return></then></if>
     <expr_stmt><expr><name>pTcManager</name>-&gt;<call><name>setPendingTelecommandListSize</name><argument_list>(<argument><expr><name>TC_MAN_PEND_TC_LIST_SIZE</name></expr></argument>)</argument_list></call></expr>;</expr_stmt>

     <comment type="line">// Configure the non-changeable part of the tm mode manager
</comment>     <if>if <condition>( <expr><name>pTmModeMan</name>-&gt;<call><name>isObjectConfigured</name><argument_list>()</argument_list></call></expr> )</condition><then>
        <return>return <expr><name>false</name></expr>;</return></then></if>
     <expr_stmt><expr><name>pTmModeMan</name>-&gt;<call><name>setMaxNumberOfPackets</name><argument_list>(<argument><expr><name>TM_MODE_MAN_MAX_N_PACKETS</name></expr></argument>)</argument_list></call></expr>;</expr_stmt>

     <comment type="line">// Configure the non-changeable part of the tm manager
</comment>     <if>if <condition>( <expr><name>pTmManager</name>-&gt;<call><name>isObjectConfigured</name><argument_list>()</argument_list></call></expr> )</condition><then>
        <return>return <expr><name>false</name></expr>;</return></then></if>
     <expr_stmt><expr><name>pTmManager</name>-&gt;<call><name>setImmediateQueueSize</name><argument_list>(<argument><expr><name>TM_MAN_IMMEDIATE_QUEUE</name></expr></argument>)</argument_list></call></expr>;</expr_stmt>

     <comment type="line">// Configure the non-changeable part of the manoeuvre manager
</comment>     <if>if <condition>( <expr><name>pManManager</name>-&gt;<call><name>isObjectConfigured</name><argument_list>()</argument_list></call></expr> )</condition><then>
        <return>return <expr><name>false</name></expr>;</return></then></if>
     <expr_stmt><expr><name>pManManager</name>-&gt;<call><name>setPendingManoeuvreListSize</name><argument_list>(<argument><expr><name>MAN_MAN_PENDING_MAN_LIST_SIZE</name></expr></argument>)</argument_list></call></expr>;</expr_stmt>

     <comment type="line">// Configure the non-changeable part of the tc loader
</comment>     <if>if <condition>( <expr><name>pTcLoader</name>-&gt;<call><name>isObjectConfigured</name><argument_list>()</argument_list></call></expr> )</condition><then>
        <return>return <expr><name>false</name></expr>;</return></then></if>

     <comment type="line">// Configure the non-changeable part of the tm stream
</comment>     <if>if <condition>( <expr><name>pTmLogger</name>-&gt;<call><name>isObjectConfigured</name><argument_list>()</argument_list></call></expr> )</condition><then>
        <return>return <expr><name>false</name></expr>;</return></then></if>
     <expr_stmt><expr><name>pTmLogger</name>-&gt;<call><name>setBufferCapacity</name><argument_list>(<argument><expr><name>TM_LOGGER_BUFFER_CAPACITY</name></expr></argument>)</argument_list></call></expr>;</expr_stmt>
     <expr_stmt><expr><name>pTmLogger</name>-&gt;<call><name>setMaxPacketLength</name><argument_list>(<argument><expr><name>TM_LOGGER_MAX_TM_LENGTH</name></expr></argument>)</argument_list></call></expr>;</expr_stmt>
     <if>if <condition>( <expr>!<name>pTmLogger</name>-&gt;<call><name>isObjectConfigured</name><argument_list>()</argument_list></call></expr> )</condition><then>
         <return>return <expr><name>false</name></expr>;</return></then></if>

      <comment type="line">// Configure the non-changeable part of the evt repository
</comment>      <if>if <condition>( <expr><name>pEvtRep</name>-&gt;<call><name>isObjectConfigured</name><argument_list>()</argument_list></call></expr> )</condition><then>
        <return>return <expr><name>false</name></expr>;</return></then></if>
      <expr_stmt><expr><name>pEvtRep</name>-&gt;<call><name>setRepositorySize</name><argument_list>(<argument><expr><name>PUS_EVT_REP_SIZE</name></expr></argument>)</argument_list></call></expr>;</expr_stmt>

     <expr_stmt><expr><name>firstActivation</name> = <name>false</name></expr>;</expr_stmt>
   }</block></then></if>

   <comment type="line">// Configure the updatable part of the tc manager
</comment>   <expr_stmt><expr><name>pTcManager</name>-&gt;<call><name>setObsClock</name><argument_list>(<argument><expr><call><name>getObsClock</name><argument_list>()</argument_list></call></expr></argument>)</argument_list></call></expr>;</expr_stmt>
   <expr_stmt><expr><name>pTcManager</name>-&gt;<call><name>setTelecommandLoader</name><argument_list>(<argument><expr><name>pTcLoader</name></expr></argument>)</argument_list></call></expr>;</expr_stmt>
   <if>if <condition>( <expr>!<name>pTcManager</name>-&gt;<call><name>isObjectConfigured</name><argument_list>()</argument_list></call></expr> )</condition><then>
        <return>return <expr><name>false</name></expr>;</return></then></if>

   <comment type="line">// Configure the updatable part of the tm mode manager
</comment>   <expr_stmt><expr><name>pTmModeMan</name>-&gt;<call><name>reset</name><argument_list>()</argument_list></call></expr>;</expr_stmt>
   <if>if <condition>( <expr>!<name>pTmModeMan</name>-&gt;<call><name>isObjectConfigured</name><argument_list>()</argument_list></call></expr> )</condition><then>
        <return>return <expr><name>false</name></expr>;</return></then></if>

   <comment type="line">// Configure the updatable part of the tm manager
</comment>   <expr_stmt><expr><name>pTmManager</name>-&gt;<call><name>setTelemetryStream</name><argument_list>(<argument><expr><name>pTmLogger</name></expr></argument>)</argument_list></call></expr>;</expr_stmt>
   <expr_stmt><expr><name>pTmManager</name>-&gt;<call><name>setTelemetryModeManager</name><argument_list>(<argument><expr><name>pTmModeMan</name></expr></argument>)</argument_list></call></expr>;</expr_stmt>
   <if>if <condition>( <expr>!<name>pTmManager</name>-&gt;<call><name>isObjectConfigured</name><argument_list>()</argument_list></call></expr> )</condition><then>
        <return>return <expr><name>false</name></expr>;</return></then></if>

   <comment type="line">// Configure the updatable part of the manoeuvre manager
</comment>   <if>if <condition>( <expr>!<name>pManManager</name>-&gt;<call><name>isObjectConfigured</name><argument_list>()</argument_list></call></expr> )</condition><then>
        <return>return <expr><name>false</name></expr>;</return></then></if>

   <comment type="line">// Configure the updatable part of the tc loader
</comment>   <expr_stmt><expr><name>pTcLoader</name>-&gt;<call><name>setMaxNumberOfTc</name><argument_list>(<argument><expr><name>TC_COMMAND_AREA_MAX_N_TC</name></expr></argument>)</argument_list></call></expr>;</expr_stmt>
   <expr_stmt><expr><name>pTcLoader</name>-&gt;<call><name>setMaxTcLength</name><argument_list>(<argument><expr><name>TC_COMMAND_AREA_MAX_TC_LEN</name></expr></argument>)</argument_list></call></expr>;</expr_stmt>
   <expr_stmt><expr><name>pTcLoader</name>-&gt;<call><name>setTcLoadAreaStart</name><argument_list>(<argument><expr><name>tcCommandArea</name></expr></argument>)</argument_list></call></expr>;</expr_stmt>
   <expr_stmt><expr><name>pTcLoader</name>-&gt;<call><name>setTelecommandManager</name><argument_list>(<argument><expr><name>pTcManager</name></expr></argument>)</argument_list></call></expr>;</expr_stmt>
   <if>if <condition>( <expr>!<name>pTcLoader</name>-&gt;<call><name>isObjectConfigured</name><argument_list>()</argument_list></call></expr> )</condition><then>
        <return>return <expr><name>false</name></expr>;</return></then></if>

    <comment type="line">// Configure the updatable part of the evt repository
</comment>    <expr_stmt><expr><name>pEvtRep</name>-&gt;<call><name>setObsClock</name><argument_list>(<argument><expr><call><name>getObsClock</name><argument_list>()</argument_list></call></expr></argument>)</argument_list></call></expr>;</expr_stmt>
    <expr_stmt><expr><name>pEvtRep</name>-&gt;<call><name>setTelemetryManager</name><argument_list>(<argument><expr><name>pTmManager</name></expr></argument>)</argument_list></call></expr>;</expr_stmt>
    <if>if <condition>( <expr>!<name>pEvtRep</name>-&gt;<call><name>isObjectConfigured</name><argument_list>()</argument_list></call></expr> )</condition><then>
        <return>return <expr><name>false</name></expr>;</return></then></if>

    <comment type="line">// Swap the event repository
</comment>    <expr_stmt><expr><name>pOldEvtRep</name> = <call><name><name>CC_RootObject</name>::<name>getEventRepository</name></name><argument_list>()</argument_list></call></expr>;</expr_stmt>
    <expr_stmt><expr><call><name><name>CC_RootObject</name>::<name>setEventRepository</name></name><argument_list>(<argument><expr><name>pEvtRep</name></expr></argument>)</argument_list></call></expr>;</expr_stmt>

    <comment type="line">// Reset the telecommand load area
</comment>    <expr_stmt><expr><call><name>resetCommandLoadArea</name><argument_list>()</argument_list></call></expr>;</expr_stmt>

    <comment type="line">// Clear the mode manager of any packets that were loaded in previous tests  
</comment>    <for>for (<init><expr><name>pTmModeMan</name>-&gt;<call><name>first</name><argument_list>()</argument_list></call></expr>;</init> <condition><expr>!<name>pTmModeMan</name>-&gt;<call><name>isIterationFinished</name><argument_list>()</argument_list></call></expr>;</condition> <incr><expr><name>pTmModeMan</name>-&gt;<call><name>next</name><argument_list>()</argument_list></call></expr></incr>) <block>{
        <decl_stmt><decl><type><name>TelemetryPacket</name>*</type> <name>pTP</name> =<init> <expr><name>pTmModeMan</name>-&gt;<call><name>getIterationTelemetryPacket</name><argument_list>()</argument_list></call></expr></init></decl>;</decl_stmt>

        <if>if <condition>(<expr><name>pTP</name>-&gt;<call><name>getClassId</name><argument_list>()</argument_list></call>!=<name>ID_PUSDATAREPORTINGPACKET</name></expr>)</condition><then>

            <return>return <expr><name>INITIALIZATION_FAILURE</name></expr>;</return></then>

        <else>else

            <expr_stmt><expr><name>pTmModeMan</name>-&gt;<macro>unloadPacket<argument_list>( ((DC_PUSDataReportingPacket*)pTP)-&gt;getSID())</argument_list></macro></expr>;</expr_stmt></else></if>

    }</block></for>


    <comment type="line">// Flush the functionality managers
</comment>    <expr_stmt><expr><name>pTcManager</name>-&gt;<call><name>activate</name><argument_list>()</argument_list></call></expr>;</expr_stmt>
    <expr_stmt><expr><name>pTmManager</name>-&gt;<call><name>activate</name><argument_list>()</argument_list></call></expr>;</expr_stmt>
    <expr_stmt><expr><name>pTmManager</name>-&gt;<call><name>activate</name><argument_list>()</argument_list></call></expr>;</expr_stmt>

    <return>return <expr><name>INITIALIZATION_SUCCESS</name></expr>;</return>
}</block></function>

<function><type><name>bool</name></type> <name><name>TestCasePUSFull</name>::<name>shutDownTestCase</name></name><parameter_list>(<param><decl><type><name>void</name></type></decl></param>)</parameter_list> <block>{
     
   <comment type="line">// restore the event repository
</comment>   <expr_stmt><expr><call><name><name>CC_RootObject</name>::<name>setEventRepository</name></name><argument_list>(<argument><expr><name>pOldEvtRep</name></expr></argument>)</argument_list></call></expr>;</expr_stmt>

   <return>return <expr><name>SHUTDOWN_SUCCESS</name></expr>;</return>
}</block></function>

<function><type><name>CC_TelecommandManager</name>*</type> <name><name>TestCasePUSFull</name>::<name>getTelecommandManager</name></name><parameter_list>(<param><decl><type><name>void</name></type></decl></param>)</parameter_list> <specifier>const</specifier> <block>{
    <return>return <expr><name>pTcManager</name></expr>;</return>
}</block></function>

<function><type><name>CC_TelemetryManager</name>*</type> <name><name>TestCasePUSFull</name>::<name>getTelemetryManager</name></name><parameter_list>(<param><decl><type><name>void</name></type></decl></param>)</parameter_list> <specifier>const</specifier> <block>{
    <return>return <expr><name>pTmManager</name></expr>;</return>
}</block></function>

<function><type><name>DC_PUSTelemetryModeManager</name>*</type> <name><name>TestCasePUSFull</name>::<name>getTelemetryModeManager</name></name><parameter_list>(<param><decl><type><name>void</name></type></decl></param>)</parameter_list> <specifier>const</specifier> <block>{
    <return>return <expr><name>pTmModeMan</name></expr>;</return>
}</block></function>

<function><type><name>CC_ManoeuvreManager</name>*</type> <name><name>TestCasePUSFull</name>::<name>getManoeuvreManager</name></name><parameter_list>(<param><decl><type><name>void</name></type></decl></param>)</parameter_list> <specifier>const</specifier> <block>{
   <return>return <expr><name>pManManager</name></expr>;</return>
}</block></function>

<function><type><name>DC_BasicPUSTcLoader</name>*</type> <name><name>TestCasePUSFull</name>::<name>getTcLoader</name></name><parameter_list>(<param><decl><type><name>void</name></type></decl></param>)</parameter_list> <specifier>const</specifier> <block>{
    <return>return <expr><name>pTcLoader</name></expr>;</return>
}</block></function>

<function><type><name>DC_PUSTmLogger</name>*</type> <name><name>TestCasePUSFull</name>::<name>getTmStream</name></name><parameter_list>(<param><decl><type><name>void</name></type></decl></param>)</parameter_list> <specifier>const</specifier> <block>{
    <return>return <expr><name>pTmLogger</name></expr>;</return>
}</block></function>

<function><type><name>DC_DummyObsClock</name>*</type> <name><name>TestCasePUSFull</name>::<name>getObsClock</name></name><parameter_list>(<param><decl><type><name>void</name></type></decl></param>)</parameter_list> <specifier>const</specifier> <block>{
    <return>return <expr><name>pObsClock</name></expr>;</return>
}</block></function>

<function><type><name>DC_PUSEventRepository</name>*</type> <name><name>TestCasePUSFull</name>::<name>getEventRepository</name></name><parameter_list>(<param><decl><type><name>void</name></type></decl></param>)</parameter_list> <specifier>const</specifier> <block>{
    <return>return <expr><name>pEvtRep</name></expr>;</return>
}</block></function>

<function><type><name>void</name></type> <name><name>TestCasePUSFull</name>::<name>resetCommandLoadArea</name></name><parameter_list>(<param><decl><type><name>void</name></type></decl></param>)</parameter_list> <block>{
    <expr_stmt><expr><name>tcCmdPos</name> = 1</expr>;</expr_stmt>
    <expr_stmt><expr><name><name>tcCommandArea</name>[<expr>0</expr>]</name> = 0</expr>;</expr_stmt>
}</block></function>

<function><type><name>void</name></type> <name><name>TestCasePUSFull</name>::<name>writeTcHeader</name></name><parameter_list>(<param><decl><type><name>unsigned</name> <name>short</name></type> <name>length</name></decl></param>, <param><decl><type><name>unsigned</name> <name>short</name></type> <name>packetSeqControl</name></decl></param>)</parameter_list> <block>{
    <decl_stmt><decl><type><name>TD_PUSPacketId</name></type> <name>id</name> =<init> <expr><call><name><name>PUSTelecommand</name>::<name>getPacketId</name></name><argument_list>()</argument_list></call></expr></init></decl>;</decl_stmt>
    <expr_stmt><expr><call><name>assert</name><argument_list>(<argument><expr><call><name>sizeof</name><argument_list>(<argument><expr><name>TD_PUSPacketId</name></expr></argument>)</argument_list></call>==2</expr></argument>)</argument_list></call></expr>;</expr_stmt>
    <expr_stmt><expr><call><name>memcpy</name><argument_list>(<argument><expr><name>tcCommandArea</name>+<name>tcCmdPos</name></expr></argument>,<argument><expr>&amp;<name>id</name></expr></argument>,<argument><expr>2</expr></argument>)</argument_list></call></expr>;</expr_stmt>
    <expr_stmt><expr><call><name>memcpy</name><argument_list>(<argument><expr><name>tcCommandArea</name>+<name>tcCmdPos</name>+2</expr></argument>,<argument><expr>&amp;<name>packetSeqControl</name></expr></argument>,<argument><expr>2</expr></argument>)</argument_list></call></expr>;</expr_stmt>
    <expr_stmt><expr><call><name>memcpy</name><argument_list>(<argument><expr><name>tcCommandArea</name>+<name>tcCmdPos</name>+4</expr></argument>,<argument><expr>&amp;<name>length</name></expr></argument>,<argument><expr>2</expr></argument>)</argument_list></call></expr>;</expr_stmt>
    <expr_stmt><expr><name>tcCmdPos</name> = <name>tcCmdPos</name>+6</expr>;</expr_stmt>
}</block></function>

<function><type><name>bool</name></type> <name><name>TestCasePUSFull</name>::<name>writeTestPUSTelecommand</name></name><parameter_list>(
                        <param><decl><type><name>unsigned</name> <name>char</name></type> <name>ackField</name></decl></param>, <param><decl><type><name>unsigned</name> <name>int</name></type> <name>execCounter</name></decl></param>, <param><decl><type><name>bool</name></type> <name>execCheckVal</name></decl></param>,
                        <param><decl><type><name>bool</name></type> <name>valCheckVal</name></decl></param>, <param><decl><type><name>TD_CheckCode</name></type> <name>execCheckCode</name></decl></param>,
                        <param><decl><type><name>TD_CheckCode</name></type> <name>valCheckCode</name></decl></param>, <param><decl><type><name>bool</name></type> <name>execOutcome</name></decl></param>,
                        <param><decl><type><name>unsigned</name> <name>short</name></type> <name>packetSeqControl</name></decl></param>)</parameter_list> <block>{

    <comment type="line">// Check that TC packet fits in command load area
</comment>    <decl_stmt><decl><type><name>unsigned</name> <name>short</name></type> <name>appDataLength</name> =<init> <expr>6</expr></init></decl>;</decl_stmt>
    <decl_stmt><decl><type><name>unsigned</name> <name>short</name></type> <name>packetLength</name> =<init> <expr>11+<call><name>sizeof</name><argument_list>(<argument><expr><name>TD_TelecommandSource</name></expr></argument>)</argument_list></call>+<name>appDataLength</name></expr></init></decl>;</decl_stmt>
    <if>if <condition>( <expr>(<name>tcCmdPos</name>+<name>packetLength</name>)&gt;<name>TC_COMMAND_AREA_MAX_N_TC</name>*<name>TC_COMMAND_AREA_MAX_TC_LEN</name></expr> )</condition><then>
        <return>return <expr><name>false</name></expr>;</return></then></if>

    <comment type="line">// Write TC packet header
</comment>    <expr_stmt><expr><call><name>writeTcHeader</name><argument_list>(<argument><expr><name>packetLength</name>-6</expr></argument>,<argument><expr><name>packetSeqControl</name></expr></argument>)</argument_list></call></expr>;</expr_stmt>

    <comment type="line">// Write packet data field header
</comment>    <expr_stmt><expr>*(<name>unsigned</name> <name>char</name>*)(<name>tcCommandArea</name>+<name>tcCmdPos</name>) = <name>ackField</name></expr>;</expr_stmt>
    <expr_stmt><expr>*(<name>unsigned</name> <name>char</name>*)(<name>tcCommandArea</name>+<name>tcCmdPos</name>+1) = <name>PUS_TYPE_TEST</name></expr>;</expr_stmt>
    <expr_stmt><expr>*(<name>unsigned</name> <name>char</name>*)(<name>tcCommandArea</name>+<name>tcCmdPos</name>+2) = <name>PUS_ST_TC_TEST</name></expr>;</expr_stmt>
    <decl_stmt><decl><type><name>TD_TelecommandSource</name></type> <name>tcSrc</name> =<init> <expr><name>DEF_PUS_TC_SOURCE</name></expr></init></decl>;</decl_stmt>
    <expr_stmt><expr><call><name>memcpy</name><argument_list>(<argument><expr><name>tcCommandArea</name>+<name>tcCmdPos</name>+3</expr></argument>,<argument><expr>&amp;<name>tcSrc</name></expr></argument>,<argument><expr><call><name>sizeof</name><argument_list>(<argument><expr><name>TD_TelecommandSource</name></expr></argument>)</argument_list></call></expr></argument>)</argument_list></call></expr>;</expr_stmt>
    <expr_stmt><expr><name>tcCmdPos</name> = <name>tcCmdPos</name>+3+<call><name>sizeof</name><argument_list>(<argument><expr><name>TD_TelecommandSource</name></expr></argument>)</argument_list></call></expr>;</expr_stmt>

    <comment type="line">// Write application data
</comment>    <expr_stmt><expr>*(<name>unsigned</name> <name>char</name>*)(<name>tcCommandArea</name>+<name>tcCmdPos</name>) = (<name>unsigned</name> <name>char</name>)<name>execCounter</name></expr>;</expr_stmt>
    <expr_stmt><expr>*(<name>unsigned</name> <name>char</name>*)(<name>tcCommandArea</name>+<name>tcCmdPos</name>+1) = <name>execCheckVal</name></expr>;</expr_stmt>
    <expr_stmt><expr>*(<name>unsigned</name> <name>char</name>*)(<name>tcCommandArea</name>+<name>tcCmdPos</name>+2) = <name>valCheckVal</name></expr>;</expr_stmt>
    <expr_stmt><expr>*(<name>unsigned</name> <name>char</name>*)(<name>tcCommandArea</name>+<name>tcCmdPos</name>+3) = (<name>unsigned</name> <name>char</name>)<name>execCheckCode</name></expr>;</expr_stmt>
    <expr_stmt><expr>*(<name>unsigned</name> <name>char</name>*)(<name>tcCommandArea</name>+<name>tcCmdPos</name>+4) = (<name>unsigned</name> <name>char</name>)<name>valCheckCode</name></expr>;</expr_stmt>
    <expr_stmt><expr>*(<name>unsigned</name> <name>char</name>*)(<name>tcCommandArea</name>+<name>tcCmdPos</name>+5) = <name>execOutcome</name></expr>;</expr_stmt>
    <expr_stmt><expr><name>tcCmdPos</name> = <name>tcCmdPos</name>+6</expr>;</expr_stmt>

    <comment type="line">// Write packet error control bytes
</comment>    <expr_stmt><expr>*(<name>unsigned</name> <name>char</name>*)(<name>tcCommandArea</name>+<name>tcCmdPos</name>) = 0</expr>;</expr_stmt>
    <expr_stmt><expr>*(<name>unsigned</name> <name>char</name>*)(<name>tcCommandArea</name>+<name>tcCmdPos</name>+1) = 0</expr>;</expr_stmt>
    <expr_stmt><expr><name>tcCmdPos</name> = <name>tcCmdPos</name>+2</expr>;</expr_stmt>

    <return>return <expr><name>true</name></expr>;</return>
}</block></function>

<function><type><name>bool</name></type> <name><name>TestCasePUSFull</name>::<name>writePUSDataReportingControl</name></name><parameter_list>(
                <param><decl><type><name>unsigned</name> <name>char</name></type> <name>ackField</name></decl></param>, <param><decl><type><name>unsigned</name> <name>char</name></type> <name>NSID</name></decl></param>, <param><decl><type><name>TD_SID</name>*</type> <name>sid</name></decl></param>,
                <param><decl><type><name>TD_TelecommandSubType</name></type> <name>tcSubType</name></decl></param>, <param><decl><type><name>unsigned</name> <name>short</name></type> <name>packetSeqControl</name></decl></param>)</parameter_list> <block>{

    <comment type="line">// Check that TC packet fits in command load area
</comment>    <decl_stmt><decl><type><name>unsigned</name> <name>short</name></type> <name>appDataLength</name> =<init> <expr>1+<name>NSID</name>*<call><name>sizeof</name><argument_list>(<argument><expr><name>TD_SID</name></expr></argument>)</argument_list></call></expr></init></decl>;</decl_stmt>
    <decl_stmt><decl><type><name>unsigned</name> <name>short</name></type> <name>packetLength</name> =<init> <expr>11+<call><name>sizeof</name><argument_list>(<argument><expr><name>TD_TelecommandSource</name></expr></argument>)</argument_list></call>+<name>appDataLength</name></expr></init></decl>;</decl_stmt>
    <if>if <condition>( <expr>(<name>tcCmdPos</name>+<name>packetLength</name>)&gt;<name>TC_COMMAND_AREA_MAX_N_TC</name>*<name>TC_COMMAND_AREA_MAX_TC_LEN</name></expr> )</condition><then>
        <return>return <expr><name>false</name></expr>;</return></then></if>

    <comment type="line">// Write TC packet header
</comment>    <expr_stmt><expr><call><name>writeTcHeader</name><argument_list>(<argument><expr><name>packetLength</name>-6</expr></argument>,<argument><expr><name>packetSeqControl</name></expr></argument>)</argument_list></call></expr>;</expr_stmt>

    <comment type="line">// Write packet data field header
</comment>    <expr_stmt><expr>*(<name>unsigned</name> <name>char</name>*)(<name>tcCommandArea</name>+<name>tcCmdPos</name>) = <name>ackField</name></expr>;</expr_stmt>
    <expr_stmt><expr>*(<name>unsigned</name> <name>char</name>*)(<name>tcCommandArea</name>+<name>tcCmdPos</name>+1) = <name>PUS_TYPE_DATA_REP</name></expr>;</expr_stmt>
    <expr_stmt><expr>*(<name>unsigned</name> <name>char</name>*)(<name>tcCommandArea</name>+<name>tcCmdPos</name>+2) = <name>tcSubType</name></expr>;</expr_stmt>
    <decl_stmt><decl><type><name>TD_TelecommandSource</name></type> <name>tcSrc</name> =<init> <expr><name>DEF_PUS_TC_SOURCE</name></expr></init></decl>;</decl_stmt>
    <expr_stmt><expr><call><name>memcpy</name><argument_list>(<argument><expr><name>tcCommandArea</name>+<name>tcCmdPos</name>+3</expr></argument>,<argument><expr>&amp;<name>tcSrc</name></expr></argument>,<argument><expr><call><name>sizeof</name><argument_list>(<argument><expr><name>TD_TelecommandSource</name></expr></argument>)</argument_list></call></expr></argument>)</argument_list></call></expr>;</expr_stmt>
    <expr_stmt><expr><name>tcCmdPos</name> = <name>tcCmdPos</name>+3+<call><name>sizeof</name><argument_list>(<argument><expr><name>TD_TelecommandSource</name></expr></argument>)</argument_list></call></expr>;</expr_stmt>

    <comment type="line">// Write application data
</comment>    <expr_stmt><expr>*(<name>unsigned</name> <name>char</name>*)(<name>tcCommandArea</name>+<name>tcCmdPos</name>) = (<name>unsigned</name> <name>char</name>)<name>NSID</name></expr>;</expr_stmt>
    <expr_stmt><expr><name>tcCmdPos</name>++</expr>;</expr_stmt>
    <for>for (<init><expr><type><name>unsigned</name> <name>char</name></type> <name>i</name>=<init><expr>0</expr></init></expr>;</init> <condition><expr><name>i</name>&lt;<name>NSID</name></expr>;</condition> <incr><expr><name>i</name>++</expr></incr>) <block>{
        <expr_stmt><expr><call><name>memcpy</name><argument_list>(<argument><expr><name>tcCommandArea</name>+<name>tcCmdPos</name></expr></argument>,<argument><expr>&amp;<name><name>sid</name>[<expr><name>i</name></expr>]</name></expr></argument>,<argument><expr><call><name>sizeof</name><argument_list>(<argument><expr><name>TD_SID</name></expr></argument>)</argument_list></call></expr></argument>)</argument_list></call></expr>;</expr_stmt>
        <expr_stmt><expr><name>tcCmdPos</name> = <name>tcCmdPos</name> + <call><name>sizeof</name><argument_list>(<argument><expr><name>TD_SID</name></expr></argument>)</argument_list></call></expr>;</expr_stmt>
    }</block></for>

    <comment type="line">// Write packet error control bytes
</comment>    <expr_stmt><expr>*(<name>unsigned</name> <name>char</name>*)(<name>tcCommandArea</name>+<name>tcCmdPos</name>) = 0</expr>;</expr_stmt>
    <expr_stmt><expr>*(<name>unsigned</name> <name>char</name>*)(<name>tcCommandArea</name>+<name>tcCmdPos</name>+1) = 0</expr>;</expr_stmt>
    <expr_stmt><expr><name>tcCmdPos</name> = <name>tcCmdPos</name>+2</expr>;</expr_stmt>

    <return>return <expr><name>true</name></expr>;</return>
}</block></function>

<function><type><name>bool</name></type> <name><name>TestCasePUSFull</name>::<name>writePUSDefineDataReporting</name></name><parameter_list>(
                <param><decl><type><name>unsigned</name> <name>char</name></type> <name>ackField</name></decl></param>, <param><decl><type><name>TD_PUSCollectionInterval</name></type> <name>collectionInterval</name></decl></param>, <param><decl><type><name>TD_SID</name></type> <name>sid</name></decl></param>,
                <param><decl><type><name>TD_DataPoolId</name></type> <name>par</name></decl></param>, <param><decl><type><name>unsigned</name> <name>short</name></type> <name>packetSeqControl</name></decl></param>, <param><decl><type><name>TD_TelecommandSubType</name></type> <name>tcSubType</name></decl></param>)</parameter_list> <block>{

    <comment type="line">// Check that TC packet fits in command load area
</comment>    <decl_stmt><decl><type><name>unsigned</name> <name>short</name></type> <name>appDataLength</name> =<init> <expr><call><name>sizeof</name><argument_list>(<argument><expr><name>TD_SID</name></expr></argument>)</argument_list></call>+<call><name>sizeof</name><argument_list>(<argument><expr><name>TD_PUSCollectionInterval</name></expr></argument>)</argument_list></call>+
                                 <call><name>sizeof</name><argument_list>(<argument><expr><name>TD_PUSNumberOfParameters</name></expr></argument>)</argument_list></call>+<call><name>sizeof</name><argument_list>(<argument><expr><name>TD_DataPoolId</name></expr></argument>)</argument_list></call></expr></init></decl>;</decl_stmt>
    <decl_stmt><decl><type><name>unsigned</name> <name>short</name></type> <name>packetLength</name> =<init> <expr>11+<call><name>sizeof</name><argument_list>(<argument><expr><name>TD_TelecommandSource</name></expr></argument>)</argument_list></call>+<name>appDataLength</name></expr></init></decl>;</decl_stmt>
    <if>if <condition>( <expr>(<name>tcCmdPos</name>+<name>packetLength</name>)&gt;<name>TC_COMMAND_AREA_MAX_N_TC</name>*<name>TC_COMMAND_AREA_MAX_TC_LEN</name></expr> )</condition><then>
        <return>return <expr><name>false</name></expr>;</return></then></if>

    <comment type="line">// Write TC packet header
</comment>    <expr_stmt><expr><call><name>writeTcHeader</name><argument_list>(<argument><expr><name>packetLength</name>-6</expr></argument>,<argument><expr><name>packetSeqControl</name></expr></argument>)</argument_list></call></expr>;</expr_stmt>

    <comment type="line">// Write packet data field header
</comment>    <expr_stmt><expr>*(<name>unsigned</name> <name>char</name>*)(<name>tcCommandArea</name>+<name>tcCmdPos</name>) = <name>ackField</name></expr>;</expr_stmt>
    <expr_stmt><expr>*(<name>unsigned</name> <name>char</name>*)(<name>tcCommandArea</name>+<name>tcCmdPos</name>+1) = <name>PUS_TYPE_DATA_REP</name></expr>;</expr_stmt>
    <expr_stmt><expr>*(<name>unsigned</name> <name>char</name>*)(<name>tcCommandArea</name>+<name>tcCmdPos</name>+2) = <name>tcSubType</name></expr>;</expr_stmt>
    <decl_stmt><decl><type><name>TD_TelecommandSource</name></type> <name>tcSrc</name> =<init> <expr><name>DEF_PUS_TC_SOURCE</name></expr></init></decl>;</decl_stmt>
    <expr_stmt><expr><call><name>memcpy</name><argument_list>(<argument><expr><name>tcCommandArea</name>+<name>tcCmdPos</name>+3</expr></argument>,<argument><expr>&amp;<name>tcSrc</name></expr></argument>,<argument><expr><call><name>sizeof</name><argument_list>(<argument><expr><name>TD_TelecommandSource</name></expr></argument>)</argument_list></call></expr></argument>)</argument_list></call></expr>;</expr_stmt>
    <expr_stmt><expr><name>tcCmdPos</name> = <name>tcCmdPos</name>+3+<call><name>sizeof</name><argument_list>(<argument><expr><name>TD_TelecommandSource</name></expr></argument>)</argument_list></call></expr>;</expr_stmt>

    <comment type="line">// Write application data
</comment>    <expr_stmt><expr><call><name>memcpy</name><argument_list>(<argument><expr><name>tcCommandArea</name>+<name>tcCmdPos</name></expr></argument>,<argument><expr>&amp;<name>sid</name></expr></argument>,<argument><expr><call><name>sizeof</name><argument_list>(<argument><expr><name>TD_SID</name></expr></argument>)</argument_list></call></expr></argument>)</argument_list></call></expr>;</expr_stmt>
    <expr_stmt><expr><name>tcCmdPos</name> = <name>tcCmdPos</name>+<call><name>sizeof</name><argument_list>(<argument><expr><name>TD_SID</name></expr></argument>)</argument_list></call></expr>;</expr_stmt>

    <expr_stmt><expr><call><name>memcpy</name><argument_list>(<argument><expr><name>tcCommandArea</name>+<name>tcCmdPos</name></expr></argument>,<argument><expr>&amp;<name>collectionInterval</name></expr></argument>,<argument><expr><call><name>sizeof</name><argument_list>(<argument><expr><name>TD_PUSCollectionInterval</name></expr></argument>)</argument_list></call></expr></argument>)</argument_list></call></expr>;</expr_stmt>
    <expr_stmt><expr><name>tcCmdPos</name> = <name>tcCmdPos</name>+<call><name>sizeof</name><argument_list>(<argument><expr><name>TD_PUSCollectionInterval</name></expr></argument>)</argument_list></call></expr>;</expr_stmt>

    <decl_stmt><decl><type><name>TD_PUSNumberOfParameters</name></type> <name>npTemp</name> =<init> <expr>1</expr></init></decl>;</decl_stmt>
    <expr_stmt><expr><call><name>memcpy</name><argument_list>(<argument><expr><name>tcCommandArea</name>+<name>tcCmdPos</name></expr></argument>,<argument><expr>&amp;<name>npTemp</name></expr></argument>,<argument><expr><call><name>sizeof</name><argument_list>(<argument><expr><name>TD_PUSNumberOfParameters</name></expr></argument>)</argument_list></call></expr></argument>)</argument_list></call></expr>;</expr_stmt>
    <expr_stmt><expr><name>tcCmdPos</name> = <name>tcCmdPos</name>+<call><name>sizeof</name><argument_list>(<argument><expr><name>TD_PUSNumberOfParameters</name></expr></argument>)</argument_list></call></expr>;</expr_stmt>

    <expr_stmt><expr><call><name>memcpy</name><argument_list>(<argument><expr><name>tcCommandArea</name>+<name>tcCmdPos</name></expr></argument>,<argument><expr>&amp;<name>par</name></expr></argument>,<argument><expr><call><name>sizeof</name><argument_list>(<argument><expr><name>TD_DataPoolId</name></expr></argument>)</argument_list></call></expr></argument>)</argument_list></call></expr>;</expr_stmt>
    <expr_stmt><expr><name>tcCmdPos</name> = <name>tcCmdPos</name>+<call><name>sizeof</name><argument_list>(<argument><expr><name>TD_DataPoolId</name></expr></argument>)</argument_list></call></expr>;</expr_stmt>

    <comment type="line">// Write packet error control bytes
</comment>    <expr_stmt><expr>*(<name>unsigned</name> <name>char</name>*)(<name>tcCommandArea</name>+<name>tcCmdPos</name>) = 0</expr>;</expr_stmt>
    <expr_stmt><expr>*(<name>unsigned</name> <name>char</name>*)(<name>tcCommandArea</name>+<name>tcCmdPos</name>+1) = 0</expr>;</expr_stmt>
    <expr_stmt><expr><name>tcCmdPos</name> = <name>tcCmdPos</name>+2</expr>;</expr_stmt>

    <return>return <expr><name>true</name></expr>;</return>
}</block></function>

</unit>
