<unit xmlns="http://www.sdml.info/srcML/src" xmlns:cpp="http://www.sdml.info/srcML/cpp">
<comment type="line">//
</comment><comment type="line">// Copyright 2004 P&amp;P Software GmbH - All Rights Reserved
</comment><comment type="line">//
</comment><comment type="line">// TestCaseWithEvtCheck.h
</comment><comment type="line">//
</comment><comment type="line">// Version	1.0
</comment><comment type="line">// Date		28.11.03
</comment><comment type="line">// Author	R. Totaro
</comment><comment type="line">//
</comment><comment type="line">// Change Record:
</comment>
<cpp:ifndef>#<cpp:directive>ifndef</cpp:directive> <name>TestCaseWithEvtCheckH</name></cpp:ifndef>
<cpp:define>#<cpp:directive>define</cpp:directive> <name>TestCaseWithEvtCheckH</name></cpp:define>

<cpp:include>#<cpp:directive>include</cpp:directive> <cpp:file>"../Event/DC_EventRepository.h"</cpp:file></cpp:include>
<cpp:include>#<cpp:directive>include</cpp:directive> <cpp:file>"../Utilities/TestCaseGenericSetUp.h"</cpp:file></cpp:include>

<cpp:define>#<cpp:directive>define</cpp:directive> <name>verifyLatestEvent</name>(nEvt,eventType) verifyLatestEventHidden(__LINE__,nEvt,eventType)</cpp:define>
<cpp:define>#<cpp:directive>define</cpp:directive> <name>verifySpecificEvent</name>(n,eventType)  verifySpecificEventHidden(__LINE__,n,eventType)</cpp:define>

<comment type="block">/**
 * Base class for test cases that need to perform checks on the
 * event repository associated to the &lt;code&gt;CC_RootObject&lt;/code&gt;
 * class.
 * Two types of checks are foreseen. The &lt;i&gt;latest event check&lt;/i&gt;
 * verifies the type and parameter of the latest event in the
 * repository and the total number of events in the repository.
 * The &lt;i&gt;specific event check&lt;/i&gt; verifies the type and parameter
 * of a specific event in the repository.
 * @see CC_RootObject#getEventRepository
 * @author Roberto Totaro
 * @version 1.0
 * @ingroup TestCases
 */</comment>
<class>class <name>TestCaseWithEvtCheck</name> <super>: <specifier>public</specifier> <name>TestCaseGenericSetUp</name></super> <block>{<private type="default">

</private><public>public:
	<comment type="block">/**
	 * Set the identifier and the name of the test case.
	 * @param testId the test identifier
	 * @param testName the name of the test
	 */</comment>
	<constructor_decl><name>TestCaseWithEvtCheck</name><parameter_list>(<param><decl><type><name>int</name></type> <name>testId</name></decl></param>,<param><decl><type><name>char</name> *</type><name>testName</name></decl></param>)</parameter_list>;</constructor_decl>

	<comment type="block">/**
	 * Call the test setup service of the super class.
	 */</comment>
	<function_decl><type><name>virtual</name> <name>bool</name></type> <name>setUpTestCase</name><parameter_list>(<param><decl><type><name>void</name></type></decl></param>)</parameter_list>;</function_decl>

</public><protected>protected:

	<comment type="block">/**
	 * Get the current number of events in the repository.
	 * @return Number of events
	 */</comment>
	<function_decl><type><name>unsigned</name> <name>int</name></type> <name>getNumberOfEvents</name><parameter_list>(<param><decl><type><name>void</name></type></decl></param>)</parameter_list> <specifier>const</specifier>;</function_decl>

	<comment type="block">/**
	 * Get the size of the event repository (the maximum number of events
     * it can contain).
	 * @return Size of event repository
	 */</comment>
	<function_decl><type><name>unsigned</name> <name>int</name></type> <name>getEventRepositorySize</name><parameter_list>(<param><decl><type><name>void</name></type></decl></param>)</parameter_list> <specifier>const</specifier>;</function_decl>

	<comment type="block">/**
	 * Perform a &lt;i&gt;latest event check&lt;/i&gt;. More specifically, the
	 * following tests are performed on the event repository associated
	 * to the &lt;code&gt;CC_RootObject&lt;/code&gt; class: &lt;ul&gt;
	 * &lt;li&gt;Verifies that the number of events in the repository
	 * is equal to &lt;code&gt;nEvt&lt;/code&gt;&lt;/li&gt;
	 * &lt;li&gt;Checks that the event type of the latest event in the
	 * repository is equal to &lt;code&gt;eventType&lt;/code&gt;&lt;/li&gt;
	 * &lt;/ul&gt;
	 * If all the tests are passed, the method returns &lt;code&gt;true&lt;/code&gt;,
	 * otherwise &lt;code&gt;false&lt;/code&gt;.
	 * @param line line number
	 * @param nEvt the expected number of events in the repository
	 * @param eventType the expected type of the latest event in the repository
	 * @return true if the tests are passed, false otherwise
	 */</comment>
	<function_decl><type><name>bool</name></type> <name>verifyLatestEventHidden</name><parameter_list>(<param><decl><type><name>const</name> <name>int</name></type> <name>line</name></decl></param>,
                                 <param><decl><type><name>const</name> <name>unsigned</name> <name>int</name></type> <name>nEvt</name></decl></param>,
						         <param><decl><type><name>const</name> <name>TD_EventType</name></type> <name>eventType</name></decl></param>)</parameter_list>;</function_decl>

	<comment type="block">/**
	 * Perform a &lt;i&gt;specific event check&lt;/i&gt;. The event to be checked is the
	 * n-th event in the buffer. The argument n must lie in the range [N-S+1, N]
     * where N is the total number of events stored in the repository since
     * it was created (return value of method &lt;code&gt;getCounter()&lt;/code&gt;) and
     * S is the repository size. If the method argument does not satisfy this
     * constraint, the test returns false. Otherwise, the following checks
	 * are performed on the target event: &lt;ul&gt;
	 * &lt;li&gt;Verify that the event type of the checked event in the
	 * repository is equal to &lt;code&gt;eventType&lt;/code&gt;&lt;/li&gt;
	 * &lt;/ul&gt;
	 * If all the tests are passed, the method returns &lt;code&gt;true&lt;/code&gt;,
	 * otherwise &lt;code&gt;false&lt;/code&gt;.
	 * @param line line number
	 * @param n the identifier of the target event
	 * @param eventType the expected type of the target event
	 * @return true if the tests are passed, false otherwise
	 */</comment>
	<function_decl><type><name>bool</name></type> <name>verifySpecificEventHidden</name><parameter_list>(<param><decl><type><name>const</name> <name>int</name></type> <name>line</name></decl></param>,
                                   <param><decl><type><name>const</name> <name>unsigned</name> <name>int</name></type> <name>n</name></decl></param>,
							       <param><decl><type><name>const</name> <name>TD_EventType</name></type> <name>eventType</name></decl></param>)</parameter_list>;</function_decl>
</protected>}</block>;</class>
<cpp:endif>#<cpp:directive>endif</cpp:directive></cpp:endif>
</unit>
