<unit xmlns="http://www.sdml.info/srcML/src" xmlns:cpp="http://www.sdml.info/srcML/cpp">
<comment type="line">//
</comment><comment type="line">// Copyright 2004 P&amp;P Software GmbH - All Rights Reserved
</comment><comment type="line">//
</comment><comment type="line">// TestCase.cpp
</comment><comment type="line">//
</comment><comment type="line">// Version	1.0
</comment><comment type="line">// Date		13.09.02
</comment><comment type="line">// Author	A. Pasetti (P&amp;P Software)
</comment><comment type="line">//
</comment>
<cpp:include>#<cpp:directive>include</cpp:directive> <cpp:file>"../GeneralInclude/CompilerSwitches.h"</cpp:file></cpp:include>
<cpp:include>#<cpp:directive>include</cpp:directive> <cpp:file>"../GeneralInclude/TestConstants.h"</cpp:file></cpp:include>
<cpp:include>#<cpp:directive>include</cpp:directive> <cpp:file>"TestCase.h"</cpp:file></cpp:include>
<cpp:include>#<cpp:directive>include</cpp:directive> <cpp:file>&lt;string.h&gt;</cpp:file></cpp:include>

<constructor><name>TestCase::TestCase</name><parameter_list>(<param><decl><type><name>int</name></type> <name>id</name></decl></param>,<param><decl><type><name>char</name>*</type> <name>name</name></decl></param>)</parameter_list> <block>{
	<expr_stmt><expr><name>testId</name> = <name>id</name></expr>;</expr_stmt>

	<expr_stmt><expr><name>testName</name> = new <name><name>char</name>[<expr><call><name>strlen</name><argument_list>(<argument><expr><name>name</name></expr></argument>)</argument_list></call>+1</expr>]</name></expr>;</expr_stmt>
	<expr_stmt><expr><call><name>strcpy</name><argument_list>(<argument><expr><name>testName</name></expr></argument>,<argument><expr><name>name</name></expr></argument>)</argument_list></call></expr>;</expr_stmt>

	<expr_stmt><expr><name>testResultFlag</name> = <name>false</name></expr>;</expr_stmt>
}</block></constructor>

<function><type><name>void</name></type> <name><name>TestCase</name>::<name>setTestResult</name></name><parameter_list>(<param><decl><type><name>bool</name></type> <name>outcome</name></decl></param>, <param><decl><type><name>char</name>*</type> <name>msg</name></decl></param>)</parameter_list> <block>{
    <comment type="line">// Check that method is called for the first time
</comment>    <if>if <condition>(<expr><name>testResultFlag</name></expr>)</condition><then> <block>{
        <decl_stmt><decl><type><name>const</name> <name>char</name> *</type><name>error</name> =<init> <expr>"INVALID TEST -- SetTestResult called more than once"</expr></init></decl>;</decl_stmt>

        <expr_stmt><expr><name>testOutcome</name> = <name>false</name></expr>;</expr_stmt>
        <expr_stmt><expr><name>testMessage</name> = new <name><name>char</name>[<expr><macro>strlen<argument_list>(error)</argument_list></macro>+1</expr>]</name></expr>;</expr_stmt>
        <macro>strcpy<argument_list>(testMessage,error)</argument_list>;</macro>
    }</block></then>
    <else>else <block>{
        <expr_stmt><expr><name>testOutcome</name> = <name>outcome</name></expr>;</expr_stmt>
        <expr_stmt><expr><name>testMessage</name> = new <name><name>char</name>[<expr><call><name>strlen</name><argument_list>(<argument><expr><name>msg</name></expr></argument>)</argument_list></call>+1</expr>]</name></expr>;</expr_stmt>
        <expr_stmt><expr><call><name>strcpy</name><argument_list>(<argument><expr><name>testMessage</name></expr></argument>,<argument><expr><name>msg</name></expr></argument>)</argument_list></call></expr>;</expr_stmt>
    }</block></else></if>
}</block></function>

<function><type><name>bool</name></type> <name><name>TestCase</name>::<name>isNonNominalCheckAllowed</name></name><parameter_list>(<param><decl><type><name>void</name></type></decl></param>)</parameter_list> <specifier>const</specifier> <block>{
<cpp:if>#<cpp:directive>if</cpp:directive> <expr><call><name>defined</name><argument_list>(<argument><expr><name>NDEBUG</name></expr></argument>)</argument_list></call> || !<call><name>defined</name><argument_list>(<argument><expr><name>USE_SYSTEM_ASSERT</name></expr></argument>)</argument_list></call></expr></cpp:if>
    <return>return <expr><name>true</name></expr>;</return>
<cpp:else>#<cpp:directive>else</cpp:directive></cpp:else>
    <return>return <expr><name>false</name></expr>;</return>
<cpp:endif>#<cpp:directive>endif</cpp:directive></cpp:endif>
}</block></function>

<function><type><name>bool</name></type> <name><name>TestCase</name>::<name>shutDownTestCase</name></name><parameter_list>(<param><decl><type><name>void</name></type></decl></param>)</parameter_list> <block>{
     <return>return <expr><name>SHUTDOWN_SUCCESS</name></expr>;</return>
}</block></function>

<function><type><name>bool</name></type> <name><name>TestCase</name>::<name>setUpTestCase</name></name><parameter_list>(<param><decl><type><name>void</name></type></decl></param>)</parameter_list> <block>{
	<return>return <expr><name>INITIALIZATION_SUCCESS</name></expr>;</return>
}</block></function>

<function><type><name>char</name>*</type> <name><name>TestCase</name>::<name>getTestName</name></name><parameter_list>(<param><decl><type><name>void</name></type></decl></param>)</parameter_list> <specifier>const</specifier> <block>{
     <return>return <expr><name>testName</name></expr>;</return>
}</block></function>

<function><type><name>bool</name></type> <name><name>TestCase</name>::<name>getTestOutcome</name></name><parameter_list>(<param><decl><type><name>void</name></type></decl></param>)</parameter_list> <specifier>const</specifier> <block>{
     <return>return <expr><name>testOutcome</name></expr>;</return>
}</block></function>

<function><type><name>char</name>*</type> <name><name>TestCase</name>::<name>getTestMessage</name></name><parameter_list>(<param><decl><type><name>void</name></type></decl></param>)</parameter_list> <specifier>const</specifier> <block>{
     <return>return <expr><name>testMessage</name></expr>;</return>
}</block></function>
</unit>
