<unit xmlns="http://www.sdml.info/srcML/src" xmlns:cpp="http://www.sdml.info/srcML/cpp">
<comment type="line">//
</comment><comment type="line">// Copyright 2004 P&amp;P Software GmbH - All Rights Reserved
</comment><comment type="line">//
</comment><comment type="line">// TestCaseGenericSetUp.cpp
</comment><comment type="line">//
</comment><comment type="line">// Version	1.0
</comment><comment type="line">// Date		13.04.03
</comment><comment type="line">// Author	A. Pasetti (P&amp;P Software)
</comment>
<cpp:include>#<cpp:directive>include</cpp:directive> <cpp:file>"TestCaseGenericSetUp.h"</cpp:file></cpp:include>
<cpp:include>#<cpp:directive>include</cpp:directive> <cpp:file>"TestCase.h"</cpp:file></cpp:include>
<cpp:include>#<cpp:directive>include</cpp:directive> <cpp:file>"../GeneralInclude/CompilerSwitches.h"</cpp:file></cpp:include>
<cpp:include>#<cpp:directive>include</cpp:directive> <cpp:file>"../GeneralInclude/TestConstants.h"</cpp:file></cpp:include>
<cpp:include>#<cpp:directive>include</cpp:directive> <cpp:file>"../GeneralInclude/Constants.h"</cpp:file></cpp:include>
<cpp:include>#<cpp:directive>include</cpp:directive> <cpp:file>"../Base/CC_RootObject.h"</cpp:file></cpp:include>
<cpp:include>#<cpp:directive>include</cpp:directive> <cpp:file>"../Event/DC_EventRepository.h"</cpp:file></cpp:include>
<cpp:include>#<cpp:directive>include</cpp:directive> <cpp:file>"../Data/DC_DummyDataPool.h"</cpp:file></cpp:include>
<cpp:include>#<cpp:directive>include</cpp:directive> <cpp:file>"../Data/DC_DummyDatabase.h"</cpp:file></cpp:include>
<cpp:include>#<cpp:directive>include</cpp:directive> <cpp:file>"../System/DC_DummyObsClock.h"</cpp:file></cpp:include>
<cpp:include>#<cpp:directive>include</cpp:directive> <cpp:file>"../System/DC_DummyTracer.h"</cpp:file></cpp:include>
<cpp:include>#<cpp:directive>include</cpp:directive> <cpp:file>"../Telemetry/PUSTelemetryPacket.h"</cpp:file></cpp:include>
<cpp:include>#<cpp:directive>include</cpp:directive> <cpp:file>"../Telemetry/CC_TelemetryPacketFactory.h"</cpp:file></cpp:include>
<cpp:include>#<cpp:directive>include</cpp:directive> <cpp:file>"../Telemetry/DC_PUSTcVerificationPacket.h"</cpp:file></cpp:include>
<cpp:include>#<cpp:directive>include</cpp:directive> <cpp:file>"../Telemetry/DC_PUSDataReportingPacket.h"</cpp:file></cpp:include>
<cpp:include>#<cpp:directive>include</cpp:directive> <cpp:file>"../Telemetry/DC_DummyPUSTelemetryPacket.h"</cpp:file></cpp:include>
<cpp:include>#<cpp:directive>include</cpp:directive> <cpp:file>"../Telecommand/PUSTelecommand.h"</cpp:file></cpp:include>

<decl_stmt><decl><type><name>bool</name></type> <name><name>TestCaseGenericSetUp</name>::<name>firstActivation</name></name> =<init> <expr><name>true</name></expr></init></decl>;</decl_stmt>

<constructor><name>TestCaseGenericSetUp::TestCaseGenericSetUp</name><parameter_list>(<param><decl><type><name>int</name></type> <name>testId</name></decl></param>, <param><decl><type><name>char</name>*</type> <name>testName</name></decl></param>)</parameter_list><member_list>:
     <call><name>TestCase</name><argument_list>(<argument><expr><name>testId</name></expr></argument>,<argument><expr><name>testName</name></expr></argument>)</argument_list></call> </member_list><block>{
     <return>return;</return>
}</block></constructor>

<function><type><name>bool</name></type> <name><name>TestCaseGenericSetUp</name>::<name>setUpTestCase</name></name><parameter_list>(<param><decl><type><name>void</name></type></decl></param>)</parameter_list> <block>{

   <if>if <condition>(<expr><name>firstActivation</name></expr>)</condition><then> <block>{
     <comment type="line">// Initialize the system list size in class CC_RootObject
</comment>     <expr_stmt><expr><call><name><name>CC_RootObject</name>::<name>setSystemListSize</name></name><argument_list>(<argument><expr><name>MAX_N_OBJECTS</name></expr></argument>)</argument_list></call></expr>;</expr_stmt>

     <comment type="line">// Load an event repository into class CC_RootObject
</comment>     <decl_stmt><decl><type><name>DC_EventRepository</name>*</type> <name>pRep</name> =<init> <expr>new <call><name>DC_EventRepository</name><argument_list>()</argument_list></call></expr></init></decl>;</decl_stmt>
     <decl_stmt><decl><type><name>DC_DummyObsClock</name>*</type> <name>pClk</name> =<init> <expr>new <call><name>DC_DummyObsClock</name><argument_list>()</argument_list></call></expr></init></decl>;</decl_stmt>
     <expr_stmt><expr><name>pRep</name>-&gt;<call><name>setObsClock</name><argument_list>(<argument><expr><name>pClk</name></expr></argument>)</argument_list></call></expr>;</expr_stmt>
     <expr_stmt><expr><name>pRep</name>-&gt;<call><name>setRepositorySize</name><argument_list>(<argument><expr><name>EVT_REP_SIZE</name></expr></argument>)</argument_list></call></expr>;</expr_stmt>

     <comment type="line">// Load repository into CC_RootObject and check success
</comment>     <expr_stmt><expr><call><name><name>CC_RootObject</name>::<name>setEventRepository</name></name><argument_list>(<argument><expr><name>pRep</name></expr></argument>)</argument_list></call></expr>;</expr_stmt>
     <if>if <condition>( <expr><call><name><name>CC_RootObject</name>::<name>getEventRepository</name></name><argument_list>()</argument_list></call>!=<name>pRep</name></expr> )</condition><then>
         <return>return <expr><name>INITIALIZATION_FAILURE</name></expr>;</return></then></if>

     <comment type="line">// Load a dummy database into class CC_RootObject and check success
</comment>     <decl_stmt><decl><type><name>DC_DummyDatabase</name>*</type> <name>pDB</name> =<init> <expr>new <call><name>DC_DummyDatabase</name><argument_list>()</argument_list></call></expr></init></decl>;</decl_stmt>
     <expr_stmt><expr><call><name><name>CC_RootObject</name>::<name>setParameterDatabase</name></name><argument_list>(<argument><expr><name>pDB</name></expr></argument>)</argument_list></call></expr>;</expr_stmt>
     <if>if <condition>( <expr><call><name><name>CC_RootObject</name>::<name>getParameterDatabase</name></name><argument_list>()</argument_list></call>!=<name>pDB</name></expr> )</condition><then>
         <return>return <expr><name>INITIALIZATION_FAILURE</name></expr>;</return></then></if>

     <comment type="line">// Load a dummy datapool into class CC_RootObject and check success
</comment>     <decl_stmt><decl><type><name>DC_DummyDataPool</name>*</type> <name>pDP</name> =<init> <expr>new <call><name>DC_DummyDataPool</name><argument_list>()</argument_list></call></expr></init></decl>;</decl_stmt>
     <expr_stmt><expr><call><name><name>CC_RootObject</name>::<name>setDataPool</name></name><argument_list>(<argument><expr><name>pDP</name></expr></argument>)</argument_list></call></expr>;</expr_stmt>
     <if>if <condition>( <expr><call><name><name>CC_RootObject</name>::<name>getDataPool</name></name><argument_list>()</argument_list></call>!=<name>pDP</name></expr> )</condition><then>
         <return>return <expr><name>INITIALIZATION_FAILURE</name></expr>;</return></then></if>

     <comment type="line">// Load a tracer into class CC_RootObject and check success
</comment>     <decl_stmt><decl><type><name>DC_DummyTracer</name>*</type> <name>pTrc</name> =<init> <expr>new <call><name>DC_DummyTracer</name><argument_list>()</argument_list></call></expr></init></decl>;</decl_stmt>
     <expr_stmt><expr><call><name><name>CC_RootObject</name>::<name>setTracer</name></name><argument_list>(<argument><expr><name>pTrc</name></expr></argument>)</argument_list></call></expr>;</expr_stmt>
     <if>if <condition>( <expr><call><name><name>CC_RootObject</name>::<name>getTracer</name></name><argument_list>()</argument_list></call>!=<name>pTrc</name></expr> )</condition><then>
         <return>return <expr><name>INITIALIZATION_FAILURE</name></expr>;</return></then></if>

     <comment type="line">// Configure the static part of PUS telecommand and telemetry classes
</comment>     <expr_stmt><expr><call><name><name>PUSTelemetryPacket</name>::<name>setDefaultDestination</name></name><argument_list>(<argument><expr><name>TEST_TM_DEF_DEST</name></expr></argument>)</argument_list></call></expr>;</expr_stmt>
     <expr_stmt><expr><call><name><name>PUSTelemetryPacket</name>::<name>setApplicationId</name></name><argument_list>(<argument><expr><name>TEST_TM_APID</name></expr></argument>)</argument_list></call></expr>;</expr_stmt>
     <expr_stmt><expr><call><name><name>PUSTelemetryPacket</name>::<name>setObsClock</name></name><argument_list>(<argument><expr><name>pClk</name></expr></argument>)</argument_list></call></expr>;</expr_stmt>
     <expr_stmt><expr><call><name><name>PUSTelecommand</name>::<name>setApplicationId</name></name><argument_list>(<argument><expr><name>TEST_TC_APID</name></expr></argument>)</argument_list></call></expr>;</expr_stmt>

     <expr_stmt><expr><name>firstActivation</name> = <name>false</name></expr>;</expr_stmt>
   }</block></then></if>

	<return>return <expr><name>INITIALIZATION_SUCCESS</name></expr>;</return>
}</block></function>

<function><type><name>void</name></type> <name><name>TestCaseGenericSetUp</name>::<name>runTestCase</name></name><parameter_list>(<param><decl><type><name>void</name></type></decl></param>)</parameter_list> <block>{
     <return>return;</return>
}</block></function>

<function><type><name>bool</name></type> <name><name>TestCaseGenericSetUp</name>::<name>shutDownTestCase</name></name><parameter_list>(<param><decl><type><name>void</name></type></decl></param>)</parameter_list> <block>{
     <return>return <expr><name>SHUTDOWN_SUCCESS</name></expr>;</return>
}</block></function>
</unit>
