<unit xmlns="http://www.sdml.info/srcML/src" xmlns:cpp="http://www.sdml.info/srcML/cpp">
<comment type="line">//
</comment><comment type="line">// Copyright 2004 P&amp;P Software GmbH - All Rights Reserved
</comment><comment type="line">//
</comment><comment type="line">// TestSuite.cpp
</comment><comment type="line">//
</comment><comment type="line">// Version	1.0
</comment><comment type="line">// Date		13.09.02
</comment><comment type="line">// Author	     A. Pasetti (P&amp;P Software)
</comment>
<cpp:include>#<cpp:directive>include</cpp:directive> <cpp:file>"../GeneralInclude/CompilerSwitches.h"</cpp:file></cpp:include>
<cpp:include>#<cpp:directive>include</cpp:directive> <cpp:file>"TestSuite.h"</cpp:file></cpp:include>
<cpp:include>#<cpp:directive>include</cpp:directive> <cpp:file>"TestCase.h"</cpp:file></cpp:include>
<cpp:include>#<cpp:directive>include</cpp:directive> <cpp:file>"../Utilities/TestUtilities.h"</cpp:file></cpp:include>
<cpp:include>#<cpp:directive>include</cpp:directive> <cpp:file>&lt;string.h&gt;</cpp:file></cpp:include>

<constructor><name>TestSuite::TestSuite</name><parameter_list>(<param><decl><type><name>FILE</name>*</type> <name>outputFile</name></decl></param>)</parameter_list> <block>{

	<expr_stmt><expr><name>out</name> = <name>outputFile</name></expr>;</expr_stmt>
	<expr_stmt><expr><name>testCaseCounter</name> = 0</expr>;</expr_stmt>
}</block></constructor>

<function><type><name>void</name></type> <name><name>TestSuite</name>::<name>runTestSuite</name></name><parameter_list>(<param><decl><type><name>void</name></type></decl></param>)</parameter_list> <block>{

     <expr_stmt><expr><call><name>printRegressionTestHeader</name><argument_list>(<argument><expr><name>out</name></expr></argument>)</argument_list></call></expr>;</expr_stmt>

	<for>for (<init><expr><type><name>int</name></type> <name>i</name>=<init><expr>0</expr></init></expr>;</init> <condition><expr><name>i</name>&lt;<name>testCaseCounter</name></expr>;</condition> <incr><expr><name>i</name>++</expr></incr>)
	<block>{
        <if>if <condition>(<expr>!<name><name>list</name>[<expr><name>i</name></expr>]</name>-&gt;<call><name>setUpTestCase</name><argument_list>()</argument_list></call></expr>)</condition><then> <block>{
               <expr_stmt><expr><call><name>printErrorMsg</name><argument_list>(<argument><expr><name>out</name></expr></argument>,<argument><expr><name><name>list</name>[<expr><name>i</name></expr>]</name>-&gt;<call><name>getTestName</name><argument_list>()</argument_list></call></expr></argument>,<argument><expr>"Test set up failed ..."</expr></argument>)</argument_list></call></expr>;</expr_stmt>
               <continue>continue;</continue>
        }</block></then> <else>else <block>{
		       <expr_stmt><expr><name><name>list</name>[<expr><name>i</name></expr>]</name>-&gt;<call><name>runTestCase</name><argument_list>()</argument_list></call></expr>;</expr_stmt>
        }</block></else></if>
        <if>if <condition>(<expr>!<name><name>list</name>[<expr><name>i</name></expr>]</name>-&gt;<call><name>shutDownTestCase</name><argument_list>()</argument_list></call></expr>)</condition><then> <block>{
               <expr_stmt><expr><call><name>printErrorMsg</name><argument_list>(<argument><expr><name>out</name></expr></argument>,<argument><expr><name><name>list</name>[<expr><name>i</name></expr>]</name>-&gt;<call><name>getTestName</name><argument_list>()</argument_list></call></expr></argument>,<argument><expr>"Test shut down failed ..."</expr></argument>)</argument_list></call></expr>;</expr_stmt>
               <continue>continue;</continue>
        }</block></then></if>

		<if>if <condition>(<expr><name><name>list</name>[<expr><name>i</name></expr>]</name>-&gt;<call><name>getTestOutcome</name><argument_list>()</argument_list></call></expr>)</condition><then>
			<expr_stmt><expr><call><name>printTestSuccess</name><argument_list>(<argument><expr><name>out</name></expr></argument>,<argument><expr><name><name>list</name>[<expr><name>i</name></expr>]</name>-&gt;<call><name>getTestName</name><argument_list>()</argument_list></call></expr></argument>,<argument><expr><name><name>list</name>[<expr><name>i</name></expr>]</name>-&gt;<call><name>getTestMessage</name><argument_list>()</argument_list></call></expr></argument>)</argument_list></call></expr>;</expr_stmt></then>
		<else>else
			<expr_stmt><expr><call><name>printTestFailed</name><argument_list>(<argument><expr><name>out</name></expr></argument>,<argument><expr><name><name>list</name>[<expr><name>i</name></expr>]</name>-&gt;<call><name>getTestName</name><argument_list>()</argument_list></call></expr></argument>,<argument><expr><name><name>list</name>[<expr><name>i</name></expr>]</name>-&gt;<call><name>getTestMessage</name><argument_list>()</argument_list></call></expr></argument>)</argument_list></call></expr>;</expr_stmt></else></if>
	}</block></for>

     <expr_stmt><expr><call><name>printRegressionTestTail</name><argument_list>(<argument><expr><name>out</name></expr></argument>)</argument_list></call></expr>;</expr_stmt>
}</block></function>

<function><type><name>void</name></type> <name><name>TestSuite</name>::<name>loadTestCase</name></name><parameter_list>(<param><decl><type><name>TestCase</name>*</type> <name>newTestCase</name></decl></param>)</parameter_list> <block>{

	<if>if <condition>(<expr><name>testCaseCounter</name>&lt;<name>MAX_TEST_CASES_IN_SUITE</name></expr>)</condition><then>
	<block>{	<expr_stmt><expr><name><name>list</name>[<expr><name>testCaseCounter</name></expr>]</name> = <name>newTestCase</name></expr>;</expr_stmt>
		<expr_stmt><expr><name>testCaseCounter</name>++</expr>;</expr_stmt>
	}</block></then>
     <else>else
          <expr_stmt><expr><call><name>printf</name><argument_list>(<argument><expr>"TestSuite: Test case %s could not be loaded because the list of test cases is already full ..."</expr></argument>,
                    <argument><expr><name>newTestCase</name></expr></argument>)</argument_list></call></expr>;</expr_stmt></else></if>
}</block></function>
</unit>
