<unit xmlns="http://www.sdml.info/srcML/src" xmlns:cpp="http://www.sdml.info/srcML/cpp">
<comment type="line">//
</comment><comment type="line">// Copyright 2004 P&amp;P Software GmbH - All Rights Reserved
</comment><comment type="line">//
</comment><comment type="line">// DC_DummyTracer.h
</comment><comment type="line">//
</comment><comment type="line">// Version	1.0
</comment><comment type="line">// Date		30.09.02
</comment><comment type="line">// Author	A. Pasetti (P&amp;P Software)
</comment>
<cpp:ifndef>#<cpp:directive>ifndef</cpp:directive> <name>DC_DummyTracerH</name></cpp:ifndef>
<cpp:define>#<cpp:directive>define</cpp:directive> <name>DC_DummyTracerH</name></cpp:define>

<cpp:include>#<cpp:directive>include</cpp:directive> <cpp:file>"Tracer.h"</cpp:file></cpp:include>
<cpp:include>#<cpp:directive>include</cpp:directive> <cpp:file>"../GeneralInclude/BasicTypes.h"</cpp:file></cpp:include>

<comment type="block">/** Implementation of a dummy tracer that does not forward trace signals to
 * any external test set up. The dummy tracer can be useful either in a test
 * context or in an application where trace signals are not used. Note that
 * the &lt;code&gt;CC_RootObject&lt;/code&gt; class requires a tracer component as one
 * of its plug-in components. This dummy tracer can be used where no physical
 * tracer component is available.
 * @see CC_RootObject
 * @author Alessandro Pasetti (P&amp;P Software GmbH)
 * @version 1.0
 */</comment>
<class>class <name>DC_DummyTracer</name> <super>: <specifier>public</specifier> <name>Tracer</name></super> <block>{<private type="default">

  </private><public>public:

    <comment type="block">/**
     * Instantiate a dummy tracer object.
     * The enabled status of the tracer is set to "disabled". This minimizes the
     * overheads associated to the presence of the tracer in an application where
     * no trace signals need be generated.
     * @see Tracer#setEnabled
     */</comment>
    <constructor_decl><name>DC_DummyTracer</name><parameter_list>(<param><decl><type><name>void</name></type></decl></param>)</parameter_list>;</constructor_decl>

  </public><protected>protected:

    <comment type="block">/**
     * This is a dummy method that returns without taking any action
     * @see Tracer#sendRawTrace
     * @param traceItem the trace item to be sent to the test set-up
     */</comment>
    <function_decl><type><name>virtual</name> <name>void</name></type> <name>sendRawTrace</name><parameter_list>(<param><decl><type><name>TD_TraceItem</name></type> <name>traceItem</name></decl></param>)</parameter_list> <specifier>const</specifier>;</function_decl>

</protected>}</block>;</class>

<cpp:endif>#<cpp:directive>endif</cpp:directive></cpp:endif>
</unit>
