<unit xmlns="http://www.sdml.info/srcML/src" xmlns:cpp="http://www.sdml.info/srcML/cpp">
<comment type="line">//
</comment><comment type="line">// Copyright 2004 P&amp;P Software GmbH - All Rights Reserved
</comment><comment type="line">//
</comment><comment type="line">// DC_TestTracer.h
</comment><comment type="line">//
</comment><comment type="line">// Version	1.0
</comment><comment type="line">// Date		30.09.02
</comment><comment type="line">// Author	A. Pasetti (P&amp;P Software)
</comment>
<cpp:ifndef>#<cpp:directive>ifndef</cpp:directive> <name>DC_TestTracerH</name></cpp:ifndef>
<cpp:define>#<cpp:directive>define</cpp:directive> <name>DC_TestTracerH</name></cpp:define>

<cpp:include>#<cpp:directive>include</cpp:directive> <cpp:file>&lt;stdio.h&gt;</cpp:file></cpp:include>
<cpp:include>#<cpp:directive>include</cpp:directive> <cpp:file>"Tracer.h"</cpp:file></cpp:include>
<cpp:include>#<cpp:directive>include</cpp:directive> <cpp:file>"../GeneralInclude/BasicTypes.h"</cpp:file></cpp:include>

<comment type="block">/** Implementation of a test tracer that sends the trace signals to a &lt;i&gt;log file&lt;/i&gt;.
 * The dummy tracer can be useful during a test phase
 * when no external test set-up is available. The log file simulates the
 * external test set-up.
 * Depending on the value of a compiler switch, the log file is either a proper
 * file or the standard output. The latter case may allow use of this component
 * in an embedded environment where no file system is available.
 * @author Alessandro Pasetti (P&amp;P Software GmbH)
 * @version 1.0
 */</comment>
<class>class <name>DC_TestTracer</name> <super>: <specifier>public</specifier> <name>Tracer</name></super> <block>{<private type="default">

  </private><private>private:
   <decl_stmt><decl><type><name>FILE</name>*</type> <name>logFile</name></decl>;</decl_stmt>

  </private><public>public:

    <comment type="block">/**
     * Instantiate a test tracer object.
     * The log file is opened and a header is written to it. If the MS_HOST compiler
     * switch is defined, the log file is a proper file. Otherwise, it is the
     * standard output. In the former case, the name of the
     * log file is hardcoded as a &lt;i&gt;test constant&lt;/i&gt;.
     * Note that responsibility for closing the log file rests with the user
     * (through method &lt;code&gt;closeLogFile&lt;/code&gt;).
     * @see #closeLogFile
     * @see MS_HOST
     * @see TEST_TRACER_LOG_FILE
     * @see Tracer#setEnabledStatus
     */</comment>
    <constructor_decl><name>DC_TestTracer</name><parameter_list>(<param><decl><type><name>void</name></type></decl></param>)</parameter_list>;</constructor_decl>

    <comment type="block">/**
     * In a desktop environment, flush and close the log file. In an embedded
     * environment, no action is taken. This method should not be called more
     * than once. There is no way to open the log file after it has been closed.
     * @see #closeLogFile
     * @see TestCompilerSwitches#MS_HOST
     * @see TestConstants#TEST_TRACER_LOG_FILE
     * @see Tracer#setEnabled
     */</comment>
    <function_decl><type><name>void</name></type> <name>closeLogFile</name><parameter_list>(<param><decl><type><name>void</name></type></decl></param>)</parameter_list>;</function_decl>

    <comment type="block">/**
     * In a desktop environment, return the name of the log file. In an embedded
     * environment, return pNULL.
     * @see TEST_TRACER_LOG_FILE
     * @return the name of the log file or pNULL if the standard output is used as
     * log file
     */</comment>
    <function_decl><type><name>const</name> <name>char</name>* <name>const</name></type> <name>getLogFileName</name><parameter_list>(<param><decl><type><name>void</name></type></decl></param>)</parameter_list>;</function_decl>

  </public><protected>protected:

    <comment type="block">/**
     * Wwrite the trace item to the log file. The trace item is written using the
     * &lt;code&gt;printf&lt;/code&gt; (embedded environment) or &lt;code&gt;fprintf&lt;/code&gt; (desktop
     * environment) library function with the
     * &lt;code&gt;%x&lt;/code&gt; format specifier. It is assumed that the &lt;code&gt;TD_TraceItem&lt;/code&gt;
     * is compatible with this this specifier.
     * This method should be called only when the log file is still open.
     * @see #closeLogFile
     * @see Tracer#sendRawTrace
     * @param traceItem the trace item to be sent to the test set-up
     */</comment>
    <function_decl><type><name>virtual</name> <name>void</name></type> <name>sendRawTrace</name><parameter_list>(<param><decl><type><name>TD_TraceItem</name></type> <name>traceItem</name></decl></param>)</parameter_list> <specifier>const</specifier>;</function_decl>

</protected>}</block>;</class>

<cpp:endif>#<cpp:directive>endif</cpp:directive></cpp:endif>
</unit>
