<unit xmlns="http://www.sdml.info/srcML/src" xmlns:cpp="http://www.sdml.info/srcML/cpp">
<comment type="line">//
</comment><comment type="line">// Copyright 2004 P&amp;P Software GmbH - All Rights Reserved
</comment><comment type="line">//
</comment><comment type="line">// Tracer_inl.h
</comment><comment type="line">//
</comment><comment type="line">// Version	1.0
</comment><comment type="line">// Date	    14.05.03
</comment><comment type="line">// Author	A. Pasetti (P&amp;P Software)
</comment>
<cpp:ifndef>#<cpp:directive>ifndef</cpp:directive> <name>Tracer_INL</name></cpp:ifndef>
<cpp:define>#<cpp:directive>define</cpp:directive> <name>Tracer_INL</name></cpp:define>

<function><type><name>inline</name> <name>bool</name></type> <name><name>Tracer</name>::<name>isEnabled</name></name><parameter_list>(<param><decl><type><name>void</name></type></decl></param>)</parameter_list> <specifier>const</specifier> <block>{
   <return>return <expr><name>enabledStatus</name></expr>;</return>
}</block></function>

<cpp:endif>#<cpp:directive>endif</cpp:directive></cpp:endif>

</unit>
