<unit xmlns="http://www.sdml.info/srcML/src" xmlns:cpp="http://www.sdml.info/srcML/cpp">
<comment type="line">//
</comment><comment type="line">// Copyright 2004 P&amp;P Software GmbH - All Rights Reserved
</comment><comment type="line">//
</comment><comment type="line">// Tracer.h
</comment><comment type="line">//
</comment><comment type="line">// Version	1.0
</comment><comment type="line">// Date		30.09.02
</comment><comment type="line">// Author	A. Pasetti (P&amp;P Software)
</comment>
<cpp:ifndef>#<cpp:directive>ifndef</cpp:directive> <name>TracerH</name></cpp:ifndef>
<cpp:define>#<cpp:directive>define</cpp:directive> <name>TracerH</name></cpp:define>

<cpp:include>#<cpp:directive>include</cpp:directive> <cpp:file>"../Base/CC_RootObject.h"</cpp:file></cpp:include>
<cpp:include>#<cpp:directive>include</cpp:directive> <cpp:file>"../GeneralInclude/BasicTypes.h"</cpp:file></cpp:include>

<comment type="block">/**
 * Base class from which all tracer classes are derived.
 * A tracer is a component that can send trace signals to an external test
 * set-up.
 * A trace signal is made up of one or more &lt;i&gt;trace items&lt;/i&gt;. A trace item
 * is an elementary item of trace information that is sent to the test set-up
 * in one single operation.
 * &lt;p&gt;
 * Two types of trace signals are recognized: a &lt;i&gt;Synch Trace&lt;/i&gt;, and a
 * &lt;i&gt;Packet Trace&lt;/i&gt;. A synch trace consists of one single trace item. A
 * packet trace consists of a sequence of trace items.
 * &lt;p&gt;
 * The tracer can be enabled or disabled.
 * Calls to the services to send trace signals in a tracer that is disabled
 * have no effect.
 * &lt;p&gt;
 * This class is abstract because the implementation of the services that
 * send the trace signals
 * must be specified in the derived classes that implement concrete tracers.
 * @author Alessandro Pasetti (P&amp;P Software GmbH)
 * @version 1.0
 */</comment>
<class>class <name>Tracer</name> <super>: <specifier>public</specifier> <name>CC_RootObject</name></super> <block>{<private type="default">

  </private><private>private:
     <decl_stmt><decl><type><name>bool</name></type> <name>enabledStatus</name></decl>;</decl_stmt>

  </private><public>public:

    <comment type="block">/**
     * Instantiate a tracer object.
     * The enabled status of the tracer must be initialized to "enabled".
     */</comment>
    <constructor_decl><name>Tracer</name><parameter_list>(<param><decl><type><name>void</name></type></decl></param>)</parameter_list>;</constructor_decl>

    <comment type="block">/**
     * Send a Synch trace signal if the tracer is enabled.
     * If the tracer is disabled, the method call has no effect.
     * A pseudo-code implementation for this method is as follows: &lt;PRE&gt;
     *    if ( isEnabled() )
     *    {  sendRawTrace(traceId);
     *    } &lt;/PRE&gt;
     * The &lt;CODE&gt;sendRawTrace()&lt;/CODE&gt; method is abstract and encapsulates
     * the implementation of the raw trace signal
     * sending.
     * Thus, this class enforces the management of the enabled status but
     * delegates implementation of
     * the sending mechanism to
     * derived classes implementing concrete tracers.
     * @param traceId the trace identifier
     */</comment>
    <function_decl><type><name>void</name></type> <name>sendSynchTrace</name><parameter_list>(<param><decl><type><name>TD_TraceItem</name></type> <name>traceId</name></decl></param>)</parameter_list> <specifier>const</specifier>;</function_decl>

    <comment type="block">/**
     * Send a packet trace signal if the tracer is enabled.
     * If the tracer is disabled, the method call has no effect.
     * A pseudo-code implementation for this method is as follows: &lt;PRE&gt;
     *    if ( isEnabled() )
     *    {  for (int i=0; i smaller than number of items in packet; i++)
     *       {  TD_TraceItem b = . . .  // form i-th item of the packet trace
     *          sendRawTrace(b);
     *       }
     *    } &lt;/PRE&gt;
     * The &lt;CODE&gt;sendRawTrace()&lt;/CODE&gt; method is abstract and encapsulates
     * the implementation of the raw trace signal
     * sending.
     * Thus, this class enforces the management of the enabled status and
     * transform the sequence of trace
     * data into elementary trace item to be sent to the test set-up in sequence
     * but delegates
     * implementation of the sending mechanism to
     * derived classes implementing concrete tracers.
     * @param n number of trace data elements
     * @param traceData array of trace data
     */</comment>
    <function_decl><type><name>void</name></type> <name>sendPacketTrace</name><parameter_list>(<param><decl><type><name>unsigned</name> <name>int</name></type> <name>n</name></decl></param>, <param><decl><type><name>TD_TraceItem</name></type> <name><name>traceData</name>[]</name></decl></param>)</parameter_list> <specifier>const</specifier>;</function_decl>

    <comment type="block">/**
     * Set the enable status of the tracer.
     * When the tracer is disabled, a call to its trace sending methods has
     * no effect.
     * @param isEnabled if true, then the tracer is enabled; if false, then
     * the profile is disabled
     */</comment>
    <function_decl><type><name>virtual</name> <name>void</name></type> <name>setEnabled</name><parameter_list>(<param><decl><type><name>bool</name></type> <name>isEnabled</name></decl></param>)</parameter_list>;</function_decl>

    <comment type="block">/**
     * Check the enable status of the tracer.
     * &lt;p&gt;
     * @return true if the profile is enabled, false otherwise
     */</comment>
    <function_decl><type><name>inline</name> <name>bool</name></type> <name>isEnabled</name><parameter_list>(<param><decl><type><name>void</name></type></decl></param>)</parameter_list> <specifier>const</specifier>;</function_decl>

  </public><protected>protected:

    <comment type="block">/**
     * Encapsulate the mechanism to send one single tracer item over the trace
     * channel to the external test
     * set-up.
     * This method is called by methods &lt;CODE&gt;sendLedTrace()&lt;/CODE&gt;,
     * &lt;CODE&gt;sendSynchTrace()&lt;/CODE&gt; and
     * &lt;CODE&gt;sendPacketTrace()&lt;/CODE&gt; in this same class.
     * User of a tracer object do not see method &lt;CODE&gt;sendRawTrace()&lt;/CODE&gt;,
     * they only see the &lt;CODE&gt;sendXxxTrace()&lt;/CODE&gt; methods.
     * &lt;p&gt;
     * @see #sendSynchTrace
     * @see #sendPacketTrace
     * @param rawItem the trace item to be sent to the test set-up
     */</comment>
    <function_decl><type><name>virtual</name> <name>void</name></type> <name>sendRawTrace</name><parameter_list>(<param><decl><type><name>TD_TraceItem</name></type> <name>rawItem</name></decl></param>)</parameter_list> <specifier>const</specifier> <specifier>= 0</specifier>;</function_decl>

</protected>}</block>;</class>

<cpp:include>#<cpp:directive>include</cpp:directive> <cpp:file>"Tracer_inl.h"</cpp:file></cpp:include>

<cpp:endif>#<cpp:directive>endif</cpp:directive></cpp:endif>
</unit>
