<unit xmlns="http://www.sdml.info/srcML/src" xmlns:cpp="http://www.sdml.info/srcML/cpp">
<comment type="line">//
</comment><comment type="line">// Copyright 2004 P&amp;P Software GmbH - All Rights Reserved
</comment><comment type="line">//
</comment><comment type="line">// BasicTypes.h
</comment><comment type="line">//
</comment><comment type="line">// Version	1.0
</comment><comment type="line">// Date		13.09.02
</comment><comment type="line">// Author	A. Pasetti (P&amp;P Software), R. Totaro
</comment>
<comment type="block">/**
 * @file BasicTypes.h
 * This file defines the &lt;code&gt;typedef&lt;/code&gt; types that are used in the OBS Framework.
 */</comment>

<cpp:ifndef>#<cpp:directive>ifndef</cpp:directive> <name>BasicTypesH</name></cpp:ifndef>
<cpp:define>#<cpp:directive>define</cpp:directive> <name>BasicTypesH</name></cpp:define>

<comment type="block">/**
 * Type for instance identifiers. The constructor of the root class
 * &lt;code&gt;CC_RootObject&lt;/code&gt; assigns a unique instance identifier to
 * each newly created object. This identifier is fixed and serves to
 * identify the object instance.
 * @see CC_RootObject
 */</comment>
<typedef>typedef <type><name>unsigned</name> <name>short</name></type> <name>TD_InstanceId</name>;</typedef>

<comment type="block">/**
 * Type for class identifiers. Each framework class derived from the
 * root class &lt;code&gt;CC_RootObject&lt;/code&gt; is characterized by a
 * class identifier.
 * @see CC_RootObject
 */</comment>
<typedef>typedef <type><name>unsigned</name> <name>short</name></type> <name>TD_ClassId</name>;</typedef>

<comment type="block">/**
 * Type for on-board time. Only values greater than zero are legal. Negative
 * values (typically -1) are allowed but should be used only to designate a
 * non-valid time.
 * @see ObsClock
 */</comment>
<typedef>typedef <type><name>int</name></type> <name>TD_ObsTime</name>;</typedef>

<comment type="block">/**
 * Type for on-board cycle. Only values greater than zero are legal. Negative
 * values (typically -1) are allowed but should be used only to designate a
 * non-valid time.
 * @see ObsClock
 */</comment>
<typedef>typedef <type><name>int</name></type> <name>TD_ObsCycle</name>;</typedef>

<comment type="block">/**
 * Type for elemetary trace items. Trace signals are broken up into items
 * that are sent to the external set-up in one single operation.
 * @see Tracer
 */</comment>
<typedef>typedef <type><name>unsigned</name> <name>short</name></type> <name>TD_TraceItem</name>;</typedef>

<comment type="block">/**
 * Type for the outcome code of a punctual action. 
 * Some outcome codes are generic and are used by several classes.
 * Others are specific to a particular class and are used to convey
 * information about specific error conditions that arise within that class.
 * From a syntactical point of view, the outcome codes are 
 * enumeration whose values have the following meaning:&lt;ol&gt;
 * &lt;li&gt;&lt;code&gt;ACTION_DISABLED&lt;/code&gt;: outcome returned by an action that
 * received an "execute" request but was disabled.&lt;/li&gt;
 * &lt;li&gt;&lt;code&gt;ACTION_SUCCESS&lt;/code&gt;: outcome returned by an action that
 * received an "execute" request and executed successfully.&lt;/li&gt;
 * &lt;li&gt;&lt;code&gt;ACTION_FAILURE&lt;/code&gt;: outcome returned by an action that
 * received an "execute" request and executed unsuccessfully.&lt;/li&gt;
 * &lt;li&gt;&lt;code&gt;ACTION_CANNOT_EXECUTE&lt;/code&gt;: outcome returned by an action that
 * received an "execute" request but could not be executed because the execution
 * check returned "action cannot execute".&lt;/li&gt;
 * &lt;li&gt;&lt;code&gt;ACTION_RESET&lt;/code&gt;: default value used for the &lt;i&gt;last outcome&lt;/i&gt;
 * of a punctual action after the punctual action has been reset or initialized.&lt;/li&gt;
 * &lt;li&gt;&lt;code&gt;MEM_LOAD_PRE_CHECKSUM_FAILED&lt;/code&gt;: action outcome that is specific to
 * class &lt;code&gt;PUSMemoryLoad&lt;/code&gt;.&lt;/li&gt;
 * &lt;li&gt;&lt;code&gt;PACKET_NOT_FOUND&lt;/code&gt;: action outcome that is returned
 * when a telemetry packet is requested from the telemetry packet factory 
 * but the factory does not have the requested packet.&lt;/li&gt;
 * &lt;li&gt;&lt;code&gt;PUS_MODE_MAN_FULL&lt;/code&gt;: action outcome that is returned when 
 * an attempt is made to load a telemetry packet in the PUS telemetry mode manager
 * but this fails because the mode manager is full.&lt;/li&gt;
 * &lt;li&gt;&lt;code&gt;TM_MAN_QUEUE_FULL&lt;/code&gt;: action outcome that is returned
 * when an attempt is made to load a telemetry packet in the immediate dispatch
 * queue of the telemetry manager but the operation cannot be performed because
 * the queue is full.&lt;/li&gt;
 * &lt;li&gt;&lt;code&gt;APP_DATA_INCONSISTENT&lt;/code&gt;: action outcome that is returned when
 * a telecommand finds that its application data are inconsistent.&lt;/li&gt;
 * &lt;/ol&gt;
 * @see PunctualAction#execute
 * @see PunctualAction#getLastOutcome
 * @see ConditionalPunctualAction#doAction
 * @see DC_FdirCheck#doAction
 */</comment>
<typedef>typedef <type><enum>enum <name>ActionOutcome</name> <block>{
    <comment type="line">// OBS Framework specific outcomes
</comment>	<expr><name>ACTION_DISABLED</name>=1</expr>,
	<expr><name>ACTION_SUCCESS</name></expr>,
	<expr><name>ACTION_FAILURE</name></expr>,
	<expr><name>ACTION_CANNOT_EXECUTE</name></expr>,
	<expr><name>ACTION_RESET</name></expr>,
    <expr><name>MEM_LOAD_PRE_CHECKSUM_FAILED</name></expr>,
    <expr><name>MEM_LOAD_POST_CHECKSUM_FAILED</name></expr>,
    <expr><name>PACKET_NOT_FOUND</name></expr>,
    <expr><name>PUS_MODE_MAN_FULL</name></expr>,
    <expr><name>APP_DATA_INCONSISTENT</name></expr>,
    <expr><name>TM_MAN_QUEUE_FULL</name></expr>,

    <expr><name>LAST_ACTION_OUTCOME</name>=<name>TM_MAN_QUEUE_FULL</name></expr>
}</block></enum></type> <name>TD_ActionOutcome</name>;</typedef>

<comment type="block">/**
 * Type for the index representing a state of an FSM. The FSM state is represented
 * as an index that must lie in the range
 * [0,N-1] where N is the total
 * number of states in the target FSM.
 * Negative values are allowed but represent non-legal state indices.
 * @see DC_FsmEvent
 * @see CC_FSM
 */</comment>
<typedef>typedef <type><name>int</name></type> <name>TD_FsmStateIndex</name>;</typedef>

<comment type="block">/**
 * Type for the index representing the operational mode of a mode manager.
 * The mode is represented as an index that must lie in the range
 * [0,N-1] where N is the total number of modes.
 * Negative values are allowed but represent non-legal mode values.
 * @see ModeManager
 */</comment>
<typedef>typedef <type><name>int</name></type> <name>TD_Mode</name>;</typedef>

<comment type="block">/**
 * Type for the index representing the configuration of a reconfiguration
 * manager.
 * The configuration is represented as an index that must lie in the range
 * [0,N-1] where N is the total number of configurations.
 * @see DC_BasicReconfigurer
 */</comment>
<typedef>typedef <type><name>unsigned</name> <name>short</name></type> <name>TD_Config</name>;</typedef>

<comment type="block">/**
 * Type for the telecommand identifier.
 * @see Telecommand
 */</comment>
<typedef>typedef <type><name>unsigned</name> <name>short</name></type> <name>TD_TelecommandId</name>;</typedef>

<comment type="block">/**
 * Type for the telecommand type.
 * @see Telecommand
 */</comment>
<typedef>typedef <type><name>unsigned</name> <name>char</name></type> <name>TD_TelecommandType</name>;</typedef>

<comment type="block">/**
 * Type for the telecommand sub type.
 * @see Telecommand
 */</comment>
<typedef>typedef <type><name>unsigned</name> <name>char</name></type> <name>TD_TelecommandSubType</name>;</typedef>

<comment type="block">/**
 * Type for the telecommand source.
 * @see Telecommand
 */</comment>
<typedef>typedef <type><name>unsigned</name> <name>short</name></type> <name>TD_TelecommandSource</name>;</typedef>

<comment type="block">/**
 * Type for the telecommand acknowledge level attribute.
 * @see Telecommand
 */</comment>
<typedef>typedef <type><name>unsigned</name> <name>char</name></type> <name>TD_TelecommandAck</name>;</typedef>

<comment type="block">/**
 * Type for the check code that some components can return to
 * give information about the reasons for the failure of one of
 * their checks.
 * @see Telecommand
 */</comment>
<typedef>typedef <type><name>unsigned</name> <name>int</name></type> <name>TD_CheckCode</name>;</typedef>

<comment type="block">/**
 * Type for the identifier of a database parameter. Only non negative values
 * represent valid identifiers.
 * @see ParameterDatabase
 */</comment>
<typedef>typedef <type><name>short</name></type> <name>TD_DatabaseId</name>;</typedef>

<comment type="block">/**
 * Type for a data pool identifier. Only non negative values
 * represent valid identifiers.
 * @see DataPool
 */</comment>
<typedef>typedef <type><name>int</name></type> <name>TD_DataPoolId</name>;</typedef>

<comment type="block">/**
 * Generic float type that, depending on application needs, can be
 * re-defined to be either a float or a double.
 */</comment>
<typedef>typedef <type><name>float</name></type> <name>TD_Float</name>;</typedef>

<comment type="block">/**
 * Generic integer type that, depending on application needs, can be
 * re-defined to be a long int, an int, or a short.
 */</comment>
<typedef>typedef <type><name>short</name></type> <name>TD_Integer</name>;</typedef>

<comment type="block">/**
 * Type for the identifier of a data item variable type.
 * @see DC_DataItem
 */</comment>
<typedef>typedef <type><enum>enum <name>DataItemType</name> <block>{
	<expr><name>DI_CHAR</name></expr>,
	<expr><name>DI_UNSIGNED_CHAR</name></expr>,
	<expr><name>DI_SHORT</name></expr>,
	<expr><name>DI_UNSIGNED_SHORT</name></expr>,
	<expr><name>DI_INT</name></expr>,
	<expr><name>DI_UNSIGNED_INT</name></expr>,
	<expr><name>DI_FLOAT</name></expr>,
	<expr><name>DI_DOUBLE</name></expr>
}</block></enum></type> <name>TD_DataItemType</name>;</typedef>

<comment type="line">// -------------------------------------------------------------------
</comment><comment type="block">/**
 * Type for the PUS packet identifier.
 * @see PUSTelecommand#getPacketId
 * @see PUSTelemetryPacket#getPacketId
 */</comment>
<typedef>typedef <type><name>unsigned</name> <name>short</name></type> <name>TD_PUSPacketId</name>;</typedef>

<comment type="block">/**
 * Type for the PUS structure identifier (SID).
 * @see DC_PUSDataReportingPacket
 */</comment>
<typedef>typedef <type><name>unsigned</name> <name>int</name></type> <name>TD_SID</name>;</typedef>

<comment type="block">/**
 * Type for the PUS application identifier.
 * @see PUSTelecommand#setAPID
 * @see PUSTelemetryPacket#setAPID
 */</comment>
<typedef>typedef <type><name>TD_PUSPacketId</name></type> <name>TD_APID</name>;</typedef>

<comment type="block">/**
 * Type for the collection interval of a PUS data reporting packet.
 * @see DC_PUSDataReportingPacket
 */</comment>
<typedef>typedef <type><name>unsigned</name> <name>short</name></type> <name>TD_PUSCollectionInterval</name>;</typedef>

<comment type="block">/**
 * Type for the number of parameters of a PUS data reporting packet.
 * @see DC_PUSDataReportingPacket
 */</comment>
<typedef>typedef <type><name>unsigned</name> <name>char</name></type> <name>TD_PUSNumberOfParameters</name>;</typedef>

<comment type="block">/**
 * Type for an integer expressing the length of a memory block in the PUS memory
 * management service. 
 * @see DC_PUSMemoryLoad
 * @see DC_PUSMemoryDump
 */</comment>
<typedef>typedef <type><name>unsigned</name> <name>short</name></type> <name>TD_PUSMemLength</name>;</typedef>

<comment type="block">/**
 * Type for a single memory load data as used by the memory load service. 
 * This type also defines the single addressable unit (or SAU) for the memory
 * management service.
 * @see DC_PUSMemoryLoad
 * @see DC_PUSMemoryDump
 */</comment>
<typedef>typedef <type><name>unsigned</name> <name>char</name></type> <name>TD_PUSMemData</name>;</typedef>

<comment type="block">/**
 * Type for the memory ID field of the memory load and memory dump telecommand
 * packets.
 * @see DC_PUSMemoryLoadOffset
 * @see DC_PUSMemoryLoadAbsolute
 * @see DC_PUSMemoryDumpOffset
 * @see DC_PUSMemoryDumpAsbolute
 */</comment>
<typedef>typedef <type><name>unsigned</name> <name>int</name></type> <name>TD_PUSMemId</name>;</typedef>

<comment type="block">/**
 * Type for the number of blocks in a memory load and memory dump telecommand
 * packet.
 * @see DC_PUSMemoryLoadOffset
 * @see DC_PUSMemoryLoadAbsolute
 * @see DC_PUSMemoryDumpOffset
 * @see DC_PUSMemoryDumpAsbolute
 */</comment>
<typedef>typedef <type><name>unsigned</name> <name>char</name></type> <name>TD_PUSNumberMemBlocks</name>;</typedef>

<comment type="block">/**
 * Type for the offset field in a memory load and memory dump telecommand
 * packet.
 * @see DC_PUSMemoryLoadOffset
 * @see DC_PUSMemoryLoadAbsolute
 * @see DC_PUSMemoryDumpOffset
 * @see DC_PUSMemoryDumpAsbolute
 */</comment>
<typedef>typedef <type><name>unsigned</name> <name>short</name></type> <name>TD_PUSMemOffset</name>;</typedef>

<comment type="line">// -------------------------------------------------------------------
</comment><comment type="block">/**
 * Type for the telemetry packet type.
 * @see TelemetryPacket
 */</comment>
<typedef>typedef <type><name>unsigned</name> <name>char</name></type> <name>TD_TelemetryType</name>;</typedef>

<comment type="block">/**
 * Type for the telemetry packet sub type.
 * @see TelemetryPacket
 */</comment>
<typedef>typedef <type><name>unsigned</name> <name>char</name></type> <name>TD_TelemetrySubType</name>;</typedef>

<comment type="block">/**
 * Type for the telemetry packet destination.
 * @see TelemetryPacket
 */</comment>
<typedef>typedef <type><name>unsigned</name> <name>short</name></type> <name>TD_TelemetryDestination</name>;</typedef>

<comment type="block">/**
 * Type for event type identifiers. Only values greater than 0 denote
 * real events. Events can be filtered when they are stored in an
 * event repository. Filtering is done by matching the event type identifiers
 * with an event mask (see method &lt;code&gt;create&lt;/code&gt; in class
 * &lt;code&gt;DC_EventRepository&lt;/code&gt;). For this reason, most users will
 * want to map the enumeration values to integers in order to tune
 * the masking mechanism.
 * &lt;p&gt;
 * The following event type identifiers are defined:&lt;ol&gt;
 * &lt;li&gt;&lt;code&gt;EVT_NULL&lt;/code&gt;: this value is reserved for event objects that have not yet been
 * initialized by the application.&lt;/li&gt;
 * &lt;li&gt;&lt;code&gt;EVT_PUNCTUAL_ACTION_EXEC&lt;/code&gt;: type identifier for events created when a
 * punctual action is executed.
 * &lt;/li&gt;
 * &lt;li&gt;&lt;code&gt;EVT_PUNCTUAL_ACTION_DIS&lt;/code&gt;: type identifier for events created when a punctual
 * action is not executed because it is disabled.
 * &lt;/li&gt;
 * &lt;li&gt;&lt;code&gt;EVT_FSM_TRANSITION&lt;/code&gt;: type identifier for events created when an FSM performs a
 * state transition.
 * &lt;/li&gt;
 * &lt;li&gt;&lt;code&gt;EVT_FSM_TRANSITION_DISABLED&lt;/code&gt;: type identifier for events created when an FSM
 * fails to performs a state transition because the transition into the target state is disabled.
 * &lt;/li&gt;
 * &lt;li&gt;&lt;code&gt;EVT_FSM_ENTRY_FAILED&lt;/code&gt;: type identifier for events created when an FSM fails
 * to performs a state transition because the entry check in the target state failed.
 * &lt;/li&gt;
 * &lt;li&gt;&lt;code&gt;EVT_FSM_EXIT_FAILED&lt;/code&gt;: type identifier for events created when an FSM fails
 * to performs a state transition because the exit check from the current state failed.
 * &lt;/li&gt;
 * &lt;li&gt;&lt;code&gt;EVT_FSM_ALL_TRANSITION_DISABLED&lt;/code&gt;: type identifier for events created when an
 * FSM fails to performs a state transition because the state transitions is disabled.
 * &lt;/li&gt;
 * &lt;li&gt;&lt;code&gt;EVT_TC_NOT_VALID&lt;/code&gt;: type identifier for events created when a telecommand is
 * loaded in the telecommand manager but must immediately be aborted because a validity check
 * failure.
 * &lt;/li&gt;
 * &lt;li&gt;&lt;code&gt;EVT_TC_LOADED&lt;/code&gt;: type identifier for events created when a telecommand is
 * loaded in the telecommand manager and its validity check is successful.
 * &lt;/li&gt;
 * &lt;li&gt;&lt;code&gt;EVT_TC_EXEC_SUCC&lt;/code&gt;: type identifier for events created when a telecommand is
 * successfully executed.
 * &lt;/li&gt;
 * &lt;li&gt;&lt;code&gt;EVT_TC_ABORTED&lt;/code&gt;: type identifier for events created when a telecommand is
 * unloaded further to an abort request.
 * &lt;/li&gt;
 * &lt;li&gt;&lt;code&gt;EVT_TC_LIST_FULL&lt;/code&gt;: type identifier for events created when a telecommand
 * load is attempted but cannot be executed because the list of pending telecommands in the
 * telecommand manager is full.
 * &lt;/li&gt;
 * &lt;li&gt;&lt;code&gt;EVT_TC_EXEC_CHECK_FAIL&lt;/code&gt;: type identifier for events created when execution
 * of a telecommand is attempted by the telecommand manager but cannot be performed because
 * the telecommand execution check fails.
 * &lt;/li&gt;
 * &lt;li&gt;&lt;code&gt;EVT_TC_EXEC_FAIL&lt;/code&gt;: type identifier for events created when a telecommand
 * is executed and returns with a action outcome other than ACTION_SUCCESS.
 * &lt;/li&gt;
 * &lt;li&gt;&lt;code&gt;EVT_MON_PROFILE_VIOLATION&lt;/code&gt;: type identifier for events created when a
 * monitoring profile has detected a profile violation.
 * &lt;/li&gt;
 * &lt;li&gt;&lt;code&gt;EVT_MOD_TRANS_INHIBITED&lt;/code&gt;: type identifier for events created when a mode
 * manager attempts a mode transition but cannot perform it because the transition
 * is inhibited.
 * &lt;/li&gt;
 * &lt;li&gt;&lt;code&gt;EVT_MOD_TRANS_PERFORMED&lt;/code&gt;: type identifier for events created when a mode
 * manager performs a mode transition.
 * &lt;/li&gt;
 * &lt;li&gt;&lt;code&gt;EVT_TOO_MANY_TM_BYTES&lt;/code&gt;: type identifier for events created when a telemetry
 * manager finds that the number of telemetry bytes to be written to the telemetry
 * stream exceeds the stream's capacity.
 * &lt;/li&gt;
 * &lt;li&gt;&lt;code&gt;EVT_TM_QUEUE_FULL&lt;/code&gt;: type identifier for events created when an attempt is 
 * made to load a telemetry packet for immediate dispatch in the telemetry manager and the 
 * internal queue for the packets is already full.
 * &lt;/li&gt;
 * &lt;li&gt;&lt;code&gt;EVT_PUS_DATA_REP_PACKET_TOO_LARGE&lt;/code&gt;: type identifier for events created when a
 * PUS data reporting packet (see class &lt;code&gt;DC_PUSDataReportingPacket&lt;/code&gt;) does not
 * have sufficient space to store the parameter samples.
 * &lt;/li&gt;
 * &lt;li&gt;&lt;code&gt;EVT_PUS_TOO_MANY_DUMP_BLOCKS&lt;/code&gt;: type identifier for events created when a
 * request is made to dump more memory blocks than can be accommodated by the implementation
 * of the memory dump service PUS (see class &lt;code&gt;DC_PUSMemoryDump&lt;/code&gt;)
 * &lt;/li&gt;
 * &lt;li&gt;&lt;code&gt;EVT_PUS_ILLEGAL_BLOCK_INDEX&lt;/code&gt;: type identifier for events created when an
 * attempt is made to define an illegal memory dump block (see class &lt;code&gt;DC_PUSMemoryDump&lt;/code&gt;)
 * &lt;/li&gt;
 * &lt;li&gt;&lt;code&gt;EVT_PUS_TOO_MANY_MEM_DATA&lt;/code&gt;: type identifier for events created when an
 * attempt is made to dump or load too many memory locations.
 * &lt;/li&gt;
 * &lt;li&gt;&lt;code&gt;EVT_TM_ITEM_NOT_VALID&lt;/code&gt;: type identifier for events created when a telemetry
 * item is found to be "not valid".
 * &lt;/li&gt;
 * &lt;li&gt;&lt;code&gt;EVT_TM_WRONG_BYTE_INDEX&lt;/code&gt;: type identifier for events created when a request
 * is made to retrieve a a non-existent telemetry byte from a telemetry packet.
 * &lt;/li&gt;
 * &lt;li&gt;&lt;code&gt;EVT_MAN_STARTED&lt;/code&gt;: type identifier for events created when a manoeuvre starts
 * execution.
 * &lt;/li&gt;
 * &lt;li&gt;&lt;code&gt;EVT_MAN_ABORTED&lt;/code&gt;: type identifier for events created when a manoeuvre is
 * aborted.
 * &lt;/li&gt;
 * &lt;li&gt;&lt;code&gt;EVT_MAN_TERMINATED&lt;/code&gt;: type identifier for events created when a manoeuvre is
 * terminated.
 * &lt;/li&gt;
 * &lt;li&gt;&lt;code&gt;EVT_MAN_LOADED&lt;/code&gt;: type identifier for events created when a manoeuvre is
 * loaded in the manoeuvre manager.
 * &lt;/li&gt;
 * &lt;li&gt;&lt;code&gt;EVT_MAN_UNLOADED&lt;/code&gt;: type identifier for events created when a manoeuvre
 * is unloaded from the manoeuvre manager.
 * &lt;/li&gt;
 * &lt;li&gt;&lt;code&gt;EVT_MAN_PROGRESS&lt;/code&gt;: type identifier for events created when the execution of a
 * PUS telecommand manoeuvre has advanced.
 * &lt;/li&gt;
 * &lt;li&gt;&lt;code&gt;EVT_MAN_RESUMED&lt;/code&gt;: type identifier for events created when a manoeuvre is
 * resumed (ie when its isSuspended flag changes from "manoeuvre is suspended" to "manoeuvre is
 * not suspended").
 * &lt;/li&gt;
 * &lt;li&gt;&lt;code&gt;EVT_MAN_SUSPENDED&lt;/code&gt;: type identifier for events created when a manoeuvre is
 * resumed (ie when its isSuspended flag changes from "manoeuvre is not suspended" to "manoeuvre is
 * suspended").
 * &lt;/li&gt;
 * &lt;li&gt;&lt;code&gt;EVT_MAN_LIST_FULL&lt;/code&gt;: type identifier for events created when an attempt is made
 * to load a manoeuvre in the manoeuvre manager but its list of pending manoeuvres is already full.
 * &lt;/li&gt;
 * &lt;li&gt;&lt;code&gt;EVT_ILLEGAL_CB&lt;/code&gt;: type identifier for events created when an attempt is made
 * to access a non-existent element of a control block.
 * &lt;/li&gt;
 * &lt;li&gt;&lt;code&gt;EVT_ILLEGAL_FS&lt;/code&gt;: type identifier for events created when an attempt is made
 * to access a non-existent FsmState.
 * &lt;/li&gt;
 * &lt;li&gt;&lt;code&gt;EVT_ILLEGAL_MM&lt;/code&gt;: type identifier for events created when an attempt is made
 * to access a non-existent mode in a mode manager.
 * &lt;/li&gt;
 * &lt;li&gt;&lt;code&gt;EVT_RECONFIG&lt;/code&gt;: type identifier for events created when a reconfiguration
 * is performed.
 * &lt;/li&gt;
 * &lt;li&gt;&lt;code&gt;EVT_RECONFIG_NO_HEALTHY&lt;/code&gt;: type identifier for events created when a
 * reconfiguration is attempted but cannot be performed because there are no spare healthy
 * configurations.
 * &lt;/li&gt;
 * &lt;li&gt;&lt;code&gt;EVT_RECONFIG_DISABLED&lt;/code&gt;: type identifier for events created when a
 * reconfiguration is attempted but cannot be performed because reconfigurations are disabled.
 * &lt;/li&gt;
 * &lt;li&gt;&lt;code&gt;EVT_ILLEGAL_CONFIG&lt;/code&gt;: type identifier for events created when an operation is
 * performed on a reconfiguration manager with an illegal configuration index (either negative
 * or equal or greater than N where N is the total number of configurations).
 * &lt;/li&gt;
 * &lt;li&gt;&lt;code&gt;EVT_CRIT_TC_TIMEOUT&lt;/code&gt;: type identifier for events created when the "fire"
 * command for a critical telecommand is rejected because it is too far in time from its "arm" command.
 * &lt;li&gt;&lt;code&gt;EVT_CRIT_TC_IMG_INV&lt;/code&gt;: type identifier for events created when the "fire"
 * command for a critical telecommand is rejected because the image check has failed.
 * &lt;/li&gt;
 * &lt;li&gt;&lt;code&gt;EVT_CRIT_TC_ARMED&lt;/code&gt;: type identifier for events created when a critical
 * telecommand is armed.
 * &lt;/li&gt;
 * &lt;li&gt;&lt;code&gt;EVT_STACK_FULL&lt;/code&gt;: type identifier for events created when a push operation
 * is performed on a stack container that is already full.
 * &lt;/li&gt;
 * &lt;li&gt;&lt;code&gt;EVT_STACK_EMPTY&lt;/code&gt;: type identifier for events created when a pop operation
 * is performed on a stack container that is empty.
 * &lt;/li&gt;
 * &lt;li&gt;&lt;code&gt;EVT_PUS_REP_POOL_FULL&lt;/code&gt;: type identifier for events created when an attempt
 * is made to allocate a PUS data reporting packet from a data reporting packet pool
 * (see class &lt;code&gt;DC_PUSDataReportingPacketFactory&lt;/code&gt;) that
 * is already full.
 * &lt;/li&gt;
 * &lt;li&gt;&lt;code&gt;EVT_ILLEGAL_MP&lt;/code&gt;: type identifier for events created when an attempt is made
 * to load a monitoring profile in a monitoring profile list (instance of class
 * &lt;code&gt;DC_ProfileList&lt;/code&gt;) at an illegal list address.
 * &lt;/li&gt;
 * &lt;li&gt;&lt;code&gt;EVT_ILLEGAL_CL&lt;/code&gt;: type identifier for events created when an attempt is made
 * to load a control block in a control block list (instance of class
 * &lt;code&gt;DC_ControlList&lt;/code&gt;) at an illegal list address.
 * &lt;/li&gt;
 * &lt;li&gt;&lt;code&gt;EVT_ILLEGAL_PUS_REP_PACKET&lt;/code&gt;: type identifier for events created when an attempt is made
 * to access a parameter in a PUS data reporting packet with an illegal index.
 * &lt;/li&gt;
 * &lt;li&gt;&lt;code&gt;EVT_ILLEGAL_DB_ACCESS&lt;/code&gt;: type identifier for events created when an attempt is made
 * to access a parameter in a parameter database with an illegal identifier orwith the wrong type
 * (e.g. when a parameter of
 * type &lt;code&gt;float&lt;/code&gt; is accessed with a method that is intended for parameters of type
 * &lt;code&gt;double&lt;/code&gt;).
 * &lt;/li&gt;
 * &lt;li&gt;&lt;code&gt;EVT_ILLEGAL_DP_ACCESS&lt;/code&gt;: type identifier for events created when an attempt is made
 * to access a data pool item with an illegal identifier or with the wrong type (e.g. when a parameter of
 * type &lt;code&gt;float&lt;/code&gt; is accessed with a method that is intended for parameters of type
 * &lt;code&gt;double&lt;/code&gt;).
 * &lt;/li&gt;
 * &lt;li&gt;&lt;code&gt;EVT_TM_PCK_ALLOC_FAILURE&lt;/code&gt;: type identifier for events created when a request
 * is made to allocate a telemetry packet from the telemetry packet factory (class
 * &lt;code&gt;CC_TelemetryPacketFactory&lt;/code&gt;) and the request fails.
 * &lt;/li&gt;
 * &lt;li&gt;&lt;code&gt;EVT_MAN_ALLOC_FAILURE&lt;/code&gt;: type identifier for events created when a request
 * is made to allocate a manoeuvre from the manoeuvre factory (class
 * &lt;code&gt;CC_ManoeuvreFactory&lt;/code&gt;) and the request fails.
 * &lt;/li&gt;
 * &lt;li&gt;&lt;code&gt;EVT_TC_ALLOC_FAILURE&lt;/code&gt;: type identifier for events created when a request
 * is made to allocate a telecommand from the telecommand factory (class
 * &lt;code&gt;CC_TelecommandFactory&lt;/code&gt;) and the request fails.
 * &lt;/li&gt;
 * &lt;li&gt;&lt;code&gt;EVT_NO_TC_AVAIL&lt;/code&gt;: type identifier for events created when a request
 * for a telecommand is made to a telecommand factory but the factory was unable to
 * return a free telecommand component (see
 * class &lt;code&gt;DC_BasicPUSTcLoader&lt;/code&gt;).
 * &lt;/li&gt;
 * &lt;li&gt;&lt;code&gt;EVT_UNKNOWN_TC_TYPE&lt;/code&gt;: type identifier for events created when a 
 * telecommand loader finds a telecommand with a type that it does know how to handle
 * (see
 * class &lt;code&gt;DC_BasicPUSTcLoader&lt;/code&gt;).
 * &lt;/li&gt;
 * &lt;li&gt;&lt;code&gt;EVT_TC_TOO_LONG&lt;/code&gt;: type identifier for events created when a 
 * telecommand loader finds a telecommand packet that is too long (see
 * class &lt;code&gt;DC_BasicPUSTcLoader&lt;/code&gt;).
 * &lt;/li&gt;
 * &lt;li&gt;&lt;code&gt;EVT_TOO_MANY_TC_PCKT&lt;/code&gt;: type identifier for events created when a telecommand
 * loader is asked to process too many telecommand packets (see
 * class &lt;code&gt;DC_BasicPUSTcLoader&lt;/code&gt;).
 * &lt;/li&gt;
 * &lt;li&gt;&lt;code&gt;EVT_SID_NOT_FOUND&lt;/code&gt;: type identifier for events created when a request
 * is made to unload a data reporting packet with a certain SID and that packet is not found (see
 * class &lt;code&gt;DC_PUSTelemetryModeManager&lt;/code&gt;).
 * &lt;/li&gt;
 * &lt;li&gt;&lt;code&gt;EVT_TM_STREAM_END&lt;/code&gt;: type identifier for events created when a telemetry
 * stream cannot complete a write request because the "end" of the stream has been reached (see
 * class &lt;code&gt;DC_BasicPUSTmStream&lt;/code&gt;).
 * &lt;/li&gt;
 * &lt;/ol&gt;
 * @see DC_Event
 * @see DC_EventRepository
 */</comment>
<typedef>typedef <type><enum>enum <name>EventType</name> <block>{
    <comment type="line">// OBS Framework specific event types
</comment>	<expr><name>EVT_NULL</name> = 0</expr>,

    <expr><name>EVT_PUNCTUAL_ACTION_EXEC</name></expr>,
	<expr><name>EVT_PUNCTUAL_ACTION_DIS</name></expr>,

    <expr><name>EVT_FSM_TRANSITION</name></expr>,
	<expr><name>EVT_FSM_TRANSITION_DISABLED</name></expr>,
	<expr><name>EVT_FSM_ENTRY_FAILED</name></expr>,
	<expr><name>EVT_FSM_EXIT_FAILED</name></expr>,
	<expr><name>EVT_FSM_ALL_TRANSITION_DISABLED</name></expr>,

    <expr><name>EVT_TC_NOT_VALID</name></expr>,
	<expr><name>EVT_TC_LOADED</name></expr>,
	<expr><name>EVT_TC_EXEC_SUCC</name></expr>,
	<expr><name>EVT_TC_ABORTED</name></expr>,
	<expr><name>EVT_TC_LIST_FULL</name></expr>,
	<expr><name>EVT_TC_EXEC_CHECK_FAIL</name></expr>,
	<expr><name>EVT_TC_EXEC_FAIL</name></expr>,

	<expr><name>EVT_MON_PROFILE_VIOLATION</name></expr>,
	<expr><name>EVT_MOD_TRANS_INHIBITED</name></expr>,
	<expr><name>EVT_MOD_TRANS_PERFORMED</name></expr>,

	<expr><name>EVT_TOO_MANY_TM_BYTES</name></expr>,
    <expr><name>EVT_TM_QUEUE_FULL</name></expr>,
	<expr><name>EVT_TM_ITEM_NOT_VALID</name></expr>,
    <expr><name>EVT_TMW_WRONG_BYTE_INDEX</name></expr>,
    <expr><name>EVT_PUS_DATA_REP_PACKET_TOO_LARGE</name></expr>,
    <expr><name>EVT_PUS_TOO_MANY_DUMP_BLOCKS</name></expr>,
    <expr><name>EVT_PUS_ILLEGAL_BLOCK_INDEX</name></expr>,
    <expr><name>EVT_PUS_TOO_MANY_MEM_DATA</name></expr>,

	<expr><name>EVT_MAN_STARTED</name></expr>,
	<expr><name>EVT_MAN_ABORTED</name></expr>,
	<expr><name>EVT_MAN_TERMINATED</name></expr>,
    <expr><name>EVT_MAN_PROGRESS</name></expr>,
	<expr><name>EVT_MAN_LOADED</name></expr>,
	<expr><name>EVT_MAN_UNLOADED</name></expr>,
	<expr><name>EVT_MAN_RESUMED</name></expr>,
	<expr><name>EVT_MAN_SUSPENDED</name></expr>,
	<expr><name>EVT_MAN_LIST_FULL</name></expr>,

	<expr><name>EVT_ILLEGAL_CB</name></expr>,
    <expr><name>EVT_ILLEGAL_FS</name></expr>,
    <expr><name>EVT_ILLEGAL_MM</name></expr>,

	<expr><name>EVT_RECONFIG</name></expr>,
	<expr><name>EVT_RECONFIG_NO_HEALTHY</name></expr>,
	<expr><name>EVT_RECONFIG_DISABLED</name></expr>,
	<expr><name>EVT_ILLEGAL_CONFIG</name></expr>,

	<expr><name>EVT_CRIT_TC_TIMEOUT</name></expr>,
	<expr><name>EVT_CRIT_TC_IMG_INV</name></expr>,
	<expr><name>EVT_CRIT_TC_ARMED</name></expr>,

    <expr><name>EVT_STACK_FULL</name></expr>,
    <expr><name>EVT_STACK_EMPTY</name></expr>,
    <expr><name>EVT_PUS_REP_POOL_FULL</name></expr>,

    <expr><name>EVT_ILLEGAL_MP</name></expr>,
    <expr><name>EVT_ILLEGAL_CL</name></expr>,
    <expr><name>EVT_ILLEGAL_PUS_REP_PACKET</name></expr>,
    <expr><name>EVT_ILLEGAL_DB_ACCESS</name></expr>,
    <expr><name>EVT_ILLEGAL_DP_ACCESS</name></expr>,

    <expr><name>EVT_TM_PCK_ALLOC_FAILURE</name></expr>,
    <expr><name>EVT_MAN_ALLOC_FAILURE</name></expr>,
    <expr><name>EVT_TC_ALLOC_FAILURE</name></expr>,
    <expr><name>EVT_NO_TC_AVAIL</name></expr>,
    <expr><name>EVT_UNKNOWN_TC_TYPE</name></expr>,
    <expr><name>EVT_TC_TOO_LONG</name></expr>,
    <expr><name>EVT_TOO_MANY_TC_PCKT</name></expr>,
    <expr><name>EVT_TM_STREAM_END</name></expr>,

    <expr><name>EVT_SID_NOT_FOUND</name></expr>,

    <expr><name>LAST_EVENT_TYPE</name>=<name>EVT_SID_NOT_FOUND</name></expr>
}</block></enum></type> <name>TD_EventType</name>;</typedef>

<cpp:endif>#<cpp:directive>endif</cpp:directive></cpp:endif>
</unit>
