<unit xmlns="http://www.sdml.info/srcML/src" xmlns:cpp="http://www.sdml.info/srcML/cpp">
<comment type="line">//
</comment><comment type="line">// Copyright 2004 P&amp;P Software GmbH - All Rights Reserved
</comment><comment type="line">//
</comment><comment type="line">// CompilerSwitches.h
</comment><comment type="line">//
</comment><comment type="line">// Version	1.0
</comment><comment type="line">// Date	    18.04.03 
</comment><comment type="line">// Author	A. Pasetti (P&amp;P Software)
</comment><comment type="line">//
</comment><comment type="line">// Change Record:
</comment>
<comment type="block">/**
 * @file CompilerSwitches.h 
 * This file defines the compiler switches used by the operational
 * classes of the OBS Framework. This file is &lt;code&gt;#included&lt;/code&gt;
 * by all body files of the OBS Framework.
 * Note that compiler switches used by the test
 * classes are defined in a dedicated header file (&lt;code&gt;TestCompilerSwitches&lt;/code&gt;)
 */</comment>

<cpp:ifndef>#<cpp:directive>ifndef</cpp:directive> <name>CompilerSwitchesH</name></cpp:ifndef>
<cpp:define>#<cpp:directive>define</cpp:directive> <name>CompilerSwitchesH</name></cpp:define>

<comment type="line">// The NDEBUG symbol controls whether assertions are switched on or off
</comment><comment type="line">// under the Borland C++Builder. If the variable is defined, then assertions
</comment><comment type="line">// are switched off. If it is not defined, then assertions are switched on.
</comment><comment type="line">// #undef NDEBUG       // assertions are switched on
</comment><cpp:define>#<cpp:directive>define</cpp:directive> <name>NDEBUG</name></cpp:define>   <comment type="line">// assertions are switched off
</comment>
<comment type="line">// The USE_SYSTEM_ASSERT symbol controls whether the assert() macro defined in
</comment><comment type="line">// the system-wide header file &lt;code&gt;assert.h&lt;/code&gt; or the one defined in &lt;code&gt;DebugSupport.h&lt;/code&gt; is used.
</comment><comment type="line">// If the symbol is defined, the definition in &lt;code&gt;assert.h&lt;/code&gt; is taken.
</comment><comment type="line">// Otherwise the definition in &lt;code&gt;DebugSupport.h&lt;/code&gt; is used.
</comment><cpp:define>#<cpp:directive>define</cpp:directive> <name>USE_SYSTEM_ASSERT</name></cpp:define>
<comment type="line">// #undef USE_SYSTEM_ASSERT
</comment>
<comment type="line">// Must be defined only if Simulink(TM) is available
</comment><comment type="line">// #define HAVE_SIMULINK
</comment><cpp:undef>#<cpp:directive>undef</cpp:directive> <name>HAVE_SIMULINK</name></cpp:undef>

<comment type="line">// This pragma disables warnings that are in effect when the W4 warning
</comment><comment type="line">// level on the VS compiler are enabled (this is not the default)
</comment><comment type="line">// The following warnings are disabled:
</comment><comment type="line">// 4061: enumeration constant in switch is not explicitly handled by a case label
</comment><comment type="line">// 4100: unreferenced formal parameter (this triggers whenever trivial
</comment><comment type="line">//       definitions are given for methods that are to be overridden in
</comment><comment type="line">//       subclasses)
</comment><comment type="line">// 4511: copy constructor could not be generated (copy constructors 
</comment><comment type="line">//       must not be generated in the OBS Framework)
</comment><comment type="line">// 4512: assignment operator could not be generated (assignment operators 
</comment><comment type="line">//       must not be generated in the OBS Framework)
</comment><cpp:pragma>#<cpp:directive>pragma</cpp:directive> warning( disable : 4100 4511 4512 4061 )</cpp:pragma>

<cpp:endif>#<cpp:directive>endif</cpp:directive></cpp:endif>
</unit>
