<unit xmlns="http://www.sdml.info/srcML/src" xmlns:cpp="http://www.sdml.info/srcML/cpp">
<comment type="line">//
</comment><comment type="line">// Copyright 2004 P&amp;P Software GmbH - All Rights Reserved
</comment><comment type="line">//
</comment><comment type="line">// Constants.h
</comment><comment type="line">//
</comment><comment type="line">// Version	1.0
</comment><comment type="line">// Date		13.09.02
</comment><comment type="line">// Author	A. Pasetti (P&amp;P Software), R. Totaro
</comment>
<comment type="block">/**
 * @file Constants.h
 * This file defines all the constants used in the operational classes
 * of the OBS Framework. Constants
 * are defined using the &lt;code&gt;const&lt;/code&gt; construct provided by the
 * C++ language. They are &lt;i&gt;not&lt;/i&gt; defined using the &lt;code&gt;#define&lt;/code&gt;
 * construct of the C language. Constants used in the test classes
 * are defined in a dedicated header file (&lt;code&gt;TestConstants&lt;/code&gt;).
 * &lt;p&gt;
 * Among others, this file also defines the constats representing the
 * PUS types and subtypes.
 */</comment>

<cpp:ifndef>#<cpp:directive>ifndef</cpp:directive> <name>ConstantsH</name></cpp:ifndef>
<cpp:define>#<cpp:directive>define</cpp:directive> <name>ConstantsH</name></cpp:define>

<cpp:include>#<cpp:directive>include</cpp:directive> <cpp:file>"BasicTypes.h"</cpp:file></cpp:include>

<cpp:define>#<cpp:directive>define</cpp:directive> <name>pNULL</name> 0</cpp:define>     <comment type="line">// Constant used to represent uninitialized pointers.
</comment>
<comment type="block">/**
 * Constant used to signify "object or system correctly configured".
 * This is normally used as the return value of a system or object
 * configuration check.
 */</comment>
<decl_stmt><decl><type><name>const</name> <name>bool</name></type> <name>CONFIGURED</name> =<init> <expr><name>true</name></expr></init></decl>;</decl_stmt>

<comment type="block">/**
 * Constant used to signify "object or system not configured".
 * This is normally used as the return value of a system or object
 * configuration check.
 */</comment>
<decl_stmt><decl><type><name>const</name> <name>bool</name></type> <name>NOT_CONFIGURED</name> =<init> <expr><name>false</name></expr></init></decl>;</decl_stmt>

<comment type="block">/**
 * Constant used to signify "disabled".
 */</comment>
<decl_stmt><decl><type><name>const</name> <name>bool</name></type> <name>DISABLED</name> =<init> <expr><name>false</name></expr></init></decl>;</decl_stmt>

<comment type="block">/**
 * Constant used to signify "enabled".
 */</comment>
<decl_stmt><decl><type><name>const</name> <name>bool</name></type> <name>ENABLED</name> =<init> <expr><name>true</name></expr></init></decl>;</decl_stmt>

<comment type="block">/**
 * Constant used to signify "not valid".
 */</comment>
<decl_stmt><decl><type><name>const</name> <name>bool</name></type> <name>NOT_VALID</name> =<init> <expr><name>false</name></expr></init></decl>;</decl_stmt>

<comment type="block">/**
 * Constant used to signify "valid".
 */</comment>
<decl_stmt><decl><type><name>const</name> <name>bool</name></type> <name>VALID</name> =<init> <expr><name>true</name></expr></init></decl>;</decl_stmt>

<comment type="block">/**
 * Constant used to signify "not critical".
 */</comment>
<decl_stmt><decl><type><name>const</name> <name>bool</name></type> <name>NOT_CRITICAL</name> =<init> <expr><name>false</name></expr></init></decl>;</decl_stmt>

<comment type="block">/**
 * Constant used to signify "critical".
 */</comment>
<decl_stmt><decl><type><name>const</name> <name>bool</name></type> <name>CRITICAL</name> =<init> <expr><name>true</name></expr></init></decl>;</decl_stmt>

<comment type="block">/**
 * Constant used to signify "telecommand not armed".
 */</comment>
<decl_stmt><decl><type><name>const</name> <name>bool</name></type> <name>NOT_ARMED</name> =<init> <expr><name>false</name></expr></init></decl>;</decl_stmt>

<comment type="block">/**
 * Constant used to signify "telecommand armed".
 */</comment>
<decl_stmt><decl><type><name>const</name> <name>bool</name></type> <name>ARMED</name> =<init> <expr><name>true</name></expr></init></decl>;</decl_stmt>

<comment type="block">/**
 * Constant used to signify "not healthy".
 */</comment>
<decl_stmt><decl><type><name>const</name> <name>bool</name></type> <name>NOT_HEALTHY</name> =<init> <expr><name>false</name></expr></init></decl>;</decl_stmt>

<comment type="block">/**
 * Constant used to signify "healthy".
 */</comment>
<decl_stmt><decl><type><name>const</name> <name>bool</name></type> <name>HEALTHY</name> =<init> <expr><name>true</name></expr></init></decl>;</decl_stmt>

<comment type="block">/**
 * Constant used to signify "component is in use".
 * @see CC_TelemetryPacketFactory
 * @see CC_ManoeuvreFactory
 * @see CC_TelecommandFactory
 */</comment>
<decl_stmt><decl><type><name>const</name> <name>bool</name></type> <name>IN_USE</name> =<init> <expr><name>true</name></expr></init></decl>;</decl_stmt>

<comment type="block">/**
 * Constant used to signify "component is not in use".
 * @see CC_TelemetryPacketFactory
 * @see CC_ManoeuvreFactory
 * @see CC_TelecommandFactory
 */</comment>
<decl_stmt><decl><type><name>const</name> <name>bool</name></type> <name>NOT_IN_USE</name> =<init> <expr><name>false</name></expr></init></decl>;</decl_stmt>

<comment type="block">/**
 * Constant used to signify "telecommand can execute".
 * @see Telecommand#canExecute
 */</comment>
<decl_stmt><decl><type><name>const</name> <name>bool</name></type> <name>TC_CAN_EXECUTE</name> =<init> <expr><name>true</name></expr></init></decl>;</decl_stmt>

<comment type="block">/**
 * Constant used to signify "telecommand cannot execute".
 * @see Telecommand#canExecute
 */</comment>
<decl_stmt><decl><type><name>const</name> <name>bool</name></type> <name>TC_CANNOT_EXECUTE</name> =<init> <expr><name>false</name></expr></init></decl>;</decl_stmt>

<comment type="line">// -------------------------------------------------------
</comment><comment type="block">/**
 * Constant used to signify "manoeuvre can start".
 * @see Manoeuvre#canStart
 */</comment>
<decl_stmt><decl><type><name>const</name> <name>bool</name></type> <name>MAN_CAN_START</name> =<init> <expr><name>true</name></expr></init></decl>;</decl_stmt>

<comment type="block">/**
 * Constant used to signify "manoeuvre cannot start".
 * @see Manoeuvre#canStart
 */</comment>
<decl_stmt><decl><type><name>const</name> <name>bool</name></type> <name>MAN_CANNOT_START</name> =<init> <expr><name>false</name></expr></init></decl>;</decl_stmt>

<comment type="block">/**
 * Constant used to signify "manoeuvre can continue".
 * @see Manoeuvre#canExecute
 */</comment>
<decl_stmt><decl><type><name>const</name> <name>bool</name></type> <name>MAN_CAN_CONTINUE</name> =<init> <expr><name>true</name></expr></init></decl>;</decl_stmt>

<comment type="block">/**
 * Constant used to signify "manoeuvre cannot continue".
 * @see Manoeuvre#canExecute
 */</comment>
<decl_stmt><decl><type><name>const</name> <name>bool</name></type> <name>MAN_CANNOT_CONTINUE</name> =<init> <expr><name>false</name></expr></init></decl>;</decl_stmt>

<comment type="block">/**
 * Constant used to signify "manoeuvre has terminated execution".
 * @see Manoeuvre#isFinished
 */</comment>
<decl_stmt><decl><type><name>const</name> <name>bool</name></type> <name>MAN_HAS_TERMINATED</name> =<init> <expr><name>true</name></expr></init></decl>;</decl_stmt>

<comment type="block">/**
 * Constant used to signify "manoeuvre has not yet terminated execution".
 * @see Manoeuvre#isFinished
 */</comment>
<decl_stmt><decl><type><name>const</name> <name>bool</name></type> <name>MAN_HAS_NOT_TERMINATED</name> =<init> <expr><name>false</name></expr></init></decl>;</decl_stmt>

<comment type="block">/**
 * Constant used to signify "manoeuvre is in use".
 * @see Manoeuvre
 */</comment>
<decl_stmt><decl><type><name>const</name> <name>bool</name></type> <name>MAN_IN_USE</name> =<init> <expr><name>true</name></expr></init></decl>;</decl_stmt>

<comment type="block">/**
 * Constant used to signify "manoeuvre is not in use".
 * @see Manoeuvre
 */</comment>
<decl_stmt><decl><type><name>const</name> <name>bool</name></type> <name>MAN_NOT_IN_USE</name> =<init> <expr><name>false</name></expr></init></decl>;</decl_stmt>

<comment type="block">/**
 * Constant used to signify "manoeuvre is executing".
 * @see Manoeuvre
 */</comment>
<decl_stmt><decl><type><name>const</name> <name>bool</name></type> <name>MAN_EXECUTING</name> =<init> <expr><name>true</name></expr></init></decl>;</decl_stmt>

<comment type="block">/**
 * Constant used to signify "manoeuvre is not executing".
 * @see Manoeuvre
 */</comment>
<decl_stmt><decl><type><name>const</name> <name>bool</name></type> <name>MAN_NOT_EXECUTING</name> =<init> <expr><name>false</name></expr></init></decl>;</decl_stmt>

<comment type="block">/**
 * Constant used to signify "manoeuvre is suspended".
 * @see Manoeuvre
 */</comment>
<decl_stmt><decl><type><name>const</name> <name>bool</name></type> <name>MAN_SUSPENDED</name> =<init> <expr><name>true</name></expr></init></decl>;</decl_stmt>

<comment type="block">/**
 * Constant used to signify "manoeuvre is not suspended".
 * @see Manoeuvre
 */</comment>
<decl_stmt><decl><type><name>const</name> <name>bool</name></type> <name>MAN_NOT_SUSPENDED</name> =<init> <expr><name>false</name></expr></init></decl>;</decl_stmt>

<comment type="line">// -------------------------------------------------------
</comment><comment type="block">/**
 * Constant used to signify "a monitoring profile has been detected".
 * @see MonitoringProfile#deviatesFromProfile
 */</comment>
<decl_stmt><decl><type><name>const</name> <name>bool</name></type> <name>MON_PROFILE_DEVIATION</name> =<init> <expr><name>true</name></expr></init></decl>;</decl_stmt>

<comment type="block">/**
 * Constant used to signify "no monitoring profile has been detected".
 * @see MonitoringProfile#deviatesFromProfile
 */</comment>
<decl_stmt><decl><type><name>const</name> <name>bool</name></type> <name>NO_MON_PROFILE_DEVIATION</name> =<init> <expr><name>false</name></expr></init></decl>;</decl_stmt>

<comment type="block">/**
 * The initialization value for variable &lt;code&gt;previousValue&lt;/code&gt; in
 * a stuck data monitoring profile.
 * @see DC_StuckDataProfile#reset
 */</comment>
<decl_stmt><decl><type><name>const</name> <name>int</name></type> <name>PREVIOUS_VALUE_INIT</name> =<init> <expr>9999</expr></init></decl>;</decl_stmt>

<comment type="line">// -------------------------------------------------------
</comment><comment type="block">/**
 * Constant defining the maximum number of &lt;code&gt;CC_RootObject&lt;/code&gt; instances
 * that can be created in an application. This constant is used to initialize
 * the size of the &lt;i&gt;system list&lt;/i&gt; data structure in class &lt;code&gt;CC_RootObject&lt;/code&gt;.
 * @see CC_RootObject
 */</comment>
<decl_stmt><decl><type><name>const</name> <name>TD_InstanceId</name></type> <name>MAX_N_OBJECTS</name> =<init> <expr>512</expr></init></decl>;</decl_stmt>

<comment type="block">/**
 * The largest integer that can be represented in two's complement notation
 * using 32 bits.
 */</comment>
<decl_stmt><decl><type><name>const</name> <name>int</name></type> <name>MAX_INT</name> =<init> <expr>0x7FFFFFFF</expr></init></decl>;</decl_stmt>

<comment type="block">/**
 * The largest unsigned integer that can be represented using 32 bits.
 */</comment>
<decl_stmt><decl><type><name>const</name> <name>int</name></type> <name>MAX_UNSIGNED_INT</name> =<init> <expr>0xFFFFFFFF</expr></init></decl>;</decl_stmt>

<comment type="block">/**
 * Flag to deternmine whether the mode field should be included in telemetry data reporting
 * packets (PUS service type 3, subtypes 25 and 26). If the flag is true, then the mode
 * field is included, otherwise it is omitted.
 * @see DC_PUSDataReportingPacket
 */</comment>
<decl_stmt><decl><type><name>const</name> <name>bool</name></type> <name>PUS_DATA_REP_MODE</name> =<init> <expr><name>true</name></expr></init></decl>;</decl_stmt>

<comment type="line">// -------------------------------------------------------
</comment><comment type="block">/**
 * Validity check code returned by a PUS telecommand when
 * the telecommand is found to be invalid because there are more raw data than can
 * fit in the telecommand component.
 * @see Telecommand#getValidityCheckCode
 */</comment>
<decl_stmt><decl><type><name>const</name> <name>TD_CheckCode</name></type> <name>VC_TOO_MANY_RAW_DATA</name> =<init> <expr>1</expr></init></decl>;</decl_stmt>

<comment type="block">/**
 * Validity check code returned by a PUS telecommand when
 * the raw data loaded into a telecommand component are internally inconsistent.
 * @see Telecommand#getValidityCheckCode
 */</comment>
<decl_stmt><decl><type><name>const</name> <name>TD_CheckCode</name></type> <name>VC_INCONSISTENT_RAW_DATA</name> =<init> <expr>2</expr></init></decl>;</decl_stmt>

<comment type="block">/**
 * Validity check code returned by a PUS memory block telecommand when
 * the raw data contain too many memory blocks.
 * @see DC_PUSMemoryLoadOffset
 * @see DC_PUSMemoryLoadAbsolute
 */</comment>
<decl_stmt><decl><type><name>const</name> <name>TD_CheckCode</name></type> <name>VC_TOO_MANY_MEM_BLOCK</name> =<init> <expr>3</expr></init></decl>;</decl_stmt>

<comment type="block">/**
 * Validity check code returned by a PUS memory block telecommand when
 * the raw data contain too many memory data.
 * @see DC_PUSMemoryLoadOffset
 * @see DC_PUSMemoryLoadAbsolute
 */</comment>
<decl_stmt><decl><type><name>const</name> <name>TD_CheckCode</name></type> <name>VC_TOO_MANY_MEM_DATA</name> =<init> <expr>4</expr></init></decl>;</decl_stmt>

<comment type="block">/**
 * Validity check code returned by a PUS telecommand when
 * the telecommand is found to be invalid because there are more SIDs than can
 * fit in the telecommand component.
 * @see DC_PUSClearDataReporting
 */</comment>
<decl_stmt><decl><type><name>const</name> <name>TD_CheckCode</name></type> <name>VC_TOO_MANY_SIDS</name> =<init> <expr>5</expr></init></decl>;</decl_stmt>

<comment type="line">// -------------------------------------------------------
</comment><comment type="block">/**
 * The PUS service type for the telecommand verification service.
 * @see DC_PUSTcVerificationPacket
 */</comment>
<decl_stmt><decl><type><name>const</name> <name>int</name></type> <name>PUS_TYPE_TC_VER</name> =<init> <expr>1</expr></init></decl>;</decl_stmt>

<comment type="block">/**
 * The PUS service subtype for the "telecommand acceptance report - success" in
 * the telecommand verification service.
 * @see DC_PUSTcVerificationPacket
 */</comment>
<decl_stmt><decl><type><name>const</name> <name>int</name></type> <name>PUS_ST_TC_VER_ACC_SC</name> =<init> <expr>1</expr></init></decl>;</decl_stmt>

<comment type="block">/**
 * The PUS service subtype for the "telecommand acceptance report - failure" in
 * the telecommand verification service.
 * @see DC_PUSTcVerificationPacket
 */</comment>
<decl_stmt><decl><type><name>const</name> <name>int</name></type> <name>PUS_ST_TC_VER_ACC_FL</name> =<init> <expr>2</expr></init></decl>;</decl_stmt>

<comment type="block">/**
 * The PUS service subtype for the "telecommand execution started report - success" in
 * the telecommand verification service.
 * @see DC_PUSTcVerificationPacket
 */</comment>
<decl_stmt><decl><type><name>const</name> <name>int</name></type> <name>PUS_ST_TC_EXE_STR_SC</name> =<init> <expr>3</expr></init></decl>;</decl_stmt>

<comment type="block">/**
 * The PUS service subtype for the "telecommand execution started report - failure" in
 * the telecommand verification service.
 * @see DC_PUSTcVerificationPacket
 */</comment>
<decl_stmt><decl><type><name>const</name> <name>int</name></type> <name>PUS_ST_TC_EXE_STR_FL</name> =<init> <expr>4</expr></init></decl>;</decl_stmt>

<comment type="block">/**
 * The PUS service subtype for the "telecommand execution progress report - success" in
 * the telecommand verification service.
 * @see DC_PUSTcVerificationPacket
 */</comment>
<decl_stmt><decl><type><name>const</name> <name>int</name></type> <name>PUS_ST_TC_EXE_PRO_SC</name> =<init> <expr>5</expr></init></decl>;</decl_stmt>

<comment type="block">/**
 * The PUS service subtype for the "telecommand execution progress report - failure" in
 * the telecommand verification service.
 * @see DC_PUSTcVerificationPacket
 */</comment>
<decl_stmt><decl><type><name>const</name> <name>int</name></type> <name>PUS_ST_TC_EXE_PRO_FL</name> =<init> <expr>6</expr></init></decl>;</decl_stmt>

<comment type="block">/**
 * The PUS service subtype for the "telecommand execution completion report - success" in
 * the telecommand verification service.
 * @see DC_PUSTcVerificationPacket
 */</comment>
<decl_stmt><decl><type><name>const</name> <name>int</name></type> <name>PUS_ST_TC_EXE_END_SC</name> =<init> <expr>7</expr></init></decl>;</decl_stmt>

<comment type="block">/**
 * The PUS service subtype for the "telecommand execution completion report - failure" in
 * the telecommand verification service.
 * @see DC_PUSTcVerificationPacket
 */</comment>
<decl_stmt><decl><type><name>const</name> <name>int</name></type> <name>PUS_ST_TC_EXE_END_FL</name> =<init> <expr>8</expr></init></decl>;</decl_stmt>

<comment type="line">// -------------------------------------------------------
</comment><comment type="block">/**
 * The PUS service type for the housekeeping and diagnostic
 * data reporting service.
 * @see DC_PUSDataReportingPacket
 */</comment>
<decl_stmt><decl><type><name>const</name> <name>int</name></type> <name>PUS_TYPE_DATA_REP</name> =<init> <expr>3</expr></init></decl>;</decl_stmt>

<comment type="block">/**
 * The PUS service subtype for: "define new housekeeping parameter report" in
 * the housekeeping and diagnostic data reporting service.
 */</comment>
<decl_stmt><decl><type><name>const</name> <name>int</name></type> <name>PUS_ST_DATA_REP_NEW_HK</name> =<init> <expr>1</expr></init></decl>;</decl_stmt>

<comment type="block">/**
 * The PUS service subtype for: "define new diagnostic parameter report" in
 * the housekeeping and diagnostic data reporting service.
 */</comment>
<decl_stmt><decl><type><name>const</name> <name>int</name></type> <name>PUS_ST_DATA_REP_NEW_DG</name> =<init> <expr>2</expr></init></decl>;</decl_stmt>

<comment type="block">/**
 * The PUS service subtype for: "clear housekeeping parameter report definition" in
 * the housekeeping and diagnostic data reporting service.
 */</comment>
<decl_stmt><decl><type><name>const</name> <name>int</name></type> <name>PUS_ST_DATA_REP_CLR_HK</name> =<init> <expr>3</expr></init></decl>;</decl_stmt>

<comment type="block">/**
 * The PUS service subtype for: "clear diagnostic parameter report definition" in
 * the housekeeping and diagnostic data reporting service.
 */</comment>
<decl_stmt><decl><type><name>const</name> <name>int</name></type> <name>PUS_ST_DATA_REP_CLR_DG</name> =<init> <expr>4</expr></init></decl>;</decl_stmt>

<comment type="block">/**
 * The PUS service subtype for: "enable housekeeping parameter report generation" in
 * the housekeeping and diagnostic data reporting service.
 */</comment>
<decl_stmt><decl><type><name>const</name> <name>int</name></type> <name>PUS_ST_DATA_REP_ENB_HK</name> =<init> <expr>5</expr></init></decl>;</decl_stmt>

<comment type="block">/**
 * The PUS service subtype for: "disable housekeeping parameter report generation" in
 * the housekeeping and diagnostic data reporting service.
 */</comment>
<decl_stmt><decl><type><name>const</name> <name>int</name></type> <name>PUS_ST_DATA_REP_DIS_HK</name> =<init> <expr>6</expr></init></decl>;</decl_stmt>

<comment type="block">/**
 * The PUS service subtype for: "enable diagnostic parameter report generation" in
 * the housekeeping and diagnostic data reporting service.
 */</comment>
<decl_stmt><decl><type><name>const</name> <name>int</name></type> <name>PUS_ST_DATA_REP_ENB_DG</name> =<init> <expr>7</expr></init></decl>;</decl_stmt>

<comment type="block">/**
 * The PUS service subtype for: "disable diagnostic parameter report generation" in
 * the housekeeping and diagnostic data reporting service.
 */</comment>
<decl_stmt><decl><type><name>const</name> <name>int</name></type> <name>PUS_ST_DATA_REP_DIS_DG</name> =<init> <expr>8</expr></init></decl>;</decl_stmt>

<comment type="block">/**
 * The PUS service subtype for: "report housekeeping parameter report definition" in
 * the housekeeping and diagnostic data reporting service.
 */</comment>
<decl_stmt><decl><type><name>const</name> <name>int</name></type> <name>PUS_ST_DATA_REP_REP_HK</name> =<init> <expr>9</expr></init></decl>;</decl_stmt>

<comment type="block">/**
 * The PUS service subtype for: "housekeeping parameter report definition report" in
 * the housekeeping and diagnostic data reporting service.
 */</comment>
<decl_stmt><decl><type><name>const</name> <name>int</name></type> <name>PUS_ST_DATA_REP_REP_HK_REP</name> =<init> <expr>10</expr></init></decl>;</decl_stmt>

<comment type="block">/**
 * The PUS service subtype for: "report diagnostic parameter report definition" in
 * the housekeeping and diagnostic data reporting service.
 */</comment>
<decl_stmt><decl><type><name>const</name> <name>int</name></type> <name>PUS_ST_DATA_REP_REP_DG</name> =<init> <expr>11</expr></init></decl>;</decl_stmt>

<comment type="block">/**
 * The PUS service subtype for: "diagnostic parameter report definition report" in
 * the housekeeping and diagnostic data reporting service.
 */</comment>
<decl_stmt><decl><type><name>const</name> <name>int</name></type> <name>PUS_ST_DATA_REP_REP_DG_REP</name> =<init> <expr>12</expr></init></decl>;</decl_stmt>

<comment type="block">/**
 * The PUS service subtype for: "select periodic housekeeping parameter report generation mode" in
 * the housekeeping and diagnostic data reporting service.
 */</comment>
<decl_stmt><decl><type><name>const</name> <name>int</name></type> <name>PUS_ST_DATA_REP_PER_HK</name> =<init> <expr>17</expr></init></decl>;</decl_stmt>

<comment type="block">/**
 * The PUS service subtype for: "select periodic diagnostic parameter report generation mode" in
 * the housekeeping and diagnostic data reporting service.
 */</comment>
<decl_stmt><decl><type><name>const</name> <name>int</name></type> <name>PUS_ST_DATA_REP_PER_DG</name> =<init> <expr>18</expr></init></decl>;</decl_stmt>

<comment type="block">/**
 * The PUS service subtype for: "select filtered housekeeping parameter report generation mode" in
 * the housekeeping and diagnostic data reporting service.
 */</comment>
<decl_stmt><decl><type><name>const</name> <name>int</name></type> <name>PUS_ST_DATA_REP_FIL_HK</name> =<init> <expr>19</expr></init></decl>;</decl_stmt>

<comment type="block">/**
 * The PUS service subtype for: "select filtered diagnostic parameter report generation mode" in
 * the housekeeping and diagnostic data reporting service.
 */</comment>
<decl_stmt><decl><type><name>const</name> <name>int</name></type> <name>PUS_ST_DATA_REP_FIL_DG</name> =<init> <expr>20</expr></init></decl>;</decl_stmt>

<comment type="block">/**
 * The PUS service subtype for: "report unfiltered housekeeping parameters" in
 * the housekeeping and diagnostic data reporting service.
 */</comment>
<decl_stmt><decl><type><name>const</name> <name>int</name></type> <name>PUS_ST_DATA_REP_UNF_HK</name> =<init> <expr>21</expr></init></decl>;</decl_stmt>

<comment type="block">/**
 * The PUS service subtype for: "report unfiltered diagnostic parameters" in
 * the housekeeping and diagnostic data reporting service.
 */</comment>
<decl_stmt><decl><type><name>const</name> <name>int</name></type> <name>PUS_ST_DATA_REP_UNF_DG</name> =<init> <expr>22</expr></init></decl>;</decl_stmt>

<comment type="block">/**
 * The PUS service subtype for: "unfiltered housekeeping parameters report" in
 * the housekeeping and diagnostic data reporting service.
 */</comment>
<decl_stmt><decl><type><name>const</name> <name>int</name></type> <name>PUS_ST_DATA_REP_UNF_HK_REP</name> =<init> <expr>23</expr></init></decl>;</decl_stmt>

<comment type="block">/**
 * The PUS service subtype for: "unfiltered diagnostic parameters report" in
 * the housekeeping and diagnostic data reporting service.
 */</comment>
<decl_stmt><decl><type><name>const</name> <name>int</name></type> <name>PUS_ST_DATA_REP_UNF_DG_REP</name> =<init> <expr>24</expr></init></decl>;</decl_stmt>

<comment type="block">/**
 * The PUS service subtype for: "housekeeping parameters report" in
 * the housekeeping and diagnostic data reporting service.
 */</comment>
<decl_stmt><decl><type><name>const</name> <name>int</name></type> <name>PUS_ST_DATA_REP_PAR_HK_REP</name> =<init> <expr>25</expr></init></decl>;</decl_stmt>

<comment type="block">/**
 * The PUS service subtype for: "diagnostic parameters report" in
 * the housekeeping and diagnostic data reporting service.
 */</comment>
<decl_stmt><decl><type><name>const</name> <name>int</name></type> <name>PUS_ST_DATA_REP_PAR_DG_REP</name> =<init> <expr>26</expr></init></decl>;</decl_stmt>

<comment type="line">// -------------------------------------------------------
</comment><comment type="block">/**
 * The PUS service type for the telecommand function management service.
 * @see DC_PUSFunction
 */</comment>
<decl_stmt><decl><type><name>const</name> <name>int</name></type> <name>PUS_TYPE_TC_FNC</name> =<init> <expr>8</expr></init></decl>;</decl_stmt>

<comment type="block">/**
 * The PUS service subtype for the "perform function" service in the telecommand 
 * function management service.
 * @see DC_PUSFunction
 */</comment>
<decl_stmt><decl><type><name>const</name> <name>int</name></type> <name>PUS_ST_TC_FNC_PER</name> =<init> <expr>1</expr></init></decl>;</decl_stmt>

<comment type="line">// -------------------------------------------------------
</comment><comment type="block">/**
 * The PUS service type for the telecommand memory management service.
 * @see DC_PUSFunction
 */</comment>
<decl_stmt><decl><type><name>const</name> <name>int</name></type> <name>PUS_TYPE_MEM</name> =<init> <expr>6</expr></init></decl>;</decl_stmt>

<comment type="block">/**
 * The PUS service subtype for the "memory load with base plus offset" service in the telecommand 
 * memory management service.
 * @see DC_PUSFunction
 */</comment>
<decl_stmt><decl><type><name>const</name> <name>int</name></type> <name>PUS_ST_TC_MEM_OFF</name> =<init> <expr>1</expr></init></decl>;</decl_stmt>

<comment type="block">/**
 * The PUS service subtype for the "memory load with absolute addresses" service in the telecommand 
 * memory management service.
 * @see DC_PUSFunction
 */</comment>
<decl_stmt><decl><type><name>const</name> <name>int</name></type> <name>PUS_ST_TC_MEM_ABS</name> =<init> <expr>2</expr></init></decl>;</decl_stmt>

<comment type="block">/**
 * The PUS service subtype for the "memory dump with base plus offset" service in the telecommand 
 * memory management service.
 * @see DC_PUSFunction
 */</comment>
<decl_stmt><decl><type><name>const</name> <name>int</name></type> <name>PUS_ST_TC_DMP_OFF</name> =<init> <expr>3</expr></init></decl>;</decl_stmt>

<comment type="block">/**
 * The PUS service subtype for the "memory dump with base plus offset" service in the telemetry 
 * memory management service.
 * @see DC_PUSFunction
 */</comment>
<decl_stmt><decl><type><name>const</name> <name>int</name></type> <name>PUS_ST_TM_DMP_OFF</name> =<init> <expr>4</expr></init></decl>;</decl_stmt>

<comment type="block">/**
 * The PUS service subtype for the "memory dump with absolute addresses" service in the telecommand 
 * memory management service.
 * @see DC_PUSFunction
 */</comment>
<decl_stmt><decl><type><name>const</name> <name>int</name></type> <name>PUS_ST_TC_DMP_ABS</name> =<init> <expr>5</expr></init></decl>;</decl_stmt>

<comment type="block">/**
 * The PUS service subtype for the "memory dump with absolute addresses" service in the telemetry 
 * memory management service.
 * @see DC_PUSFunction
 */</comment>
<decl_stmt><decl><type><name>const</name> <name>int</name></type> <name>PUS_ST_TM_DMP_ABS</name> =<init> <expr>6</expr></init></decl>;</decl_stmt>

<comment type="line">// -------------------------------------------------------
</comment><comment type="block">/**
 * The PUS service type for the test PUS telecommands.
 * @see DC_TestPUSTelecommand
 */</comment>
<decl_stmt><decl><type><name>const</name> <name>int</name></type> <name>PUS_TYPE_TEST</name> =<init> <expr>127</expr></init></decl>;</decl_stmt>

<comment type="block">/**
 * The PUS service subtype for the test PUS telecommands.
 * @see DC_TestPUSTelecommand
 */</comment>
<decl_stmt><decl><type><name>const</name> <name>int</name></type> <name>PUS_ST_TC_TEST</name> =<init> <expr>1</expr></init></decl>;</decl_stmt>


<cpp:endif>#<cpp:directive>endif</cpp:directive></cpp:endif>
</unit>
