<unit xmlns="http://www.sdml.info/srcML/src" xmlns:cpp="http://www.sdml.info/srcML/cpp">
<comment type="line">//
</comment><comment type="line">// Copyright 2004 P&amp;P Software GmbH - All Rights Reserved
</comment><comment type="line">//
</comment><comment type="line">// ForwardDeclarations.h
</comment><comment type="line">//
</comment><comment type="line">// Version	1.0
</comment><comment type="line">// Date		12.09.02
</comment><comment type="line">// Author	A. Pasetti (P&amp;P Software)
</comment>
<comment type="block">/**
 * @file ForwardDeclarations.h
 * This file defines all forward declarations used in the OBS Framework.
 */</comment>

<cpp:ifndef>#<cpp:directive>ifndef</cpp:directive> <name>ForwardDeclarationsH</name></cpp:ifndef>
<cpp:define>#<cpp:directive>define</cpp:directive> <name>ForwardDeclarationsH</name></cpp:define>

<class_decl>class <name>DataPool</name>;</class_decl>
<class_decl>class <name>DC_BasicPUSTcLoader</name>;</class_decl>
<class_decl>class <name>DC_BasicPUSTmStream</name>;</class_decl>
<class_decl>class <name>DC_DataItem</name>;</class_decl>
<class_decl>class <name>DC_DummyTelemetryPacket</name>;</class_decl>
<class_decl>class <name>DC_SettableDataItem</name>;</class_decl>
<class_decl>class <name>CC_FSM</name>;</class_decl>
<class_decl>class <name>CC_TelecommandManager</name>;</class_decl>
<class_decl>class <name>CC_TelemetryManager</name>;</class_decl>
<class_decl>class <name>CC_ManoeuvreManager</name>;</class_decl>
<class_decl>class <name>DC_BasicPUSTcLoader</name>;</class_decl>
<class_decl>class <name>DC_BasicPUSTmStream</name>;</class_decl>
<class_decl>class <name>DC_DummyObsClock</name>;</class_decl>
<class_decl>class <name>DC_EventRepository</name>;</class_decl>
<class_decl>class <name>DC_Event</name>;</class_decl>
<class_decl>class <name>DC_EventRepository</name>;</class_decl>
<class_decl>class <name>DC_NullProfile</name>;</class_decl>
<class_decl>class <name>DC_NullRecoveryAction</name>;</class_decl>
<class_decl>class <name>DC_DummyConfigurableManoeuvre</name>;</class_decl>
<class_decl>class <name>DC_DummyManoeuvre</name>;</class_decl>
<class_decl>class <name>DC_DummyTelecommand</name>;</class_decl>
<class_decl>class <name>DC_DummyPUSTelecommand</name>;</class_decl>
<class_decl>class <name>DC_DummyPUSTelemetryPacket</name>;</class_decl>
<class_decl>class <name>DC_PUSControlDataReporting</name>;</class_decl>
<class_decl>class <name>DC_PUSDataReportingPacket</name>;</class_decl>
<class_decl>class <name>DC_PUSDefineDataReporting</name>;</class_decl>
<class_decl>class <name>DC_PUSDumpMemoryAbsolute</name>;</class_decl>
<class_decl>class <name>DC_PUSDumpMemoryOffset</name>;</class_decl>
<class_decl>class <name>DC_PUSEventRepository</name>;</class_decl>
<class_decl>class <name>DC_PUSMemoryDumpAbsolute</name>;</class_decl>
<class_decl>class <name>DC_PUSMemoryDumpOffset</name>;</class_decl>
<class_decl>class <name>DC_PUSMemoryLoadAbsolute</name>;</class_decl>
<class_decl>class <name>DC_PUSMemoryLoadOffset</name>;</class_decl>
<class_decl>class <name>DC_PUSTcVerificationPacket</name>;</class_decl>
<class_decl>class <name>DC_PUSTelemetryModeManager</name>;</class_decl>
<class_decl>class <name>DC_PUSTmLogger</name>;</class_decl>
<class_decl>class <name>DC_TestPUSConfigurableManoeuvre</name>;</class_decl>
<class_decl>class <name>DC_TestPUSTelecommand</name>;</class_decl>
<class_decl>class <name>MonitoringProfile</name>;</class_decl>
<class_decl>class <name>ObsClock</name>;</class_decl>
<class_decl>class <name>ParameterDatabase</name>;</class_decl>
<class_decl>class <name>PUSTelecommand</name>;</class_decl>
<class_decl>class <name>PUSTcManoeuvre</name>;</class_decl>
<class_decl>class <name>RecoveryAction</name>;</class_decl>
<class_decl>class <name>Telecommand</name>;</class_decl>
<class_decl>class <name>TelecommandLoader</name>;</class_decl>
<class_decl>class <name>TelemetryPacket</name>;</class_decl>
<class_decl>class <name>Tracer</name>;</class_decl>

<cpp:endif>#<cpp:directive>endif</cpp:directive></cpp:endif>
</unit>
