<unit xmlns="http://www.sdml.info/srcML/src" xmlns:cpp="http://www.sdml.info/srcML/cpp">
<comment type="line">//
</comment><comment type="line">// Copyright 2004 P&amp;P Software GmbH - All Rights Reserved
</comment><comment type="line">//
</comment><comment type="line">// TestCompilerSwitches.h
</comment><comment type="line">//
</comment><comment type="line">// Version	1.0
</comment><comment type="line">// Date		12.09.02
</comment><comment type="line">// Author	A. Pasetti (P&amp;P Software)
</comment>
<comment type="block">/**
 * @file TestCompilerSwitches.h 
 * This file defines the compiler switches used by the test
 * classes of the OBS Framework. Compiler switches used by the operational
 * classes are defined in a dedicated header file (&lt;code&gt;TestCompilerSwitches&lt;/code&gt;)
 */</comment>

<cpp:ifndef>#<cpp:directive>ifndef</cpp:directive> <name>TestCompilerSwitchesH</name></cpp:ifndef>
<cpp:define>#<cpp:directive>define</cpp:directive> <name>TestCompilerSwitchesH</name></cpp:define>

<comment type="line">// MS_HOST must be defined when running in a desktop environment
</comment><comment type="line">// (as opposed to running in the embedded target).
</comment><comment type="line">// #define MS_HOST
</comment><cpp:undef>#<cpp:directive>undef</cpp:directive> <name>MS_HOST</name></cpp:undef>


<cpp:endif>#<cpp:directive>endif</cpp:directive></cpp:endif>
</unit>
