<unit xmlns="http://www.sdml.info/srcML/src" xmlns:cpp="http://www.sdml.info/srcML/cpp">
<comment type="line">//
</comment><comment type="line">// Copyright 2004 P&amp;P Software GmbH - All Rights Reserved
</comment><comment type="line">//
</comment><comment type="line">// CC_FSM.cpp
</comment><comment type="line">//
</comment><comment type="line">// Version	1.0
</comment><comment type="line">// Date	    11.04.03 
</comment><comment type="line">// Author	A. Pasetti (P&amp;P Software)
</comment><comment type="line">//
</comment><comment type="line">// Change Record:
</comment>
<cpp:include>#<cpp:directive>include</cpp:directive> <cpp:file>"../GeneralInclude/CompilerSwitches.h"</cpp:file></cpp:include>
<cpp:include>#<cpp:directive>include</cpp:directive> <cpp:file>"../GeneralInclude/DebugSupport.h"</cpp:file></cpp:include>
<cpp:include>#<cpp:directive>include</cpp:directive> <cpp:file>"../GeneralInclude/BasicTypes.h"</cpp:file></cpp:include>
<cpp:include>#<cpp:directive>include</cpp:directive> <cpp:file>"../GeneralInclude/ClassId.h"</cpp:file></cpp:include>
<cpp:include>#<cpp:directive>include</cpp:directive> <cpp:file>"../GeneralInclude/Constants.h"</cpp:file></cpp:include>
<cpp:include>#<cpp:directive>include</cpp:directive> <cpp:file>"../Base/CC_RootObject.h"</cpp:file></cpp:include>
<cpp:include>#<cpp:directive>include</cpp:directive> <cpp:file>"FsmState.h"</cpp:file></cpp:include>
<cpp:include>#<cpp:directive>include</cpp:directive> <cpp:file>"CC_FSM.h"</cpp:file></cpp:include>

<constructor><name>CC_FSM::CC_FSM</name><parameter_list>(<param><decl><type><name>void</name></type></decl></param>)</parameter_list> <block>{
   <expr_stmt><expr><name>pCurrentState</name> = <name>pNULL</name></expr>;</expr_stmt>
   <expr_stmt><expr><name>numberOfStates</name> = 0</expr>;</expr_stmt>
   <expr_stmt><expr><name>currentState</name> = -1</expr>;</expr_stmt>
   <expr_stmt><expr><name>requestedTargetState</name> = -1</expr>;</expr_stmt>
   <expr_stmt><expr><call><name>setClassId</name><argument_list>(<argument><expr><name>ID_FSM</name></expr></argument>)</argument_list></call></expr>;</expr_stmt>
}</block></constructor>

<function><type><name>void</name></type> <name><name>CC_FSM</name>::<name>reset</name></name><parameter_list>(<param><decl><type><name>void</name></type></decl></param>)</parameter_list> <block>{
   <expr_stmt><expr><call><name>assert</name><argument_list>( <argument><expr><name>numberOfStates</name> &gt; 0</expr></argument> )</argument_list></call></expr>;</expr_stmt>
   <expr_stmt><expr><call><name>assert</name><argument_list>( <argument><expr><name><name>pState</name>[<expr>0</expr>]</name> != <name>pNULL</name></expr></argument> )</argument_list></call></expr>;</expr_stmt>

   <comment type="line">// Enable all state transitions
</comment>   <for>for (<init><expr><type><name>TD_FsmStateIndex</name></type> <name>i</name>=<init><expr>0</expr></init></expr>;</init> <condition><expr><name>i</name>&lt;<name>numberOfStates</name></expr>;</condition> <incr><expr><name>i</name>++</expr></incr>)
      <expr_stmt><expr><name><name>transitionEnabled</name>[<expr><name>i</name></expr>]</name> = <name>ENABLED</name></expr>;</expr_stmt></for>

   <expr_stmt><expr><name>allTransitionEnabled</name> = <name>ENABLED</name></expr>;</expr_stmt>

   <comment type="line">// Compute the nextState indices
</comment>   <for>for (<init><expr><type><name>TD_FsmStateIndex</name></type> <name>i</name>=<init><expr>0</expr></init></expr>;</init> <condition><expr><name>i</name>&lt;<name>numberOfStates</name></expr>;</condition> <incr><expr><name>i</name>++</expr></incr>)
   <block>{  <decl_stmt><decl><type><name>FsmState</name>*</type> <name>pNS</name> =<init> <expr><name><name>pState</name>[<expr><name>i</name></expr>]</name>-&gt;<call><name>getNextState</name><argument_list>()</argument_list></call></expr></init></decl>;</decl_stmt>
      <if>if <condition>( <expr><name>pNS</name> != <name>pNULL</name></expr> )</condition><then>
      <block>{   <for>for (<init><expr><type><name>TD_FsmStateIndex</name></type> <name>j</name>=<init><expr>0</expr></init></expr>;</init> <condition><expr><name>j</name>&lt;<name>numberOfStates</name></expr>;</condition> <incr><expr><name>j</name>++</expr></incr>)
            <if>if <condition>( <expr><name>pNS</name> == <name><name>pState</name>[<expr><name>j</name></expr>]</name></expr> )</condition><then>
               <expr_stmt><expr><name><name>pNextState</name>[<expr><name>i</name></expr>]</name> = <name>j</name></expr>;</expr_stmt></then></if></for>
      }</block></then></if>
   }</block></for>

   <if>if <condition>( <expr><name>currentState</name> &gt;= 0</expr> )</condition><then>
      <expr_stmt><expr><name>pCurrentState</name>-&gt;<call><name>doExit</name><argument_list>()</argument_list></call></expr>;</expr_stmt></then></if>

   <expr_stmt><expr><name>pCurrentState</name> = <name><name>pState</name>[<expr>0</expr>]</name></expr>;</expr_stmt>
   <expr_stmt><expr><name>currentState</name> = 0</expr>;</expr_stmt>
   <expr_stmt><expr><name>pCurrentState</name>-&gt;<call><name>doInit</name><argument_list>()</argument_list></call></expr>;</expr_stmt>
}</block></function>

<function><type><name>bool</name></type> <name><name>CC_FSM</name>::<name>isObjectConfigured</name></name><parameter_list>(<param><decl><type><name>void</name></type></decl></param>)</parameter_list> <block>{
   <if>if <condition>(<expr>!<call><name><name>CC_RootObject</name>::<name>isObjectConfigured</name></name><argument_list>()</argument_list></call> || <name>numberOfStates</name>&lt;=0 || <name>pCurrentState</name>==<name>pNULL</name></expr>)</condition><then>
       <return>return <expr><name>NOT_CONFIGURED</name></expr>;</return></then></if>

   <for>for (<init><expr><type><name>TD_FsmStateIndex</name></type> <name>i</name>=<init><expr>0</expr></init></expr>;</init> <condition><expr><name>i</name>&lt;<name>numberOfStates</name></expr>;</condition> <incr><expr><name>i</name>++</expr></incr>) <block>{
       <if>if <condition>(<expr><name><name>pState</name>[<expr><name>i</name></expr>]</name> == <name>pNULL</name></expr>)</condition><then>
           <return>return <expr><name>NOT_CONFIGURED</name></expr>;</return></then></if>
   }</block></for>

   <return>return <expr><name>CONFIGURED</name></expr>;</return>
}</block></function>

<function><type><name>void</name></type> <name><name>CC_FSM</name>::<name>setNumberOfStates</name></name><parameter_list>(<param><decl><type><name>TD_FsmStateIndex</name></type> <name>n</name></decl></param>)</parameter_list> <block>{
   <expr_stmt><expr><call><name>assert</name><argument_list>( <argument><expr><name>n</name> &gt; 0</expr></argument> )</argument_list></call></expr>;</expr_stmt>
   <expr_stmt><expr><call><name>assert</name><argument_list>( <argument><expr><name>numberOfStates</name> == 0</expr></argument> )</argument_list></call></expr>;</expr_stmt>       <comment type="line">// Method should only be called once
</comment>
   <expr_stmt><expr><name>numberOfStates</name> = <name>n</name></expr>;</expr_stmt>

   <comment type="line">// Create and initialize the array that holds the FSM states and their
</comment>   <comment type="line">// next states
</comment>   <expr_stmt><expr><name>pState</name> = new <name>FsmState</name>*[<name>n</name>]</expr>;</expr_stmt>
   <for>for (<init><expr><type><name>TD_FsmStateIndex</name></type> <name>i</name>=<init><expr>0</expr></init></expr>;</init> <condition><expr><name>i</name>&lt;<name>numberOfStates</name></expr>;</condition> <incr><expr><name>i</name>++</expr></incr>)
      <expr_stmt><expr><name><name>pState</name>[<expr><name>i</name></expr>]</name> = <name>pNULL</name></expr>;</expr_stmt></for>

   <expr_stmt><expr><name>pNextState</name> = new <name><name>TD_FsmStateIndex</name>[<expr><name>n</name></expr>]</name></expr>;</expr_stmt>
   <for>for (<init><expr><type><name>TD_FsmStateIndex</name></type> <name>i</name>=<init><expr>0</expr></init></expr>;</init> <condition><expr><name>i</name>&lt;<name>numberOfStates</name></expr>;</condition> <incr><expr><name>i</name>++</expr></incr>)
      <expr_stmt><expr><name><name>pNextState</name>[<expr><name>i</name></expr>]</name> = -1</expr>;</expr_stmt></for>

   <comment type="line">// Create and initialize the array that holds the state transition
</comment>   <comment type="line">// enable status
</comment>   <expr_stmt><expr><name>transitionEnabled</name> = new <name><name>bool</name>[<expr><name>n</name></expr>]</name></expr>;</expr_stmt>
   <for>for (<init><expr><type><name>TD_FsmStateIndex</name></type> <name>i</name>=<init><expr>0</expr></init></expr>;</init> <condition><expr><name>i</name>&lt;<name>numberOfStates</name></expr>;</condition> <incr><expr><name>i</name>++</expr></incr>)
      <expr_stmt><expr><name><name>transitionEnabled</name>[<expr><name>i</name></expr>]</name> = <name>ENABLED</name></expr>;</expr_stmt></for>
}</block></function>

<function><type><name>TD_FsmStateIndex</name></type> <name><name>CC_FSM</name>::<name>getNumberOfStates</name></name><parameter_list>(<param><decl><type><name>void</name></type></decl></param>)</parameter_list> <specifier>const</specifier> <block>{
   <return>return <expr><name>numberOfStates</name></expr>;</return>
}</block></function>

<function><type><name>void</name></type> <name><name>CC_FSM</name>::<name>setState</name></name><parameter_list>(<param><decl><type><name>TD_FsmStateIndex</name></type> <name>i</name></decl></param>, <param><decl><type><name>FsmState</name>*</type> <name>s</name></decl></param>)</parameter_list> <block>{
   <expr_stmt><expr><call><name>assert</name><argument_list>( <argument><expr><name>numberOfStates</name> &gt; 0</expr></argument> )</argument_list></call></expr>;</expr_stmt>
   <macro>assert<argument_list>( (i &lt; numberOfStates) &amp;&amp; (s != pNULL) )</argument_list>;</macro>
   <expr_stmt><expr><call><name>assert</name><argument_list>( <argument><expr><name>pState</name> != <name>pNULL</name></expr></argument> )</argument_list></call></expr>;</expr_stmt>

   <if>if <condition>( <expr>(<name>i</name> &lt; <name>numberOfStates</name>) &amp;&amp; (<name>i</name> &gt;= 0)</expr> )</condition><then>
       <expr_stmt><expr><name><name>pState</name>[<expr><name>i</name></expr>]</name> = <name>s</name></expr>;</expr_stmt></then>
   <else>else
       <expr_stmt><expr><call><name><name>CC_RootObject</name>::<name>getEventRepository</name></name><argument_list>()</argument_list></call>-&gt;<call><name>create</name><argument_list>(<argument><expr><name>this</name></expr></argument>,<argument><expr><name>EVT_ILLEGAL_FS</name></expr></argument>)</argument_list></call></expr>;</expr_stmt></else></if>
}</block></function>

<function><type><name>void</name></type> <name><name>CC_FSM</name>::<name>setTransitionEnableStatus</name></name><parameter_list>(<param><decl><type><name>TD_FsmStateIndex</name></type> <name>toState</name></decl></param>, <param><decl><type><name>bool</name></type> <name>enabled</name></decl></param>)</parameter_list> <block>{
   <expr_stmt><expr><call><name>assert</name><argument_list>( <argument><expr><name>toState</name> &lt; <name>numberOfStates</name></expr></argument> )</argument_list></call></expr>;</expr_stmt>
   <expr_stmt><expr><call><name>assert</name><argument_list>( <argument><expr><name>transitionEnabled</name> != <name>pNULL</name></expr></argument> )</argument_list></call></expr>;</expr_stmt>

   <if>if <condition>( <expr>(<name>toState</name> &lt; <name>numberOfStates</name>) &amp;&amp; (<name>toState</name> &gt;= 0)</expr> )</condition><then>
       <expr_stmt><expr><name><name>transitionEnabled</name>[<expr><name>toState</name></expr>]</name> = <name>enabled</name></expr>;</expr_stmt></then>
   <else>else
       <expr_stmt><expr><call><name><name>CC_RootObject</name>::<name>getEventRepository</name></name><argument_list>()</argument_list></call>-&gt;<call><name>create</name><argument_list>(<argument><expr><name>this</name></expr></argument>,<argument><expr><name>EVT_ILLEGAL_FS</name></expr></argument>)</argument_list></call></expr>;</expr_stmt></else></if>
}</block></function>

<function><type><name>void</name></type> <name><name>CC_FSM</name>::<name>setTransitionEnableStatus</name></name><parameter_list>(<param><decl><type><name>bool</name></type> <name>enabled</name></decl></param>)</parameter_list> <block>{
   <expr_stmt><expr><name>allTransitionEnabled</name> = <name>enabled</name></expr>;</expr_stmt>
}</block></function>

<function><type><name>void</name></type> <name><name>CC_FSM</name>::<name>makeTransitionRequest</name></name><parameter_list>(<param><decl><type><name>TD_FsmStateIndex</name></type> <name>targetState</name></decl></param>)</parameter_list> <block>{
   <expr_stmt><expr><call><name>assert</name><argument_list>( <argument><expr><call><name>isObjectConfigured</name><argument_list>()</argument_list></call></expr></argument> )</argument_list></call></expr>;</expr_stmt>
   <expr_stmt><expr><call><name>assert</name><argument_list>( <argument><expr><name>targetState</name> &gt;= 0</expr></argument> )</argument_list></call></expr>;</expr_stmt>
   <expr_stmt><expr><call><name>assert</name><argument_list>( <argument><expr><name>targetState</name> &lt; <name>numberOfStates</name></expr></argument> )</argument_list></call></expr>;</expr_stmt>

   <if>if <condition>( <expr>(<name>targetState</name> &lt; <name>numberOfStates</name>) &amp;&amp; (<name>targetState</name> &gt;= 0)</expr> )</condition><then>
       <expr_stmt><expr><name>requestedTargetState</name> = <name>targetState</name></expr>;</expr_stmt></then>
   <else>else
       <expr_stmt><expr><call><name><name>CC_RootObject</name>::<name>getEventRepository</name></name><argument_list>()</argument_list></call>-&gt;<call><name>create</name><argument_list>(<argument><expr><name>this</name></expr></argument>,<argument><expr><name>EVT_ILLEGAL_FS</name></expr></argument>)</argument_list></call></expr>;</expr_stmt></else></if>
}</block></function>

<function><type><name>void</name></type> <name><name>CC_FSM</name>::<name>activate</name></name><parameter_list>(<param><decl><type><name>void</name></type></decl></param>)</parameter_list> <block>{
   <expr_stmt><expr><call><name>assert</name><argument_list>( <argument><expr><call><name>isObjectConfigured</name><argument_list>()</argument_list></call></expr></argument> )</argument_list></call></expr>;</expr_stmt>

   <if>if <condition>( <expr><name>requestedTargetState</name> &gt;= 0</expr> )</condition><then>     <comment type="line">// a state transition request is pending
</comment>   <block>{  <expr_stmt><expr><call><name>tryTransition</name><argument_list>(<argument><expr><name>requestedTargetState</name></expr></argument>)</argument_list></call></expr>;</expr_stmt>
      <expr_stmt><expr><name>requestedTargetState</name> = -1</expr>;</expr_stmt>
      <expr_stmt><expr><name>pCurrentState</name>-&gt;<call><name>doContinue</name><argument_list>()</argument_list></call></expr>;</expr_stmt>
      <return>return;</return>
   }</block></then></if>

   <if>if <condition>( <expr>(<name>pCurrentState</name>-&gt;<call><name>isFinished</name><argument_list>()</argument_list></call>) &amp;&amp;
        (<name>pCurrentState</name>-&gt;<call><name>getNextState</name><argument_list>()</argument_list></call>!=<name>pNULL</name>)</expr> )</condition><then>
      <expr_stmt><expr><call><name>tryTransition</name><argument_list>( <argument><expr><name><name>pNextState</name>[<expr><name>currentState</name></expr>]</name></expr></argument> )</argument_list></call></expr>;</expr_stmt></then></if>

   <expr_stmt><expr><name>pCurrentState</name>-&gt;<call><name>doContinue</name><argument_list>()</argument_list></call></expr>;</expr_stmt>

   <return>return;</return>
}</block></function>

<function><type><name>void</name></type> <name><name>CC_FSM</name>::<name>tryTransition</name></name><parameter_list>(<param><decl><type><name>TD_FsmStateIndex</name></type> <name>targetState</name></decl></param>)</parameter_list> <block>{
   <expr_stmt><expr><call><name>assert</name><argument_list>( <argument><expr><call><name>isObjectConfigured</name><argument_list>()</argument_list></call></expr></argument> )</argument_list></call></expr>;</expr_stmt>
   <expr_stmt><expr><call><name>assert</name><argument_list>( <argument><expr><name>targetState</name> &gt;= 0</expr></argument> )</argument_list></call></expr>;</expr_stmt>
   <expr_stmt><expr><call><name>assert</name><argument_list>( <argument><expr><name>targetState</name> &lt; <name>numberOfStates</name></expr></argument> )</argument_list></call></expr>;</expr_stmt>

   <if>if <condition>(<expr>!<call><name>isTransitionEnabled</name><argument_list>()</argument_list></call></expr>)</condition><then>
   <block>{  <expr_stmt><expr><call><name><name>CC_RootObject</name>::<name>getEventRepository</name></name><argument_list>()</argument_list></call>-&gt;<call><name>create</name><argument_list>(<argument><expr><name>this</name></expr></argument>,<argument><expr><name>EVT_FSM_ALL_TRANSITION_DISABLED</name></expr></argument>)</argument_list></call></expr>;</expr_stmt>
      <return>return;</return>
   }</block></then></if>

   <if>if <condition>(<expr>!<call><name>isTransitionEnabled</name><argument_list>(<argument><expr><name>targetState</name></expr></argument>)</argument_list></call></expr>)</condition><then>
   <block>{  <expr_stmt><expr><call><name><name>CC_RootObject</name>::<name>getEventRepository</name></name><argument_list>()</argument_list></call>-&gt;<call><name>create</name><argument_list>(<argument><expr><name>this</name></expr></argument>,<argument><expr><name>EVT_FSM_TRANSITION_DISABLED</name></expr></argument>)</argument_list></call></expr>;</expr_stmt>
      <return>return;</return>
   }</block></then></if>

   <if>if <condition>(<expr>!<name>pCurrentState</name>-&gt;<call><name>canExit</name><argument_list>()</argument_list></call></expr>)</condition><then>
   <block>{  <expr_stmt><expr><call><name><name>CC_RootObject</name>::<name>getEventRepository</name></name><argument_list>()</argument_list></call>-&gt;<call><name>create</name><argument_list>(<argument><expr><name>this</name></expr></argument>,<argument><expr><name>EVT_FSM_EXIT_FAILED</name></expr></argument>)</argument_list></call></expr>;</expr_stmt>
      <return>return;</return>
   }</block></then></if>

   <decl_stmt><decl><type><name>FsmState</name>*</type> <name>pTargetState</name> =<init> <expr><name><name>pState</name>[<expr><name>targetState</name></expr>]</name></expr></init></decl>;</decl_stmt>
   <if>if <condition>( <expr>!<name>pTargetState</name>-&gt;<call><name>canEnter</name><argument_list>()</argument_list></call></expr> )</condition><then>
   <block>{  <expr_stmt><expr><call><name><name>CC_RootObject</name>::<name>getEventRepository</name></name><argument_list>()</argument_list></call>-&gt;<call><name>create</name><argument_list>(<argument><expr><name>this</name></expr></argument>,<argument><expr><name>EVT_FSM_ENTRY_FAILED</name></expr></argument>)</argument_list></call></expr>;</expr_stmt>
      <return>return;</return>
   }</block></then></if>

   <expr_stmt><expr><name>pCurrentState</name>-&gt;<call><name>doExit</name><argument_list>()</argument_list></call></expr>;</expr_stmt>
   <expr_stmt><expr><name>pCurrentState</name> = <name>pTargetState</name></expr>;</expr_stmt>
   <expr_stmt><expr><name>currentState</name> = <name>targetState</name></expr>;</expr_stmt>
   <expr_stmt><expr><name>pCurrentState</name>-&gt;<call><name>doInit</name><argument_list>()</argument_list></call></expr>;</expr_stmt>

   <expr_stmt><expr><call><name><name>CC_RootObject</name>::<name>getEventRepository</name></name><argument_list>()</argument_list></call>-&gt;<call><name>create</name><argument_list>(<argument><expr><name>this</name></expr></argument>,<argument><expr><name>EVT_FSM_TRANSITION</name></expr></argument>)</argument_list></call></expr>;</expr_stmt>
   <return>return;</return>
}</block></function>
</unit>
