<unit xmlns="http://www.sdml.info/srcML/src" xmlns:cpp="http://www.sdml.info/srcML/cpp">
<comment type="line">//
</comment><comment type="line">// Copyright 2004 P&amp;P Software GmbH - All Rights Reserved
</comment><comment type="line">//
</comment><comment type="line">// DC_FsmEvent.cpp
</comment><comment type="line">//
</comment><comment type="line">// Version	1.0
</comment><comment type="line">// Date		02.10.02
</comment><comment type="line">// Author	A. Pasetti (P&amp;P Software)
</comment>
<cpp:include>#<cpp:directive>include</cpp:directive> <cpp:file>"../GeneralInclude/CompilerSwitches.h"</cpp:file></cpp:include>
<cpp:include>#<cpp:directive>include</cpp:directive> <cpp:file>"../GeneralInclude/DebugSupport.h"</cpp:file></cpp:include>
<cpp:include>#<cpp:directive>include</cpp:directive> <cpp:file>"../GeneralInclude/ClassId.h"</cpp:file></cpp:include>
<cpp:include>#<cpp:directive>include</cpp:directive> <cpp:file>"../GeneralInclude/Constants.h"</cpp:file></cpp:include>
<cpp:include>#<cpp:directive>include</cpp:directive> <cpp:file>"../Base/CC_RootObject.h"</cpp:file></cpp:include>
<cpp:include>#<cpp:directive>include</cpp:directive> <cpp:file>"DC_FsmEvent.h"</cpp:file></cpp:include>
<cpp:include>#<cpp:directive>include</cpp:directive> <cpp:file>"CC_FSM.h"</cpp:file></cpp:include>

<constructor><name>DC_FsmEvent::DC_FsmEvent</name><parameter_list>(<param><decl><type><name>void</name></type></decl></param>)</parameter_list> <block>{
   <expr_stmt><expr><name>pTargetFsm</name> = <name>pNULL</name></expr>;</expr_stmt>
   <expr_stmt><expr><name>targetState</name> = -1</expr>;</expr_stmt>
   <expr_stmt><expr><call><name>setClassId</name><argument_list>(<argument><expr><name>ID_FSMEVENT</name></expr></argument>)</argument_list></call></expr>;</expr_stmt>
}</block></constructor>

<function><type><name>void</name></type> <name><name>DC_FsmEvent</name>::<name>setTargetFsm</name></name><parameter_list>(<param><decl><type><name>CC_FSM</name>*</type> <name>pFsm</name></decl></param>)</parameter_list> <block>{
   <expr_stmt><expr><call><name>assert</name><argument_list>( <argument><expr><name>pFsm</name> != <name>pNULL</name></expr></argument> )</argument_list></call></expr>;</expr_stmt>
   <expr_stmt><expr><name>pTargetFsm</name> = <name>pFsm</name></expr>;</expr_stmt>
}</block></function>

<function><type><name>void</name></type> <name><name>DC_FsmEvent</name>::<name>setTargetState</name></name><parameter_list>(<param><decl><type><name>TD_FsmStateIndex</name></type> <name>stateIndex</name></decl></param>)</parameter_list> <block>{
   <expr_stmt><expr><call><name>assert</name><argument_list>( <argument><expr><name>stateIndex</name> &gt;= 0</expr></argument> )</argument_list></call></expr>;</expr_stmt>
   <expr_stmt><expr><name>targetState</name> = <name>stateIndex</name></expr>;</expr_stmt>
}</block></function>

<function><type><name>CC_FSM</name>*</type> <name><name>DC_FsmEvent</name>::<name>getTargetFsm</name></name><parameter_list>(<param><decl><type><name>void</name></type></decl></param>)</parameter_list> <specifier>const</specifier> <block>{
   <expr_stmt><expr><call><name>assert</name><argument_list>( <argument><expr><name>pTargetFsm</name> != <name>pNULL</name></expr></argument> )</argument_list></call></expr>;</expr_stmt>
   <return>return <expr><name>pTargetFsm</name></expr>;</return>
}</block></function>

<function><type><name>TD_FsmStateIndex</name></type> <name><name>DC_FsmEvent</name>::<name>getTargetState</name></name><parameter_list>(<param><decl><type><name>void</name></type></decl></param>)</parameter_list> <specifier>const</specifier> <block>{
   <expr_stmt><expr><call><name>assert</name><argument_list>( <argument><expr><name>targetState</name> &gt;= 0</expr></argument> )</argument_list></call></expr>;</expr_stmt>
   <return>return <expr><name>targetState</name></expr>;</return>
}</block></function>

<function><type><name>bool</name></type> <name><name>DC_FsmEvent</name>::<name>isObjectConfigured</name></name><parameter_list>(<param><decl><type><name>void</name></type></decl></param>)</parameter_list> <block>{
    <return>return <expr>(<call><name><name>PunctualAction</name>::<name>isObjectConfigured</name></name><argument_list>()</argument_list></call> &amp;&amp; <name>targetState</name>&gt;=0 &amp;&amp; <name>pTargetFsm</name>!=<name>pNULL</name> &amp;&amp;
            <name>targetState</name>&lt;<name>pTargetFsm</name>-&gt;<call><name>getNumberOfStates</name><argument_list>()</argument_list></call>)</expr>;</return>
}</block></function>

<function><type><name>TD_ActionOutcome</name></type> <name><name>DC_FsmEvent</name>::<name>doAction</name></name><parameter_list>(<param><decl><type><name>void</name></type></decl></param>)</parameter_list> <block>{
   <expr_stmt><expr><name>pTargetFsm</name>-&gt;<call><name>makeTransitionRequest</name><argument_list>(<argument><expr><name>targetState</name></expr></argument>)</argument_list></call></expr>;</expr_stmt>
   <return>return <expr><name>ACTION_SUCCESS</name></expr>;</return>
}</block></function>
</unit>
