<unit xmlns="http://www.sdml.info/srcML/src" xmlns:cpp="http://www.sdml.info/srcML/cpp">
<comment type="line">//
</comment><comment type="line">// Copyright 2004 P&amp;P Software GmbH - All Rights Reserved
</comment><comment type="line">//
</comment><comment type="line">// DC_FromFsmEvent.h
</comment><comment type="line">//
</comment><comment type="line">// Version	1.0
</comment><comment type="line">// Date		18.01.03
</comment><comment type="line">// Author	A. Pasetti (P&amp;P Software)
</comment>
<cpp:ifndef>#<cpp:directive>ifndef</cpp:directive> <name>DC_FromFsmEventH</name></cpp:ifndef>
<cpp:define>#<cpp:directive>define</cpp:directive> <name>DC_FromFsmEventH</name></cpp:define>

<cpp:include>#<cpp:directive>include</cpp:directive> <cpp:file>"../GeneralInclude/ForwardDeclarations.h"</cpp:file></cpp:include>
<cpp:include>#<cpp:directive>include</cpp:directive> <cpp:file>"../GeneralInclude/BasicTypes.h"</cpp:file></cpp:include>
<cpp:include>#<cpp:directive>include</cpp:directive> <cpp:file>"../Base/PunctualAction.h"</cpp:file></cpp:include>
<cpp:include>#<cpp:directive>include</cpp:directive> <cpp:file>"DC_FsmEvent.h"</cpp:file></cpp:include>

<comment type="block">/**
* Default component encapsulating an FsmEvent that requests a transition in
* the target FSM between two states.
* The two states across which the transition is attempted are the
* &lt;i&gt;starting state&lt;/i&gt; and the &lt;i&gt;target state&lt;/i&gt;.
* Both are configuration parameters for the FsmEvent.
* When the FsmEvent is fired, it checks whether the target FSM is in the
* starting state and, if it is, it
* makes a request for a transition to the target state.
* If the target FSM is not in the starting state, no action is taken.
* &lt;p&gt;
* @author Alessandro Pasetti (P&amp;P Software GmbH)
* @version 1.0
*/</comment>
<class>class <name>DC_FromFsmEvent</name> <super>: <specifier>public</specifier> <name>DC_FsmEvent</name></super> <block>{<private type="default">

  </private><private>private:
   <decl_stmt><decl><type><name>TD_FsmStateIndex</name></type> <name>startingState</name></decl>;</decl_stmt>

  </private><public>public:

   <comment type="block">/**
    * Instantiate an FromFsmEvent object. Set the class identifier and
    * initialize the starting state.
    * The starting state is initialized to an illegal values to signify that
    * the FromFsmEvent is not yet configured.
    */</comment>
    <constructor_decl><name>DC_FromFsmEvent</name><parameter_list>(<param><decl><type><name>void</name></type></decl></param>)</parameter_list>;</constructor_decl>

   <comment type="block">/**
    * Setter method for the starting state.
    * The starting state is expressed as an integer that should be in the
    * range [0,N-1] where N is the total number of states in the target FSM.
    * This is an initialization method.
    * &lt;p&gt;
    * @param startingState the starting state
    */</comment>
    <function_decl><type><name>void</name></type> <name>setStartingState</name><parameter_list>(<param><decl><type><name>TD_FsmStateIndex</name></type> <name>startingState</name></decl></param>)</parameter_list>;</function_decl>

   <comment type="block">/**
    * Getter method for the starting state.
    * &lt;p&gt;
    * @return the starting state
    */</comment>
    <function_decl><type><name>TD_FsmStateIndex</name></type> <name>getStartingState</name><parameter_list>(<param><decl><type><name>void</name></type></decl></param>)</parameter_list> <specifier>const</specifier>;</function_decl>

   <comment type="block">/**
    * Perform a class-specific configuration check on a repository object:
    * verify that the starting state has been
    * loaded and that it has a legal value.
    * The legality of the starting state is checked by verifying that its
    * value lies in the range [0,N-1] where N is the total
    * number of states in the target FSM.
    * &lt;p&gt;
    */</comment>
    <function_decl><type><name>virtual</name> <name>bool</name></type> <name>isObjectConfigured</name><parameter_list>(<param><decl><type><name>void</name></type></decl></param>)</parameter_list>;</function_decl>

  </public><protected>protected:

   <comment type="block">/**
    * Execute the FsmEvent: lodge a request to the target FSM to perform a
    * state transition from the
    * starting state to the target state.
    * The request is only lodged if the FSM is in the starting state.
    * A pseudo-code implementation for this method is as follows: &lt;PRE&gt;
    *   if (targetFsm.getCurrentState() eq startingState)
    *       targetFsm.makeTransitionRequest(targetState);
    *       return ACTION_SUCCESS;
    *   else
    *       return ACTION_FAILURE; &lt;/PRE&gt;
    * &lt;p&gt;
    * @return the ACTION_SUCCESS code if the transition request was lodged,
    * the ACTION_FAILURE code if it was not
    */</comment>
    <function_decl><type><name>virtual</name> <name>TD_ActionOutcome</name></type> <name>doAction</name><parameter_list>(<param><decl><type><name>void</name></type></decl></param>)</parameter_list>;</function_decl>

</protected>}</block>;</class>

<cpp:endif>#<cpp:directive>endif</cpp:directive></cpp:endif>
</unit>
