<unit xmlns="http://www.sdml.info/srcML/src" xmlns:cpp="http://www.sdml.info/srcML/cpp">
<comment type="line">//
</comment><comment type="line">// Copyright 2004 P&amp;P Software GmbH - All Rights Reserved
</comment><comment type="line">//
</comment><comment type="line">// DC_NestedFsmActivatorWithEndState.cpp
</comment><comment type="line">//
</comment><comment type="line">// Version	1.0
</comment><comment type="line">// Date		23.06.03
</comment><comment type="line">// Author	R. Totaro
</comment>
<cpp:include>#<cpp:directive>include</cpp:directive> <cpp:file>"../GeneralInclude/CompilerSwitches.h"</cpp:file></cpp:include>
<cpp:include>#<cpp:directive>include</cpp:directive> <cpp:file>"../GeneralInclude/DebugSupport.h"</cpp:file></cpp:include>
<cpp:include>#<cpp:directive>include</cpp:directive> <cpp:file>"../GeneralInclude/ClassId.h"</cpp:file></cpp:include>
<cpp:include>#<cpp:directive>include</cpp:directive> <cpp:file>"../GeneralInclude/Constants.h"</cpp:file></cpp:include>
<cpp:include>#<cpp:directive>include</cpp:directive> <cpp:file>"../Base/CC_RootObject.h"</cpp:file></cpp:include>
<cpp:include>#<cpp:directive>include</cpp:directive> <cpp:file>"../FSM/CC_FSM.h"</cpp:file></cpp:include>
<cpp:include>#<cpp:directive>include</cpp:directive> <cpp:file>"DC_NestedFsmActivatorWithEndState.h"</cpp:file></cpp:include>

<constructor><name>DC_NestedFsmActivatorWithEndState::DC_NestedFsmActivatorWithEndState</name><parameter_list>(<param><decl><type><name>void</name></type></decl></param>)</parameter_list> <block>{
	<expr_stmt><expr><name>targetState</name>=-1</expr>;</expr_stmt>
	<expr_stmt><expr><call><name>setClassId</name><argument_list>(<argument><expr><name>ID_NESTEDFSMACTIVATORWITHENDSTATE</name></expr></argument>)</argument_list></call></expr>;</expr_stmt>
}</block></constructor>

<function><type><name>void</name></type> <name><name>DC_NestedFsmActivatorWithEndState</name>::<name>setTargetState</name></name><parameter_list>(<param><decl><type><name>TD_FsmStateIndex</name></type> <name>targetState</name></decl></param>)</parameter_list> <block>{
	<expr_stmt><expr><call><name>assert</name><argument_list>(<argument><expr><name>targetState</name>&gt;=0</expr></argument>)</argument_list></call></expr>;</expr_stmt>
	<expr_stmt><expr><name>this</name>-&gt;<name>targetState</name>=<name>targetState</name></expr>;</expr_stmt>
}</block></function>

<function><type><name>TD_FsmStateIndex</name></type> <name><name>DC_NestedFsmActivatorWithEndState</name>::<name>getTargetState</name></name><parameter_list>(<param><decl><type><name>void</name></type></decl></param>)</parameter_list> <block>{
	<expr_stmt><expr><call><name>assert</name><argument_list>(<argument><expr><name>targetState</name>&gt;=0</expr></argument>)</argument_list></call></expr>;</expr_stmt>
	<return>return <expr><name>targetState</name></expr>;</return>
}</block></function>

<function><type><name>bool</name></type> <name><name>DC_NestedFsmActivatorWithEndState</name>::<name>isFinished</name></name><parameter_list>(<param><decl><type><name>void</name></type></decl></param>)</parameter_list> <block>{
	<expr_stmt><expr><call><name>assert</name><argument_list>(<argument><expr><call><name>isObjectConfigured</name><argument_list>()</argument_list></call></expr></argument>)</argument_list></call></expr>;</expr_stmt>
	<return>return <expr>(<call><name>getTargetFsm</name><argument_list>()</argument_list></call>-&gt;<call><name>getCurrentState</name><argument_list>()</argument_list></call>==<name>targetState</name>)</expr>;</return>
}</block></function>

<function><type><name>bool</name></type> <name><name>DC_NestedFsmActivatorWithEndState</name>::<name>isObjectConfigured</name></name><parameter_list>(<param><decl><type><name>void</name></type></decl></param>)</parameter_list> <block>{
	<return>return <expr>(<call><name><name>DC_NestedFsmActivator</name>::<name>isObjectConfigured</name></name><argument_list>()</argument_list></call> &amp;&amp; <name>targetState</name>&gt;=0)</expr>;</return>
}</block></function>
</unit>
