<unit xmlns="http://www.sdml.info/srcML/src" xmlns:cpp="http://www.sdml.info/srcML/cpp">
<comment type="line">//
</comment><comment type="line">// Copyright 2004 P&amp;P Software GmbH - All Rights Reserved
</comment><comment type="line">//
</comment><comment type="line">// DC_NestedFsmActivator.h
</comment><comment type="line">//
</comment><comment type="line">// Version	1.0
</comment><comment type="line">// Date		31.05.03 (Version 1.0)
</comment><comment type="line">// Author	A. Pasetti (P&amp;P Software)
</comment><comment type="line">//
</comment><comment type="line">// Change Record:
</comment>
<cpp:ifndef>#<cpp:directive>ifndef</cpp:directive> <name>DC_NestedFsmActivatorH</name></cpp:ifndef>
<cpp:define>#<cpp:directive>define</cpp:directive> <name>DC_NestedFsmActivatorH</name></cpp:define>

<cpp:include>#<cpp:directive>include</cpp:directive> <cpp:file>"FsmState.h"</cpp:file></cpp:include>
<cpp:include>#<cpp:directive>include</cpp:directive> <cpp:file>"CC_FSM.h"</cpp:file></cpp:include>

<comment type="block">/**
 * FsmState that activates an FSM. This FsmState is useful to
 * implement "nested FSM" where one outer FSM controls one or more
 * "inner" FSMs. In this case, to each FsmState of the outer FSM,
 * one of the inner FSMs is associated. The task of the FsmStates is
 * activate their associated FSMs. This class can be used to implement
 * one of these FsmStates.
 * &lt;p&gt;
 * A &lt;code&gt;DC_NestedFsmActivator&lt;/code&gt; is configured with one parameter:
 * the &lt;i&gt;target FSM&lt;/i&gt;. The target FSM is the FSM that the FsmState controls
 * and must periodically activate. The &lt;i&gt;continuation action&lt;/i&gt; of an
 * &lt;code&gt;DC_NestedFsmActivator&lt;/code&gt; consists in activating the target FSM.
 * &lt;p&gt;
 * The &lt;i&gt;initialization action&lt;/i&gt; of the &lt;code&gt;DC_NestedFsmActivator&lt;/code&gt;
 * is implemented to reset the target FSM.
 * &lt;p&gt;
 * All other actions and checks associated to the &lt;code&gt;DC_NestedFsmActivator&lt;/code&gt;
 * have their default implementations as defined in the base class &lt;code&gt;FsmState&lt;/code&gt;.
 * @see CC_FSM
 * @author Alessandro Pasetti (P&amp;P Software GmbH)
 * @version 1.0
 */</comment>
<class>class <name>DC_NestedFsmActivator</name> <super>: <specifier>public</specifier> <name>FsmState</name></super> <block>{<private type="default">
</private><private>private:
	<decl_stmt><decl><type><name>CC_FSM</name> *</type><name>pTargetFsm</name></decl>;</decl_stmt>

</private><public>public:

	<comment type="block">/**
	 * Set the class identifier.
	 */</comment>
	<constructor_decl><name>DC_NestedFsmActivator</name><parameter_list>(<param><decl><type><name>void</name></type></decl></param>)</parameter_list>;</constructor_decl>

	<comment type="block">/**
	 * Set the target FSM.
	 * @see #doContinue
	 */</comment>
	<function_decl><type><name>void</name></type> <name>setTargetFsm</name><parameter_list>(<param><decl><type><name>CC_FSM</name> *</type><name>pTargetFsm</name></decl></param>)</parameter_list>;</function_decl>

	<comment type="block">/**
	 * Get the target FSM.
	 * @see #doContinue
	 */</comment>
	<function_decl><type><name>CC_FSM</name> *</type><name>getTargetFsm</name><parameter_list>(<param><decl><type><name>void</name></type></decl></param>)</parameter_list>;</function_decl>

	<comment type="block">/**
	 * Activate the target FSM.
	 * @see FsmState#doContinue
	 */</comment>
	<function_decl><type><name>virtual</name> <name>void</name></type> <name>doContinue</name><parameter_list>(<param><decl><type><name>void</name></type></decl></param>)</parameter_list>;</function_decl>

	<comment type="block">/**
	 * Reset the target FSM.
	 * @see FsmState#doInit
	 */</comment>
	<function_decl><type><name>virtual</name> <name>void</name></type> <name>doInit</name><parameter_list>(<param><decl><type><name>void</name></type></decl></param>)</parameter_list>;</function_decl>

	<comment type="block">/**
	 * Perform a class-specific configuration check:
	 * verify that the target FSM has been loaded.
	 * @return true if the object is configured, false otherwise.
	 */</comment>
	<function_decl><type><name>virtual</name> <name>bool</name></type> <name>isObjectConfigured</name><parameter_list>(<param><decl><type><name>void</name></type></decl></param>)</parameter_list>;</function_decl>
</public>}</block>;</class>
<cpp:endif>#<cpp:directive>endif</cpp:directive></cpp:endif>
</unit>
