<unit xmlns="http://www.sdml.info/srcML/src" xmlns:cpp="http://www.sdml.info/srcML/cpp">
<comment type="line">//
</comment><comment type="line">// Copyright 2004 P&amp;P Software GmbH - All Rights Reserved
</comment><comment type="line">//
</comment><comment type="line">// FsmState.cpp
</comment><comment type="line">//
</comment><comment type="line">// Version	1.0
</comment><comment type="line">// Date		02.10.02
</comment><comment type="line">// Author	A. Pasetti (P&amp;P Software)
</comment>
<cpp:include>#<cpp:directive>include</cpp:directive> <cpp:file>"../GeneralInclude/CompilerSwitches.h"</cpp:file></cpp:include>
<cpp:include>#<cpp:directive>include</cpp:directive> <cpp:file>"../GeneralInclude/Constants.h"</cpp:file></cpp:include>
<cpp:include>#<cpp:directive>include</cpp:directive> <cpp:file>"FsmState.h"</cpp:file></cpp:include>

<constructor><name>FsmState::FsmState</name><parameter_list>(<param><decl><type><name>void</name></type></decl></param>)</parameter_list> <block>{
   <expr_stmt><expr><name>pNextState</name> = <name>pNULL</name></expr>;</expr_stmt>
}</block></constructor>

<function><type><name>bool</name></type> <name><name>FsmState</name>::<name>canEnter</name></name><parameter_list>(<param><decl><type><name>void</name></type></decl></param>)</parameter_list> <block>{
   <return>return <expr><name>true</name></expr>;</return>
}</block></function>

<function><type><name>void</name></type> <name><name>FsmState</name>::<name>doInit</name></name><parameter_list>(<param><decl><type><name>void</name></type></decl></param>)</parameter_list> <block>{
   <return>return;</return>
}</block></function>

<function><type><name>bool</name></type> <name><name>FsmState</name>::<name>canExit</name></name><parameter_list>(<param><decl><type><name>void</name></type></decl></param>)</parameter_list> <block>{
   <return>return <expr><name>true</name></expr>;</return>
}</block></function>

<function><type><name>void</name></type> <name><name>FsmState</name>::<name>doExit</name></name><parameter_list>(<param><decl><type><name>void</name></type></decl></param>)</parameter_list> <block>{
   <return>return;</return>
}</block></function>

<function><type><name>bool</name></type> <name><name>FsmState</name>::<name>isFinished</name></name><parameter_list>(<param><decl><type><name>void</name></type></decl></param>)</parameter_list> <block>{
   <return>return <expr><name>false</name></expr>;</return>
}</block></function>
</unit>
