<unit xmlns="http://www.sdml.info/srcML/src" xmlns:cpp="http://www.sdml.info/srcML/cpp">
<comment type="line">//
</comment><comment type="line">// Copyright 2004 P&amp;P Software GmbH - All Rights Reserved
</comment><comment type="line">//
</comment><comment type="line">// FsmState.h
</comment><comment type="line">//
</comment><comment type="line">// Version	1.0
</comment><comment type="line">// Date		25.02.03 
</comment><comment type="line">// Author	A. Pasetti (P&amp;P Software)
</comment><comment type="line">//
</comment><comment type="line">//
</comment><comment type="line">// Change Record:
</comment>
<cpp:ifndef>#<cpp:directive>ifndef</cpp:directive> <name>FsmStateH</name></cpp:ifndef>
<cpp:define>#<cpp:directive>define</cpp:directive> <name>FsmStateH</name></cpp:define>

<cpp:include>#<cpp:directive>include</cpp:directive> <cpp:file>"../GeneralInclude/ForwardDeclarations.h"</cpp:file></cpp:include>
<cpp:include>#<cpp:directive>include</cpp:directive> <cpp:file>"../GeneralInclude/BasicTypes.h"</cpp:file></cpp:include>
<cpp:include>#<cpp:directive>include</cpp:directive> <cpp:file>"../Base/CC_RootObject.h"</cpp:file></cpp:include>

<comment type="block">/**
 * Base class from which all FsmState classes are derived.
 * An FsmState class encapsulates a state of an finite state machine (FSM).
 * &lt;p&gt;
 * This is an abstract class that declares abstract methods to implement: the
 * actions associated to the
 * FsmState and the checks associated to the FsmState.
 * Concrete methods are also defined to implement configuration operations.
 * &lt;p&gt;
 * An FsmState can execute three types of actions.
 * An &lt;i&gt;initialization action&lt;/i&gt; that is a punctual action performed
 * immediately after the state is entered.
 * A &lt;i&gt;continuation action&lt;/i&gt; that is an action performed every time the
 * state is activated.
 * A &lt;i&gt;termination action&lt;/i&gt; that is a punctual action that is performed
 * immediately before the state is exited.
 * This class provides default implementation for the initialization and
 * termination actions that do not do anything.
 * &lt;p&gt;
 * An FsmState performs three types of checks.
 * An &lt;i&gt;initialization check&lt;/i&gt; that checks whether the state can be
 * entered.
 * A &lt;i&gt;exit check&lt;/i&gt; that checks whether the state can be exited.
 * A &lt;i&gt;termination check&lt;/i&gt; that checks whether the state has terminated
 * execution and is ready to perform
 * an autonomous state transition.
 * This class provides default implementations for the initialization and
 * exit checks that always return true (check is passed).
 * &lt;p&gt;
 * An FsmState holds a reference to a &lt;i&gt;next state&lt;/i&gt;.
 * This represents the state to which the current state wants to perform an
 * autonomous transition after it
 * has performed all its actions.
 * FsmStates however are "passive" objects and state transitions are under
 * the control of the FSM.
 * This class provides a default implementation that returns a null pointer
 * for the next state signifying that
 * there is no next state.
 * @see CC_FSM
 * @author Alessandro Pasetti (P&amp;P Software GmbH)
 * @version 1.0
 * @ingroup FSM
 */</comment>
<class>class <name>FsmState</name> <super>: <specifier>public</specifier> <name>CC_RootObject</name></super> <block>{<private type="default">

  </private><private>private:
   <decl_stmt><decl><type><name>FsmState</name>*</type> <name>pNextState</name></decl>;</decl_stmt>

  </private><public>public:

    <comment type="block">/**
     * Instantiate an FsmState object.
     * The next state is initialized to pNULL.
     */</comment>
    <constructor_decl><name>FsmState</name><parameter_list>(<param><decl><type><name>void</name></type></decl></param>)</parameter_list>;</constructor_decl>

    <comment type="block">/**
     * Perform the entry check and return false if a transition into this
     * state would put the system
     * in an inconsistent or otherwise undesirable condition.
     * Note that the ultimate decision as to whether the state is entered or
     * not lies with the FSM that could
     * decide to ignore the return value of canEnter().
     * This class provides a default implementation that returns true (state
     * can be entered).
     * @see CC_FSM#activate
     * @return true if the state can be safely entered.
     */</comment>
    <function_decl><type><name>virtual</name> <name>bool</name></type> <name>canEnter</name><parameter_list>(<param><decl><type><name>void</name></type></decl></param>)</parameter_list>;</function_decl>

    <comment type="block">/**
     * Perform the initialization action associated to the FsmState.
     * This method is intended to be called by the FSM immediately after the
     * state has been entered.
     * This class provides a default implementation that returns without
     * doing anything.
     * @see CC_FSM#activate
     */</comment>
    <function_decl><type><name>virtual</name> <name>void</name></type> <name>doInit</name><parameter_list>(<param><decl><type><name>void</name></type></decl></param>)</parameter_list>;</function_decl>

    <comment type="block">/**
     * Perform the exit check and return false if performing a transition out
     * of the this state would leave
     * the system in an inconsistent or otherwise undesirable condition.
     * Note that the ultimate decision as to whether the state is exited or
     * not lies with the FSM that could
     * decide to ignore the return value of canExit().
     * This class provides a default implementation that returns true (state
     * can be exited).
     * @see CC_FSM#activate
     * @return true if the manoeuvre can continue execution
     */</comment>
    <function_decl><type><name>virtual</name> <name>bool</name></type> <name>canExit</name><parameter_list>(<param><decl><type><name>void</name></type></decl></param>)</parameter_list>;</function_decl>

    <comment type="block">/**
     * Perform the continued action associated to this state.
     * This method is intended to be called by the FSM every time it is
     * activated when this state is the
     * current state.
     * @see CC_FSM#activate
     */</comment>
    <function_decl><type><name>virtual</name> <name>void</name></type> <name>doContinue</name><parameter_list>(<param><decl><type><name>void</name></type></decl></param>)</parameter_list> <specifier>= 0</specifier>;</function_decl>

    <comment type="block">/**
     * Perform the exit action associated to this state.
     * This method is intended to be called by the FSM object just before it
     * exits this state.
     * This class provides a default implementation that returns without
     * doing anything.
     * @see CC_FSM#activate
     */</comment>
    <function_decl><type><name>virtual</name> <name>void</name></type> <name>doExit</name><parameter_list>(<param><decl><type><name>void</name></type></decl></param>)</parameter_list>;</function_decl>

    <comment type="block">/**
     * Perform a termination check and return true if the continued action
     * associated to this state has
     * been completed and an autonomous transition to a next state should be
     * performed.
     * This class provides a default implementation that always returns "not
     * terminated".
     * @see CC_FSM#activate
     * @return true if the continued action associated to this state has been
     * terminated, false otherwise
     */</comment>
    <function_decl><type><name>virtual</name> <name>bool</name></type> <name>isFinished</name><parameter_list>(<param><decl><type><name>void</name></type></decl></param>)</parameter_list>;</function_decl>

    <comment type="block">/**
     * Set the next state associated to this state.
     * This method would normally be called only once during the application
     * initialization phase.
     * However, it is not formally classified as an &lt;i&gt;initialization
     * method&lt;/i&gt; in order to leave the option
     * open to FsmState objects to dynamically set their next state on the
     * basis of their termination status.
     * @param pNextState the next state associated to the current state
     */</comment>
    <function_decl><type><name>inline</name> <name>void</name></type> <name>setNextState</name><parameter_list>(<param><decl><type><name>FsmState</name>*</type> <name>pNextState</name></decl></param>)</parameter_list>;</function_decl>

    <comment type="block">/**
     * Return the next state associated to this state.
     * If no next state is associated to this state, then the method return
     * pNULL.
     * @return the next state associated to the current state
     */</comment>
    <function_decl><type><name>inline</name> <name>FsmState</name>*</type> <name>getNextState</name><parameter_list>(<param><decl><type><name>void</name></type></decl></param>)</parameter_list> <specifier>const</specifier>;</function_decl>

</public>}</block>;</class>

<cpp:include>#<cpp:directive>include</cpp:directive> <cpp:file>"FsmState_inl.h"</cpp:file></cpp:include>

<cpp:endif>#<cpp:directive>endif</cpp:directive></cpp:endif>


</unit>
