<unit xmlns="http://www.sdml.info/srcML/src" xmlns:cpp="http://www.sdml.info/srcML/cpp">
<comment type="line">//
</comment><comment type="line">// Copyright 2004 P&amp;P Software GmbH - All Rights Reserved
</comment><comment type="line">//
</comment><comment type="line">// ControlBlock.h
</comment><comment type="line">//
</comment><comment type="line">// Version	1.0
</comment><comment type="line">// Date		24.04.03 (Version 1.0)
</comment><comment type="line">// Author	A. Pasetti (P&amp;P Software), R. Totaro
</comment><comment type="line">//
</comment><comment type="line">// Change Record:
</comment>
<cpp:ifndef>#<cpp:directive>ifndef</cpp:directive> <name>ControlBlockH</name></cpp:ifndef>
<cpp:define>#<cpp:directive>define</cpp:directive> <name>ControlBlockH</name></cpp:define>

<cpp:include>#<cpp:directive>include</cpp:directive> <cpp:file>"../GeneralInclude/ForwardDeclarations.h"</cpp:file></cpp:include>
<cpp:include>#<cpp:directive>include</cpp:directive> <cpp:file>"../GeneralInclude/BasicTypes.h"</cpp:file></cpp:include>
<cpp:include>#<cpp:directive>include</cpp:directive> <cpp:file>"../Base/CC_RootObject.h"</cpp:file></cpp:include>

<comment type="block">/**
 * Base class from which all control block classes are derived.
 * A control block is intended to model a discrete transfer function of the
 * following kind&lt;PRE&gt;
 *      x(k+1) = h( x(k) , u(k), p )
 *      y(k) = g( x(k), u(k), p )   &lt;/PRE&gt;
 * where: &lt;ul&gt;
 * &lt;li&gt;k is a temporal index&lt;/li&gt;
 * &lt;li&gt;x is a vector of state variables that are updated at every sampling time k&lt;/li&gt;
 * &lt;li&gt;u is a vector of input variables that are updated at every sampling time k&lt;/li&gt;
 * &lt;li&gt;y is a vector of output variables that are updated at every sampling time k&lt;/li&gt;
 * &lt;li&gt;p is a vector of nominally constant parameters&lt;/li&gt;
 * &lt;li&gt;h(.) is a state propagation function&lt;/li&gt;
 * &lt;li&gt;g(.) is an output update function&lt;/li&gt;
 * &lt;/ul&gt;
 * This class offers the following types of services: &lt;ul&gt;
 * &lt;li&gt;services to set and get the number of the inputs, outputs,
 * states, and parameters&lt;/li&gt;
 * &lt;li&gt;services to set and get the values of the state variables and of the parameters&lt;/li&gt;
 * &lt;li&gt;services to propagate the state and update the outputs&lt;/li&gt;
 * &lt;li&gt;reset service to reset the state propagation and output update algorithms
 * and bring the state back to the value it had at the time the control block
 * was initialized&lt;/li&gt;
 * &lt;/ul&gt;
 * No services are defined to set and get the output and input values because there can
 * be several ways in which a control block is linked to the source of its inputs and to
 * the destination for its outputs. Example of typical input/output linking mechanisms are: &lt;ul&gt;
 * &lt;li&gt;&lt;i&gt;Copy Link&lt;/i&gt;: at every sampling time, the inputs are copied from the external
 * input source into an internal buffer maintained by the control block. After state and
 * output propagation, the updated values of the outputs are copied to the external output
 * destination location.&lt;/li&gt;
 * &lt;li&gt;&lt;i&gt;Pointer Link&lt;/i&gt;: during the configuration phase, the control block is loaded with
 * pointers to the input sources and to the output destinations. The control block then accesses
 * its inputs and outputs through these pointers.&lt;/li&gt;
 * &lt;li&gt;&lt;i&gt;Data Item Link&lt;/i&gt;: during the configuration phase, the control block is loaded with
 * data items (instances of class &lt;code&gt;DC_DataItem&lt;/code&gt;) that encapsulate the input sources and
 * output destinations. The control block then accesses its inputs and outputs through their data
 * items.&lt;/li&gt;
 * &lt;li&gt;&lt;i&gt;Data Pool Link&lt;/i&gt;: the input sources and output destinations are assumed to be located
 * in the data pool. During the configuration phase, the control block is loaded with the identifiers
 * of the data pool locations that hold the inputs and outputs. The control block then accesses
 * its inputs and outputs directloy from the data pool.&lt;/li&gt;
 * &lt;/ul&gt;
 * The diversity of the above mechansims makes it impossible to define the services to access
 * the inputs and outputs at the level of this base class. The definition of these services is
 * therefore left to subclasses of &lt;code&gt;ControlBlock&lt;/code&gt;.
 * &lt;p&gt;
 * This is an abstract class because it defines neither the state propagation
 * and output update functions nor the input and output allocation, setter and getter
 * functions. However it internally defines variables that are intended to make it easy for
 * developers to create concrete classes that implement specific state propagation and
 * output update algorithms.
 * More specifically, this class defines the following items: &lt;ul&gt;
 * &lt;li&gt;The number of inputs (nInputs)&lt;/li&gt;
 * &lt;li&gt;The number of outputs (nOutputs)&lt;/li&gt;
 * &lt;li&gt;The number of state variables (nStates)&lt;/li&gt;
 * &lt;li&gt;The number of parameters (nParameters)&lt;/li&gt;
 * &lt;li&gt;An array x to hold the state variables&lt;/li&gt;
 * &lt;li&gt;An array p to hold the parameter variables&lt;/li&gt;
 * &lt;/ul&gt;
 * These variables are declared &lt;code&gt;protected&lt;/code&gt; so as to give subclasses
 * ready and easy access to them. It should be stressed however that there is no
 * obligation on the part of subclasses to use these data structures. If
 * they are subject to special requirements, they are free to implement the
 * state propagation and output update services using class-specific structures.
 * &lt;p&gt;
 * The internal data structures must be configured by the user. Thus,
 * the configuration process for an instance of this class is
 * as follows: &lt;ul&gt;
 * &lt;li&gt;set the number of inputs&lt;/li&gt;
 * &lt;li&gt;set the number of outputs&lt;/li&gt;
 * &lt;li&gt;set the number of states&lt;/li&gt;
 * &lt;li&gt;set the number of parameters&lt;/li&gt;
 * &lt;/ul&gt;
 * Access to specific parameter and state values is
 * performed through an integer index i that designates the location
 * of the desired input, output, parameter or state value within the
 * corresponding array. Run-time checks on the legality of the index
 * are only performed where errors might corrupt internal data
 * structures (i.e. during write accesses). In other cases,
 * responsibility for ensuring the legality of the index is left
 * to the caller.
 * @author Alessandro Pasetti, Roberto Totaro
 * @version 1.0
 * @ingroup Data
 */</comment>
<class>class <name>ControlBlock</name> <super>: <specifier>public</specifier> <name>CC_RootObject</name></super> <block>{<private type="default">
</private><protected>protected:
    <comment type="block">/**
     * Number of inputs
     */</comment>
    <decl_stmt><decl><type><name>int</name></type> <name>nInputs</name></decl>;</decl_stmt>

    <comment type="block">/**
     * Number of outputs
     */</comment>
    <decl_stmt><decl><type><name>int</name></type> <name>nOutputs</name></decl>;</decl_stmt>

    <comment type="block">/**
     * Number of state variables
     */</comment>
    <decl_stmt><decl><type><name>int</name></type> <name>nStates</name></decl>;</decl_stmt>

    <comment type="block">/**
     * Number of parameters
     */</comment>
    <decl_stmt><decl><type><name>int</name></type> <name>nParameters</name></decl>;</decl_stmt>

    <comment type="block">/**
     * Array to hold the state variables.
     * x[i] holds the i-th state variable with i in the interval [0,N] where N is
     * the number of states.
     * @see #nStates
     */</comment>
    <decl_stmt><decl><type><name>TD_Float</name> *</type><name>x</name></decl>;</decl_stmt>

    <comment type="block">/**
     * Array to hold the parameter variables.
     * p[i] holds the i-th state variable with i in the interval [0,N-1] where N is
     * the number of parameters.
     * @see #nParameters
     */</comment>
    <decl_stmt><decl><type><name>TD_Float</name> *</type><name>p</name></decl>;</decl_stmt>

    <comment type="block">/**
     * Set the number of inputs and, if required, allocate the necessary storage.
     * The number of inputs must be non-negative.
     * @param n the number of inputs
     */</comment>
    <function_decl><type><name>virtual</name> <name>void</name></type> <name>setNumberOfInputs</name><parameter_list>(<param><decl><type><name>unsigned</name> <name>int</name></type> <name>n</name></decl></param>)</parameter_list> <specifier>= 0</specifier>;</function_decl>

    <comment type="block">/**
     * Set the number of outputs and, if required, allocate the necessary storage.
     * The number of inputs must be non-negative.
     * @param n the number of outputs
     */</comment>
    <function_decl><type><name>virtual</name> <name>void</name></type> <name>setNumberOfOutputs</name><parameter_list>(<param><decl><type><name>unsigned</name> <name>int</name></type> <name>n</name></decl></param>)</parameter_list> <specifier>= 0</specifier>;</function_decl>

    <comment type="block">/**
     * Set the number of states. This method causes the memory for the state array
     * to be allocated. The number of states must be non-negative. The state values
     * are initialized to zero. This is an initialization method: it shall be called
     * only once.
     * @param n the number of states
     */</comment>
    <function_decl><type><name>void</name></type> <name>setNumberOfStates</name><parameter_list>(<param><decl><type><name>unsigned</name> <name>int</name></type> <name>n</name></decl></param>)</parameter_list>;</function_decl>

    <comment type="block">/**
     * Set the number of parameters. This method causes the memory for the parameter array
     * to be allocated. The number of parameters must be non-negative. The parameter values
     * are initialized to zero. This is an initialization method: it shall be called
     * only once.
     * @param n the number of parameters
     */</comment>
    <function_decl><type><name>void</name></type> <name>setNumberOfParameters</name><parameter_list>(<param><decl><type><name>unsigned</name> <name>int</name></type> <name>n</name></decl></param>)</parameter_list>;</function_decl>

    <comment type="block">/**
     * Implement the state propagation function. The result of calling this method
     * should be a new set of values for the state variables computed as a function
     * of the current input values, the old state values, and the parameter values.
     * Note that the state and parameter values are directly accessible as
     * &lt;code&gt;protected&lt;/code&gt; variables. This should facilitate the implementation
     * of this method in concrete subclasses.
     * @see #propagate
     */</comment>
    <function_decl><type><name>virtual</name> <name>void</name></type> <name>propagateState</name><parameter_list>(<param><decl><type><name>void</name></type></decl></param>)</parameter_list> <specifier>= 0</specifier>;</function_decl>

    <comment type="block">/**
     * Implement the output update function. This method uses the current
     * values of the inputs and state variables to compute
     * and apply new values for the outputs. Note that the
     * input, state and parameter values are directly accessible as &lt;code&gt;protected&lt;/code&gt;
     * variables. This should facilitate the implementation of this method
     * in concrete subclasses.
     * @see #propagate
     */</comment>
    <function_decl><type><name>virtual</name> <name>void</name></type> <name>updateOutput</name><parameter_list>(<param><decl><type><name>void</name></type></decl></param>)</parameter_list> <specifier>= 0</specifier>;</function_decl>

</protected><public>public:
    <comment type="block">/**
     * Instantiate a control block. The number of inputs, outputs, states and parameters
     * is initialized with illegal values to signify that the component is not yet configured.
     */</comment>
    <constructor_decl><name>ControlBlock</name><parameter_list>(<param><decl><type><name>void</name></type></decl></param>)</parameter_list>;</constructor_decl>

    <comment type="block">/**
     * Return the number of outputs of the control block.
     * @return the number of outputs
     */</comment>
    <function_decl><type><name>inline</name> <name>int</name></type> <name>getNumberOfOutputs</name><parameter_list>(<param><decl><type><name>void</name></type></decl></param>)</parameter_list> <specifier>const</specifier>;</function_decl>

    <comment type="block">/**
     * Return the number of states of the control block.
     * @return the number of states
     */</comment>
    <function_decl><type><name>inline</name> <name>int</name></type> <name>getNumberOfStates</name><parameter_list>(<param><decl><type><name>void</name></type></decl></param>)</parameter_list> <specifier>const</specifier>;</function_decl>

    <comment type="block">/**
     * Return the number of inputs of the control block.
     * @return the number of inputs
     */</comment>
    <function_decl><type><name>inline</name> <name>int</name></type> <name>getNumberOfInputs</name><parameter_list>(<param><decl><type><name>void</name></type></decl></param>)</parameter_list> <specifier>const</specifier>;</function_decl>

    <comment type="block">/**
     * Return the number of parameters of the control block.
     * @return the number of parameters
     */</comment>
    <function_decl><type><name>inline</name> <name>int</name></type> <name>getNumberOfParameters</name><parameter_list>(<param><decl><type><name>void</name></type></decl></param>)</parameter_list> <specifier>const</specifier>;</function_decl>

    <comment type="block">/**
     * Return the value of the i-th state. The argument i must lie
     * in the interval [0,n-1] where n is the number of states.
     * No check is performed on the legality of the index i.
     * @return the value of the i-th state variable
     * @param i the index of the state variable
     */</comment>
    <function_decl><type><name>inline</name> <name>TD_Float</name></type> <name>getState</name><parameter_list>(<param><decl><type><name>unsigned</name> <name>int</name></type> <name>i</name></decl></param>)</parameter_list> <specifier>const</specifier>;</function_decl>

    <comment type="block">/**
     * Return the value of the i-th parameter. The argument i must lie
     * in the interval [0,n-1] where n is the number of parameters.
     * No check is performed on the legality of the index i.
     * @return the value of the i-th parameter variable
     * @param i the index of the parameter variable
     */</comment>
    <function_decl><type><name>inline</name> <name>TD_Float</name></type> <name>getParameter</name><parameter_list>(<param><decl><type><name>unsigned</name> <name>int</name></type> <name>i</name></decl></param>)</parameter_list> <specifier>const</specifier>;</function_decl>

    <comment type="block">/**
     * Set the value of the i-th state. The argument i must lie
     * in the interval [0,n-1] where n is the number of states.
     * Illegal argument values trigger the generation of an event report EVT_ILLEGAL_CB.
     * This method should not normally be used since the state values are internally computed
     * by propagating the input and the previous state values. It is provided for the
     * (non-nominal) case where there is a need to overwrite the internally computed state.
     * @param newValue the new value of the i-th state variable
     * @param i the index of the state variable
     */</comment>
    <function_decl><type><name>void</name></type> <name>setState</name><parameter_list>(<param><decl><type><name>unsigned</name> <name>int</name></type> <name>i</name></decl></param>,<param><decl><type><name>TD_Float</name></type> <name>newValue</name></decl></param>)</parameter_list>;</function_decl>

    <comment type="block">/**
     * Set the value of the i-th parameter. The argument i must lie
     * in the interval [0,n-1] where n is the number of parameters.
     * Illegal argument values trigger the generation of an event report EVT_ILLEGAL_CB.
     * @param newValue the new value of the i-th parameter variable
     * @param i the index of the parameter variable
     */</comment>
    <function_decl><type><name>void</name></type> <name>setParameter</name><parameter_list>(<param><decl><type><name>unsigned</name> <name>int</name></type> <name>i</name></decl></param>,<param><decl><type><name>TD_Float</name></type> <name>newValue</name></decl></param>)</parameter_list>;</function_decl>

    <comment type="block">/**
     * Propagate the input values updating the state variables and the outputs.
     * This method implements the transfer function encapsulated by the control
     * block. It causes the state
     * variables to be updated to take account of the latest input values and
     * it then uses the new state values to compute a new set of ouptuts.
     * A pseudo-code implementation for this method is as follows: &lt;PRE&gt;
     *      propagateState();
     *      updateOutput(); &lt;/PRE&gt;
     * Note that methods &lt;code&gt;propagateState&lt;/code&gt; and &lt;code&gt;updateOutput&lt;/code&gt;
     * are pure virtual methods. Together, they define the transfer function
     * encapsulated by the control block.
     * &lt;p&gt;
     * This class defines the structure of the propagation cycle.
     * It is defined to be &lt;code&gt;virtual&lt;/code&gt; to allow subclasses
     * to implement different propagation cycles.
     */</comment>
    <function_decl><type><name>virtual</name> <name>void</name></type> <name>propagate</name><parameter_list>(<param><decl><type><name>void</name></type></decl></param>)</parameter_list>;</function_decl>

    <comment type="block">/**
     * Reset the control block bringing its state back to the value they had when
     * the configuration process of the control block was terminated. The default
     * implementation provided by this class resets the state values to zero.
     */</comment>
    <function_decl><type><name>virtual</name> <name>void</name></type> <name>reset</name><parameter_list>(<param><decl><type><name>void</name></type></decl></param>)</parameter_list>;</function_decl>

    <comment type="block">/**
     * Perform a class-specific configuration check on a control block.
     * It is checked that the number of inputs, outputs, states and parameters
     * have been set to legal values.
     */</comment>
    <function_decl><type><name>virtual</name> <name>bool</name></type> <name>isObjectConfigured</name><parameter_list>(<param><decl><type><name>void</name></type></decl></param>)</parameter_list>;</function_decl>
</public>}</block>;</class>

<cpp:include>#<cpp:directive>include</cpp:directive> <cpp:file>"ControlBlock_inl.h"</cpp:file></cpp:include>

<cpp:endif>#<cpp:directive>endif</cpp:directive></cpp:endif>
</unit>
