<unit xmlns="http://www.sdml.info/srcML/src" xmlns:cpp="http://www.sdml.info/srcML/cpp">
<comment type="line">//
</comment><comment type="line">// Copyright 2004 P&amp;P Software GmbH - All Rights Reserved
</comment><comment type="line">//
</comment><comment type="line">// ControlBlock_inl.h
</comment><comment type="line">//
</comment><comment type="line">// Version	1.0
</comment><comment type="line">// Date		11.10.03 (Version 1.0)
</comment><comment type="line">// Author	A. Pasetti (P&amp;P Software), R. Totaro
</comment><comment type="line">//
</comment><comment type="line">// Change Record:
</comment>
<cpp:ifndef>#<cpp:directive>ifndef</cpp:directive> <name>ControlBlock_INL</name></cpp:ifndef>
<cpp:define>#<cpp:directive>define</cpp:directive> <name>ControlBlock_INL</name></cpp:define>

<cpp:include>#<cpp:directive>include</cpp:directive> <cpp:file>"../GeneralInclude/CompilerSwitches.h"</cpp:file></cpp:include>
<cpp:include>#<cpp:directive>include</cpp:directive> <cpp:file>"../GeneralInclude/DebugSupport.h"</cpp:file></cpp:include>

<function><type><name>inline</name> <name>TD_Float</name></type> <name><name>ControlBlock</name>::<name>getState</name></name><parameter_list>(<param><decl><type><name>unsigned</name> <name>int</name></type> <name>i</name></decl></param>)</parameter_list> <specifier>const</specifier> <block>{
    <expr_stmt><expr><call><name>assert</name><argument_list>(<argument><expr><name>x</name>!=<name>pNULL</name> &amp;&amp; (<name>int</name>)<name>i</name>&lt;<name>nStates</name></expr></argument>)</argument_list></call></expr>;</expr_stmt>

    <return>return <expr><name><name>x</name>[<expr><name>i</name></expr>]</name></expr>;</return>
}</block></function>

<function><type><name>inline</name> <name>TD_Float</name></type> <name><name>ControlBlock</name>::<name>getParameter</name></name><parameter_list>(<param><decl><type><name>unsigned</name> <name>int</name></type> <name>i</name></decl></param>)</parameter_list> <specifier>const</specifier> <block>{
    <expr_stmt><expr><call><name>assert</name><argument_list>(<argument><expr><name>p</name>!=<name>pNULL</name> &amp;&amp; (<name>int</name>)<name>i</name>&lt;<name>nParameters</name></expr></argument>)</argument_list></call></expr>;</expr_stmt>

    <return>return <expr><name><name>p</name>[<expr><name>i</name></expr>]</name></expr>;</return>
}</block></function>

<function><type><name>inline</name> <name>int</name></type> <name><name>ControlBlock</name>::<name>getNumberOfOutputs</name></name><parameter_list>(<param><decl><type><name>void</name></type></decl></param>)</parameter_list> <specifier>const</specifier> <block>{
    <expr_stmt><expr><call><name>assert</name><argument_list>(<argument><expr><name>nOutputs</name>&gt;-1</expr></argument>)</argument_list></call></expr>;</expr_stmt>

    <return>return <expr><name>nOutputs</name></expr>;</return>
}</block></function>

<function><type><name>inline</name> <name>int</name></type> <name><name>ControlBlock</name>::<name>getNumberOfInputs</name></name><parameter_list>(<param><decl><type><name>void</name></type></decl></param>)</parameter_list> <specifier>const</specifier> <block>{
    <expr_stmt><expr><call><name>assert</name><argument_list>(<argument><expr><name>nInputs</name>&gt;-1</expr></argument>)</argument_list></call></expr>;</expr_stmt>

    <return>return <expr><name>nInputs</name></expr>;</return>
}</block></function>

<function><type><name>inline</name> <name>int</name></type> <name><name>ControlBlock</name>::<name>getNumberOfStates</name></name><parameter_list>(<param><decl><type><name>void</name></type></decl></param>)</parameter_list> <specifier>const</specifier> <block>{
    <expr_stmt><expr><call><name>assert</name><argument_list>(<argument><expr><name>nStates</name>&gt;-1</expr></argument>)</argument_list></call></expr>;</expr_stmt>

    <return>return <expr><name>nStates</name></expr>;</return>
}</block></function>

<function><type><name>inline</name> <name>int</name></type> <name><name>ControlBlock</name>::<name>getNumberOfParameters</name></name><parameter_list>(<param><decl><type><name>void</name></type></decl></param>)</parameter_list> <specifier>const</specifier> <block>{
    <expr_stmt><expr><call><name>assert</name><argument_list>(<argument><expr><name>nParameters</name>&gt;-1</expr></argument>)</argument_list></call></expr>;</expr_stmt>

    <return>return <expr><name>nParameters</name></expr>;</return>
}</block></function>

<cpp:endif>#<cpp:directive>endif</cpp:directive></cpp:endif>
</unit>
