<unit xmlns="http://www.sdml.info/srcML/src" xmlns:cpp="http://www.sdml.info/srcML/cpp">
<comment type="line">//
</comment><comment type="line">// Copyright 2004 P&amp;P Software GmbH - All Rights Reserved
</comment><comment type="line">//
</comment><comment type="line">// ControlBlock.cpp
</comment><comment type="line">//
</comment><comment type="line">// Version	1.0
</comment><comment type="line">// Date	    11.04.03 (Version 1.0)
</comment><comment type="line">// Author	A. Pasetti (P&amp;P Software), R. Totaro
</comment>
<cpp:include>#<cpp:directive>include</cpp:directive> <cpp:file>"../GeneralInclude/CompilerSwitches.h"</cpp:file></cpp:include>
<cpp:include>#<cpp:directive>include</cpp:directive> <cpp:file>"../GeneralInclude/DebugSupport.h"</cpp:file></cpp:include>
<cpp:include>#<cpp:directive>include</cpp:directive> <cpp:file>"../GeneralInclude/BasicTypes.h"</cpp:file></cpp:include>
<cpp:include>#<cpp:directive>include</cpp:directive> <cpp:file>"../GeneralInclude/Constants.h"</cpp:file></cpp:include>
<cpp:include>#<cpp:directive>include</cpp:directive> <cpp:file>"../Base/CC_RootObject.h"</cpp:file></cpp:include>
<cpp:include>#<cpp:directive>include</cpp:directive> <cpp:file>"ControlBlock.h"</cpp:file></cpp:include>

<constructor><name>ControlBlock::ControlBlock</name><parameter_list>(<param><decl><type><name>void</name></type></decl></param>)</parameter_list> <block>{
    <expr_stmt><expr><name>x</name>          =<name>pNULL</name></expr>;</expr_stmt>
    <expr_stmt><expr><name>p</name>          =<name>pNULL</name></expr>;</expr_stmt>
    <expr_stmt><expr><name>nInputs</name>    =-1</expr>;</expr_stmt>
    <expr_stmt><expr><name>nOutputs</name>   =-1</expr>;</expr_stmt>
    <expr_stmt><expr><name>nStates</name>    =-1</expr>;</expr_stmt>
    <expr_stmt><expr><name>nParameters</name>=-1</expr>;</expr_stmt>
}</block></constructor>

<function><type><name>void</name></type> <name><name>ControlBlock</name>::<name>setNumberOfStates</name></name><parameter_list>(<param><decl><type><name>unsigned</name> <name>int</name></type> <name>n</name></decl></param>)</parameter_list> <block>{
    <expr_stmt><expr><call><name>assert</name><argument_list>(<argument><expr><name>nStates</name>&lt;0</expr></argument>)</argument_list></call></expr>;</expr_stmt>

    <expr_stmt><expr><name>nStates</name>=<name>n</name></expr>;</expr_stmt>
    <expr_stmt><expr><name>x</name>=new <name><name>TD_Float</name>[<expr><name>n</name></expr>]</name></expr>;</expr_stmt>
    <for>for (<init><expr><type><name>unsigned</name> <name>int</name></type> <name>i</name>=<init><expr>0</expr></init></expr>;</init><condition><expr><name>i</name>&lt;<name>n</name></expr>;</condition><incr><expr><name>i</name>++</expr></incr>)
        <expr_stmt><expr><name><name>x</name>[<expr><name>i</name></expr>]</name>=(<name>TD_Float</name>)0.0</expr>;</expr_stmt></for>
}</block></function>

<function><type><name>void</name></type> <name><name>ControlBlock</name>::<name>setNumberOfParameters</name></name><parameter_list>(<param><decl><type><name>unsigned</name> <name>int</name></type> <name>n</name></decl></param>)</parameter_list> <block>{
    <expr_stmt><expr><call><name>assert</name><argument_list>(<argument><expr><name>nParameters</name>&lt;0</expr></argument>)</argument_list></call></expr>;</expr_stmt>

    <expr_stmt><expr><name>nParameters</name>=<name>n</name></expr>;</expr_stmt>
    <expr_stmt><expr><name>p</name>=new <name><name>TD_Float</name>[<expr><name>n</name></expr>]</name></expr>;</expr_stmt>
    <for>for (<init><expr><type><name>unsigned</name> <name>int</name></type> <name>i</name>=<init><expr>0</expr></init></expr>;</init><condition><expr><name>i</name>&lt;<name>n</name></expr>;</condition><incr><expr><name>i</name>++</expr></incr>)
        <expr_stmt><expr><name><name>p</name>[<expr><name>i</name></expr>]</name>=(<name>TD_Float</name>)0.0</expr>;</expr_stmt></for>
}</block></function>

<function><type><name>void</name></type> <name><name>ControlBlock</name>::<name>setState</name></name><parameter_list>(<param><decl><type><name>unsigned</name> <name>int</name></type> <name>i</name></decl></param>,<param><decl><type><name>TD_Float</name></type> <name>newValue</name></decl></param>)</parameter_list> <block>{
    <expr_stmt><expr><call><name>assert</name><argument_list>(<argument><expr><name>x</name>!=<name>pNULL</name> &amp;&amp; (<name>int</name>)<name>i</name>&lt;<name>nStates</name></expr></argument>)</argument_list></call></expr>;</expr_stmt>

    <if>if <condition>(<expr>(<name>int</name>)<name>i</name>&lt;<name>nStates</name></expr>)</condition><then>
        <expr_stmt><expr><name><name>x</name>[<expr><name>i</name></expr>]</name>=<name>newValue</name></expr>;</expr_stmt></then>
    <else>else
        <expr_stmt><expr><call><name><name>CC_RootObject</name>::<name>getEventRepository</name></name><argument_list>()</argument_list></call>-&gt;<call><name>create</name><argument_list>(<argument><expr><name>this</name></expr></argument>,<argument><expr><name>EVT_ILLEGAL_CB</name></expr></argument>)</argument_list></call></expr>;</expr_stmt></else></if>
}</block></function>

<function><type><name>void</name></type> <name><name>ControlBlock</name>::<name>setParameter</name></name><parameter_list>(<param><decl><type><name>unsigned</name> <name>int</name></type> <name>i</name></decl></param>,<param><decl><type><name>TD_Float</name></type> <name>newValue</name></decl></param>)</parameter_list> <block>{
    <expr_stmt><expr><call><name>assert</name><argument_list>(<argument><expr><name>p</name>!=<name>pNULL</name> &amp;&amp; (<name>int</name>)<name>i</name>&lt;<name>nParameters</name></expr></argument>)</argument_list></call></expr>;</expr_stmt>

    <if>if <condition>(<expr>(<name>int</name>)<name>i</name>&lt;<name>nParameters</name></expr>)</condition><then>
        <expr_stmt><expr><name><name>p</name>[<expr><name>i</name></expr>]</name>=<name>newValue</name></expr>;</expr_stmt></then>
    <else>else
        <expr_stmt><expr><call><name><name>CC_RootObject</name>::<name>getEventRepository</name></name><argument_list>()</argument_list></call>-&gt;<call><name>create</name><argument_list>(<argument><expr><name>this</name></expr></argument>,<argument><expr><name>EVT_ILLEGAL_CB</name></expr></argument>)</argument_list></call></expr>;</expr_stmt></else></if>
}</block></function>

<function><type><name>void</name></type> <name><name>ControlBlock</name>::<name>propagate</name></name><parameter_list>(<param><decl><type><name>void</name></type></decl></param>)</parameter_list> <block>{
    <expr_stmt><expr><call><name>assert</name><argument_list>(<argument><expr><call><name>isObjectConfigured</name><argument_list>()</argument_list></call></expr></argument>)</argument_list></call></expr>;</expr_stmt>

    <expr_stmt><expr><call><name>propagateState</name><argument_list>()</argument_list></call></expr>;</expr_stmt>
    <expr_stmt><expr><call><name>updateOutput</name><argument_list>()</argument_list></call></expr>;</expr_stmt>
}</block></function>

<function><type><name>void</name></type> <name><name>ControlBlock</name>::<name>reset</name></name><parameter_list>(<param><decl><type><name>void</name></type></decl></param>)</parameter_list> <block>{
    <expr_stmt><expr><call><name>assert</name><argument_list>(<argument><expr><name>x</name>!=<name>pNULL</name></expr></argument>)</argument_list></call></expr>;</expr_stmt>

    <for>for (<init><expr><type><name>int</name></type> <name>i</name>=<init><expr>0</expr></init></expr>;</init><condition><expr><name>i</name>&lt;<name>nStates</name></expr>;</condition><incr><expr><name>i</name>++</expr></incr>)
        <expr_stmt><expr><name><name>x</name>[<expr><name>i</name></expr>]</name>=(<name>TD_Float</name>)0.0</expr>;</expr_stmt></for>
}</block></function>

<function><type><name>bool</name></type> <name><name>ControlBlock</name>::<name>isObjectConfigured</name></name><parameter_list>(<param><decl><type><name>void</name></type></decl></param>)</parameter_list> <block>{
    <return>return <expr>(<call><name><name>CC_RootObject</name>::<name>isObjectConfigured</name></name><argument_list>()</argument_list></call> &amp;&amp;
            <name>nInputs</name>!=-1 &amp;&amp; <name>nOutputs</name>!=-1 &amp;&amp; <name>nStates</name>!=-1 &amp;&amp; <name>nParameters</name>!=-1)</expr>;</return>
}</block></function>

</unit>
