<unit xmlns="http://www.sdml.info/srcML/src" xmlns:cpp="http://www.sdml.info/srcML/cpp">
<comment type="line">//
</comment><comment type="line">// Copyright 2004 P&amp;P Software GmbH - All Rights Reserved
</comment><comment type="line">//
</comment><comment type="line">// CopyControlBlock.h
</comment><comment type="line">//
</comment><comment type="line">// Version	1.0
</comment><comment type="line">// Date		16.10.03 (Version 1.0)
</comment><comment type="line">// Author	A. Pasetti (P&amp;P Software), R. Totaro
</comment><comment type="line">//
</comment><comment type="line">// Change Record:
</comment>
<cpp:ifndef>#<cpp:directive>ifndef</cpp:directive> <name>CopyControlBlockH</name></cpp:ifndef>
<cpp:define>#<cpp:directive>define</cpp:directive> <name>CopyControlBlockH</name></cpp:define>

<cpp:include>#<cpp:directive>include</cpp:directive> <cpp:file>"ControlBlock.h"</cpp:file></cpp:include>

<comment type="block">/**
 * Base class for copy control blocks. 
 * A &lt;i&gt;copy control block&lt;/i&gt; is a control block that implements a copy link to its
 * inputs and outputs. It adds to its &lt;code&gt;ControlBlock&lt;/code&gt; base class
 * the following attributes:&lt;ul&gt;
 * &lt;li&gt;The &lt;i&gt;input buffers&lt;/i&gt;: internal data structure where the values of the
 * control block inputs are copied at the beginning of a propagation cycle. The
 * state propagation and output update services read the value of the inputs from
 * the input buffers.&lt;/li&gt;
 * &lt;li&gt;The &lt;i&gt;output buffers&lt;/i&gt;: internal data structure where the values of the
 * control block outputs are written by the output update service. These values
 * are intended to be copied to the external output destination locations.&lt;/li&gt;
 * &lt;/ul&gt;
 * The input and output buffers are implemented as arrays. They are declared 
 * &lt;code&gt;protected&lt;/code&gt; to give concrete subclasses ready access to them.
 * &lt;p&gt;
 * This class adds services to copy the input values from their external locations
 * to the internal input buffers and to copy the output values from the internal
 * output buffers to their external destinations. 
 * @author Alessandro Pasetti (P&amp;P Software GmbH)
 * @author Roberto Totaro
 * @version 1.0
 * @ingroup Data
 */</comment>
<class>class <name>CopyControlBlock</name> <super>: <specifier>public</specifier> <name>ControlBlock</name></super> <block>{<private type="default">
</private><protected>protected:
    <comment type="block">/**
     * Array to hold the input buffer.
     * u[i] holds the i-th state variable with i lying in the interval [0,N-1] where N
     * is the number of inputs.
     * @see ControlBlock#setNumberOfInputs
     * @see #setInput
     * @see #getInput
     */</comment>
    <decl_stmt><decl><type><name>TD_Float</name> *</type><name>u</name></decl>;</decl_stmt>

    <comment type="block">/**
     * Array to hold the output buffer.
     * y[i] holds the i-th output variable with i lying in the interval [0,N-1] where N
     * is the number of outputs.
     * @see ControlBlock#setNumberOfOutputs
     * @see #setOutput
     * @see #getOutput
     */</comment>
    <decl_stmt><decl><type><name>TD_Float</name> *</type><name>y</name></decl>;</decl_stmt>

    <comment type="block">/**
     * Set the number of inputs. This method causes the memory for the input buffer
     * to be allocated. The number of inputs must be non-negative. The input values
     * are initialized to zero. This is an initialization method:  it shall be called
     * only once.
     * @param n the number of inputs
     */</comment>
    <function_decl><type><name>virtual</name> <name>void</name></type> <name>setNumberOfInputs</name><parameter_list>(<param><decl><type><name>unsigned</name> <name>int</name></type> <name>n</name></decl></param>)</parameter_list>;</function_decl>

    <comment type="block">/**
     * Set the number of outputs. This method causes the memory for the output buffer
     * to be allocated. The number of outputs must be non-negative. The output values
     * are initialized to zero. This is an initialization method:  it shall be called
     * only once.
     * @param n the number of outputs
     */</comment>
    <function_decl><type><name>virtual</name> <name>void</name></type> <name>setNumberOfOutputs</name><parameter_list>(<param><decl><type><name>unsigned</name> <name>int</name></type> <name>n</name></decl></param>)</parameter_list>;</function_decl>

</protected><public>public:
    <comment type="block">/**
     * Instantiate a copy control block. The input and output buffers are initialized to 
     * illegal values to signify that the control block is not yet configured.
     */</comment>
    <constructor_decl><name>CopyControlBlock</name><parameter_list>(<param><decl><type><name>void</name></type></decl></param>)</parameter_list>;</constructor_decl>

    <comment type="block">/**
     * Return the value of the i-th input. The argument i must lie
     * in the interval [0,n-1] where n is the number of inputs.
     * No check is performed on the legality of the index i.
     * @return the value of the i-th input variable
     * @param i the index of the input variable
     */</comment>
    <function_decl><type><name>TD_Float</name></type> <name>getInput</name><parameter_list>(<param><decl><type><name>unsigned</name> <name>int</name></type> <name>i</name></decl></param>)</parameter_list> <specifier>const</specifier>;</function_decl>

    <comment type="block">/**
     * Return the value of the i-th output. The argument i must lie
     * in the interval [0,n-1] where n is the number of outputs.
     * No check is performed on the legality of the index i.
     * @return the value of the i-th output variable
     * @param i the index of the output variable
     */</comment>
    <function_decl><type><name>TD_Float</name></type> <name>getOutput</name><parameter_list>(<param><decl><type><name>unsigned</name> <name>int</name></type> <name>i</name></decl></param>)</parameter_list> <specifier>const</specifier>;</function_decl>

    <comment type="block">/**
     * Set the value of the i-th input. The argument i must lie
     * in the interval [0,n-1] where n is the number of inputs.
     * Illegal argument values trigger the generation of an event report EVT_ILLEGAL_CB.
     * @param newValue the new value of the i-th input variable
     * @param i the index of the input variable
     */</comment>
    <function_decl><type><name>void</name></type> <name>setInput</name><parameter_list>(<param><decl><type><name>unsigned</name> <name>int</name></type> <name>i</name></decl></param>,<param><decl><type><name>TD_Float</name></type> <name>newValue</name></decl></param>)</parameter_list>;</function_decl>

    <comment type="block">/**
     * Set the value of the i-th output. The argument i must lie
     * in the interval [0,n-1] where n is the number of outputs.
     * Illegal argument values trigger the generation of an event report EVT_ILLEGAL_CB.
     * This method should not normally be used since the output is computed internally by
     * propagating the input and the state. It is provided for convenience only
     * for non-nominal situations.
     * @param newValue the new value of the i-th output variable
     * @param i the index of the output variable
     */</comment>
    <function_decl><type><name>void</name></type> <name>setOutput</name><parameter_list>(<param><decl><type><name>unsigned</name> <name>int</name></type> <name>i</name></decl></param>,<param><decl><type><name>TD_Float</name></type> <name>newValue</name></decl></param>)</parameter_list>;</function_decl>

    <comment type="block">/**
     * Reset the control block bringing its state and input and output buffers to the values
     * they had when the configuration process of the control block was terminated. 
     * A pseudocode implementation of this method is as follows:&lt;pre&gt;
     *      ControlBlock::reset();  // call method in super class to reset the state
     *      reset the input buffers to zero;
     *      reset the output buffers to zero;&lt;/pre&gt;
     */</comment>
    <function_decl><type><name>virtual</name> <name>void</name></type> <name>reset</name><parameter_list>(<param><decl><type><name>void</name></type></decl></param>)</parameter_list>;</function_decl>
</public>}</block>;</class>
<cpp:endif>#<cpp:directive>endif</cpp:directive></cpp:endif>


</unit>
