<unit xmlns="http://www.sdml.info/srcML/src" xmlns:cpp="http://www.sdml.info/srcML/cpp">
<comment type="line">//
</comment><comment type="line">// Copyright 2004 P&amp;P Software GmbH - All Rights Reserved
</comment><comment type="line">//
</comment><comment type="line">// CopyControlBlock.cpp
</comment><comment type="line">//
</comment><comment type="line">// Version	1.0
</comment><comment type="line">// Date	    16.10.03 (Version 1.0)
</comment><comment type="line">// Author	A. Pasetti (P&amp;P Software), R. Totaro
</comment><comment type="line">//
</comment><comment type="line">// Change Record:
</comment>
<cpp:include>#<cpp:directive>include</cpp:directive> <cpp:file>"../GeneralInclude/CompilerSwitches.h"</cpp:file></cpp:include>
<cpp:include>#<cpp:directive>include</cpp:directive> <cpp:file>"../GeneralInclude/DebugSupport.h"</cpp:file></cpp:include>
<cpp:include>#<cpp:directive>include</cpp:directive> <cpp:file>"../GeneralInclude/BasicTypes.h"</cpp:file></cpp:include>
<cpp:include>#<cpp:directive>include</cpp:directive> <cpp:file>"../GeneralInclude/Constants.h"</cpp:file></cpp:include>
<cpp:include>#<cpp:directive>include</cpp:directive> <cpp:file>"../Base/CC_RootObject.h"</cpp:file></cpp:include>
<cpp:include>#<cpp:directive>include</cpp:directive> <cpp:file>"CopyControlBlock.h"</cpp:file></cpp:include>

<constructor><name>CopyControlBlock::CopyControlBlock</name><parameter_list>(<param><decl><type><name>void</name></type></decl></param>)</parameter_list> <block>{
    <expr_stmt><expr><name>u</name>=<name>pNULL</name></expr>;</expr_stmt>
    <expr_stmt><expr><name>y</name>=<name>pNULL</name></expr>;</expr_stmt>
}</block></constructor>

<function><type><name>void</name></type> <name><name>CopyControlBlock</name>::<name>setNumberOfInputs</name></name><parameter_list>(<param><decl><type><name>unsigned</name> <name>int</name></type> <name>n</name></decl></param>)</parameter_list> <block>{
    <expr_stmt><expr><call><name>assert</name><argument_list>(<argument><expr><name>nInputs</name>&lt;0</expr></argument>)</argument_list></call></expr>;</expr_stmt>
    <expr_stmt><expr><call><name>assert</name><argument_list>(<argument><expr><name>n</name>&gt;0</expr></argument>)</argument_list></call></expr>;</expr_stmt>

    <expr_stmt><expr><name>nInputs</name>=<name>n</name></expr>;</expr_stmt>
    <expr_stmt><expr><name>u</name>=new <name><name>TD_Float</name>[<expr><name>n</name></expr>]</name></expr>;</expr_stmt>
    <for>for (<init><expr><type><name>unsigned</name> <name>int</name></type> <name>i</name>=<init><expr>0</expr></init></expr>;</init><condition><expr><name>i</name>&lt;<name>n</name></expr>;</condition><incr><expr><name>i</name>++</expr></incr>)
        <expr_stmt><expr><name><name>u</name>[<expr><name>i</name></expr>]</name>=(<name>TD_Float</name>)0.0</expr>;</expr_stmt></for>
}</block></function>

<function><type><name>void</name></type> <name><name>CopyControlBlock</name>::<name>setNumberOfOutputs</name></name><parameter_list>(<param><decl><type><name>unsigned</name> <name>int</name></type> <name>n</name></decl></param>)</parameter_list> <block>{
    <expr_stmt><expr><call><name>assert</name><argument_list>(<argument><expr><name>nOutputs</name>&lt;0</expr></argument>)</argument_list></call></expr>;</expr_stmt>
    <expr_stmt><expr><call><name>assert</name><argument_list>(<argument><expr><name>n</name>&gt;0</expr></argument>)</argument_list></call></expr>;</expr_stmt>

    <expr_stmt><expr><name>nOutputs</name>=<name>n</name></expr>;</expr_stmt>
    <expr_stmt><expr><name>y</name>=new <name><name>TD_Float</name>[<expr><name>n</name></expr>]</name></expr>;</expr_stmt>
    <for>for (<init><expr><type><name>unsigned</name> <name>int</name></type> <name>i</name>=<init><expr>0</expr></init></expr>;</init><condition><expr><name>i</name>&lt;<name>n</name></expr>;</condition><incr><expr><name>i</name>++</expr></incr>)
        <expr_stmt><expr><name><name>y</name>[<expr><name>i</name></expr>]</name>=(<name>TD_Float</name>)0.0</expr>;</expr_stmt></for>
}</block></function>

<function><type><name>void</name></type> <name><name>CopyControlBlock</name>::<name>setInput</name></name><parameter_list>(<param><decl><type><name>unsigned</name> <name>int</name></type> <name>i</name></decl></param>,<param><decl><type><name>TD_Float</name></type> <name>newValue</name></decl></param>)</parameter_list> <block>{
    <expr_stmt><expr><call><name>assert</name><argument_list>(<argument><expr><name>u</name>!=<name>pNULL</name> &amp;&amp; (<name>int</name>)<name>i</name>&lt;<name>nInputs</name></expr></argument>)</argument_list></call></expr>;</expr_stmt>

    <if>if <condition>(<expr>(<name>int</name>)<name>i</name>&lt;<name>nInputs</name></expr>)</condition><then>
        <expr_stmt><expr><name><name>u</name>[<expr><name>i</name></expr>]</name>=<name>newValue</name></expr>;</expr_stmt></then>
    <else>else
        <expr_stmt><expr><call><name><name>CC_RootObject</name>::<name>getEventRepository</name></name><argument_list>()</argument_list></call>-&gt;<call><name>create</name><argument_list>(<argument><expr><name>this</name></expr></argument>,<argument><expr><name>EVT_ILLEGAL_CB</name></expr></argument>)</argument_list></call></expr>;</expr_stmt></else></if>
}</block></function>

<function><type><name>void</name></type> <name><name>CopyControlBlock</name>::<name>setOutput</name></name><parameter_list>(<param><decl><type><name>unsigned</name> <name>int</name></type> <name>i</name></decl></param>,<param><decl><type><name>TD_Float</name></type> <name>newValue</name></decl></param>)</parameter_list> <block>{
    <expr_stmt><expr><call><name>assert</name><argument_list>(<argument><expr><name>y</name>!=<name>pNULL</name> &amp;&amp; (<name>int</name>)<name>i</name>&lt;<name>nInputs</name></expr></argument>)</argument_list></call></expr>;</expr_stmt>

    <if>if <condition>(<expr>(<name>int</name>)<name>i</name>&lt;<name>nOutputs</name></expr>)</condition><then>
        <expr_stmt><expr><name><name>y</name>[<expr><name>i</name></expr>]</name>=<name>newValue</name></expr>;</expr_stmt></then>
    <else>else
        <expr_stmt><expr><call><name><name>CC_RootObject</name>::<name>getEventRepository</name></name><argument_list>()</argument_list></call>-&gt;<call><name>create</name><argument_list>(<argument><expr><name>this</name></expr></argument>,<argument><expr><name>EVT_ILLEGAL_CB</name></expr></argument>)</argument_list></call></expr>;</expr_stmt></else></if>
}</block></function>

<function><type><name>TD_Float</name></type> <name><name>CopyControlBlock</name>::<name>getInput</name></name><parameter_list>(<param><decl><type><name>unsigned</name> <name>int</name></type> <name>i</name></decl></param>)</parameter_list> <specifier>const</specifier> <block>{
    <expr_stmt><expr><call><name>assert</name><argument_list>(<argument><expr><name>u</name>!=<name>pNULL</name> &amp;&amp; (<name>int</name>)<name>i</name>&lt;<name>nInputs</name></expr></argument>)</argument_list></call></expr>;</expr_stmt>

    <return>return <expr><name><name>u</name>[<expr><name>i</name></expr>]</name></expr>;</return>
}</block></function>

<function><type><name>TD_Float</name></type> <name><name>CopyControlBlock</name>::<name>getOutput</name></name><parameter_list>(<param><decl><type><name>unsigned</name> <name>int</name></type> <name>i</name></decl></param>)</parameter_list> <specifier>const</specifier> <block>{
    <expr_stmt><expr><call><name>assert</name><argument_list>(<argument><expr><name>y</name>!=<name>pNULL</name> &amp;&amp; (<name>int</name>)<name>i</name>&lt;<name>nOutputs</name></expr></argument>)</argument_list></call></expr>;</expr_stmt>

    <return>return <expr><name><name>y</name>[<expr><name>i</name></expr>]</name></expr>;</return>
}</block></function>

<function><type><name>void</name></type> <name><name>CopyControlBlock</name>::<name>reset</name></name><parameter_list>(<param><decl><type><name>void</name></type></decl></param>)</parameter_list> <block>{
    <expr_stmt><expr><call><name>assert</name><argument_list>(<argument><expr><name>x</name>!=<name>pNULL</name> &amp;&amp; <name>u</name>!=<name>pNULL</name></expr></argument>)</argument_list></call></expr>;</expr_stmt>

    <comment type="line">// Reset the state variables
</comment>    <expr_stmt><expr><call><name><name>ControlBlock</name>::<name>reset</name></name><argument_list>()</argument_list></call></expr>;</expr_stmt>

    <for>for (<init><expr><type><name>int</name></type> <name>i</name>=<init><expr>0</expr></init></expr>;</init><condition><expr><name>i</name>&lt;<name>nInputs</name></expr>;</condition><incr><expr><name>i</name>++</expr></incr>)
        <expr_stmt><expr><name><name>u</name>[<expr><name>i</name></expr>]</name>=(<name>TD_Float</name>)0.0</expr>;</expr_stmt></for>
}</block></function>

</unit>
