<unit xmlns="http://www.sdml.info/srcML/src" xmlns:cpp="http://www.sdml.info/srcML/cpp">
<comment type="line">//
</comment><comment type="line">// Copyright 2004 P&amp;P Software GmbH - All Rights Reserved
</comment><comment type="line">//
</comment><comment type="line">// DataPool.cpp
</comment><comment type="line">//
</comment><comment type="line">// Version	1.0
</comment><comment type="line">// Date		10.10.03 (Version 1.0)
</comment><comment type="line">// Author	A. Pasetti (P&amp;P Software)
</comment><comment type="line">//
</comment>
<cpp:include>#<cpp:directive>include</cpp:directive> <cpp:file>"../GeneralInclude/CompilerSwitches.h"</cpp:file></cpp:include>
<cpp:include>#<cpp:directive>include</cpp:directive> <cpp:file>"../GeneralInclude/BasicTypes.h"</cpp:file></cpp:include>
<cpp:include>#<cpp:directive>include</cpp:directive> <cpp:file>"../GeneralInclude/ClassId.h"</cpp:file></cpp:include>
<cpp:include>#<cpp:directive>include</cpp:directive> <cpp:file>"../GeneralInclude/Constants.h"</cpp:file></cpp:include>
<cpp:include>#<cpp:directive>include</cpp:directive> <cpp:file>"../FDIR/DC_NullProfile.h"</cpp:file></cpp:include>
<cpp:include>#<cpp:directive>include</cpp:directive> <cpp:file>"../FDIR/DC_NullRecoveryAction.h"</cpp:file></cpp:include>
<cpp:include>#<cpp:directive>include</cpp:directive> <cpp:file>"DC_DataItem.h"</cpp:file></cpp:include>
<cpp:include>#<cpp:directive>include</cpp:directive> <cpp:file>"DataPool.h"</cpp:file></cpp:include>

<constructor><name>DataPool::DataPool</name><parameter_list>(<param><decl><type><name>void</name></type></decl></param>)</parameter_list> <block>{
    <expr_stmt><expr><name>dummyInt</name> = 0</expr>;</expr_stmt>
    <expr_stmt><expr><name>pNullRecoveryAction</name> = new <call><name>DC_NullRecoveryAction</name><argument_list>()</argument_list></call></expr>;</expr_stmt>
    <expr_stmt><expr><name>pNullProfile</name> = new <call><name>DC_NullProfile</name><argument_list>()</argument_list></call></expr>;</expr_stmt>
    <expr_stmt><expr><name>pDummyDataItem</name> = new <call><name>DC_DataItem</name><argument_list>(<argument><expr>&amp;<name>dummyInt</name></expr></argument>)</argument_list></call></expr>;</expr_stmt>
}</block></constructor>

<function><type><name>DC_DataItem</name>*</type> <name><name>DataPool</name>::<name>getDataItem</name></name><parameter_list>(<param><decl><type><name>TD_DataPoolId</name></type> <name>id</name></decl></param>)</parameter_list> <block>{
    <return>return <expr><name>pDummyDataItem</name></expr>;</return>
}</block></function>

<function><type><name>TD_ObsTime</name></type> <name><name>DataPool</name>::<name>getTimeStamp</name></name><parameter_list>(<param><decl><type><name>TD_DataPoolId</name></type> <name>id</name></decl></param>)</parameter_list> <block>{
   <return>return <expr>(<name>TD_ObsTime</name>)0</expr>;</return>
}</block></function>

<function><type><name>bool</name></type> <name><name>DataPool</name>::<name>isValid</name></name><parameter_list>(<param><decl><type><name>TD_DataPoolId</name></type> <name>id</name></decl></param>)</parameter_list> <block>{
    <return>return <expr><name>true</name></expr>;</return>
}</block></function>

<function><type><name>void</name></type> <name><name>DataPool</name>::<name>setValidityStatus</name></name><parameter_list>(<param><decl><type><name>TD_DataPoolId</name></type> <name>id</name></decl></param>, <param><decl><type><name>bool</name></type> <name>newValidityStatus</name></decl></param>)</parameter_list> <block>{
    <return>return;</return>
}</block></function>

<function><type><name>MonitoringProfile</name>*</type> <name><name>DataPool</name>::<name>getMonitoringProfile</name></name><parameter_list>(<param><decl><type><name>TD_DataPoolId</name></type> <name>id</name></decl></param>)</parameter_list> <block>{
    <return>return <expr><name>pNullProfile</name></expr>;</return>
}</block></function>

<function><type><name>RecoveryAction</name>*</type> <name><name>DataPool</name>::<name>getRecoveryAction</name></name><parameter_list>(<param><decl><type><name>TD_DataPoolId</name></type> <name>id</name></decl></param>)</parameter_list> <block>{
    <return>return <expr><name>pNullRecoveryAction</name></expr>;</return>
}</block></function>

<function><type><name>TD_DataPoolId</name></type> <name><name>DataPool</name>::<name>firstIdentifier</name></name><parameter_list>(<param><decl><type><name>void</name></type></decl></param>)</parameter_list> <block>{
    <return>return <expr>0</expr>;</return>
}</block></function>

<function><type><name>TD_DataPoolId</name></type> <name><name>DataPool</name>::<name>nextIdentifier</name></name><parameter_list>(<param><decl><type><name>void</name></type></decl></param>)</parameter_list> <block>{
    <return>return <expr>0</expr>;</return>
}</block></function>

<function><type><name>bool</name></type> <name><name>DataPool</name>::<name>isLastIdentifier</name></name><parameter_list>(<param><decl><type><name>void</name></type></decl></param>)</parameter_list> <block>{
    <return>return <expr><name>true</name></expr>;</return>
}</block></function>

<function><type><name>bool</name></type> <name><name>DataPool</name>::<name>isFloat</name></name><parameter_list>(<param><decl><type><name>TD_DataPoolId</name></type> <name>id</name></decl></param>)</parameter_list> <block>{
    <return>return <expr><name>true</name></expr>;</return>
}</block></function>

<function><type><name>bool</name></type> <name><name>DataPool</name>::<name>isInteger</name></name><parameter_list>(<param><decl><type><name>TD_DataPoolId</name></type> <name>id</name></decl></param>)</parameter_list> <block>{
    <return>return <expr><name>true</name></expr>;</return>
}</block></function>

<function><type><name>void</name></type> <name><name>DataPool</name>::<name>reset</name></name><parameter_list>(<param><decl><type><name>void</name></type></decl></param>)</parameter_list> <block>{
    <return>return;</return>
}</block></function>
</unit>
