<unit xmlns="http://www.sdml.info/srcML/src" xmlns:cpp="http://www.sdml.info/srcML/cpp">
<comment type="line">//
</comment><comment type="line">// Copyright 2004 P&amp;P Software GmbH - All Rights Reserved
</comment><comment type="line">//
</comment><comment type="line">// DC_BasicDatabase.h
</comment><comment type="line">//
</comment><comment type="line">// Version	1.0
</comment><comment type="line">// Date		13.10.02
</comment><comment type="line">// Author	A. Pasetti (P&amp;P Software)
</comment>
<cpp:ifndef>#<cpp:directive>ifndef</cpp:directive> <name>DC_BasicDatabaseH</name></cpp:ifndef>
<cpp:define>#<cpp:directive>define</cpp:directive> <name>DC_BasicDatabaseH</name></cpp:define>

<cpp:include>#<cpp:directive>include</cpp:directive> <cpp:file>"../GeneralInclude/ForwardDeclarations.h"</cpp:file></cpp:include>
<cpp:include>#<cpp:directive>include</cpp:directive> <cpp:file>"../GeneralInclude/BasicTypes.h"</cpp:file></cpp:include>
<cpp:include>#<cpp:directive>include</cpp:directive> <cpp:file>"ParameterDatabase.h"</cpp:file></cpp:include>

<comment type="block">/**
 * Default component implementing a basic parameter database.
 * The basic database implements the &lt;i&gt;Default Table&lt;/i&gt; and the
 * &lt;i&gt;Operational Table&lt;/i&gt; as linear arrays. The identifier of a parameter
 * is the index in the array at which the parameter is stored.
 * Syntactically, the elements of the table arrays are of char type but the
 * tables can hold elements of any type (the getter and setter operations defined
 * in this class will perform the necessary casting operations to convert
 * the raw bytes in the table arrays to the type required by the operation).
 * &lt;p&gt;
 * The default and operational tables are &lt;i&gt;not&lt;/i&gt; defined by this class.
 * This class loads the tables using methods &lt;code&gt;setDefaultTable&lt;/code&gt;
 * and &lt;code&gt;setOperationalTable&lt;/code&gt;.
 * &lt;p&gt;
 * The configuration procedure for an instance of this class is as follows: &lt;ol&gt;
 * &lt;li&gt;Load the default table (method &lt;code&gt;setDefaultTable&lt;/code&gt;)  &lt;/li&gt;
 * &lt;li&gt;Load the operational table (method &lt;code&gt;setOperationalTable&lt;/code&gt;)  &lt;/li&gt;
 * &lt;li&gt;Set the length of the table (method &lt;code&gt;setTableLength&lt;/code&gt;)  &lt;/li&gt;
 * &lt;li&gt;Reset the component instance (method &lt;code&gt;reset&lt;/code&gt;)  &lt;/li&gt;
 * &lt;/ol&gt;
 * This class is designed for efficiency. It does not perform any
 * legality checks on the access to the database. It therefore assumes that
 * the client components is using correct parameter identifiers.
 * &lt;p&gt;
 * The getter and setter methods are implemented to be fast and efficient but this
 * makes them vulnerable to alignement problems on some processors. For instance,
 * the setter methods for integer-valued parameters is implemened as follows:&lt;code&gt;
 * void DC_BasicDatabase::setParameter(TD_DatabaseId parId, int newValue) {
 *  *( (int*)(pOperationalTable+parId) ) = newValue;
 * }&lt;/code&gt;
 * On some processors, the assignment will fail if location &lt;code&gt;(pOperationalTable+parId)&lt;/code&gt; does not
 * correspond to a longword (4 bytes) boundary. There is no check to ensure that this
 * is the case and it is the responsibility of the user to ensure that the setter
 * method is called with the correct parameter values. The same applies to other
 * setter and getter methods. A more robust (but possibly slower) implementation
 * might use the &lt;code&gt;memcpy&lt;/code&gt; library function to transfer the values of the
 * data between the database locations and the method variables.
 * @author Alessandro Pasetti (P&amp;P Software GmbH)
 * @version 1.0
 */</comment>
<class>class <name>DC_BasicDatabase</name> <super>: <specifier>public</specifier> <name>ParameterDatabase</name></super> <block>{<private type="default">

  </private><private>private:
      <decl_stmt><decl><type><name>char</name>*</type> <name>pDefaultTable</name></decl>;</decl_stmt>          <comment type="line">// array of chars
</comment>      <decl_stmt><decl><type><name>char</name>*</type> <name>pOperationalTable</name></decl>;</decl_stmt>      <comment type="line">// array of chars
</comment>      <decl_stmt><decl><type><name>bool</name></type> <name>resetWasCalled</name></decl>;</decl_stmt>
      <decl_stmt><decl><type><name>TD_DatabaseId</name></type> <name>tableLength</name></decl>;</decl_stmt>   <comment type="line">// table length in bytes
</comment>
  </private><public>public:

    <comment type="block">/**
     * Instantiate a basic database component.
     * The default and operational table arrays are initialized to illegal
     * values to signify that the component is not yet configured.
     * values. The class identifier is set.
     */</comment>
    <constructor_decl><name>DC_BasicDatabase</name><parameter_list>(<param><decl><type><name>void</name></type></decl></param>)</parameter_list>;</constructor_decl>

    <comment type="block">/**
     * Copy the default table array onto the operational table array.
     */</comment>
    <function_decl><type><name>virtual</name> <name>void</name></type> <name>reset</name><parameter_list>(<param><decl><type><name>void</name></type></decl></param>)</parameter_list>;</function_decl>

    <comment type="block">/**
     * Set the length of the default and operational table in number of
     * bytes. Only non-negative values of the length are legal.
     * &lt;p&gt;
     * This is an initialization method.
     * @param length the number of char elements in the default and in the
     * operational table
     */</comment>
    <function_decl><type><name>void</name></type> <name>setTableLength</name><parameter_list>(<param><decl><type><name>TD_DatabaseId</name></type> <name>length</name></decl></param>)</parameter_list>;</function_decl>

    <comment type="block">/**
     * Get the length of the default and operational table in number of
     * bytes.
     * @see #setTableLength
     * @return the number of char elements in the default and in the
     * operational table
     */</comment>
    <function_decl><type><name>TD_DatabaseId</name></type> <name>getTableLength</name><parameter_list>(<param><decl><type><name>void</name></type></decl></param>)</parameter_list>;</function_decl>

    <comment type="block">/**
     * Load the default table. This method assumes that the default table has
     * been defined and initialized by the caller. The method does not perform
     * any action on the table. It simply loads its address and will use it
     * for accessing the table entries.
     * &lt;p&gt;
     * This is an initialization method.
     * @param pDefTable the starting address of the default table
     */</comment>
    <function_decl><type><name>void</name></type> <name>setDefaultTable</name><parameter_list>(<param><decl><type><name>char</name>*</type> <name>pDefTable</name></decl></param>)</parameter_list>;</function_decl>

    <comment type="block">/**
     * Load the operational table. This method assumes that the operational table has
     * been defined and initialized by the caller. The method does not perform
     * any action on the table. It simply loads its address and will use it
     * for accessing the table entries.
     * &lt;p&gt;
     * This is an initialization method.
     * @param pOperTable the starting address of the default table
     */</comment>
    <function_decl><type><name>void</name></type> <name>setOperationalTable</name><parameter_list>(<param><decl><type><name>char</name>*</type> <name>pOperTable</name></decl></param>)</parameter_list>;</function_decl>

    <comment type="block">/**
     * Set the current value of a parameter interpreted as an unsigned integer.
     * @param parId the identifier of the parameter to be set
     * @param newValue the new current value of the parameter
     */</comment>
    <function_decl><type><name>virtual</name> <name>void</name></type> <name>setParameter</name><parameter_list>(<param><decl><type><name>TD_DatabaseId</name></type> <name>parId</name></decl></param>, <param><decl><type><name>unsigned</name> <name>int</name></type> <name>newValue</name></decl></param>)</parameter_list>;</function_decl>

    <comment type="block">/**
     * Set the current value of a parameter interpreted as an integer.
     * @param parId the identifier of the parameter to be set
     * @param newValue the new current value of the parameter
     */</comment>
    <function_decl><type><name>virtual</name> <name>void</name></type> <name>setParameter</name><parameter_list>(<param><decl><type><name>TD_DatabaseId</name></type> <name>parId</name></decl></param>, <param><decl><type><name>int</name></type> <name>newValue</name></decl></param>)</parameter_list>;</function_decl>

    <comment type="block">/**
     * Set the current value of a parameter interpreted as an unsigned short.
     * @param parId the identifier of the parameter to be set
     * @param newValue the new current value of the parameter
     */</comment>
    <function_decl><type><name>virtual</name> <name>void</name></type> <name>setParameter</name><parameter_list>(<param><decl><type><name>TD_DatabaseId</name></type> <name>parId</name></decl></param>, <param><decl><type><name>unsigned</name> <name>short</name></type> <name>newValue</name></decl></param>)</parameter_list>;</function_decl>

    <comment type="block">/**
     * Set the current value of a parameter interpreted as an short.
     * @param parId the identifier of the parameter to be set
     * @param newValue the new current value of the parameter
     */</comment>
    <function_decl><type><name>virtual</name> <name>void</name></type> <name>setParameter</name><parameter_list>(<param><decl><type><name>TD_DatabaseId</name></type> <name>parId</name></decl></param>, <param><decl><type><name>short</name></type> <name>newValue</name></decl></param>)</parameter_list>;</function_decl>

    <comment type="block">/**
     * Set the current value of a parameter interpreted as a boolean.
     * @param parId the identifier of the parameter to be set
     * @param newValue the new current value of the parameter
     */</comment>
    <function_decl><type><name>virtual</name> <name>void</name></type> <name>setParameter</name><parameter_list>(<param><decl><type><name>TD_DatabaseId</name></type> <name>parId</name></decl></param>, <param><decl><type><name>bool</name></type> <name>newValue</name></decl></param>)</parameter_list>;</function_decl>

    <comment type="block">/**
     * Set the current value of a parameter interpreted as a char.
     * @param parId the identifier of the parameter to be set
     * @param newValue the new current value of the parameter
     */</comment>
    <function_decl><type><name>virtual</name> <name>void</name></type> <name>setParameter</name><parameter_list>(<param><decl><type><name>TD_DatabaseId</name></type> <name>parId</name></decl></param>, <param><decl><type><name>char</name></type> <name>newValue</name></decl></param>)</parameter_list>;</function_decl>

    <comment type="block">/**
     * Set the current value of a parameter interpreted as an unsigned char.
     * @param parId the identifier of the parameter to be set
     * @param newValue the new current value of the parameter
     */</comment>
    <function_decl><type><name>virtual</name> <name>void</name></type> <name>setParameter</name><parameter_list>(<param><decl><type><name>TD_DatabaseId</name></type> <name>parId</name></decl></param>, <param><decl><type><name>unsigned</name> <name>char</name></type> <name>newValue</name></decl></param>)</parameter_list>;</function_decl>

    <comment type="block">/**
     * Set the current value of a parameter interpreted as a float.
     * @param parId the identifier of the parameter to be set
     * @param newValue the new current value of the parameter
     */</comment>
    <function_decl><type><name>virtual</name> <name>void</name></type> <name>setParameter</name><parameter_list>(<param><decl><type><name>TD_DatabaseId</name></type> <name>parId</name></decl></param>, <param><decl><type><name>float</name></type> <name>newValue</name></decl></param>)</parameter_list>;</function_decl>

    <comment type="block">/**
     * Set the current value of a parameter interpreted as a double.
     * @param parId the identifier of the parameter to be set
     * @param newValue the new current value of the parameter
     */</comment>
    <function_decl><type><name>virtual</name> <name>void</name></type> <name>setParameter</name><parameter_list>(<param><decl><type><name>TD_DatabaseId</name></type> <name>parId</name></decl></param>, <param><decl><type><name>double</name></type> <name>newValue</name></decl></param>)</parameter_list>;</function_decl>

    <comment type="block">/**
     * Get the current value of a parameter interpreted as an unsigned integer.
     * @param parId the identifier of the parameter to be set
     * @return the current value of the parameter
     */</comment>
    <function_decl><type><name>virtual</name> <name>unsigned</name> <name>int</name></type> <name>getParameterUnsignedInt</name><parameter_list>(<param><decl><type><name>TD_DatabaseId</name></type> <name>parId</name></decl></param>)</parameter_list>;</function_decl>

    <comment type="block">/**
     * Get the current value of a parameter interpreted as an integer.
     * @param parId the identifier of the parameter to be set
     * @return the current value of the parameter
     */</comment>
    <function_decl><type><name>virtual</name> <name>int</name></type> <name>getParameterInt</name><parameter_list>(<param><decl><type><name>TD_DatabaseId</name></type> <name>parId</name></decl></param>)</parameter_list>;</function_decl>

    <comment type="block">/**
     * Get the current value of a parameter interpreted as an unsigned short.
     * @param parId the identifier of the parameter to be set
     * @return the current value of the parameter
     */</comment>
    <function_decl><type><name>virtual</name> <name>unsigned</name> <name>short</name></type> <name>getParameterUnsignedShort</name><parameter_list>(<param><decl><type><name>TD_DatabaseId</name></type> <name>parId</name></decl></param>)</parameter_list>;</function_decl> 

    <comment type="block">/**
     * Get the current value of a parameter interpreted as a short.
     * @param parId the identifier of the parameter to be set
     * @return the current value of the parameter
     */</comment>
    <function_decl><type><name>virtual</name> <name>short</name></type> <name>getParameterShort</name><parameter_list>(<param><decl><type><name>TD_DatabaseId</name></type> <name>parId</name></decl></param>)</parameter_list>;</function_decl>

    <comment type="block">/**
     * Get the current value of a parameter interpreted as a boolean.
     * @param parId the identifier of the parameter to be set
     * @return the current value of the parameter
     */</comment>
    <function_decl><type><name>virtual</name> <name>bool</name></type> <name>getParameterBool</name><parameter_list>(<param><decl><type><name>TD_DatabaseId</name></type> <name>parId</name></decl></param>)</parameter_list>;</function_decl>

    <comment type="block">/**
     * Get the current value of a parameter interpreted as an unsigned char.
     * @param parId the identifier of the parameter to be set
     * @return the current value of the parameter
     */</comment>
    <function_decl><type><name>virtual</name> <name>unsigned</name> <name>char</name></type> <name>getParameterUnsignedChar</name><parameter_list>(<param><decl><type><name>TD_DatabaseId</name></type> <name>parId</name></decl></param>)</parameter_list>;</function_decl>

    <comment type="block">/**
     * Get the current value of a parameter interpreted as a char.
     * @param parId the identifier of the parameter to be set
     * @return the current value of the parameter
     */</comment>
    <function_decl><type><name>virtual</name> <name>char</name></type> <name>getParameterChar</name><parameter_list>(<param><decl><type><name>TD_DatabaseId</name></type> <name>parId</name></decl></param>)</parameter_list>;</function_decl>

    <comment type="block">/**
     * Get the current value of a parameter interpreted as a float.
     * @param parId the identifier of the parameter to be set
     * @return the current value of the parameter
     */</comment>
    <function_decl><type><name>virtual</name> <name>float</name></type> <name>getParameterFloat</name><parameter_list>(<param><decl><type><name>TD_DatabaseId</name></type> <name>parId</name></decl></param>)</parameter_list>;</function_decl>

    <comment type="block">/**
     * Get the current value of a parameter interpreted as a double.
     * @param parId the identifier of the parameter to be set
     * @return the current value of the parameter
     */</comment>
    <function_decl><type><name>virtual</name> <name>double</name></type> <name>getParameterDouble</name><parameter_list>(<param><decl><type><name>TD_DatabaseId</name></type> <name>parId</name></decl></param>)</parameter_list>;</function_decl>

    <comment type="block">/**
     * Return the pointer to the variable in the operational table storing the
     * parameter identified by &lt;code&gt;parId&lt;/code&gt;. The variable is interpreted
     * as of type &lt;code&gt;unsigned int&lt;/code&gt;.
     * @return the parameter pointer
     * @param parId the parameter identifier
     */</comment>
    <function_decl><type><name>virtual</name> <name>unsigned</name> <name>int</name>*</type> <name>getParameterPointerUnsignedInt</name><parameter_list>(<param><decl><type><name>TD_DatabaseId</name></type> <name>parId</name></decl></param>)</parameter_list>;</function_decl>

    <comment type="block">/**
     * Return the pointer to the variable in the operational table storing the
     * parameter identified by &lt;code&gt;parId&lt;/code&gt;. The variable is interpreted
     * as of type &lt;code&gt;int&lt;/code&gt;.
     * @return the parameter pointer
     * @param parId the parameter identifier
     */</comment>
    <function_decl><type><name>virtual</name> <name>int</name>*</type> <name>getParameterPointerInt</name><parameter_list>(<param><decl><type><name>TD_DatabaseId</name></type> <name>parId</name></decl></param>)</parameter_list>;</function_decl>

    <comment type="block">/**
     * Return the pointer to the variable in the operational table storing the
     * parameter identified by &lt;code&gt;parId&lt;/code&gt;. The variable is interpreted
     * as of type &lt;code&gt;unsigned short&lt;/code&gt;.
     * @return the parameter pointer
     * @param parId the parameter identifier
     */</comment>
    <function_decl><type><name>virtual</name> <name>unsigned</name> <name>short</name>*</type> <name>getParameterPointerUnsignedShort</name><parameter_list>(<param><decl><type><name>TD_DatabaseId</name></type> <name>parId</name></decl></param>)</parameter_list>;</function_decl>

    <comment type="block">/**
     * Return the pointer to the variable in the operational table storing the
     * parameter identified by &lt;code&gt;parId&lt;/code&gt;. The variable is interpreted
     * as of type &lt;code&gt;short&lt;/code&gt;.
     * @return the parameter pointer
     * @param parId the parameter identifier
     */</comment>
    <function_decl><type><name>virtual</name> <name>short</name>*</type> <name>getParameterPointerShort</name><parameter_list>(<param><decl><type><name>TD_DatabaseId</name></type> <name>parId</name></decl></param>)</parameter_list>;</function_decl>

    <comment type="block">/**
     * Return the pointer to the variable in the operational table storing the
     * parameter identified by &lt;code&gt;parId&lt;/code&gt;. The variable is interpreted
     * as of type &lt;code&gt;unsigned char&lt;/code&gt;.
     * @return the parameter pointer
     * @param parId the parameter identifier
     */</comment>
    <function_decl><type><name>virtual</name> <name>unsigned</name> <name>char</name>*</type> <name>getParameterPointerUnsignedChar</name><parameter_list>(<param><decl><type><name>TD_DatabaseId</name></type> <name>parId</name></decl></param>)</parameter_list>;</function_decl>

    <comment type="block">/**
     * Return the pointer to the variable in the operational table storing the
     * parameter identified by &lt;code&gt;parId&lt;/code&gt;. The variable is interpreted
     * as of type &lt;code&gt;char&lt;/code&gt;.
     * @return the parameter pointer
     * @param parId the parameter identifier
     */</comment>
    <function_decl><type><name>virtual</name> <name>char</name>*</type> <name>getParameterPointerChar</name><parameter_list>(<param><decl><type><name>TD_DatabaseId</name></type> <name>parId</name></decl></param>)</parameter_list>;</function_decl>

    <comment type="block">/**
     * Return the pointer to the variable in the operational table storing the
     * parameter identified by &lt;code&gt;parId&lt;/code&gt;. The variable is interpreted
     * as of type &lt;code&gt;bool&lt;/code&gt;.
     * @return the parameter pointer
     * @param parId the parameter identifier
     */</comment>
    <function_decl><type><name>virtual</name> <name>bool</name>*</type> <name>getParameterPointerBool</name><parameter_list>(<param><decl><type><name>TD_DatabaseId</name></type> <name>parId</name></decl></param>)</parameter_list>;</function_decl>

    <comment type="block">/**
     * Return the pointer to the variable in the operational table storing the
     * parameter identified by &lt;code&gt;parId&lt;/code&gt;. The variable is interpreted
     * as of type &lt;code&gt;float&lt;/code&gt;.
     * @return the parameter pointer
     * @param parId the parameter identifier
     */</comment>
    <function_decl><type><name>virtual</name> <name>float</name>*</type> <name>getParameterPointerFloat</name><parameter_list>(<param><decl><type><name>TD_DatabaseId</name></type> <name>parId</name></decl></param>)</parameter_list>;</function_decl>

    <comment type="block">/**
     * Return the pointer to the variable in the operational table storing the
     * parameter identified by &lt;code&gt;parId&lt;/code&gt;. The variable is interpreted
     * as of type &lt;code&gt;double&lt;/code&gt;.
     * @return the parameter pointer
     * @param parId the parameter identifier
     */</comment>
    <function_decl><type><name>virtual</name> <name>double</name>*</type> <name>getParameterPointerDouble</name><parameter_list>(<param><decl><type><name>TD_DatabaseId</name></type> <name>parId</name></decl></param>)</parameter_list>;</function_decl>

    <comment type="block">/**
     * Perform a class-specific configuration check on a basic database object:
     * verify that the default and operational tables have been loaded, that
     * method &lt;code&gt;reset&lt;/code&gt; has been called, and that the table length
     * is greater than zero.
     * @see #reset
     * @return true if the database object is configured, false otherwise
     */</comment>
    <function_decl><type><name>virtual</name> <name>bool</name></type> <name>isObjectConfigured</name><parameter_list>(<param><decl><type><name>void</name></type></decl></param>)</parameter_list>;</function_decl>

</public>}</block>;</class>

<cpp:endif>#<cpp:directive>endif</cpp:directive></cpp:endif>
</unit>
