<unit xmlns="http://www.sdml.info/srcML/src" xmlns:cpp="http://www.sdml.info/srcML/cpp">
<comment type="line">//
</comment><comment type="line">// Copyright 2004 P&amp;P Software GmbH - All Rights Reserved
</comment><comment type="line">//
</comment><comment type="line">// DC_BasicDataPool.cpp
</comment><comment type="line">//
</comment><comment type="line">// Version	1.0
</comment><comment type="line">// Date		10.10.03 (Version 1.0)
</comment><comment type="line">// Author	A. Pasetti (P&amp;P Software)
</comment><comment type="line">//
</comment>
<cpp:include>#<cpp:directive>include</cpp:directive> <cpp:file>"../GeneralInclude/CompilerSwitches.h"</cpp:file></cpp:include>
<cpp:include>#<cpp:directive>include</cpp:directive> <cpp:file>"../GeneralInclude/DebugSupport.h"</cpp:file></cpp:include>
<cpp:include>#<cpp:directive>include</cpp:directive> <cpp:file>"../GeneralInclude/BasicTypes.h"</cpp:file></cpp:include>
<cpp:include>#<cpp:directive>include</cpp:directive> <cpp:file>"../GeneralInclude/ClassId.h"</cpp:file></cpp:include>
<cpp:include>#<cpp:directive>include</cpp:directive> <cpp:file>"../GeneralInclude/Constants.h"</cpp:file></cpp:include>
<cpp:include>#<cpp:directive>include</cpp:directive> <cpp:file>"../Data/DC_BasicDataPool.h"</cpp:file></cpp:include>

<constructor><name>DC_BasicDataPool::DC_BasicDataPool</name><parameter_list>(<param><decl><type><name>void</name></type></decl></param>)</parameter_list> <block>{
    <expr_stmt><expr><call><name>setClassId</name><argument_list>(<argument><expr><name>ID_BASICDATAPOOL</name></expr></argument>)</argument_list></call></expr>;</expr_stmt>
    <expr_stmt><expr><name>value</name>=<name>pNULL</name></expr>;</expr_stmt>
    <expr_stmt><expr><name>size</name>=0</expr>;</expr_stmt>
}</block></constructor>

<function><type><name>void</name></type> <name><name>DC_BasicDataPool</name>::<name>setDataPoolSize</name></name><parameter_list>(<param><decl><type><name>TD_DataPoolId</name></type> <name>size</name></decl></param>)</parameter_list> <block>{
    <expr_stmt><expr><call><name>assert</name><argument_list>(<argument><expr><name>value</name>==<name>pNULL</name> &amp;&amp; <name>size</name>&gt;0</expr></argument>)</argument_list></call></expr>;</expr_stmt>

    <expr_stmt><expr><name>this</name>-&gt;<name>size</name>=<name>size</name></expr>;</expr_stmt>
    <expr_stmt><expr><name>value</name>=(<name>unsigned</name> <name>char</name>*)(new <name><name>double</name>[<expr>(<name>size</name>/<call><name>sizeof</name><argument_list>(<argument><expr><name>double</name></expr></argument>)</argument_list></call>)+1</expr>]</name>)</expr>;</expr_stmt>

    <for>for (<init><expr><type><name>TD_DataPoolId</name></type> <name>i</name>=<init><expr>0</expr></init></expr>;</init> <condition><expr><name>i</name>&lt;<name>size</name></expr>;</condition> <incr><expr><name>i</name>++</expr></incr>)
        <expr_stmt><expr><name><name>value</name>[<expr><name>i</name></expr>]</name>=0</expr>;</expr_stmt></for>
}</block></function>

<function><type><name>TD_DataPoolId</name></type> <name><name>DC_BasicDataPool</name>::<name>getDataPoolSize</name></name><parameter_list>(<param><decl><type><name>void</name></type></decl></param>)</parameter_list> <block>{
    <return>return <expr><name>size</name></expr>;</return>
}</block></function>

<function><type><name>void</name></type> <name><name>DC_BasicDataPool</name>::<name>setValue</name></name><parameter_list>(<param><decl><type><name>TD_DataPoolId</name></type> <name>id</name></decl></param>,<param><decl><type><name>TD_Float</name></type> <name>newValue</name></decl></param>)</parameter_list> <block>{
    <expr_stmt><expr><call><name>assert</name><argument_list>(<argument><expr><name>value</name>!=<name>pNULL</name> &amp;&amp; <name>id</name>&lt;=(<name>size</name>-(<name>TD_DataPoolId</name>)<call><name>sizeof</name><argument_list>(<argument><expr><name>TD_Float</name></expr></argument>)</argument_list></call>)</expr></argument>)</argument_list></call></expr>;</expr_stmt>

    <expr_stmt><expr>*(<name>TD_Float</name> *)(<name>value</name>+<name>id</name>)=<name>newValue</name></expr>;</expr_stmt>
}</block></function>

<function><type><name>void</name></type> <name><name>DC_BasicDataPool</name>::<name>setValue</name></name><parameter_list>(<param><decl><type><name>TD_DataPoolId</name></type> <name>id</name></decl></param>,<param><decl><type><name>TD_Integer</name></type> <name>newValue</name></decl></param>)</parameter_list> <block>{
    <expr_stmt><expr><call><name>assert</name><argument_list>(<argument><expr><name>value</name>!=<name>pNULL</name> &amp;&amp; <name>id</name>&lt;=(<name>size</name>-(<name>TD_DataPoolId</name>)<call><name>sizeof</name><argument_list>(<argument><expr><name>TD_Integer</name></expr></argument>)</argument_list></call>)</expr></argument>)</argument_list></call></expr>;</expr_stmt>

    <expr_stmt><expr>*(<name>TD_Integer</name> *)(<name>value</name>+<name>id</name>)=<name>newValue</name></expr>;</expr_stmt>
}</block></function>

<function><type><name>TD_Float</name></type> <name><name>DC_BasicDataPool</name>::<name>getFloatValue</name></name><parameter_list>(<param><decl><type><name>TD_DataPoolId</name></type> <name>id</name></decl></param>)</parameter_list> <block>{
    <expr_stmt><expr><call><name>assert</name><argument_list>(<argument><expr><name>value</name>!=<name>pNULL</name> &amp;&amp; <name>id</name>&lt;=(<name>size</name>-(<name>TD_DataPoolId</name>)<call><name>sizeof</name><argument_list>(<argument><expr><name>TD_Float</name></expr></argument>)</argument_list></call>)</expr></argument>)</argument_list></call></expr>;</expr_stmt>

    <return>return <expr>*(<name>TD_Float</name> *)(<name>value</name>+<name>id</name>)</expr>;</return>
}</block></function>

<function><type><name>TD_Integer</name></type> <name><name>DC_BasicDataPool</name>::<name>getIntegerValue</name></name><parameter_list>(<param><decl><type><name>TD_DataPoolId</name></type> <name>id</name></decl></param>)</parameter_list> <block>{
    <expr_stmt><expr><call><name>assert</name><argument_list>(<argument><expr><name>value</name>!= <name>pNULL</name> &amp;&amp; <name>id</name>&lt;=(<name>size</name>-(<name>TD_DataPoolId</name>)<call><name>sizeof</name><argument_list>(<argument><expr><name>TD_Integer</name></expr></argument>)</argument_list></call>)</expr></argument>)</argument_list></call></expr>;</expr_stmt>

    <return>return <expr>*(<name>TD_Integer</name> *)(<name>value</name>+<name>id</name>)</expr>;</return>
}</block></function>

<function><type><name>TD_Float</name>*</type> <name><name>DC_BasicDataPool</name>::<name>getPointerFloatValue</name></name><parameter_list>(<param><decl><type><name>TD_DataPoolId</name></type> <name>id</name></decl></param>)</parameter_list> <block>{
    <expr_stmt><expr><call><name>assert</name><argument_list>(<argument><expr><name>value</name>!=<name>pNULL</name> &amp;&amp; <name>id</name>&lt;=(<name>size</name>-(<name>TD_DataPoolId</name>)<call><name>sizeof</name><argument_list>(<argument><expr><name>TD_Float</name></expr></argument>)</argument_list></call>)</expr></argument>)</argument_list></call></expr>;</expr_stmt>

    <return>return <expr>(<name>TD_Float</name> *)(<name>value</name>+<name>id</name>)</expr>;</return>
}</block></function>

<function><type><name>TD_Integer</name>*</type> <name><name>DC_BasicDataPool</name>::<name>getPointerIntegerValue</name></name><parameter_list>(<param><decl><type><name>TD_DataPoolId</name></type> <name>id</name></decl></param>)</parameter_list> <block>{
    <expr_stmt><expr><call><name>assert</name><argument_list>(<argument><expr><name>value</name>!=<name>pNULL</name>  &amp;&amp; <name>id</name>&lt;=(<name>size</name>-(<name>TD_DataPoolId</name>)<call><name>sizeof</name><argument_list>(<argument><expr><name>TD_Integer</name></expr></argument>)</argument_list></call>)</expr></argument>)</argument_list></call></expr>;</expr_stmt>

    <return>return <expr>(<name>TD_Integer</name> *)(<name>value</name>+<name>id</name>)</expr>;</return>
}</block></function>

<function><type><name>bool</name></type> <name><name>DC_BasicDataPool</name>::<name>isObjectConfigured</name></name><parameter_list>(<param><decl><type><name>void</name></type></decl></param>)</parameter_list> <block>{
    <return>return <expr>(<call><name><name>CC_RootObject</name>::<name>isObjectConfigured</name></name><argument_list>()</argument_list></call> &amp;&amp; <name>value</name>!=<name>pNULL</name>)</expr>;</return>
}</block></function>
</unit>
