<unit xmlns="http://www.sdml.info/srcML/src" xmlns:cpp="http://www.sdml.info/srcML/cpp">
<comment type="line">//
</comment><comment type="line">// Copyright 2004 P&amp;P Software GmbH - All Rights Reserved
</comment><comment type="line">//
</comment><comment type="line">// DC_ControlAction.h
</comment><comment type="line">//
</comment><comment type="line">// Version	1.0
</comment><comment type="line">// Date		28.07.03 (version 1.0)
</comment><comment type="line">// Author	A. Pasetti (P&amp;P Software)
</comment>
<cpp:ifndef>#<cpp:directive>ifndef</cpp:directive> <name>DC_ControlActionH</name></cpp:ifndef>
<cpp:define>#<cpp:directive>define</cpp:directive> <name>DC_ControlActionH</name></cpp:define>

<cpp:include>#<cpp:directive>include</cpp:directive> <cpp:file>"../GeneralInclude/BasicTypes.h"</cpp:file></cpp:include>
<cpp:include>#<cpp:directive>include</cpp:directive> <cpp:file>"../Base/ConditionalPunctualAction.h"</cpp:file></cpp:include>
<cpp:include>#<cpp:directive>include</cpp:directive> <cpp:file>"../Data/ControlBlock.h"</cpp:file></cpp:include>

<comment type="block">/**
 * Encapsulation of the conditional propagation of a &lt;i&gt;control block&lt;/i&gt;.
 * A control action has a settable attribute called &lt;i&gt;target control block&lt;/i&gt;.
 * A control action is implemented
 * as a &lt;i&gt;conditional punctual action&lt;/i&gt; whose
 * &lt;i&gt;execution action&lt;/i&gt; consists in sending a propagation request to
 * the target control block. This class assumes that the target control block
 * is already fully configured.
 * &lt;p&gt;
 * Control actions offer a &lt;i&gt;reset service&lt;/i&gt;. A call to the reset service
 * causes the target control block to be reset.
 * &lt;p&gt;
 * This class implements a default &lt;i&gt;execution check&lt;/i&gt; that always returns
 * "can execute". This means that, if the control action is enabled, then its
 * execution will always result in the target control block receiving a propagation
 * request. Subclasses can of course implement different execution checks.
 * @author Alessandro Pasetti (P&amp;P Software GmbH)
 * @ingroup Data
 * @version 1.0
 */</comment>
<class>class <name>DC_ControlAction</name> <super>: <specifier>public</specifier> <name>ConditionalPunctualAction</name></super> <block>{<private type="default">

  </private><private>private:
    <decl_stmt><decl><type><name>ControlBlock</name>*</type> <name>pTargetControlBlock</name></decl>;</decl_stmt>

  </private><protected>protected:

    <comment type="block">/**
     * Encapsulate an &lt;i&gt;execution check&lt;/i&gt; that always returns
     * "control action can execute".
     * @see ConditionalPunctualAction#doAction
     * @return always returns true.
     */</comment>
    <function_decl><type><name>virtual</name> <name>bool</name></type> <name>canExecute</name><parameter_list>(<param><decl><type><name>void</name></type></decl></param>)</parameter_list>;</function_decl>

    <comment type="block">/**
     * Send a propagate request to the target control block. This
     * method always returns: "ACTION_SUCCESS"
     * @see ConditionalPunctualAction#doAction
     * @return the outcome code of the punctual action
     */</comment>
    <function_decl><type><name>virtual</name> <name>TD_ActionOutcome</name></type> <name>doConditionalAction</name><parameter_list>(<param><decl><type><name>void</name></type></decl></param>)</parameter_list>;</function_decl>

  </protected><public>public:

    <comment type="block">/**
     * Instantiate a control action. This method sets the class identifier and
     * initializes the target control block to an illegal value to signify
     * that the component is not yet configured.
     */</comment>
    <constructor_decl><name>DC_ControlAction</name><parameter_list>(<param><decl><type><name>void</name></type></decl></param>)</parameter_list>;</constructor_decl>

    <comment type="block">/**
     * Load the target control block.
     * @param pBlock the target control block to be loaded
     */</comment>
    <function_decl><type><name>void</name></type> <name>setTargetControlBlock</name><parameter_list>(<param><decl><type><name>ControlBlock</name>*</type> <name>pBlock</name></decl></param>)</parameter_list>;</function_decl>

    <comment type="block">/**
     * Return the currently loaded target control block.
     * @return the target control block that is currently loaded
     */</comment>
    <function_decl><type><name>ControlBlock</name>*</type> <name>getTargetControlBlock</name><parameter_list>(<param><decl><type><name>void</name></type></decl></param>)</parameter_list>;</function_decl>

    <comment type="block">/**
     * Reset the target control block.
     */</comment>
    <function_decl><type><name>void</name></type> <name>reset</name><parameter_list>(<param><decl><type><name>void</name></type></decl></param>)</parameter_list>;</function_decl>

    <comment type="block">/**
     * Perform a class-specific configuration check on a control action. It is
     * verified that the target control block has been loaded.
     */</comment>
    <function_decl><type><name>virtual</name> <name>bool</name></type> <name>isObjectConfigured</name><parameter_list>(<param><decl><type><name>void</name></type></decl></param>)</parameter_list>;</function_decl>

</public>}</block>;</class>

<cpp:endif>#<cpp:directive>endif</cpp:directive></cpp:endif>
</unit>
