<unit xmlns="http://www.sdml.info/srcML/src" xmlns:cpp="http://www.sdml.info/srcML/cpp">
<comment type="line">//
</comment><comment type="line">// Copyright 2004 P&amp;P Software GmbH - All Rights Reserved
</comment><comment type="line">//
</comment><comment type="line">// DC_ControlList.cpp
</comment><comment type="line">//
</comment><comment type="line">// Version	1.0
</comment><comment type="line">// Date		08.10.03 (Version 1.0)
</comment><comment type="line">// Author	R. Totaro
</comment><comment type="line">//
</comment><comment type="line">// Change Record:
</comment>
<cpp:include>#<cpp:directive>include</cpp:directive> <cpp:file>"../GeneralInclude/CompilerSwitches.h"</cpp:file></cpp:include>
<cpp:include>#<cpp:directive>include</cpp:directive> <cpp:file>"../GeneralInclude/DebugSupport.h"</cpp:file></cpp:include>
<cpp:include>#<cpp:directive>include</cpp:directive> <cpp:file>"../GeneralInclude/Constants.h"</cpp:file></cpp:include>
<cpp:include>#<cpp:directive>include</cpp:directive> <cpp:file>"../GeneralInclude/ClassId.h"</cpp:file></cpp:include>
<cpp:include>#<cpp:directive>include</cpp:directive> <cpp:file>"../Base/CC_RootObject.h"</cpp:file></cpp:include>
<cpp:include>#<cpp:directive>include</cpp:directive> <cpp:file>"DC_ControlList.h"</cpp:file></cpp:include>

<constructor><name>DC_ControlList::DC_ControlList</name><parameter_list>(<param><decl><type><name>void</name></type></decl></param>)</parameter_list> <block>{
    <expr_stmt><expr><name>listSize</name>        =0</expr>;</expr_stmt>
    <expr_stmt><expr><name>controlBlockList</name>=<name>pNULL</name></expr>;</expr_stmt>
    <expr_stmt><expr><call><name>setClassId</name><argument_list>(<argument><expr><name>ID_CONTROLLIST</name></expr></argument>)</argument_list></call></expr>;</expr_stmt>
}</block></constructor>

<function><type><name>void</name></type> <name><name>DC_ControlList</name>::<name>setListSize</name></name><parameter_list>(<param><decl><type><name>unsigned</name> <name>int</name></type> <name>listSize</name></decl></param>)</parameter_list> <block>{
    <expr_stmt><expr><call><name>assert</name><argument_list>(<argument><expr><name>listSize</name>!=0 &amp;&amp; <name>this</name>-&gt;<name>listSize</name>==0</expr></argument>)</argument_list></call></expr>;</expr_stmt>

    <expr_stmt><expr><name>this</name>-&gt;<name>listSize</name>=<name>listSize</name></expr>;</expr_stmt>
    <expr_stmt><expr><name>controlBlockList</name>=new <name>ControlBlock</name>*[<name>listSize</name>]</expr>;</expr_stmt>

    <for>for (<init><expr><type><name>unsigned</name> <name>int</name></type> <name>i</name>=<init><expr>0</expr></init></expr>;</init><condition><expr><name>i</name>&lt;<name>listSize</name></expr>;</condition><incr><expr><name>i</name>++</expr></incr>)
        <expr_stmt><expr><name><name>controlBlockList</name>[<expr><name>i</name></expr>]</name>=<name>pNULL</name></expr>;</expr_stmt></for>
}</block></function>

<function><type><name>unsigned</name> <name>int</name></type> <name><name>DC_ControlList</name>::<name>getListSize</name></name><parameter_list>(<param><decl><type><name>void</name></type></decl></param>)</parameter_list> <specifier>const</specifier> <block>{
	<return>return <expr><name>listSize</name></expr>;</return>
}</block></function>

<function><type><name>void</name></type> <name><name>DC_ControlList</name>::<name>setControlBlock</name></name><parameter_list>(<param><decl><type><name>unsigned</name> <name>int</name></type> <name>i</name></decl></param>,<param><decl><type><name>ControlBlock</name> *</type><name>item</name></decl></param>)</parameter_list> <block>{
	<expr_stmt><expr><call><name>assert</name><argument_list>(<argument><expr><name>item</name>!=<name>pNULL</name> &amp;&amp; <name>i</name>&lt;<name>listSize</name></expr></argument>)</argument_list></call></expr>;</expr_stmt>

	<if>if <condition>(<expr><name>i</name>&lt;<name>listSize</name></expr>)</condition><then>
		<expr_stmt><expr><name><name>controlBlockList</name>[<expr><name>i</name></expr>]</name>=<name>item</name></expr>;</expr_stmt></then>
	<else>else
		<expr_stmt><expr><call><name><name>CC_RootObject</name>::<name>getEventRepository</name></name><argument_list>()</argument_list></call>-&gt;<call><name>create</name><argument_list>(<argument><expr><name>this</name></expr></argument>,<argument><expr><name>EVT_ILLEGAL_CL</name></expr></argument>)</argument_list></call></expr>;</expr_stmt></else></if>
}</block></function>

<function><type><name>ControlBlock</name> *</type><name><name>DC_ControlList</name>::<name>getControlBlock</name></name><parameter_list>(<param><decl><type><name>unsigned</name> <name>int</name></type> <name>i</name></decl></param>)</parameter_list> <specifier>const</specifier> <block>{
	<expr_stmt><expr><call><name>assert</name><argument_list>(<argument><expr><name>i</name>&lt;<name>listSize</name></expr></argument>)</argument_list></call></expr>;</expr_stmt>

    <return>return <expr><name><name>controlBlockList</name>[<expr><name>i</name></expr>]</name></expr>;</return>
}</block></function>

<function><type><name>TD_ActionOutcome</name></type> <name><name>DC_ControlList</name>::<name>doConditionalAction</name></name><parameter_list>(<param><decl><type><name>void</name></type></decl></param>)</parameter_list> <block>{
    <expr_stmt><expr><call><name>assert</name><argument_list>(<argument><expr><call><name>isObjectConfigured</name><argument_list>()</argument_list></call></expr></argument>)</argument_list></call></expr>;</expr_stmt>

    <for>for (<init><expr><type><name>unsigned</name> <name>int</name></type> <name>i</name>=<init><expr>0</expr></init></expr>;</init><condition><expr><name>i</name>&lt;<name>listSize</name></expr>;</condition><incr><expr><name>i</name>++</expr></incr>)
        <expr_stmt><expr><name><name>controlBlockList</name>[<expr><name>i</name></expr>]</name>-&gt;<call><name>propagate</name><argument_list>()</argument_list></call></expr>;</expr_stmt></for>

    <return>return <expr><name>ACTION_SUCCESS</name></expr>;</return>
}</block></function>

<function><type><name>bool</name></type> <name><name>DC_ControlList</name>::<name>canExecute</name></name><parameter_list>(<param><decl><type><name>void</name></type></decl></param>)</parameter_list> <block>{
    <expr_stmt><expr><call><name>assert</name><argument_list>(<argument><expr><call><name>isObjectConfigured</name><argument_list>()</argument_list></call></expr></argument>)</argument_list></call></expr>;</expr_stmt>

    <return>return <expr><name>true</name></expr>;</return>
}</block></function>

<function><type><name>void</name></type> <name><name>DC_ControlList</name>::<name>reset</name></name><parameter_list>(<param><decl><type><name>void</name></type></decl></param>)</parameter_list> <block>{
    <expr_stmt><expr><call><name>assert</name><argument_list>(<argument><expr><call><name>isObjectConfigured</name><argument_list>()</argument_list></call></expr></argument>)</argument_list></call></expr>;</expr_stmt>

    <for>for (<init><expr><type><name>unsigned</name> <name>int</name></type> <name>i</name>=<init><expr>0</expr></init></expr>;</init><condition><expr><name>i</name>&lt;<name>listSize</name></expr>;</condition><incr><expr><name>i</name>++</expr></incr>)
        <expr_stmt><expr><name><name>controlBlockList</name>[<expr><name>i</name></expr>]</name>-&gt;<call><name>reset</name><argument_list>()</argument_list></call></expr>;</expr_stmt></for>
}</block></function>

<function><type><name>bool</name></type> <name><name>DC_ControlList</name>::<name>isObjectConfigured</name></name><parameter_list>(<param><decl><type><name>void</name></type></decl></param>)</parameter_list> <block>{
    <if>if <condition>(<expr>!<call><name><name>ConditionalPunctualAction</name>::<name>isObjectConfigured</name></name><argument_list>()</argument_list></call> || <name>listSize</name>==0</expr>)</condition><then>
        <return>return <expr><name>NOT_CONFIGURED</name></expr>;</return></then></if>

    <for>for (<init><expr><type><name>unsigned</name> <name>int</name></type> <name>i</name>=<init><expr>0</expr></init></expr>;</init><condition><expr><name>i</name>&lt;<name>listSize</name></expr>;</condition><incr><expr><name>i</name>++</expr></incr>)
        <if>if <condition>(<expr><name><name>controlBlockList</name>[<expr><name>i</name></expr>]</name>==<name>pNULL</name></expr>)</condition><then>
            <return>return <expr><name>NOT_CONFIGURED</name></expr>;</return></then></if></for>

    <return>return <expr><name>CONFIGURED</name></expr>;</return>
}</block></function>
</unit>
