<unit xmlns="http://www.sdml.info/srcML/src" xmlns:cpp="http://www.sdml.info/srcML/cpp">
<comment type="line">//
</comment><comment type="line">// Copyright 2004 P&amp;P Software GmbH - All Rights Reserved
</comment><comment type="line">//
</comment><comment type="line">// DC_DummyPointerControlBlock.cpp
</comment><comment type="line">//
</comment><comment type="line">// Version	1.1
</comment><comment type="line">// Date		16.10.03 (Version 1.1)
</comment><comment type="line">// Author	R. Totaro
</comment><comment type="line">//
</comment><comment type="line">// Change Record:
</comment><comment type="line">//   Version 1.1: Removed reset() from class constructor.
</comment><comment type="line">//                Added missing assert()s.
</comment>
<cpp:include>#<cpp:directive>include</cpp:directive> <cpp:file>"../GeneralInclude/CompilerSwitches.h"</cpp:file></cpp:include>
<cpp:include>#<cpp:directive>include</cpp:directive> <cpp:file>"../GeneralInclude/DebugSupport.h"</cpp:file></cpp:include>
<cpp:include>#<cpp:directive>include</cpp:directive> <cpp:file>"../GeneralInclude/BasicTypes.h"</cpp:file></cpp:include>
<cpp:include>#<cpp:directive>include</cpp:directive> <cpp:file>"../GeneralInclude/ClassId.h"</cpp:file></cpp:include>
<cpp:include>#<cpp:directive>include</cpp:directive> <cpp:file>"../GeneralInclude/Constants.h"</cpp:file></cpp:include>
<cpp:include>#<cpp:directive>include</cpp:directive> <cpp:file>"DC_DummyPointerControlBlock.h"</cpp:file></cpp:include>

<constructor><name>DC_DummyPointerControlBlock::DC_DummyPointerControlBlock</name><parameter_list>(<param><decl><type><name>void</name></type></decl></param>)</parameter_list> <block>{
    <expr_stmt><expr><call><name>setNumberOfInputs</name><argument_list>(<argument><expr>3</expr></argument>)</argument_list></call></expr>;</expr_stmt>
    <expr_stmt><expr><call><name>setNumberOfOutputs</name><argument_list>(<argument><expr>2</expr></argument>)</argument_list></call></expr>;</expr_stmt>
    <expr_stmt><expr><call><name>setNumberOfStates</name><argument_list>(<argument><expr>1</expr></argument>)</argument_list></call></expr>;</expr_stmt>
    <expr_stmt><expr><call><name>setNumberOfParameters</name><argument_list>(<argument><expr>2</expr></argument>)</argument_list></call></expr>;</expr_stmt>

    <expr_stmt><expr><call><name>reset</name><argument_list>()</argument_list></call></expr>;</expr_stmt>

    <expr_stmt><expr><call><name>setClassId</name><argument_list>(<argument><expr><name>ID_DUMMYPOINTERCONTROLBLOCK</name></expr></argument>)</argument_list></call></expr>;</expr_stmt>
}</block></constructor>

<function><type><name>void</name></type> <name><name>DC_DummyPointerControlBlock</name>::<name>propagateState</name></name><parameter_list>(<param><decl><type><name>void</name></type></decl></param>)</parameter_list> <block>{
    <expr_stmt><expr><call><name>assert</name><argument_list>(<argument><expr><call><name>isObjectConfigured</name><argument_list>()</argument_list></call></expr></argument>)</argument_list></call></expr>;</expr_stmt>

    <expr_stmt><expr><name><name>x</name>[<expr>0</expr>]</name>=<name><name>p</name>[<expr>0</expr>]</name>*<name><name>x</name>[<expr>0</expr>]</name>+*<name><name>pU</name>[<expr>0</expr>]</name>+*<name><name>pU</name>[<expr>1</expr>]</name>+*<name><name>pU</name>[<expr>2</expr>]</name></expr>;</expr_stmt>
}</block></function>

<function><type><name>void</name></type> <name><name>DC_DummyPointerControlBlock</name>::<name>updateOutput</name></name><parameter_list>(<param><decl><type><name>void</name></type></decl></param>)</parameter_list> <block>{
    <expr_stmt><expr><call><name>assert</name><argument_list>(<argument><expr><call><name>isObjectConfigured</name><argument_list>()</argument_list></call></expr></argument>)</argument_list></call></expr>;</expr_stmt>

    <expr_stmt><expr>*<name><name>pY</name>[<expr>0</expr>]</name>=<name><name>x</name>[<expr>0</expr>]</name></expr>;</expr_stmt>
    <expr_stmt><expr>*<name><name>pY</name>[<expr>1</expr>]</name>=<name><name>p</name>[<expr>1</expr>]</name>*<name><name>x</name>[<expr>0</expr>]</name></expr>;</expr_stmt>
}</block></function>

<function><type><name>void</name></type> <name><name>DC_DummyPointerControlBlock</name>::<name>reset</name></name><parameter_list>(<param><decl><type><name>void</name></type></decl></param>)</parameter_list> <block>{
    <expr_stmt><expr><call><name>assert</name><argument_list>(<argument><expr><name>x</name>!=<name>pNULL</name></expr></argument>)</argument_list></call></expr>;</expr_stmt>

    <expr_stmt><expr><name><name>x</name>[<expr>0</expr>]</name>=(<name>TD_Float</name>)1.0</expr>;</expr_stmt>
}</block></function>

</unit>
