<unit xmlns="http://www.sdml.info/srcML/src" xmlns:cpp="http://www.sdml.info/srcML/cpp">
<comment type="line">//
</comment><comment type="line">// Copyright 2004 P&amp;P Software GmbH - All Rights Reserved
</comment><comment type="line">//
</comment><comment type="line">// DC_DummyDataItemControlBlock.h
</comment><comment type="line">//
</comment><comment type="line">// Version	1.0
</comment><comment type="line">// Date		30.10.03 (Version 1.0)
</comment><comment type="line">// Author	R. Totaro
</comment><comment type="line">//
</comment><comment type="line">// Change Record:
</comment>
<cpp:ifndef>#<cpp:directive>ifndef</cpp:directive> <name>DC_DummyDataItemControlBlockH</name></cpp:ifndef>
<cpp:define>#<cpp:directive>define</cpp:directive> <name>DC_DummyDataItemControlBlockH</name></cpp:define>

<cpp:include>#<cpp:directive>include</cpp:directive> <cpp:file>"DataItemControlBlock.h"</cpp:file></cpp:include>

<comment type="block">/**
 * Dummy data item control block useful for testing purposes.
 * This control block has three inputs, two outputs, one state and
 * two parameters.
 * The &lt;i&gt;state propagation function&lt;/i&gt; is as follows:&lt;PRE&gt;
 *      x[0](k+1) = p[0]*x[0](k) + u[0](k) + u[1](k) + u[2](k);&lt;/PRE&gt;
 * The &lt;i&gt;output update function&lt;/i&gt; is as follows:&lt;PRE&gt;
 *      y[0](k) = x[0](k);
 *      y[1](k) = p[1]*x[0](k);&lt;/PRE&gt;
 * @author Roberto Totaro
 * @version 1.0
 */</comment>
<class>class <name>DC_DummyDataItemControlBlock</name> <super>: <specifier>public</specifier> <name>DataItemControlBlock</name></super> <block>{<private type="default">
</private><protected>protected:
    <comment type="block">/**
     * Implement the state propagation function. 
     * @see ControlBlock#propagate
     */</comment>
    <function_decl><type><name>virtual</name> <name>void</name></type> <name>propagateState</name><parameter_list>(<param><decl><type><name>void</name></type></decl></param>)</parameter_list>;</function_decl>

    <comment type="block">/**
     * Implement the output update function. 
     * @see ControlBlock#propagate
     */</comment>
    <function_decl><type><name>virtual</name> <name>void</name></type> <name>updateOutput</name><parameter_list>(<param><decl><type><name>void</name></type></decl></param>)</parameter_list>;</function_decl>

</protected><public>public:
    <comment type="block">/**
     * Configure the control block to have three inputs, two outputs, one
     * state and two parameters, and set the class identifier. The reset method
     * is called to initialize the internal state of the control block.
     */</comment>
    <constructor_decl><name>DC_DummyDataItemControlBlock</name><parameter_list>(<param><decl><type><name>void</name></type></decl></param>)</parameter_list>;</constructor_decl>

    <comment type="block">/**
     * Reset the control block by setting the state value to 1.0.
     */</comment>
    <function_decl><type><name>virtual</name> <name>void</name></type> <name>reset</name><parameter_list>(<param><decl><type><name>void</name></type></decl></param>)</parameter_list>;</function_decl>
</public>}</block>;</class>
<cpp:endif>#<cpp:directive>endif</cpp:directive></cpp:endif>
</unit>
