<unit xmlns="http://www.sdml.info/srcML/src" xmlns:cpp="http://www.sdml.info/srcML/cpp">
<comment type="line">//
</comment><comment type="line">// Copyright 2004 P&amp;P Software GmbH - All Rights Reserved
</comment><comment type="line">//
</comment><comment type="line">// DC_DummyCopyControlBlock.cpp
</comment><comment type="line">//
</comment><comment type="line">// Version	1.3
</comment><comment type="line">// Date	    11.04.03 (Version 1.0)
</comment><comment type="line">//          14.10.03 (Version 1.1)
</comment><comment type="line">//          16.10.03 (Version 1.2 &amp; 1.3)
</comment><comment type="line">// Author	A. Pasetti (P&amp;P Software), R. Totaro
</comment><comment type="line">//
</comment><comment type="line">// Change Record:
</comment><comment type="line">//   Version 1.1: Updated to reflect the new structure of the ControlBlock class
</comment><comment type="line">//   Version 1.2: The class is now derived from CopyControlBlock
</comment><comment type="line">//   Version 1.3: Added missing assert()s
</comment>
<cpp:include>#<cpp:directive>include</cpp:directive> <cpp:file>"../GeneralInclude/CompilerSwitches.h"</cpp:file></cpp:include>
<cpp:include>#<cpp:directive>include</cpp:directive> <cpp:file>"../GeneralInclude/DebugSupport.h"</cpp:file></cpp:include>
<cpp:include>#<cpp:directive>include</cpp:directive> <cpp:file>"../GeneralInclude/BasicTypes.h"</cpp:file></cpp:include>
<cpp:include>#<cpp:directive>include</cpp:directive> <cpp:file>"../GeneralInclude/ClassId.h"</cpp:file></cpp:include>
<cpp:include>#<cpp:directive>include</cpp:directive> <cpp:file>"../GeneralInclude/Constants.h"</cpp:file></cpp:include>
<cpp:include>#<cpp:directive>include</cpp:directive> <cpp:file>"DC_DummyCopyControlBlock.h"</cpp:file></cpp:include>

<constructor><name>DC_DummyCopyControlBlock::DC_DummyCopyControlBlock</name><parameter_list>(<param><decl><type><name>void</name></type></decl></param>)</parameter_list> <block>{
    <expr_stmt><expr><call><name>setNumberOfInputs</name><argument_list>(<argument><expr>3</expr></argument>)</argument_list></call></expr>;</expr_stmt>
    <expr_stmt><expr><call><name>setNumberOfOutputs</name><argument_list>(<argument><expr>2</expr></argument>)</argument_list></call></expr>;</expr_stmt>
    <expr_stmt><expr><call><name>setNumberOfStates</name><argument_list>(<argument><expr>1</expr></argument>)</argument_list></call></expr>;</expr_stmt>
    <expr_stmt><expr><call><name>setNumberOfParameters</name><argument_list>(<argument><expr>2</expr></argument>)</argument_list></call></expr>;</expr_stmt>

    <expr_stmt><expr><call><name>reset</name><argument_list>()</argument_list></call></expr>;</expr_stmt>

    <expr_stmt><expr><call><name>setClassId</name><argument_list>(<argument><expr><name>ID_DUMMYCOPYCONTROLBLOCK</name></expr></argument>)</argument_list></call></expr>;</expr_stmt>
}</block></constructor>

<function><type><name>void</name></type> <name><name>DC_DummyCopyControlBlock</name>::<name>propagateState</name></name><parameter_list>(<param><decl><type><name>void</name></type></decl></param>)</parameter_list> <block>{
    <expr_stmt><expr><call><name>assert</name><argument_list>(<argument><expr><call><name>isObjectConfigured</name><argument_list>()</argument_list></call></expr></argument>)</argument_list></call></expr>;</expr_stmt>

    <expr_stmt><expr><name><name>x</name>[<expr>0</expr>]</name>=<name><name>p</name>[<expr>0</expr>]</name>*<name><name>x</name>[<expr>0</expr>]</name>+<name><name>u</name>[<expr>0</expr>]</name>+<name><name>u</name>[<expr>1</expr>]</name>+<name><name>u</name>[<expr>2</expr>]</name></expr>;</expr_stmt>
}</block></function>

<function><type><name>void</name></type> <name><name>DC_DummyCopyControlBlock</name>::<name>updateOutput</name></name><parameter_list>(<param><decl><type><name>void</name></type></decl></param>)</parameter_list> <block>{
    <expr_stmt><expr><call><name>assert</name><argument_list>(<argument><expr><call><name>isObjectConfigured</name><argument_list>()</argument_list></call></expr></argument>)</argument_list></call></expr>;</expr_stmt>

    <expr_stmt><expr><name><name>y</name>[<expr>0</expr>]</name>=<name><name>x</name>[<expr>0</expr>]</name></expr>;</expr_stmt>
    <expr_stmt><expr><name><name>y</name>[<expr>1</expr>]</name>=<name><name>p</name>[<expr>1</expr>]</name>*<name><name>x</name>[<expr>0</expr>]</name></expr>;</expr_stmt>
}</block></function>

<function><type><name>void</name></type> <name><name>DC_DummyCopyControlBlock</name>::<name>reset</name></name><parameter_list>(<param><decl><type><name>void</name></type></decl></param>)</parameter_list> <block>{
    <expr_stmt><expr><call><name>assert</name><argument_list>(<argument><expr><call><name>isObjectConfigured</name><argument_list>()</argument_list></call></expr></argument>)</argument_list></call></expr>;</expr_stmt>

    <expr_stmt><expr><call><name><name>CopyControlBlock</name>::<name>reset</name></name><argument_list>()</argument_list></call></expr>;</expr_stmt>

    <expr_stmt><expr><name><name>x</name>[<expr>0</expr>]</name>=(<name>TD_Float</name>)1.0</expr>;</expr_stmt>
}</block></function>

</unit>
