<unit xmlns="http://www.sdml.info/srcML/src" xmlns:cpp="http://www.sdml.info/srcML/cpp">
<comment type="line">//
</comment><comment type="line">// Copyright 2004 P&amp;P Software GmbH - All Rights Reserved
</comment><comment type="line">//
</comment><comment type="line">// DC_DataItem_inl.h
</comment><comment type="line">//
</comment><comment type="line">// Version	1.0
</comment><comment type="line">// Date		11.10.03 (Version 1.1)
</comment><comment type="line">// Author	A. Pasetti (P&amp;P Software), R. Totaro
</comment>
<cpp:ifndef>#<cpp:directive>ifndef</cpp:directive> <name>DC_DataItem_INL</name></cpp:ifndef>
<cpp:define>#<cpp:directive>define</cpp:directive> <name>DC_DataItem_INL</name></cpp:define>

<cpp:include>#<cpp:directive>include</cpp:directive> <cpp:file>"../GeneralInclude/CompilerSwitches.h"</cpp:file></cpp:include>
<cpp:include>#<cpp:directive>include</cpp:directive> <cpp:file>"../GeneralInclude/DebugSupport.h"</cpp:file></cpp:include>

<function><type><name>inline</name> <name>void</name></type> <name><name>DC_DataItem</name>::<name>initDataItem</name></name><parameter_list>(<param><decl><type><name>void</name> *</type><name>data</name></decl></param>,<param><decl><type><name>TD_DataItemType</name></type> <name>type</name></decl></param>)</parameter_list> <block>{
	<expr_stmt><expr><call><name>assert</name><argument_list>(<argument><expr><name>data</name></expr></argument>)</argument_list></call></expr>;</expr_stmt>
	<expr_stmt><expr><name>pVar</name>=<name>data</name></expr>;</expr_stmt>

<cpp:ifndef>#<cpp:directive>ifndef</cpp:directive> <name>NDEBUG</name></cpp:ifndef>
	<expr_stmt><expr><name>varType</name>=<name>type</name></expr>;</expr_stmt>
<cpp:endif>#<cpp:directive>endif</cpp:directive></cpp:endif>
}</block></function>

<function><type><name>inline</name></type> <name><name>DC_DataItem</name>::<name>DC_DataItem</name></name><parameter_list>(<param><decl><type><name>TD_Float</name>*</type> <name>d</name></decl></param>)</parameter_list> <block>{
	<expr_stmt><expr><call><name>initDataItem</name><argument_list>(<argument><expr><name>d</name></expr></argument>,<argument><expr><name>DI_FLOAT</name></expr></argument>)</argument_list></call></expr>;</expr_stmt>
}</block></function>

<function><type><name>inline</name></type> <name><name>DC_DataItem</name>::<name>DC_DataItem</name></name><parameter_list>(<param><decl><type><name>TD_Integer</name>*</type> <name>d</name></decl></param>)</parameter_list> <block>{
	<expr_stmt><expr><call><name>initDataItem</name><argument_list>(<argument><expr><name>d</name></expr></argument>,<argument><expr><name>DI_INT</name></expr></argument>)</argument_list></call></expr>;</expr_stmt>
}</block></function>

<function><type><name>inline</name> <name>TD_Float</name></type> <name><name>DC_DataItem</name>::<name>getFloatValue</name></name><parameter_list>()</parameter_list> <specifier>const</specifier> <block>{
	<expr_stmt><expr><call><name>assert</name><argument_list>(<argument><expr><name>varType</name>==<name>DI_FLOAT</name></expr></argument>)</argument_list></call></expr>;</expr_stmt>
	<return>return <expr>*(<name>TD_Float</name> *)<name>pVar</name></expr>;</return>
}</block></function>

<function><type><name>inline</name> <name>TD_Integer</name></type> <name><name>DC_DataItem</name>::<name>getIntegerValue</name></name><parameter_list>()</parameter_list> <specifier>const</specifier> <block>{
	<expr_stmt><expr><call><name>assert</name><argument_list>(<argument><expr><name>varType</name>==<name>DI_INT</name></expr></argument>)</argument_list></call></expr>;</expr_stmt>
	<return>return <expr>*(<name>TD_Integer</name> *)<name>pVar</name></expr>;</return>
}</block></function>

<function><type><name>inline</name> <name>void</name></type> <name><name>DC_DataItem</name>::<name>setValue</name></name><parameter_list>(<param><decl><type><name>TD_Float</name></type> <name>newValue</name></decl></param>)</parameter_list> <block>{
	<expr_stmt><expr><call><name>assert</name><argument_list>(<argument><expr><name>varType</name>==<name>DI_FLOAT</name></expr></argument>)</argument_list></call></expr>;</expr_stmt>
	<expr_stmt><expr>*(<name>TD_Float</name> *)<name>pVar</name>=<name>newValue</name></expr>;</expr_stmt>
}</block></function>

<function><type><name>inline</name> <name>void</name></type> <name><name>DC_DataItem</name>::<name>setValue</name></name><parameter_list>(<param><decl><type><name>TD_Integer</name></type> <name>newValue</name></decl></param>)</parameter_list> <block>{
	<expr_stmt><expr><call><name>assert</name><argument_list>(<argument><expr><name>varType</name>==<name>DI_INT</name></expr></argument>)</argument_list></call></expr>;</expr_stmt>
	<expr_stmt><expr>*(<name>TD_Integer</name> *)<name>pVar</name>=<name>newValue</name></expr>;</expr_stmt>
}</block></function>


<cpp:endif>#<cpp:directive>endif</cpp:directive></cpp:endif>
</unit>
