<unit xmlns="http://www.sdml.info/srcML/src" xmlns:cpp="http://www.sdml.info/srcML/cpp">
<comment type="line">//
</comment><comment type="line">// Copyright 2004 P&amp;P Software GmbH - All Rights Reserved
</comment><comment type="line">//
</comment><comment type="line">// DC_DummyDatabase.h
</comment><comment type="line">//
</comment><comment type="line">// Version	1.0
</comment><comment type="line">// Date		13.10.02
</comment><comment type="line">// Author	A. Pasetti (P&amp;P Software)
</comment>
<cpp:ifndef>#<cpp:directive>ifndef</cpp:directive> <name>DC_DummyDatabaseH</name></cpp:ifndef>
<cpp:define>#<cpp:directive>define</cpp:directive> <name>DC_DummyDatabaseH</name></cpp:define>

<cpp:include>#<cpp:directive>include</cpp:directive> <cpp:file>"../GeneralInclude/ForwardDeclarations.h"</cpp:file></cpp:include>
<cpp:include>#<cpp:directive>include</cpp:directive> <cpp:file>"../GeneralInclude/BasicTypes.h"</cpp:file></cpp:include>
<cpp:include>#<cpp:directive>include</cpp:directive> <cpp:file>"DC_BasicDatabase.h"</cpp:file></cpp:include>

<comment type="block">/**
 * Default component implementing a dummy parameter database.
 * A &lt;i&gt;dummy parameter database&lt;/i&gt; is a parameter database with a length of
 * of one byte and with default and operational tables that coincide.
 * It is useful for testing purposes as a placeholder for a component of type
 * &lt;code&gt;ParameterDatabase&lt;/code&gt;.
 * @author Alessandro Pasetti (P&amp;P Software GmbH)
 * @version 1.0
 */</comment>
<class>class <name>DC_DummyDatabase</name> <super>: <specifier>public</specifier> <name>DC_BasicDatabase</name></super> <block>{<private type="default">

  </private><private>private:
    <decl_stmt><decl><type><name>char</name></type> <name>table</name></decl>;</decl_stmt>

  </private><public>public:
    <comment type="block">/**
     * Instantiate a dummy database component. The class identifier is set.
     * The database size is set to one. An internal variable of type &lt;code&gt;char&lt;/code&gt; is
     * used as default and operational table. The value of the single item it
     * contains is set to zero.
     */</comment>
    <constructor_decl><name>DC_DummyDatabase</name><parameter_list>(<param><decl><type><name>void</name></type></decl></param>)</parameter_list>;</constructor_decl>

</public>}</block>;</class>

<cpp:endif>#<cpp:directive>endif</cpp:directive></cpp:endif>
</unit>
