<unit xmlns="http://www.sdml.info/srcML/src" xmlns:cpp="http://www.sdml.info/srcML/cpp">
<comment type="line">//
</comment><comment type="line">// Copyright 2004 P&amp;P Software GmbH - All Rights Reserved
</comment><comment type="line">//
</comment><comment type="line">// DC_DummyDataPool.h
</comment><comment type="line">//
</comment><comment type="line">// Version	1.0
</comment><comment type="line">// Date		10.09.03 (Version 1.0)
</comment><comment type="line">// Author	A. Pasetti (P&amp;P Software)
</comment><comment type="line">//
</comment>
<cpp:ifndef>#<cpp:directive>ifndef</cpp:directive> <name>DC_DummyDataPoolH</name></cpp:ifndef>
<cpp:define>#<cpp:directive>define</cpp:directive> <name>DC_DummyDataPoolH</name></cpp:define>

<cpp:include>#<cpp:directive>include</cpp:directive> <cpp:file>"../GeneralInclude/ForwardDeclarations.h"</cpp:file></cpp:include>
<cpp:include>#<cpp:directive>include</cpp:directive> <cpp:file>"../GeneralInclude/BasicTypes.h"</cpp:file></cpp:include>
<cpp:include>#<cpp:directive>include</cpp:directive> <cpp:file>"../Data/DC_BasicDataPool.h"</cpp:file></cpp:include>

<comment type="block">/**
 * Default component implementing a dummy data pool.
 * A dummy data pool is a &lt;i&gt;basic data pool&lt;/i&gt; that can hold only one single integer-valued
 * data pool item. The value of 
 * this single data pool item is initialized to zero.
 * This data pool is useful for testing purposes as a placeholder for components of 
 * type &lt;code&gt;DataPool&lt;/code&gt;.
 * @author Alessandro Pasetti (P&amp;P Software)
 * @version 1.0
 */</comment>
<class>class <name>DC_DummyDataPool</name> <super>: <specifier>public</specifier> <name>DC_BasicDataPool</name></super> <block>{<private type="default">

  </private><public>public:
    <comment type="block">/**
     * Instantiate a dummy data pool component. The class identifier is set.
     * The size of the data pool is set to the size of an instance of type &lt;code&gt;TD_Integer&lt;/code&gt;
     * and the value of the single item in the data pool is initialized to zero.
     */</comment>
    <constructor_decl><name>DC_DummyDataPool</name><parameter_list>(<param><decl><type><name>void</name></type></decl></param>)</parameter_list>;</constructor_decl>

</public>}</block>;</class>

<cpp:endif>#<cpp:directive>endif</cpp:directive></cpp:endif>


</unit>
