<unit xmlns="http://www.sdml.info/srcML/src" xmlns:cpp="http://www.sdml.info/srcML/cpp">
<comment type="line">//
</comment><comment type="line">// Copyright 2004 P&amp;P Software GmbH - All Rights Reserved
</comment><comment type="line">//
</comment><comment type="line">// DC_SettableDataItem.h
</comment><comment type="line">//
</comment><comment type="line">// Version	1.0
</comment><comment type="line">// Date		11.10.03 (Version 1.0)
</comment><comment type="line">// Author	A. Pasetti (P&amp;P Software)
</comment><comment type="line">//
</comment><comment type="line">// Change Record:
</comment>
<cpp:ifndef>#<cpp:directive>ifndef</cpp:directive> <name>DC_SettableDataItemH</name></cpp:ifndef>
<cpp:define>#<cpp:directive>define</cpp:directive> <name>DC_SettableDataItemH</name></cpp:define>

<cpp:include>#<cpp:directive>include</cpp:directive> <cpp:file>"../GeneralInclude/BasicTypes.h"</cpp:file></cpp:include>
<cpp:include>#<cpp:directive>include</cpp:directive> <cpp:file>"DC_DataItem.h"</cpp:file></cpp:include>

<comment type="block">/**
 * This class encapsulates a settable data item.
 * A &lt;i&gt;settable data item&lt;/i&gt; is a data item that allows the encapsulated variable
 * to be dynamically updated. Data items are used to set up permanent links between
 * a component A that needs some input data and a component B that provides the input 
 * data. In such a situation, component A can be passed a data item that encapsulates
 * access to the data from component B. Use of a settable data item (as opposed to an 
 * ordinary data item of the
 * kind that is directly instantiated from &lt;code&gt;DC_DataItem&lt;/code&gt;) is useful when
 * it is desired to keep the option open of changing the input for component A.
 * This can be done by changing the variable that is encapsulated in the data item 
 * that A uses as the source for its input. 
 * @todo create a test case for this class
 * @author Alessandro Pasetti (P&amp;P Software GmbH)
 * @version 1.0
 */</comment>
<class>class <name>DC_SettableDataItem</name> <super>: <specifier>public</specifier> <name>DC_DataItem</name></super> <block>{<private type="default">

  </private><public>public:
    <comment type="block">/**
     * Instantiate a settable data item component that encapsulates an
     * integer-valued variable.
     * This constructor simply calls the constructor of the super class.
     * @param d reference to the variable encapsulated by the data item
     */</comment>
	<function_decl><type><name>inline</name></type> <name>DC_SettableDataItem</name><parameter_list>(<param><decl><type><name>TD_Integer</name> *</type><name>d</name></decl></param>)</parameter_list>;</function_decl>

    <comment type="block">/**
     * Instantiate a settable data item component that encapsulates a
     * real-valued variable.
     * This constructor simply calls the constructor of the super class.
     * @param d reference to the variable encapsulated by the data item
     */</comment>
	<function_decl><type><name>inline</name></type> <name>DC_SettableDataItem</name><parameter_list>(<param><decl><type><name>TD_Float</name> *</type><name>d</name></decl></param>)</parameter_list>;</function_decl>

    <comment type="block">/**
     * Set a new integer-valued variable as the variable that is encapsulated
     * by the data item.
     * @param pNewVar the new variable encapsulated in the data item
     */</comment>
    <function_decl><type><name>inline</name> <name>void</name></type> <name>setVariable</name><parameter_list>(<param><decl><type><name>TD_Integer</name>*</type> <name>pNewVar</name></decl></param>)</parameter_list>;</function_decl>

    <comment type="block">/**
     * Set a new real-valued variable as the variable that is encapsulated
     * by the data item.
     * @param pNewVar the new variable encapsulated in the data item
     */</comment>
    <function_decl><type><name>inline</name> <name>void</name></type> <name>setVariable</name><parameter_list>(<param><decl><type><name>TD_Float</name>*</type> <name>pNewVar</name></decl></param>)</parameter_list>;</function_decl>

</public>}</block>;</class>

<cpp:include>#<cpp:directive>include</cpp:directive> <cpp:file>"DC_SettableDataItem_inl.h"</cpp:file></cpp:include>

<cpp:endif>#<cpp:directive>endif</cpp:directive></cpp:endif>



</unit>
