<unit xmlns="http://www.sdml.info/srcML/src" xmlns:cpp="http://www.sdml.info/srcML/cpp">
<comment type="line">//
</comment><comment type="line">// Copyright 2004 P&amp;P Software GmbH - All Rights Reserved
</comment><comment type="line">//
</comment><comment type="line">// DC_RawDataItem_inl.h
</comment><comment type="line">//
</comment><comment type="line">// Version	1.0
</comment><comment type="line">// Date		11.10.03 (Version 1.1)
</comment><comment type="line">// Author	A. Pasetti (P&amp;P Software), R. Totaro
</comment>
<cpp:ifndef>#<cpp:directive>ifndef</cpp:directive> <name>DC_SettableDataItem_INL</name></cpp:ifndef>
<cpp:define>#<cpp:directive>define</cpp:directive> <name>DC_SettableDataItem_INL</name></cpp:define>

<cpp:include>#<cpp:directive>include</cpp:directive> <cpp:file>"DC_DataItem.h"</cpp:file></cpp:include>

<function_decl><type><name>inline</name></type> <name><name>DC_SettableDataItem</name>::<name>DC_SettableDataItem</name></name><parameter_list>(<param><decl><type><name>TD_Integer</name> *</type><name>d</name></decl></param>)</parameter_list></function_decl>:<macro>DC_DataItem<argument_list>(d)</argument_list></macro> <block>{
}</block>

<function_decl><type><name>inline</name></type> <name><name>DC_SettableDataItem</name>::<name>DC_SettableDataItem</name></name><parameter_list>(<param><decl><type><name>TD_Float</name> *</type><name>d</name></decl></param>)</parameter_list></function_decl>:<macro>DC_DataItem<argument_list>(d)</argument_list></macro> <block>{
}</block>

<function><type><name>inline</name> <name>void</name></type> <name><name>DC_SettableDataItem</name>::<name>setVariable</name></name><parameter_list>(<param><decl><type><name>TD_Integer</name>*</type> <name>pNewVar</name></decl></param>)</parameter_list> <block>{
	<expr_stmt><expr><name>pVar</name> = <name>pNewVar</name></expr>;</expr_stmt>
}</block></function>

<function><type><name>inline</name> <name>void</name></type> <name><name>DC_SettableDataItem</name>::<name>setVariable</name></name><parameter_list>(<param><decl><type><name>TD_Float</name>*</type> <name>pNewVar</name></decl></param>)</parameter_list> <block>{
	<expr_stmt><expr><name>pVar</name> = <name>pNewVar</name></expr>;</expr_stmt>
}</block></function>

<cpp:endif>#<cpp:directive>endif</cpp:directive></cpp:endif>
</unit>
