<unit xmlns="http://www.sdml.info/srcML/src" xmlns:cpp="http://www.sdml.info/srcML/cpp">
<comment type="line">//
</comment><comment type="line">// Copyright 2004 P&amp;P Software GmbH - All Rights Reserved
</comment><comment type="line">//
</comment><comment type="line">// PointerControlBlock.cpp
</comment><comment type="line">//
</comment><comment type="line">// Version	1.1
</comment><comment type="line">// Date		15.10.03 (Version 1.0)
</comment><comment type="line">//          16.10.03 (Version 1.1)
</comment><comment type="line">// Author	R. Totaro
</comment><comment type="line">//
</comment><comment type="line">// Change Record:
</comment><comment type="line">//   Version 1.1: Fixed the behaviour of isObjectConfigured()
</comment>
<cpp:include>#<cpp:directive>include</cpp:directive> <cpp:file>"../GeneralInclude/CompilerSwitches.h"</cpp:file></cpp:include>
<cpp:include>#<cpp:directive>include</cpp:directive> <cpp:file>"../GeneralInclude/DebugSupport.h"</cpp:file></cpp:include>
<cpp:include>#<cpp:directive>include</cpp:directive> <cpp:file>"../GeneralInclude/Constants.h"</cpp:file></cpp:include>
<cpp:include>#<cpp:directive>include</cpp:directive> <cpp:file>"../Base/CC_RootObject.h"</cpp:file></cpp:include>
<cpp:include>#<cpp:directive>include</cpp:directive> <cpp:file>"PointerControlBlock.h"</cpp:file></cpp:include>

<constructor><name>PointerControlBlock::PointerControlBlock</name><parameter_list>(<param><decl><type><name>void</name></type></decl></param>)</parameter_list> <block>{
    <expr_stmt><expr><name>pU</name>=<name>pNULL</name></expr>;</expr_stmt>
    <expr_stmt><expr><name>pY</name>=<name>pNULL</name></expr>;</expr_stmt>
}</block></constructor>

<function><type><name>void</name></type> <name><name>PointerControlBlock</name>::<name>setNumberOfInputs</name></name><parameter_list>(<param><decl><type><name>unsigned</name> <name>int</name></type> <name>n</name></decl></param>)</parameter_list> <block>{
    <expr_stmt><expr><call><name>assert</name><argument_list>(<argument><expr><name>nInputs</name>&lt;0</expr></argument>)</argument_list></call></expr>;</expr_stmt>
    <expr_stmt><expr><call><name>assert</name><argument_list>(<argument><expr><name>n</name>&gt;0</expr></argument>)</argument_list></call></expr>;</expr_stmt>

    <expr_stmt><expr><name>nInputs</name>=<name>n</name></expr>;</expr_stmt>
    <expr_stmt><expr><name>pU</name>=new <name>TD_Float</name>*[<name>n</name>]</expr>;</expr_stmt>
    <for>for (<init><expr><type><name>unsigned</name> <name>int</name></type> <name>i</name>=<init><expr>0</expr></init></expr>;</init><condition><expr><name>i</name>&lt;<name>n</name></expr>;</condition><incr><expr><name>i</name>++</expr></incr>)
        <expr_stmt><expr><name><name>pU</name>[<expr><name>i</name></expr>]</name>=<name>pNULL</name></expr>;</expr_stmt></for>
}</block></function>

<function><type><name>void</name></type> <name><name>PointerControlBlock</name>::<name>setNumberOfOutputs</name></name><parameter_list>(<param><decl><type><name>unsigned</name> <name>int</name></type> <name>n</name></decl></param>)</parameter_list> <block>{
    <expr_stmt><expr><call><name>assert</name><argument_list>(<argument><expr><name>nOutputs</name>&lt;0</expr></argument>)</argument_list></call></expr>;</expr_stmt>
    <expr_stmt><expr><call><name>assert</name><argument_list>(<argument><expr><name>n</name>&gt;0</expr></argument>)</argument_list></call></expr>;</expr_stmt>

    <expr_stmt><expr><name>nOutputs</name>=<name>n</name></expr>;</expr_stmt>
    <expr_stmt><expr><name>pY</name>=new <name>TD_Float</name>*[<name>n</name>]</expr>;</expr_stmt>
    <for>for (<init><expr><type><name>unsigned</name> <name>int</name></type> <name>i</name>=<init><expr>0</expr></init></expr>;</init><condition><expr><name>i</name>&lt;<name>n</name></expr>;</condition><incr><expr><name>i</name>++</expr></incr>)
        <expr_stmt><expr><name><name>pY</name>[<expr><name>i</name></expr>]</name>=<name>pNULL</name></expr>;</expr_stmt></for>
}</block></function>

<function><type><name>void</name></type> <name><name>PointerControlBlock</name>::<name>setInputLink</name></name><parameter_list>(<param><decl><type><name>unsigned</name> <name>int</name></type> <name>i</name></decl></param>,<param><decl><type><name>TD_Float</name> *</type><name>pInput</name></decl></param>)</parameter_list> <block>{
    <expr_stmt><expr><call><name>assert</name><argument_list>(<argument><expr><name>pU</name>!=<name>pNULL</name> &amp;&amp; <name>pInput</name>!=<name>pNULL</name> &amp;&amp; (<name>int</name>)<name>i</name>&lt;<name>nInputs</name></expr></argument>)</argument_list></call></expr>;</expr_stmt>

    <if>if <condition>(<expr>(<name>int</name>)<name>i</name>&lt;<name>nInputs</name></expr>)</condition><then>
        <expr_stmt><expr><name><name>pU</name>[<expr><name>i</name></expr>]</name>=<name>pInput</name></expr>;</expr_stmt></then>
    <else>else
        <expr_stmt><expr><call><name><name>CC_RootObject</name>::<name>getEventRepository</name></name><argument_list>()</argument_list></call>-&gt;<call><name>create</name><argument_list>(<argument><expr><name>this</name></expr></argument>,<argument><expr><name>EVT_ILLEGAL_CB</name></expr></argument>)</argument_list></call></expr>;</expr_stmt></else></if>
}</block></function>

<function><type><name>void</name></type> <name><name>PointerControlBlock</name>::<name>setOutputLink</name></name><parameter_list>(<param><decl><type><name>unsigned</name> <name>int</name></type> <name>i</name></decl></param>,<param><decl><type><name>TD_Float</name> *</type><name>pOutput</name></decl></param>)</parameter_list> <block>{
    <expr_stmt><expr><call><name>assert</name><argument_list>(<argument><expr><name>pY</name>!=<name>pNULL</name> &amp;&amp; <name>pOutput</name>!=<name>pNULL</name> &amp;&amp; (<name>int</name>)<name>i</name>&lt;<name>nOutputs</name></expr></argument>)</argument_list></call></expr>;</expr_stmt>

    <if>if <condition>(<expr>(<name>int</name>)<name>i</name>&lt;<name>nOutputs</name></expr>)</condition><then>
        <expr_stmt><expr><name><name>pY</name>[<expr><name>i</name></expr>]</name>=<name>pOutput</name></expr>;</expr_stmt></then>
    <else>else
        <expr_stmt><expr><call><name><name>CC_RootObject</name>::<name>getEventRepository</name></name><argument_list>()</argument_list></call>-&gt;<call><name>create</name><argument_list>(<argument><expr><name>this</name></expr></argument>,<argument><expr><name>EVT_ILLEGAL_CB</name></expr></argument>)</argument_list></call></expr>;</expr_stmt></else></if>
}</block></function>

<function><type><name>bool</name></type> <name><name>PointerControlBlock</name>::<name>isObjectConfigured</name></name><parameter_list>(<param><decl><type><name>void</name></type></decl></param>)</parameter_list> <block>{
    <if>if <condition>(<expr>!<call><name><name>ControlBlock</name>::<name>isObjectConfigured</name></name><argument_list>()</argument_list></call></expr>)</condition><then>
        <return>return <expr><name>false</name></expr>;</return></then></if>

    <for>for (<init><expr><type><name>int</name></type> <name>i</name>=<init><expr>0</expr></init></expr>;</init><condition><expr><name>i</name>&lt;<name>nInputs</name></expr>;</condition><incr><expr><name>i</name>++</expr></incr>)
        <if>if <condition>(<expr><name><name>pU</name>[<expr><name>i</name></expr>]</name>==<name>pNULL</name></expr>)</condition><then>
            <return>return <expr><name>false</name></expr>;</return></then></if></for>

    <for>for (<init><expr><type><name>int</name></type> <name>i</name>=<init><expr>0</expr></init></expr>;</init><condition><expr><name>i</name>&lt;<name>nOutputs</name></expr>;</condition><incr><expr><name>i</name>++</expr></incr>)
        <if>if <condition>(<expr><name><name>pY</name>[<expr><name>i</name></expr>]</name>==<name>pNULL</name></expr>)</condition><then>
            <return>return <expr><name>false</name></expr>;</return></then></if></for>

    <return>return <expr><name>true</name></expr>;</return>
}</block></function>
</unit>
