<unit xmlns="http://www.sdml.info/srcML/src" xmlns:cpp="http://www.sdml.info/srcML/cpp">
<comment type="line">//
</comment><comment type="line">// Copyright 2004 P&amp;P Software GmbH - All Rights Reserved
</comment><comment type="line">//
</comment><comment type="line">// PointerControlBlock.h
</comment><comment type="line">//
</comment><comment type="line">// Version	1.0
</comment><comment type="line">// Date		11.10.03 (Version 1.0)
</comment><comment type="line">// Author	A. Pasetti (P&amp;P Software), R. Totaro
</comment><comment type="line">//
</comment><comment type="line">// Change Record:
</comment>
<cpp:ifndef>#<cpp:directive>ifndef</cpp:directive> <name>PointerControlBlockH</name></cpp:ifndef>
<cpp:define>#<cpp:directive>define</cpp:directive> <name>PointerControlBlockH</name></cpp:define>

<cpp:include>#<cpp:directive>include</cpp:directive> <cpp:file>"ControlBlock.h"</cpp:file></cpp:include>

<comment type="block">/**
 * Base class for pointer control blocks. 
 * A &lt;i&gt;pointer control block&lt;/i&gt; is a control block that is linked to its inputs
 * and outputs through pointers. It adds to its &lt;code&gt;ControlBlock&lt;/code&gt; base class
 * the following attributes:&lt;ul&gt;
 * &lt;li&gt;The &lt;i&gt;input pointers&lt;/i&gt;: the pointers to the external locations from which the input
 * values are loaded.&lt;/li&gt;
 * &lt;li&gt;The &lt;i&gt;output pointers&lt;/i&gt;: the pointers to the external locations to which the output
 * values are written.&lt;/li&gt;
 * &lt;/ul&gt;
 * This class adds services to set up the link between the block inputs and outputs and the
 * external locations from which the inputs are read and to which the outputs are written.
 * &lt;p&gt;
 * This class deviates from the project-specific coding rule PR3.1.
 * Use of pointers to a variable of primitive type is necessary to fulfill
 * the function of the class.
 * @author Alessandro Pasetti (P&amp;P Software GmbH)
 * @author Roberto Totaro
 * @version 1.0
 * @ingroup Data
 */</comment>
<class>class <name>PointerControlBlock</name> <super>: <specifier>public</specifier> <name>ControlBlock</name></super> <block>{<private type="default">
</private><protected>protected:
    <comment type="block">/**
     * Array of input pointers.
     * pU[i] holds the pointer to the i-th input variable with i lying in the 
     * interval [0,N-1] where N is the number of inputs.
     * @see #setInputLink
     */</comment>
    <decl_stmt><decl><type><name>TD_Float</name> **</type><name>pU</name></decl>;</decl_stmt>

    <comment type="block">/**
     * Array of output pointers.
     * pY[i] holds the pointer to the i-th output variable with i lying in the 
     * interval [0,N-1] where N is the number of outputs.
     * @see #setOutputLink
     */</comment>
    <decl_stmt><decl><type><name>TD_Float</name> **</type><name>pY</name></decl>;</decl_stmt>

    <comment type="block">/**
     * Set the number of inputs. This method causes the memory for the array holding
     * the input pointers to be allocated. This is an initialization method:  it shall
     * be called only once.
     * @param n the number of inputs
     */</comment>
    <function_decl><type><name>virtual</name> <name>void</name></type> <name>setNumberOfInputs</name><parameter_list>(<param><decl><type><name>unsigned</name> <name>int</name></type> <name>n</name></decl></param>)</parameter_list>;</function_decl>

    <comment type="block">/**
     * Set the number of outputs. This method causes the memory for the array holding
     * the output pointers to be allocated. This is an initialization method:  it shall
     * be called only once.
     * @param n the number of outputs
     */</comment>
    <function_decl><type><name>virtual</name> <name>void</name></type> <name>setNumberOfOutputs</name><parameter_list>(<param><decl><type><name>unsigned</name> <name>int</name></type> <name>n</name></decl></param>)</parameter_list>;</function_decl>

</protected><public>public:
    <comment type="block">/**
     * Instantiate a pointer control block. The input pointers and output pointers are
     * initialized to illegal values to signify that the component is not yet configured.
     */</comment>
    <constructor_decl><name>PointerControlBlock</name><parameter_list>(<param><decl><type><name>void</name></type></decl></param>)</parameter_list>;</constructor_decl>

    <comment type="block">/**
     * Set the i-th input pointer. This method sets the pointer to the location from which the
     * the i-th input should be read. The argument i must lie in the interval [0,n-1] where
     * n is the number of inputs.
     * Illegal argument values trigger the generation of an event report EVT_ILLEGAL_CB.
     * @param i the index of the input 
     * @param pInput the pointer to the external input location
     */</comment>
    <function_decl><type><name>void</name></type> <name>setInputLink</name><parameter_list>(<param><decl><type><name>unsigned</name> <name>int</name></type> <name>i</name></decl></param>,<param><decl><type><name>TD_Float</name> *</type><name>pInput</name></decl></param>)</parameter_list>;</function_decl>

    <comment type="block">/**
     * Set the i-th output pointer. This method sets the pointer to the location to which the
     * the i-th output should be written. The argument i must lie in the interval [0,n-1]
     * where n is the number of outputs.
     * Illegal argument values trigger the generation of an event report EVT_ILLEGAL_CB.
     * @param i the index of the output 
     * @param pOutput the pointer to the external output location
     */</comment>
    <function_decl><type><name>void</name></type> <name>setOutputLink</name><parameter_list>(<param><decl><type><name>unsigned</name> <name>int</name></type> <name>i</name></decl></param>,<param><decl><type><name>TD_Float</name> *</type><name>pOutput</name></decl></param>)</parameter_list>;</function_decl>

    <comment type="block">/**
     * Perform a class-specific configuration check on a pointer control block. 
     * It is checked that the input and output pointers have been loaded.
     */</comment>
    <function_decl><type><name>virtual</name> <name>bool</name></type> <name>isObjectConfigured</name><parameter_list>(<param><decl><type><name>void</name></type></decl></param>)</parameter_list>;</function_decl>
</public>}</block>;</class>
<cpp:endif>#<cpp:directive>endif</cpp:directive></cpp:endif>
</unit>
