<unit xmlns="http://www.sdml.info/srcML/src" xmlns:cpp="http://www.sdml.info/srcML/cpp">
<comment type="block">/*
 * PID_types.h
 *
 * Real-Time Workshop code generation for Simulink model "PID.mdl".
 *
 * Model Version                        : 1.15
 * Real-Time Workshop file version      : 5.0 $Date: 2004/01/16 06:53:50 $
 * Real-Time Workshop file generated on : Mon Jun 02 11:22:38 2003
 * TLC version                          : 5.0 (Jun 18 2002)
 * C source code generated on           : Mon Jun 02 11:22:38 2003
 */</comment>

<cpp:ifndef>#<cpp:directive>ifndef</cpp:directive> <name>_RTW_HEADER_PID_types_h_</name></cpp:ifndef>
<cpp:define># <cpp:directive>define</cpp:directive> <name>_RTW_HEADER_PID_types_h_</name></cpp:define>

<comment type="block">/* Forward declaration for rtModel */</comment>
<typedef>typedef <type>struct <name>_RT_MODEL_PID_Tag</name></type> <name>RT_MODEL_PID</name>;</typedef>

<cpp:endif>#<cpp:directive>endif</cpp:directive></cpp:endif>                                  <comment type="block">/* _RTW_HEADER_PID_types_h_ */</comment>
</unit>
