<unit xmlns="http://www.sdml.info/srcML/src" xmlns:cpp="http://www.sdml.info/srcML/cpp">
<comment type="line">//
</comment><comment type="line">// Copyright 2004 P&amp;P Software GmbH - All Rights Reserved
</comment><comment type="line">//
</comment><comment type="line">// RegressionTest.cpp
</comment><comment type="line">//
</comment><comment type="line">// Version	1.0
</comment><comment type="line">// Date		13.09.02
</comment><comment type="line">// Author   A. Pasetti (P&amp;P Software)
</comment>
<cpp:include>#<cpp:directive>include</cpp:directive> <cpp:file>"../Utilities/TestSuite.h"</cpp:file></cpp:include>
<cpp:include>#<cpp:directive>include</cpp:directive> <cpp:file>"../Utilities/TestUtilities.h"</cpp:file></cpp:include>

<cpp:include>#<cpp:directive>include</cpp:directive> <cpp:file>"TestCaseBasicDatabase_1.h"</cpp:file></cpp:include>
<cpp:include>#<cpp:directive>include</cpp:directive> <cpp:file>"TestCaseBasicDataPool_1.h"</cpp:file></cpp:include>
<cpp:include>#<cpp:directive>include</cpp:directive> <cpp:file>"TestCaseBasicPUSTcLoader_1.h"</cpp:file></cpp:include>
<cpp:include>#<cpp:directive>include</cpp:directive> <cpp:file>"TestCaseBasicPUSTmStream_1.h"</cpp:file></cpp:include>
<cpp:include>#<cpp:directive>include</cpp:directive> <cpp:file>"TestCaseBasicReconfigurer_1.h"</cpp:file></cpp:include>
<cpp:include>#<cpp:directive>include</cpp:directive> <cpp:file>"TestCaseByteArrayTelemetryStream_1.h"</cpp:file></cpp:include>
<cpp:include>#<cpp:directive>include</cpp:directive> <cpp:file>"TestCaseChecksum_1.h"</cpp:file></cpp:include>
<cpp:include>#<cpp:directive>include</cpp:directive> <cpp:file>"TestCaseControlAction_1.h"</cpp:file></cpp:include>
<cpp:include>#<cpp:directive>include</cpp:directive> <cpp:file>"TestCaseControlList_1.h"</cpp:file></cpp:include>
<cpp:include>#<cpp:directive>include</cpp:directive> <cpp:file>"TestCaseCycleDataItem16TmStream_1.h"</cpp:file></cpp:include>
<cpp:include>#<cpp:directive>include</cpp:directive> <cpp:file>"TestCaseCyclingPunctualActionModeManager_1.h"</cpp:file></cpp:include>
<cpp:include>#<cpp:directive>include</cpp:directive> <cpp:file>"TestCaseCyclingTelemetryModeManager_1.h"</cpp:file></cpp:include>
<cpp:include>#<cpp:directive>include</cpp:directive> <cpp:file>"TestCaseDataItem_1.h"</cpp:file></cpp:include>
<cpp:include>#<cpp:directive>include</cpp:directive> <cpp:file>"TestCaseDataItem16TmWord_1.h"</cpp:file></cpp:include>
<cpp:include>#<cpp:directive>include</cpp:directive> <cpp:file>"TestCaseDataPoolMonitor_1.h"</cpp:file></cpp:include>
<cpp:include>#<cpp:directive>include</cpp:directive> <cpp:file>"TestCaseDeltaProfile_1.h"</cpp:file></cpp:include>
<cpp:include>#<cpp:directive>include</cpp:directive> <cpp:file>"TestCaseDummyConditionalPunctualAction_1.h"</cpp:file></cpp:include>
<cpp:include>#<cpp:directive>include</cpp:directive> <cpp:file>"TestCaseDummyConfigurableManoeuvre_1.h"</cpp:file></cpp:include>
<cpp:include>#<cpp:directive>include</cpp:directive> <cpp:file>"TestCaseDummyCopyControlBlock_1.h"</cpp:file></cpp:include>
<cpp:include>#<cpp:directive>include</cpp:directive> <cpp:file>"TestCaseDummyCriticalTelecommand_1.h"</cpp:file></cpp:include>
<cpp:include>#<cpp:directive>include</cpp:directive> <cpp:file>"TestCaseDummyCriticalTelecommand_2.h"</cpp:file></cpp:include>
<cpp:include>#<cpp:directive>include</cpp:directive> <cpp:file>"TestCaseDummyDatabase_1.h"</cpp:file></cpp:include>
<cpp:include>#<cpp:directive>include</cpp:directive> <cpp:file>"TestCaseDummyDataItemControlBlock_1.h"</cpp:file></cpp:include>
<cpp:include>#<cpp:directive>include</cpp:directive> <cpp:file>"TestCaseDummyDataPool_1.h"</cpp:file></cpp:include>
<cpp:include>#<cpp:directive>include</cpp:directive> <cpp:file>"TestCaseDummyDataPoolControlBlock_1.h"</cpp:file></cpp:include>
<cpp:include>#<cpp:directive>include</cpp:directive> <cpp:file>"TestCaseDummyFsmState_1.h"</cpp:file></cpp:include>
<cpp:include>#<cpp:directive>include</cpp:directive> <cpp:file>"TestCaseDummyManoeuvre_1.h"</cpp:file></cpp:include>
<cpp:include>#<cpp:directive>include</cpp:directive> <cpp:file>"TestCaseDummyModeManager_1.h"</cpp:file></cpp:include>
<cpp:include>#<cpp:directive>include</cpp:directive> <cpp:file>"TestCaseDummyObsClock_1.h"</cpp:file></cpp:include>
<cpp:include>#<cpp:directive>include</cpp:directive> <cpp:file>"TestCaseDummyPointerControlBlock_1.h"</cpp:file></cpp:include>
<cpp:include>#<cpp:directive>include</cpp:directive> <cpp:file>"TestCaseDummyPunctualAction_1.h"</cpp:file></cpp:include>
<cpp:include>#<cpp:directive>include</cpp:directive> <cpp:file>"TestCaseDummyPUSTelecommand_1.h"</cpp:file></cpp:include>
<cpp:include>#<cpp:directive>include</cpp:directive> <cpp:file>"TestCaseDummyPUSTelemetryPacket_1.h"</cpp:file></cpp:include>
<cpp:include>#<cpp:directive>include</cpp:directive> <cpp:file>"TestCaseDummyTelecommand_1.h"</cpp:file></cpp:include>
<cpp:include>#<cpp:directive>include</cpp:directive> <cpp:file>"TestCaseDummyTelecommandLoader_1.h"</cpp:file></cpp:include>
<cpp:include>#<cpp:directive>include</cpp:directive> <cpp:file>"TestCaseDummyTelemetryPacket_1.h"</cpp:file></cpp:include>
<cpp:include>#<cpp:directive>include</cpp:directive> <cpp:file>"TestCaseDummyTelemetryStream_1.h"</cpp:file></cpp:include>
<cpp:include>#<cpp:directive>include</cpp:directive> <cpp:file>"TestCaseDummyTracer_1.h"</cpp:file></cpp:include>
<cpp:include>#<cpp:directive>include</cpp:directive> <cpp:file>"TestCaseEvent_1.h"</cpp:file></cpp:include>
<cpp:include>#<cpp:directive>include</cpp:directive> <cpp:file>"TestCaseEventRepository_1.h"</cpp:file></cpp:include>
<cpp:include>#<cpp:directive>include</cpp:directive> <cpp:file>"TestCaseEventRepository_2.h"</cpp:file></cpp:include>
<cpp:include>#<cpp:directive>include</cpp:directive> <cpp:file>"TestCaseEventRepository_3.h"</cpp:file></cpp:include>
<cpp:include>#<cpp:directive>include</cpp:directive> <cpp:file>"TestCaseFdirCheck_1.h"</cpp:file></cpp:include>
<cpp:include>#<cpp:directive>include</cpp:directive> <cpp:file>"TestCaseFileTelemetryStream_1.h"</cpp:file></cpp:include>
<cpp:include>#<cpp:directive>include</cpp:directive> <cpp:file>"TestCaseFileTelemetryStream_2.h"</cpp:file></cpp:include>
<cpp:include>#<cpp:directive>include</cpp:directive> <cpp:file>"TestCaseForbiddenValueProfile_1.h"</cpp:file></cpp:include>
<cpp:include>#<cpp:directive>include</cpp:directive> <cpp:file>"TestCaseFromFsmEvent_1.h"</cpp:file></cpp:include>
<cpp:include>#<cpp:directive>include</cpp:directive> <cpp:file>"TestCaseFsmEvent_1.h"</cpp:file></cpp:include>
<cpp:include>#<cpp:directive>include</cpp:directive> <cpp:file>"TestCaseFSM_1.h"</cpp:file></cpp:include>
<cpp:include>#<cpp:directive>include</cpp:directive> <cpp:file>"TestCaseFSM_2.h"</cpp:file></cpp:include>
<cpp:include>#<cpp:directive>include</cpp:directive> <cpp:file>"TestCaseFSM_3.h"</cpp:file></cpp:include>
<cpp:include>#<cpp:directive>include</cpp:directive> <cpp:file>"TestCaseInRangeProfile_1.h"</cpp:file></cpp:include>
<cpp:include>#<cpp:directive>include</cpp:directive> <cpp:file>"TestCaseIntStack_1.h"</cpp:file></cpp:include>
<cpp:include>#<cpp:directive>include</cpp:directive> <cpp:file>"TestCaseManoeuvreManager_1.h"</cpp:file></cpp:include>
<cpp:include>#<cpp:directive>include</cpp:directive> <cpp:file>"TestCaseManoeuvreManager_2.h"</cpp:file></cpp:include>
<cpp:include>#<cpp:directive>include</cpp:directive> <cpp:file>"TestCaseManoeuvreManager_3.h"</cpp:file></cpp:include>
<cpp:include>#<cpp:directive>include</cpp:directive> <cpp:file>"TestCaseManoeuvrePunctualAction_1.h"</cpp:file></cpp:include>
<cpp:include>#<cpp:directive>include</cpp:directive> <cpp:file>"TestCaseMatlabCopyPID_1.h"</cpp:file></cpp:include>
<cpp:include>#<cpp:directive>include</cpp:directive> <cpp:file>"TestCaseMatlabDataItemPID_1.h"</cpp:file></cpp:include>
<cpp:include>#<cpp:directive>include</cpp:directive> <cpp:file>"TestCaseMatlabDataPoolPID_1.h"</cpp:file></cpp:include>
<cpp:include>#<cpp:directive>include</cpp:directive> <cpp:file>"TestCaseMatlabPointerPID_1.h"</cpp:file></cpp:include>
<cpp:include>#<cpp:directive>include</cpp:directive> <cpp:file>"TestCaseNestedFsmActivator_1.h"</cpp:file></cpp:include>
<cpp:include>#<cpp:directive>include</cpp:directive> <cpp:file>"TestCaseNestedFsmActivatorWithEndState_1.h"</cpp:file></cpp:include>
<cpp:include>#<cpp:directive>include</cpp:directive> <cpp:file>"TestCaseNestedFsmActivatorWithExitCheck_1.h"</cpp:file></cpp:include>
<cpp:include>#<cpp:directive>include</cpp:directive> <cpp:file>"TestCaseNullProfile_1.h"</cpp:file></cpp:include>
<cpp:include>#<cpp:directive>include</cpp:directive> <cpp:file>"TestCaseOutOfRangeProfile_1.h"</cpp:file></cpp:include>
<cpp:include>#<cpp:directive>include</cpp:directive> <cpp:file>"TestCaseProfileList_1.h"</cpp:file></cpp:include>
<cpp:include>#<cpp:directive>include</cpp:directive> <cpp:file>"TestCasePUSClearDataReporting_1.h"</cpp:file></cpp:include>
<cpp:include>#<cpp:directive>include</cpp:directive> <cpp:file>"TestCasePUSControlDataReporting_1.h"</cpp:file></cpp:include>
<cpp:include>#<cpp:directive>include</cpp:directive> <cpp:file>"TestCasePUSDataReportingPacket_1.h"</cpp:file></cpp:include>
<cpp:include>#<cpp:directive>include</cpp:directive> <cpp:file>"TestCasePUSDataReportingPacket_2.h"</cpp:file></cpp:include>
<cpp:include>#<cpp:directive>include</cpp:directive> <cpp:file>"TestCasePUSDataReportingPacket_3.h"</cpp:file></cpp:include>
<cpp:include>#<cpp:directive>include</cpp:directive> <cpp:file>"TestCasePUSEventRepository_1.h"</cpp:file></cpp:include>
<cpp:include>#<cpp:directive>include</cpp:directive> <cpp:file>"TestCasePUSMemoryDumpOffset_1.h"</cpp:file></cpp:include>
<cpp:include>#<cpp:directive>include</cpp:directive> <cpp:file>"TestCasePUSMemoryLoadAbsolute_1.h"</cpp:file></cpp:include>
<cpp:include>#<cpp:directive>include</cpp:directive> <cpp:file>"TestCasePUSMemoryLoadOffset_1.h"</cpp:file></cpp:include>
<cpp:include>#<cpp:directive>include</cpp:directive> <cpp:file>"TestCasePUSMemoryLoadOffset_2.h"</cpp:file></cpp:include>
<cpp:include>#<cpp:directive>include</cpp:directive> <cpp:file>"TestCasePUSTelemetryModeManager_1.h"</cpp:file></cpp:include>
<cpp:include>#<cpp:directive>include</cpp:directive> <cpp:file>"TestCasePunctualActionManager_1.h"</cpp:file></cpp:include>
<cpp:include>#<cpp:directive>include</cpp:directive> <cpp:file>"TestCaseRawDataItem_1.h"</cpp:file></cpp:include>
<cpp:include>#<cpp:directive>include</cpp:directive> <cpp:file>"TestCaseRecoveryAction_1.h"</cpp:file></cpp:include>
<cpp:include>#<cpp:directive>include</cpp:directive> <cpp:file>"TestCaseRootObject_1.h"</cpp:file></cpp:include>
<cpp:include>#<cpp:directive>include</cpp:directive> <cpp:file>"TestCaseRootObject_2.h"</cpp:file></cpp:include>
<cpp:include>#<cpp:directive>include</cpp:directive> <cpp:file>"TestCaseRootObject_3.h"</cpp:file></cpp:include>
<cpp:include>#<cpp:directive>include</cpp:directive> <cpp:file>"TestCaseRootObjectStack_1.h"</cpp:file></cpp:include>
<cpp:include>#<cpp:directive>include</cpp:directive> <cpp:file>"TestCaseSampleFullDataPool_1.h"</cpp:file></cpp:include>
<cpp:include>#<cpp:directive>include</cpp:directive> <cpp:file>"TestCaseSampleMonitoredDataPool_1.h"</cpp:file></cpp:include>
<cpp:include>#<cpp:directive>include</cpp:directive> <cpp:file>"TestCaseSampleR1Database_1.h"</cpp:file></cpp:include>
<cpp:include>#<cpp:directive>include</cpp:directive> <cpp:file>"TestCaseSampleR2Database_1.h"</cpp:file></cpp:include>
<cpp:include>#<cpp:directive>include</cpp:directive> <cpp:file>"TestCaseSampleR3Database_1.h"</cpp:file></cpp:include>
<cpp:include>#<cpp:directive>include</cpp:directive> <cpp:file>"TestCaseSimpleChangeProfile_1.h"</cpp:file></cpp:include>
<cpp:include>#<cpp:directive>include</cpp:directive> <cpp:file>"TestCaseSimplePunctualActionModeManager_1.h"</cpp:file></cpp:include>
<cpp:include>#<cpp:directive>include</cpp:directive> <cpp:file>"TestCaseSimpleTelemetryModeManager_1.h"</cpp:file></cpp:include>
<cpp:include>#<cpp:directive>include</cpp:directive> <cpp:file>"TestCaseStuckDataProfile_1.h"</cpp:file></cpp:include>
<cpp:include>#<cpp:directive>include</cpp:directive> <cpp:file>"TestCaseTelecommandManager_1.h"</cpp:file></cpp:include>
<cpp:include>#<cpp:directive>include</cpp:directive> <cpp:file>"TestCaseTelecommandManager_2.h"</cpp:file></cpp:include>
<cpp:include>#<cpp:directive>include</cpp:directive> <cpp:file>"TestCaseTelecommandManager_3.h"</cpp:file></cpp:include>
<cpp:include>#<cpp:directive>include</cpp:directive> <cpp:file>"TestCaseTelemetryManager_1.h"</cpp:file></cpp:include>
<cpp:include>#<cpp:directive>include</cpp:directive> <cpp:file>"TestCaseTelemetryManager_2.h"</cpp:file></cpp:include>
<cpp:include>#<cpp:directive>include</cpp:directive> <cpp:file>"TestCaseTestPUSConfigurableManoeuvre_1.h"</cpp:file></cpp:include>
<cpp:include>#<cpp:directive>include</cpp:directive> <cpp:file>"TestCaseTestTracer_1.h"</cpp:file></cpp:include>
<cpp:include>#<cpp:directive>include</cpp:directive> <cpp:file>"TestCaseUnstableFsmState_1.h"</cpp:file></cpp:include>
<cpp:include>#<cpp:directive>include</cpp:directive> <cpp:file>"../GeneralInclude/TestCompilerSwitches.h"</cpp:file></cpp:include>
<cpp:include>#<cpp:directive>include</cpp:directive> <cpp:file>"../GeneralInclude/CompilerSwitches.h"</cpp:file></cpp:include>
<cpp:include>#<cpp:directive>include</cpp:directive> <cpp:file>"../GeneralInclude/Constants.h"</cpp:file></cpp:include>

<function><type><name>int</name></type> <name>main</name><parameter_list>(<param><decl><type><name>int</name></type> <name>argc</name></decl></param>, <param><decl><type><name>char</name>*</type> <name><name>argv</name>[]</name></decl></param>)</parameter_list> <block>{

    <comment type="line">// Open output file (only on MS_HOST)
</comment>	<decl_stmt><decl><type><name>FILE</name>*</type> <name>out</name>=<init><expr><name>pNULL</name></expr></init></decl>;</decl_stmt>
<cpp:ifdef>#<cpp:directive>ifdef</cpp:directive> <name>MS_HOST</name></cpp:ifdef>
    <if>if<condition>( <expr>(<name>out</name>  = <call><name>fopen</name><argument_list>(<argument><expr>"RegressionTestReport.html"</expr></argument>,<argument><expr>"w"</expr></argument>)</argument_list></call>) == <name>pNULL</name></expr> )</condition><then>
       <expr_stmt><expr><call><name>printf</name><argument_list>( <argument><expr>"\nThe file 'RegressionTestReport.html' could not be opened\n"</expr></argument> )</argument_list></call></expr>;</expr_stmt></then>
	<else>else
       <expr_stmt><expr><call><name>printf</name><argument_list>( <argument><expr>"\nThe file 'RegressionTestReport.html' was successfully opened\n"</expr></argument> )</argument_list></call></expr>;</expr_stmt></else></if>
<cpp:endif>#<cpp:directive>endif</cpp:directive></cpp:endif>

    <expr_stmt><expr><call><name>printf</name><argument_list>( <argument><expr>"\nBegin regression test ...\n"</expr></argument> )</argument_list></call></expr>;</expr_stmt>

	<comment type="line">// Create and load a test suite (NB: The TestCaseRootObject_3 must be the
</comment>    <comment type="line">// the first test case to run because it tests the system configuration
</comment>    <comment type="line">// service)
</comment>	<function_decl><type><name>TestSuite</name></type> <name>testSuite</name><parameter_list>(<param><decl><type><name>out</name></type></decl></param>)</parameter_list>;</function_decl>

    <expr_stmt><expr><name>testSuite</name>.<macro>loadTestCase<argument_list>(new TestCaseRootObject_3)</argument_list></macro></expr>;</expr_stmt>
	<expr_stmt><expr><name>testSuite</name>.<macro>loadTestCase<argument_list>(new TestCaseBasicDatabase_1)</argument_list></macro></expr>;</expr_stmt>
	<expr_stmt><expr><name>testSuite</name>.<macro>loadTestCase<argument_list>(new TestCaseBasicDataPool_1)</argument_list></macro></expr>;</expr_stmt>
	<expr_stmt><expr><name>testSuite</name>.<macro>loadTestCase<argument_list>(new TestCaseBasicPUSTcLoader_1)</argument_list></macro></expr>;</expr_stmt>
	<expr_stmt><expr><name>testSuite</name>.<macro>loadTestCase<argument_list>(new TestCaseBasicPUSTmStream_1)</argument_list></macro></expr>;</expr_stmt>
	<expr_stmt><expr><name>testSuite</name>.<macro>loadTestCase<argument_list>(new TestCaseBasicReconfigurer_1)</argument_list></macro></expr>;</expr_stmt>
	<expr_stmt><expr><name>testSuite</name>.<macro>loadTestCase<argument_list>(new TestCaseByteArrayTelemetryStream_1)</argument_list></macro></expr>;</expr_stmt>
	<expr_stmt><expr><name>testSuite</name>.<macro>loadTestCase<argument_list>(new TestCaseChecksum_1)</argument_list></macro></expr>;</expr_stmt>
	<expr_stmt><expr><name>testSuite</name>.<macro>loadTestCase<argument_list>(new TestCaseControlAction_1)</argument_list></macro></expr>;</expr_stmt>
	<expr_stmt><expr><name>testSuite</name>.<macro>loadTestCase<argument_list>(new TestCaseControlList_1)</argument_list></macro></expr>;</expr_stmt>
	<expr_stmt><expr><name>testSuite</name>.<macro>loadTestCase<argument_list>(new TestCaseCycleDataItem16TmStream_1)</argument_list></macro></expr>;</expr_stmt>
	<expr_stmt><expr><name>testSuite</name>.<macro>loadTestCase<argument_list>(new TestCaseCyclingTelemetryModeManager_1)</argument_list></macro></expr>;</expr_stmt>
	<expr_stmt><expr><name>testSuite</name>.<macro>loadTestCase<argument_list>(new TestCaseCyclingPunctualActionModeManager_1)</argument_list></macro></expr>;</expr_stmt>
	<expr_stmt><expr><name>testSuite</name>.<macro>loadTestCase<argument_list>(new TestCaseDataItem_1)</argument_list></macro></expr>;</expr_stmt>
	<expr_stmt><expr><name>testSuite</name>.<macro>loadTestCase<argument_list>(new TestCaseDataItem16TmWord_1)</argument_list></macro></expr>;</expr_stmt>
	<expr_stmt><expr><name>testSuite</name>.<macro>loadTestCase<argument_list>(new TestCaseDataPoolMonitor_1)</argument_list></macro></expr>;</expr_stmt>
	<expr_stmt><expr><name>testSuite</name>.<macro>loadTestCase<argument_list>(new TestCaseDeltaProfile_1)</argument_list></macro></expr>;</expr_stmt>
	<expr_stmt><expr><name>testSuite</name>.<macro>loadTestCase<argument_list>(new TestCaseDummyConditionalPunctualAction_1)</argument_list></macro></expr>;</expr_stmt>
	<expr_stmt><expr><name>testSuite</name>.<macro>loadTestCase<argument_list>(new TestCaseDummyConfigurableManoeuvre_1)</argument_list></macro></expr>;</expr_stmt>
	<expr_stmt><expr><name>testSuite</name>.<macro>loadTestCase<argument_list>(new TestCaseDummyCopyControlBlock_1)</argument_list></macro></expr>;</expr_stmt>
	<expr_stmt><expr><name>testSuite</name>.<macro>loadTestCase<argument_list>(new TestCaseDummyCriticalTelecommand_1)</argument_list></macro></expr>;</expr_stmt>
	<expr_stmt><expr><name>testSuite</name>.<macro>loadTestCase<argument_list>(new TestCaseDummyCriticalTelecommand_2)</argument_list></macro></expr>;</expr_stmt>
	<expr_stmt><expr><name>testSuite</name>.<macro>loadTestCase<argument_list>(new TestCaseDummyDatabase_1)</argument_list></macro></expr>;</expr_stmt>
	<expr_stmt><expr><name>testSuite</name>.<macro>loadTestCase<argument_list>(new TestCaseDummyDataItemControlBlock_1)</argument_list></macro></expr>;</expr_stmt>
	<expr_stmt><expr><name>testSuite</name>.<macro>loadTestCase<argument_list>(new TestCaseDummyDataPool_1)</argument_list></macro></expr>;</expr_stmt>
	<expr_stmt><expr><name>testSuite</name>.<macro>loadTestCase<argument_list>(new TestCaseDummyDataPoolControlBlock_1)</argument_list></macro></expr>;</expr_stmt>
	<expr_stmt><expr><name>testSuite</name>.<macro>loadTestCase<argument_list>(new TestCaseDummyFsmState_1)</argument_list></macro></expr>;</expr_stmt>
	<expr_stmt><expr><name>testSuite</name>.<macro>loadTestCase<argument_list>(new TestCaseDummyManoeuvre_1)</argument_list></macro></expr>;</expr_stmt>
	<expr_stmt><expr><name>testSuite</name>.<macro>loadTestCase<argument_list>(new TestCaseDummyModeManager_1)</argument_list></macro></expr>;</expr_stmt>
	<expr_stmt><expr><name>testSuite</name>.<macro>loadTestCase<argument_list>(new TestCaseDummyObsClock_1)</argument_list></macro></expr>;</expr_stmt>
	<expr_stmt><expr><name>testSuite</name>.<macro>loadTestCase<argument_list>(new TestCaseDummyPointerControlBlock_1)</argument_list></macro></expr>;</expr_stmt>
	<expr_stmt><expr><name>testSuite</name>.<macro>loadTestCase<argument_list>(new TestCaseDummyPunctualAction_1)</argument_list></macro></expr>;</expr_stmt>
	<expr_stmt><expr><name>testSuite</name>.<macro>loadTestCase<argument_list>(new TestCaseDummyPUSTelecommand_1)</argument_list></macro></expr>;</expr_stmt>
	<expr_stmt><expr><name>testSuite</name>.<macro>loadTestCase<argument_list>(new TestCaseDummyPUSTelemetryPacket_1)</argument_list></macro></expr>;</expr_stmt>
	<expr_stmt><expr><name>testSuite</name>.<macro>loadTestCase<argument_list>(new TestCaseDummyTelecommand_1)</argument_list></macro></expr>;</expr_stmt>
	<expr_stmt><expr><name>testSuite</name>.<macro>loadTestCase<argument_list>(new TestCaseDummyTelecommandLoader_1)</argument_list></macro></expr>;</expr_stmt>
	<expr_stmt><expr><name>testSuite</name>.<macro>loadTestCase<argument_list>(new TestCaseDummyTelemetryPacket_1)</argument_list></macro></expr>;</expr_stmt>
	<expr_stmt><expr><name>testSuite</name>.<macro>loadTestCase<argument_list>(new TestCaseDummyTelemetryStream_1)</argument_list></macro></expr>;</expr_stmt>
	<expr_stmt><expr><name>testSuite</name>.<macro>loadTestCase<argument_list>(new TestCaseDummyTracer_1)</argument_list></macro></expr>;</expr_stmt>
	<expr_stmt><expr><name>testSuite</name>.<macro>loadTestCase<argument_list>(new TestCaseFsmEvent_1)</argument_list></macro></expr>;</expr_stmt>
	<expr_stmt><expr><name>testSuite</name>.<macro>loadTestCase<argument_list>(new TestCaseEvent_1)</argument_list></macro></expr>;</expr_stmt>
	<expr_stmt><expr><name>testSuite</name>.<macro>loadTestCase<argument_list>(new TestCaseEventRepository_1)</argument_list></macro></expr>;</expr_stmt>
	<expr_stmt><expr><name>testSuite</name>.<macro>loadTestCase<argument_list>(new TestCaseEventRepository_2)</argument_list></macro></expr>;</expr_stmt>
	<expr_stmt><expr><name>testSuite</name>.<macro>loadTestCase<argument_list>(new TestCaseEventRepository_3)</argument_list></macro></expr>;</expr_stmt>
	<expr_stmt><expr><name>testSuite</name>.<macro>loadTestCase<argument_list>(new TestCaseFdirCheck_1)</argument_list></macro></expr>;</expr_stmt>
<cpp:ifdef>#<cpp:directive>ifdef</cpp:directive> <name>MS_HOST</name></cpp:ifdef>
	<expr_stmt><expr><name>testSuite</name>.<macro>loadTestCase<argument_list>(new TestCaseFileTelemetryStream_1)</argument_list></macro></expr>;</expr_stmt>
<cpp:endif>#<cpp:directive>endif</cpp:directive></cpp:endif>
	<expr_stmt><expr><name>testSuite</name>.<macro>loadTestCase<argument_list>(new TestCaseFileTelemetryStream_2)</argument_list></macro></expr>;</expr_stmt>
	<expr_stmt><expr><name>testSuite</name>.<macro>loadTestCase<argument_list>(new TestCaseForbiddenValueProfile_1)</argument_list></macro></expr>;</expr_stmt>
	<expr_stmt><expr><name>testSuite</name>.<macro>loadTestCase<argument_list>(new TestCaseFromFsmEvent_1)</argument_list></macro></expr>;</expr_stmt>
	<expr_stmt><expr><name>testSuite</name>.<macro>loadTestCase<argument_list>(new TestCaseFSM_1)</argument_list></macro></expr>;</expr_stmt>
	<expr_stmt><expr><name>testSuite</name>.<macro>loadTestCase<argument_list>(new TestCaseFSM_2)</argument_list></macro></expr>;</expr_stmt>
	<expr_stmt><expr><name>testSuite</name>.<macro>loadTestCase<argument_list>(new TestCaseFSM_3)</argument_list></macro></expr>;</expr_stmt>
    <expr_stmt><expr><name>testSuite</name>.<macro>loadTestCase<argument_list>(new TestCaseNestedFsmActivator_1)</argument_list></macro></expr>;</expr_stmt>
	<expr_stmt><expr><name>testSuite</name>.<macro>loadTestCase<argument_list>(new TestCaseNestedFsmActivatorWithEndState_1)</argument_list></macro></expr>;</expr_stmt>
	<expr_stmt><expr><name>testSuite</name>.<macro>loadTestCase<argument_list>(new TestCaseNestedFsmActivatorWithExitCheck_1)</argument_list></macro></expr>;</expr_stmt>
	<expr_stmt><expr><name>testSuite</name>.<macro>loadTestCase<argument_list>(new TestCaseIntStack_1)</argument_list></macro></expr>;</expr_stmt>
	<expr_stmt><expr><name>testSuite</name>.<macro>loadTestCase<argument_list>(new TestCaseInRangeProfile_1)</argument_list></macro></expr>;</expr_stmt>
	<expr_stmt><expr><name>testSuite</name>.<macro>loadTestCase<argument_list>(new TestCaseManoeuvreManager_1)</argument_list></macro></expr>;</expr_stmt>
	<expr_stmt><expr><name>testSuite</name>.<macro>loadTestCase<argument_list>(new TestCaseManoeuvreManager_2)</argument_list></macro></expr>;</expr_stmt>
	<expr_stmt><expr><name>testSuite</name>.<macro>loadTestCase<argument_list>(new TestCaseManoeuvreManager_3)</argument_list></macro></expr>;</expr_stmt>
	<expr_stmt><expr><name>testSuite</name>.<macro>loadTestCase<argument_list>(new TestCaseManoeuvrePunctualAction_1)</argument_list></macro></expr>;</expr_stmt>
	<expr_stmt><expr><name>testSuite</name>.<macro>loadTestCase<argument_list>(new TestCaseMatlabCopyPID_1)</argument_list></macro></expr>;</expr_stmt>
	<expr_stmt><expr><name>testSuite</name>.<macro>loadTestCase<argument_list>(new TestCaseMatlabDataPoolPID_1)</argument_list></macro></expr>;</expr_stmt>
	<expr_stmt><expr><name>testSuite</name>.<macro>loadTestCase<argument_list>(new TestCaseMatlabDataItemPID_1)</argument_list></macro></expr>;</expr_stmt>
	<expr_stmt><expr><name>testSuite</name>.<macro>loadTestCase<argument_list>(new TestCaseMatlabPointerPID_1)</argument_list></macro></expr>;</expr_stmt>
	<expr_stmt><expr><name>testSuite</name>.<macro>loadTestCase<argument_list>(new TestCaseNullProfile_1)</argument_list></macro></expr>;</expr_stmt>
	<expr_stmt><expr><name>testSuite</name>.<macro>loadTestCase<argument_list>(new TestCaseOutOfRangeProfile_1)</argument_list></macro></expr>;</expr_stmt>
	<expr_stmt><expr><name>testSuite</name>.<macro>loadTestCase<argument_list>(new TestCaseProfileList_1)</argument_list></macro></expr>;</expr_stmt>
	<expr_stmt><expr><name>testSuite</name>.<macro>loadTestCase<argument_list>(new TestCasePunctualActionManager_1)</argument_list></macro></expr>;</expr_stmt>
	<expr_stmt><expr><name>testSuite</name>.<macro>loadTestCase<argument_list>(new TestCasePUSClearDataReporting_1)</argument_list></macro></expr>;</expr_stmt>
	<expr_stmt><expr><name>testSuite</name>.<macro>loadTestCase<argument_list>(new TestCasePUSControlDataReporting_1)</argument_list></macro></expr>;</expr_stmt>
	<expr_stmt><expr><name>testSuite</name>.<macro>loadTestCase<argument_list>(new TestCasePUSDataReportingPacket_1)</argument_list></macro></expr>;</expr_stmt>
    <expr_stmt><expr><name>testSuite</name>.<macro>loadTestCase<argument_list>(new TestCasePUSDataReportingPacket_2)</argument_list></macro></expr>;</expr_stmt>
    <expr_stmt><expr><name>testSuite</name>.<macro>loadTestCase<argument_list>(new TestCasePUSDataReportingPacket_3)</argument_list></macro></expr>;</expr_stmt>
    <expr_stmt><expr><name>testSuite</name>.<macro>loadTestCase<argument_list>(new TestCasePUSEventRepository_1)</argument_list></macro></expr>;</expr_stmt>
    <expr_stmt><expr><name>testSuite</name>.<macro>loadTestCase<argument_list>(new TestCasePUSMemoryDumpOffset_1)</argument_list></macro></expr>;</expr_stmt>
    <expr_stmt><expr><name>testSuite</name>.<macro>loadTestCase<argument_list>(new TestCasePUSMemoryLoadAbsolute_1)</argument_list></macro></expr>;</expr_stmt>
    <expr_stmt><expr><name>testSuite</name>.<macro>loadTestCase<argument_list>(new TestCasePUSMemoryLoadOffset_1)</argument_list></macro></expr>;</expr_stmt>
    <expr_stmt><expr><name>testSuite</name>.<macro>loadTestCase<argument_list>(new TestCasePUSMemoryLoadOffset_2)</argument_list></macro></expr>;</expr_stmt>
    <expr_stmt><expr><name>testSuite</name>.<macro>loadTestCase<argument_list>(new TestCasePUSTelemetryModeManager_1)</argument_list></macro></expr>;</expr_stmt>
	<expr_stmt><expr><name>testSuite</name>.<macro>loadTestCase<argument_list>(new TestCaseRecoveryAction_1)</argument_list></macro></expr>;</expr_stmt>
	<expr_stmt><expr><name>testSuite</name>.<macro>loadTestCase<argument_list>(new TestCaseRawDataItem_1)</argument_list></macro></expr>;</expr_stmt>
    <expr_stmt><expr><name>testSuite</name>.<macro>loadTestCase<argument_list>(new TestCaseRootObject_1)</argument_list></macro></expr>;</expr_stmt>
	<expr_stmt><expr><name>testSuite</name>.<macro>loadTestCase<argument_list>(new TestCaseRootObject_2)</argument_list></macro></expr>;</expr_stmt>
	<expr_stmt><expr><name>testSuite</name>.<macro>loadTestCase<argument_list>(new TestCaseRootObjectStack_1)</argument_list></macro></expr>;</expr_stmt>
	<expr_stmt><expr><name>testSuite</name>.<macro>loadTestCase<argument_list>(new TestCaseSampleFullDataPool_1)</argument_list></macro></expr>;</expr_stmt>
	<expr_stmt><expr><name>testSuite</name>.<macro>loadTestCase<argument_list>(new TestCaseSampleMonitoredDataPool_1)</argument_list></macro></expr>;</expr_stmt>
	<expr_stmt><expr><name>testSuite</name>.<macro>loadTestCase<argument_list>(new TestCaseSampleR1Database_1)</argument_list></macro></expr>;</expr_stmt>
	<expr_stmt><expr><name>testSuite</name>.<macro>loadTestCase<argument_list>(new TestCaseSampleR2Database_1)</argument_list></macro></expr>;</expr_stmt>
	<expr_stmt><expr><name>testSuite</name>.<macro>loadTestCase<argument_list>(new TestCaseSampleR3Database_1)</argument_list></macro></expr>;</expr_stmt>
    <expr_stmt><expr><name>testSuite</name>.<macro>loadTestCase<argument_list>(new TestCaseSimpleChangeProfile_1)</argument_list></macro></expr>;</expr_stmt>
	<expr_stmt><expr><name>testSuite</name>.<macro>loadTestCase<argument_list>(new TestCaseSimplePunctualActionModeManager_1)</argument_list></macro></expr>;</expr_stmt>
	<expr_stmt><expr><name>testSuite</name>.<macro>loadTestCase<argument_list>(new TestCaseSimpleTelemetryModeManager_1)</argument_list></macro></expr>;</expr_stmt>
	<expr_stmt><expr><name>testSuite</name>.<macro>loadTestCase<argument_list>(new TestCaseStuckDataProfile_1)</argument_list></macro></expr>;</expr_stmt>
	<expr_stmt><expr><name>testSuite</name>.<macro>loadTestCase<argument_list>(new TestCaseTelecommandManager_1)</argument_list></macro></expr>;</expr_stmt>
	<expr_stmt><expr><name>testSuite</name>.<macro>loadTestCase<argument_list>(new TestCaseTelecommandManager_2)</argument_list></macro></expr>;</expr_stmt>
	<expr_stmt><expr><name>testSuite</name>.<macro>loadTestCase<argument_list>(new TestCaseTelecommandManager_3)</argument_list></macro></expr>;</expr_stmt>
    <expr_stmt><expr><name>testSuite</name>.<macro>loadTestCase<argument_list>(new TestCaseTelemetryManager_1)</argument_list></macro></expr>;</expr_stmt>
    <expr_stmt><expr><name>testSuite</name>.<macro>loadTestCase<argument_list>(new TestCaseTelemetryManager_2)</argument_list></macro></expr>;</expr_stmt>
	<expr_stmt><expr><name>testSuite</name>.<macro>loadTestCase<argument_list>(new TestCaseTestPUSConfigurableManoeuvre_1)</argument_list></macro></expr>;</expr_stmt>
	<expr_stmt><expr><name>testSuite</name>.<macro>loadTestCase<argument_list>(new TestCaseTestTracer_1)</argument_list></macro></expr>;</expr_stmt>
	<expr_stmt><expr><name>testSuite</name>.<macro>loadTestCase<argument_list>(new TestCaseUnstableFsmState_1)</argument_list></macro></expr>;</expr_stmt>

	<comment type="line">// Run the test suite -- this causes all test cases in
</comment>	<comment type="line">// the test suite to be run in sequence
</comment>	<expr_stmt><expr><name>testSuite</name>.<call><name>runTestSuite</name><argument_list>()</argument_list></call></expr>;</expr_stmt>

    <expr_stmt><expr><call><name>printf</name><argument_list>( <argument><expr>"\nRegression test ended...\n"</expr></argument> )</argument_list></call></expr>;</expr_stmt>

	<comment type="line">// close output file
</comment><cpp:ifdef>#<cpp:directive>ifdef</cpp:directive> <name>MS_HOST</name></cpp:ifdef>
	<expr_stmt><expr><call><name>fclose</name><argument_list>(<argument><expr><name>out</name></expr></argument>)</argument_list></call></expr>;</expr_stmt>
<cpp:endif>#<cpp:directive>endif</cpp:directive></cpp:endif>
	<return>return <expr>0</expr>;</return>

}</block></function>

</unit>
