<unit xmlns="http://www.sdml.info/srcML/src" xmlns:cpp="http://www.sdml.info/srcML/cpp">
<comment type="line">//
</comment><comment type="line">// Copyright 2004 P&amp;P Software GmbH - All Rights Reserved
</comment><comment type="line">//
</comment><comment type="line">// TestCaseRecoveryAction_1.h
</comment><comment type="line">//
</comment><comment type="line">// Version	1.0
</comment><comment type="line">// Date		25.06.03 (Version 1.0)
</comment><comment type="line">// Author	R. Totaro
</comment>
<cpp:ifndef>#<cpp:directive>ifndef</cpp:directive> <name>TestCaseRecoveryAction_1H</name></cpp:ifndef>
<cpp:define>#<cpp:directive>define</cpp:directive> <name>TestCaseRecoveryAction_1H</name></cpp:define>

<cpp:include>#<cpp:directive>include</cpp:directive> <cpp:file>"../Utilities/TestCaseGenericSetUp.h"</cpp:file></cpp:include>

<comment type="block">/**
 * Verify the services of recovery actions. One &lt;code&gt;DC_NullRecoveryAction&lt;/code&gt; object
 * (from now on referred to as "pNRA") and one &lt;code&gt;DC_DummyRecoveryAction&lt;/code&gt;
 * object (from now on referred to as "pDRA") are created and the following
 * tests are performed upon them:&lt;ol&gt;
 * &lt;li&gt;The correctness of both class ids is verified.&lt;/li&gt;
 * &lt;li&gt;It is verified that &lt;code&gt;pDRA-&gt;getNextRecoveryAction()&lt;/code&gt;
 * returns &lt;code&gt;NULL&lt;/code&gt;.&lt;/li&gt;
 * &lt;li&gt;It is verified that a call to &lt;code&gt;pDRA-&gt;execute()&lt;/code&gt; returns
 * &lt;code&gt;ACTION_SUCCESS&lt;/code&gt;.&lt;/li&gt;
 * &lt;li&gt;&lt;code&gt;pDRA&lt;/code&gt;'s execution flag is set to &lt;code&gt;false&lt;/code&gt; and
 * &lt;code&gt;pDRA-&gt;execute()&lt;/code&gt; is invoked. It is verified that it returns
 * &lt;code&gt;ACTION_CANNOT_EXECUTE&lt;/code&gt;.&lt;/li&gt;
 * &lt;li&gt;It is verified that &lt;code&gt;pNRA-&gt;execute()&lt;/code&gt; returns
 * &lt;code&gt;ACTION_SUCCESS&lt;/code&gt;.&lt;/li&gt;
 * &lt;li&gt;&lt;code&gt;pDRA&lt;/code&gt; is set as &lt;code&gt;pNRA&lt;/code&gt;'s "next recovery action". It is
 * verified that &lt;code&gt;NRA-&gt;getNextRecoveryAction()&lt;/code&gt; returns the correct value.&lt;/li&gt;
 * &lt;li&gt;The action outcome of &lt;code&gt;pDRA&lt;/code&gt; is set to &lt;code&gt;ACTION_FAILURE&lt;/code&gt; and its
 * execution flag to &lt;code&gt;true&lt;/code&gt;. It is verified that &lt;code&gt;pNRA-&gt;execute()&lt;/code&gt;
 * returns &lt;code&gt;ACTION_FAILURE&lt;/code&gt;.&lt;/li&gt;
 * &lt;/ol&gt;
 * @see RecoveryAction
 * @see DC_NullRecoveryAction
 * @see DC_DummyRecoveryAction
 * @author Roberto Totaro
 * @version 1.0
 */</comment>
<class>class <name>TestCaseRecoveryAction_1</name> <super>: <specifier>public</specifier> <name>TestCaseGenericSetUp</name></super> <block>{<private type="default">
</private><public>public:
	<comment type="block">/**
	 * Set the identifier and the name of the test case to, respectively,
	 * ID_DUMMYRECOVERYACTION*10+1 and "TestCaseRecoveryAction_1".
	 */</comment>
	<constructor_decl><name>TestCaseRecoveryAction_1</name><parameter_list>(<param><decl><type><name>void</name></type></decl></param>)</parameter_list>;</constructor_decl>

	<comment type="block">/**
	 * Execute the test case. See class comment for details.
	 */</comment>
	<function_decl><type><name>virtual</name> <name>void</name></type> <name>runTestCase</name><parameter_list>(<param><decl><type><name>void</name></type></decl></param>)</parameter_list>;</function_decl>
</public>}</block>;</class>
<cpp:endif>#<cpp:directive>endif</cpp:directive></cpp:endif>
</unit>
