<unit xmlns="http://www.sdml.info/srcML/src" xmlns:cpp="http://www.sdml.info/srcML/cpp">
<comment type="line">//
</comment><comment type="line">// Copyright 2004 P&amp;P Software GmbH - All Rights Reserved
</comment><comment type="line">//
</comment><comment type="line">// TestCaseBasicDatabase_1.h
</comment><comment type="line">//
</comment><comment type="line">// Version	1.0
</comment><comment type="line">// Date		12.10.02
</comment><comment type="line">// Author	A. Pasetti (P&amp;P Software)
</comment>
<cpp:ifndef>#<cpp:directive>ifndef</cpp:directive> <name>TestCaseBasicDatabase_1H</name></cpp:ifndef>
<cpp:define>#<cpp:directive>define</cpp:directive> <name>TestCaseBasicDatabase_1H</name></cpp:define>

<cpp:include>#<cpp:directive>include</cpp:directive> <cpp:file>"../Utilities/TestCaseGenericSetUp.h"</cpp:file></cpp:include>

<comment type="block">/**
 * Verify the functionalities implemented by the
 * &lt;code&gt;DC_BasicDatabase&lt;/code&gt; component.
 * An instance of the component is created and the following
 * specific tests are performed upon it: &lt;ol&gt;
 * &lt;li&gt;It is verified that the class ID of the component has the correct value.&lt;/li&gt;
 * &lt;li&gt;It is verified that, after instantiation, the configuration service
 * of the component reports "not configured".&lt;/li&gt;
 * &lt;li&gt;The database size is set and then read back and it is checked that the read-back
 * value is correct.&lt;/li&gt;
 * &lt;li&gt;The configuration of the database component is completed by loading the default and
 * operational tables and it is verified that the configuration service
 * of the component reports "configured".&lt;/li&gt;
 * &lt;li&gt;It is verified that the operational table is initialized to hold a copy
 * of the default table.&lt;/li&gt;
 * &lt;li&gt;The setter and getter methods for all parameters types are verified.&lt;/li&gt;
 * &lt;li&gt;The pointer getter methods for all parameters types are verified.&lt;/li&gt;
 * &lt;/ol&gt;
 * @see DC_BasicDatabase
 * @author Alessandro Pasetti (P&amp;P Software GmbH)
 * @version 1.0
 */</comment>
<class>class <name>TestCaseBasicDatabase_1</name> <super>: <specifier>public</specifier> <name>TestCaseGenericSetUp</name></super> <block>{<private type="default">

</private><public>public :

     <comment type="block">/**
      * Set the identifier and the name of the test case to, respectively,
      * ID_BASICDATABASE*10+1 and "TestCaseBasicDatabase_1".
      */</comment>
     <constructor_decl><name>TestCaseBasicDatabase_1</name><parameter_list>(<param><decl><type><name>void</name></type></decl></param>)</parameter_list>;</constructor_decl>

     <comment type="block">/**
      * Execute the test case. See class comment for details.
      */</comment>
	<function_decl><type><name>virtual</name> <name>void</name></type> <name>runTestCase</name><parameter_list>(<param><decl><type><name>void</name></type></decl></param>)</parameter_list>;</function_decl>
</public>}</block>;</class>

<cpp:endif>#<cpp:directive>endif</cpp:directive></cpp:endif>
</unit>
