<unit xmlns="http://www.sdml.info/srcML/src" xmlns:cpp="http://www.sdml.info/srcML/cpp">
<comment type="line">//
</comment><comment type="line">// Copyright 2004 P&amp;P Software GmbH - All Rights Reserved
</comment><comment type="line">//
</comment><comment type="line">// TestCaseCycleDataItem16TmStream_1.cpp
</comment><comment type="line">//
</comment><comment type="line">// Version	1.1
</comment><comment type="line">// Date		18.04.03
</comment><comment type="line">// Author	A. Pasetti (P&amp;P Software)
</comment>
<cpp:include>#<cpp:directive>include</cpp:directive> <cpp:file>"../GeneralInclude/CompilerSwitches.h"</cpp:file></cpp:include>
<cpp:include>#<cpp:directive>include</cpp:directive> <cpp:file>"../GeneralInclude/ClassId.h"</cpp:file></cpp:include>
<cpp:include>#<cpp:directive>include</cpp:directive> <cpp:file>"../GeneralInclude/TestConstants.h"</cpp:file></cpp:include>
<cpp:include>#<cpp:directive>include</cpp:directive> <cpp:file>"../Telemetry/DC_CycleDataItem16TmStream.h"</cpp:file></cpp:include>
<cpp:include>#<cpp:directive>include</cpp:directive> <cpp:file>"../Telemetry/DC_DummyTelemetryPacket.h"</cpp:file></cpp:include>
<cpp:include>#<cpp:directive>include</cpp:directive> <cpp:file>"../Data/DC_DataItem.h"</cpp:file></cpp:include>
<cpp:include>#<cpp:directive>include</cpp:directive> <cpp:file>"../Data/DC_RawDataItem.h"</cpp:file></cpp:include>
<cpp:include>#<cpp:directive>include</cpp:directive> <cpp:file>"TestCaseCycleDataItem16TmStream_1.h"</cpp:file></cpp:include>

<constructor><name>TestCaseCycleDataItem16TmStream_1::TestCaseCycleDataItem16TmStream_1</name><parameter_list>(<param><decl><type><name>void</name></type></decl></param>)</parameter_list> <member_list>:
	<call><name>TestCaseGenericSetUp</name><argument_list>(<argument><expr><name>ID_CYCLEDATAITEM16TMSTREAM</name>*10+1</expr></argument>,<argument><expr>"TestCaseCycleDataItem16TmStream_1"</expr></argument>)</argument_list></call> </member_list><block>{
		<return>return;</return>
}</block></constructor>

<function><type><name>void</name></type> <name><name>TestCaseCycleDataItem16TmStream_1</name>::<name>runTestCase</name></name><parameter_list>(<param><decl><type><name>void</name></type></decl></param>)</parameter_list> <block>{

   <comment type="line">// Create three data item components
</comment>   <decl_stmt><decl><type><name>unsigned</name> <name>short</name></type> <name>var1</name>, <name>var2</name>, <name>var3</name></decl>;</decl_stmt>
   <decl_stmt><decl><type><name>DC_RawDataItem</name>*</type> <name>pd1</name> =<init> <expr>new <call><name>DC_RawDataItem</name><argument_list>( <argument><expr>&amp;<name>var1</name></expr></argument> )</argument_list></call></expr></init></decl>;</decl_stmt>
   <decl_stmt><decl><type><name>DC_RawDataItem</name>*</type> <name>pd2</name> =<init> <expr>new <call><name>DC_RawDataItem</name><argument_list>( <argument><expr>&amp;<name>var2</name></expr></argument> )</argument_list></call></expr></init></decl>;</decl_stmt>
   <decl_stmt><decl><type><name>DC_RawDataItem</name>*</type> <name>pd3</name> =<init> <expr>new <call><name>DC_RawDataItem</name><argument_list>( <argument><expr>&amp;<name>var3</name></expr></argument> )</argument_list></call></expr></init></decl>;</decl_stmt>

   <comment type="line">// Create and configure the dummy telemetry data item
</comment>   <decl_stmt><decl><type><name>unsigned</name> <name>char</name></type> <name>d1</name> =<init> <expr>1</expr></init></decl>;</decl_stmt>
   <decl_stmt><decl><type><name>unsigned</name> <name>char</name></type> <name>d2</name> =<init> <expr>2</expr></init></decl>;</decl_stmt>
   <decl_stmt><decl><type><name>unsigned</name> <name>char</name></type> <name>d3</name> =<init> <expr>3</expr></init></decl>;</decl_stmt>
   <decl_stmt><decl><type><name>unsigned</name> <name>char</name></type> <name>d4</name> =<init> <expr>4</expr></init></decl>;</decl_stmt>
   <decl_stmt><decl><type><name>DC_DummyTelemetryPacket</name>*</type> <name>pTW1</name> =<init> <expr>new <call><name>DC_DummyTelemetryPacket</name><argument_list>()</argument_list></call></expr></init></decl>;</decl_stmt>
   <expr_stmt><expr><name>pTW1</name>-&gt;<call><name>setNumberOfBytes</name><argument_list>(<argument><expr>4</expr></argument>)</argument_list></call></expr>;</expr_stmt>
   <expr_stmt><expr><name>pTW1</name>-&gt;<call><name>setValue</name><argument_list>(<argument><expr>0</expr></argument>,<argument><expr><name>d1</name></expr></argument>)</argument_list></call></expr>;</expr_stmt>
   <expr_stmt><expr><name>pTW1</name>-&gt;<call><name>setValue</name><argument_list>(<argument><expr>1</expr></argument>,<argument><expr><name>d2</name></expr></argument>)</argument_list></call></expr>;</expr_stmt>
   <expr_stmt><expr><name>pTW1</name>-&gt;<call><name>setValue</name><argument_list>(<argument><expr>2</expr></argument>,<argument><expr><name>d3</name></expr></argument>)</argument_list></call></expr>;</expr_stmt>
   <expr_stmt><expr><name>pTW1</name>-&gt;<call><name>setValue</name><argument_list>(<argument><expr>3</expr></argument>,<argument><expr><name>d4</name></expr></argument>)</argument_list></call></expr>;</expr_stmt>

   <comment type="line">// Create the CycleDataItem16TmStream_1 component
</comment>   <decl_stmt><decl><type><name>DC_CycleDataItem16TmStream</name>*</type> <name>pTmStream</name> =<init> <expr>new <call><name>DC_CycleDataItem16TmStream</name><argument_list>()</argument_list></call></expr></init></decl>;</decl_stmt>

   <comment type="line">// Check the value of the class identifier
</comment>   <if>if <condition>( <expr><name>pTmStream</name>-&gt;<call><name>getClassId</name><argument_list>()</argument_list></call> != <name>ID_CYCLEDATAITEM16TMSTREAM</name></expr> )</condition><then>
   <block>{    <expr_stmt><expr><call><name>setTestResult</name><argument_list>(<argument><expr><name>TEST_FAILURE</name></expr></argument>, <argument><expr>"Wrong class identifier"</expr></argument>)</argument_list></call></expr>;</expr_stmt>
        <return>return;</return>
   }</block></then></if>

   <comment type="line">// Check that the telemetry stream is not configured
</comment>   <if>if <condition>( <expr><name>pTmStream</name>-&gt;<call><name>isObjectConfigured</name><argument_list>()</argument_list></call></expr> )</condition><then>
   <block>{    <expr_stmt><expr><call><name>setTestResult</name><argument_list>(<argument><expr><name>TEST_FAILURE</name></expr></argument>, <argument><expr>"Wrong object configuration status"</expr></argument>)</argument_list></call></expr>;</expr_stmt>
        <return>return;</return>
   }</block></then></if>

   <comment type="line">// Set the size of the telemetry stream and verify correctness
</comment>   <expr_stmt><expr><name>pTmStream</name>-&gt;<call><name>setNumberOfDataItems</name><argument_list>(<argument><expr>3</expr></argument>)</argument_list></call></expr>;</expr_stmt>
   <if>if <condition>( <expr><name>pTmStream</name>-&gt;<call><name>getCapacity</name><argument_list>()</argument_list></call> != 3</expr> )</condition><then>
   <block>{    <expr_stmt><expr><call><name>setTestResult</name><argument_list>(<argument><expr><name>TEST_FAILURE</name></expr></argument>, <argument><expr>"Wrong telemetry stream size"</expr></argument>)</argument_list></call></expr>;</expr_stmt>
        <return>return;</return>
   }</block></then></if>

   <comment type="line">// Load the data item into the telemetry stream and check that the
</comment>   <comment type="line">// telemetry stream object becomes configured
</comment>   <expr_stmt><expr><name>pTmStream</name>-&gt;<call><name>setDataItem</name><argument_list>(<argument><expr>0</expr></argument>,<argument><expr><name>pd1</name></expr></argument>)</argument_list></call></expr>;</expr_stmt>
   <expr_stmt><expr><name>pTmStream</name>-&gt;<call><name>setDataItem</name><argument_list>(<argument><expr>1</expr></argument>,<argument><expr><name>pd2</name></expr></argument>)</argument_list></call></expr>;</expr_stmt>
   <expr_stmt><expr><name>pTmStream</name>-&gt;<call><name>setDataItem</name><argument_list>(<argument><expr>2</expr></argument>,<argument><expr><name>pd3</name></expr></argument>)</argument_list></call></expr>;</expr_stmt>
   <if>if <condition>( <expr>!<name>pTmStream</name>-&gt;<call><name>isObjectConfigured</name><argument_list>()</argument_list></call></expr> )</condition><then>
   <block>{    <expr_stmt><expr><call><name>setTestResult</name><argument_list>(<argument><expr><name>TEST_FAILURE</name></expr></argument>, <argument><expr>"Wrong object configuration status"</expr></argument>)</argument_list></call></expr>;</expr_stmt>
        <return>return;</return>
   }</block></then></if>

   <comment type="line">// Check that the telemetry packet can be written to the telemetry stream
</comment>   <if>if <condition>( <expr>!<name>pTmStream</name>-&gt;<call><name>doesPacketFit</name><argument_list>(<argument><expr><name>pTW1</name></expr></argument>)</argument_list></call></expr> )</condition><then>
   <block>{    <expr_stmt><expr><call><name>setTestResult</name><argument_list>(<argument><expr><name>TEST_FAILURE</name></expr></argument>, <argument><expr>"Check on telemetry stream capacity failed"</expr></argument>)</argument_list></call></expr>;</expr_stmt>
        <return>return;</return>
   }</block></then></if>

   <comment type="line">// Make a write request to the telemetry stream and check correctness
</comment>   <comment type="line">// (Recall that when a pair of bytes read from the telemetry packet are
</comment>   <comment type="line">// written to a data item, the first byte is overlaid upon the least
</comment>   <comment type="line">// significant byte of the data item and the second byte is overlaid upon
</comment>   <comment type="line">// the most significant byte)
</comment>   <expr_stmt><expr><name>pTmStream</name>-&gt;<call><name>write</name><argument_list>(<argument><expr><name>pTW1</name></expr></argument>)</argument_list></call></expr>;</expr_stmt>
   <if>if <condition>( <expr>(<name>pd1</name>-&gt;<call><name>getUnsignedShort</name><argument_list>()</argument_list></call> != <name>d1</name>+256*<name>d2</name>) ||
        (<name>pd2</name>-&gt;<call><name>getUnsignedShort</name><argument_list>()</argument_list></call> != <name>d3</name>+256*<name>d4</name>)</expr> )</condition><then>
   <block>{    <expr_stmt><expr><call><name>setTestResult</name><argument_list>(<argument><expr><name>TEST_FAILURE</name></expr></argument>, <argument><expr>"Write operations failed"</expr></argument>)</argument_list></call></expr>;</expr_stmt>
        <return>return;</return>
   }</block></then></if>

   <comment type="line">// Check whether the telemetry packet can be written again to the telemetry stream
</comment>   <if>if <condition>( <expr><name>pTmStream</name>-&gt;<call><name>doesPacketFit</name><argument_list>(<argument><expr><name>pTW1</name></expr></argument>)</argument_list></call></expr> )</condition><then>
   <block>{    <expr_stmt><expr><call><name>setTestResult</name><argument_list>(<argument><expr><name>TEST_FAILURE</name></expr></argument>, <argument><expr>"Check on telemetry stream capacity failed"</expr></argument>)</argument_list></call></expr>;</expr_stmt>
        <return>return;</return>
   }</block></then></if>

   <comment type="line">// Rewrite the telemetry packet and check that the first two bytes were correctly written
</comment>   <expr_stmt><expr><name>pTmStream</name>-&gt;<call><name>write</name><argument_list>(<argument><expr><name>pTW1</name></expr></argument>)</argument_list></call></expr>;</expr_stmt>
   <if>if <condition>( <expr>(<name>pd3</name>-&gt;<call><name>getUnsignedShort</name><argument_list>()</argument_list></call> != <name>d1</name>+256*<name>d2</name>)</expr> )</condition><then>
   <block>{    <expr_stmt><expr><call><name>setTestResult</name><argument_list>(<argument><expr><name>TEST_FAILURE</name></expr></argument>, <argument><expr>"Write operations failed"</expr></argument>)</argument_list></call></expr>;</expr_stmt>
        <return>return;</return>
   }</block></then></if>

   <comment type="line">// Reset the telemetry stream and clear all data items
</comment>   <expr_stmt><expr><name>pTmStream</name>-&gt;<call><name>reset</name><argument_list>()</argument_list></call></expr>;</expr_stmt>
   <expr_stmt><expr><name>pd1</name>-&gt;<call><name>setUnsignedShort</name><argument_list>(<argument><expr>0</expr></argument>)</argument_list></call></expr>;</expr_stmt>
   <expr_stmt><expr><name>pd2</name>-&gt;<call><name>setUnsignedShort</name><argument_list>(<argument><expr>0</expr></argument>)</argument_list></call></expr>;</expr_stmt>
   <expr_stmt><expr><name>pd3</name>-&gt;<call><name>setUnsignedShort</name><argument_list>(<argument><expr>0</expr></argument>)</argument_list></call></expr>;</expr_stmt>

   <comment type="line">// Check that the telemetry packet can be written to the telemetry stream
</comment>   <if>if <condition>( <expr>!<name>pTmStream</name>-&gt;<call><name>doesPacketFit</name><argument_list>(<argument><expr><name>pTW1</name></expr></argument>)</argument_list></call></expr> )</condition><then>
   <block>{    <expr_stmt><expr><call><name>setTestResult</name><argument_list>(<argument><expr><name>TEST_FAILURE</name></expr></argument>, <argument><expr>"Check on telemetry stream capacity failed"</expr></argument>)</argument_list></call></expr>;</expr_stmt>
        <return>return;</return>
   }</block></then></if>

   <comment type="line">// Make a write request to the telemetry stream and check correctness
</comment>   <expr_stmt><expr><name>pTmStream</name>-&gt;<call><name>write</name><argument_list>(<argument><expr><name>pTW1</name></expr></argument>)</argument_list></call></expr>;</expr_stmt>
   <if>if <condition>( <expr>(<name>pd1</name>-&gt;<call><name>getUnsignedShort</name><argument_list>()</argument_list></call> != <name>d1</name>+256*<name>d2</name>) ||
        (<name>pd2</name>-&gt;<call><name>getUnsignedShort</name><argument_list>()</argument_list></call> != <name>d3</name>+256*<name>d4</name>)</expr> )</condition><then>
   <block>{    <expr_stmt><expr><call><name>setTestResult</name><argument_list>(<argument><expr><name>TEST_FAILURE</name></expr></argument>, <argument><expr>"Write operations failed"</expr></argument>)</argument_list></call></expr>;</expr_stmt>
        <return>return;</return>
   }</block></then></if>

   <expr_stmt><expr><call><name>setTestResult</name><argument_list>(<argument><expr><name>TEST_SUCCESS</name></expr></argument>,<argument><expr>"Test Successful"</expr></argument>)</argument_list></call></expr>;</expr_stmt>
   <return>return;</return>

}</block></function>
</unit>
