<unit xmlns="http://www.sdml.info/srcML/src" xmlns:cpp="http://www.sdml.info/srcML/cpp">
<comment type="line">//
</comment><comment type="line">// Copyright 2004 P&amp;P Software GmbH - All Rights Reserved
</comment><comment type="line">//
</comment><comment type="line">// TestCaseTelecommandManager_3.cpp
</comment><comment type="line">//
</comment><comment type="line">// Version	1.1
</comment><comment type="line">// Date		11.04.03
</comment><comment type="line">// Author	A. Pasetti (P&amp;P Software)
</comment>
<cpp:include>#<cpp:directive>include</cpp:directive> <cpp:file>"../GeneralInclude/CompilerSwitches.h"</cpp:file></cpp:include>
<cpp:include>#<cpp:directive>include</cpp:directive> <cpp:file>"../GeneralInclude/ClassId.h"</cpp:file></cpp:include>
<cpp:include>#<cpp:directive>include</cpp:directive> <cpp:file>"../GeneralInclude/TestConstants.h"</cpp:file></cpp:include>
<cpp:include>#<cpp:directive>include</cpp:directive> <cpp:file>"../Base/CC_RootObject.h"</cpp:file></cpp:include>
<cpp:include>#<cpp:directive>include</cpp:directive> <cpp:file>"../Event/DC_EventRepository.h"</cpp:file></cpp:include>
<cpp:include>#<cpp:directive>include</cpp:directive> <cpp:file>"../Telecommand/DC_DummyTelecommandLoader.h"</cpp:file></cpp:include>
<cpp:include>#<cpp:directive>include</cpp:directive> <cpp:file>"../Telecommand/CC_TelecommandManager.h"</cpp:file></cpp:include>
<cpp:include>#<cpp:directive>include</cpp:directive> <cpp:file>"../System/DC_DummyObsClock.h"</cpp:file></cpp:include>
<cpp:include>#<cpp:directive>include</cpp:directive> <cpp:file>"../Telecommand/TelecommandLoader.h"</cpp:file></cpp:include>
<cpp:include>#<cpp:directive>include</cpp:directive> <cpp:file>"../Telecommand/DC_DummyTelecommand.h"</cpp:file></cpp:include>
<cpp:include>#<cpp:directive>include</cpp:directive> <cpp:file>"TestCaseTelecommandManager_3.h"</cpp:file></cpp:include>

<constructor><name>TestCaseTelecommandManager_3::TestCaseTelecommandManager_3</name><parameter_list>(<param><decl><type><name>void</name></type></decl></param>)</parameter_list> <member_list>:
	<call><name>TestCaseGenericSetUp</name><argument_list>(<argument><expr><name>ID_TELECOMMANDMANAGER</name>*10+3</expr></argument>,<argument><expr>"TestCaseTelecommandManager_3"</expr></argument>)</argument_list></call> </member_list><block>{
		<return>return;</return>
}</block></constructor>

<function><type><name>void</name></type> <name><name>TestCaseTelecommandManager_3</name>::<name>runTestCase</name></name><parameter_list>(<param><decl><type><name>void</name></type></decl></param>)</parameter_list> <block>{

   <comment type="line">// Retrieve the event repository
</comment>   <decl_stmt><decl><type><name>DC_EventRepository</name>*</type> <name>pRep</name> =<init> <expr><call><name><name>CC_RootObject</name>::<name>getEventRepository</name></name><argument_list>()</argument_list></call></expr></init></decl>;</decl_stmt>

   <comment type="line">// Create the telecommand manager
</comment>   <decl_stmt><decl><type><name>CC_TelecommandManager</name>*</type> <name>pTcm</name> =<init> <expr>new <call><name>CC_TelecommandManager</name><argument_list>()</argument_list></call></expr></init></decl>;</decl_stmt>

   <comment type="line">// Define the identifiers and time tags for the dummy telecommands
</comment>   <decl_stmt><decl><type><name>TD_ObsTime</name></type> <name>tcTt1</name> =<init> <expr>0</expr></init></decl>;</decl_stmt>
   <decl_stmt><decl><type><name>TD_ObsTime</name></type> <name>tcTt2</name> =<init> <expr>0</expr></init></decl>;</decl_stmt>
   <decl_stmt><decl><type><name>TD_ObsTime</name></type> <name>tcTt3</name> =<init> <expr>0</expr></init></decl>;</decl_stmt>
   <decl_stmt><decl><type><name>TD_TelecommandId</name></type> <name>tcId1</name> =<init> <expr>1</expr></init></decl>;</decl_stmt>
   <decl_stmt><decl><type><name>TD_TelecommandId</name></type> <name>tcId2</name> =<init> <expr>2</expr></init></decl>;</decl_stmt>
   <decl_stmt><decl><type><name>TD_TelecommandId</name></type> <name>tcId3</name> =<init> <expr>3</expr></init></decl>;</decl_stmt>

   <comment type="line">// Create and load an OBS clock
</comment>   <decl_stmt><decl><type><name>DC_DummyObsClock</name>*</type> <name>pClk</name> =<init> <expr>new <call><name>DC_DummyObsClock</name><argument_list>()</argument_list></call></expr></init></decl>;</decl_stmt>
   <expr_stmt><expr><name>pClk</name>-&gt;<call><name>setTime</name><argument_list>(<argument><expr><name>tcTt1</name>+1</expr></argument>)</argument_list></call></expr>;</expr_stmt>
   <expr_stmt><expr><name>pClk</name>-&gt;<call><name>setCycle</name><argument_list>(<argument><expr>0</expr></argument>)</argument_list></call></expr>;</expr_stmt>
   <expr_stmt><expr><name>pTcm</name>-&gt;<call><name>setObsClock</name><argument_list>(<argument><expr><name>pClk</name></expr></argument>)</argument_list></call></expr>;</expr_stmt>

   <comment type="line">// Create and configure the dummy telecommands
</comment>   <decl_stmt><decl><type><name>DC_DummyTelecommand</name>*</type> <name>pTc1</name> =<init> <expr>new <call><name>DC_DummyTelecommand</name><argument_list>()</argument_list></call></expr></init></decl>;</decl_stmt>
   <decl_stmt><decl><type><name>DC_DummyTelecommand</name>*</type> <name>pTc2</name> =<init> <expr>new <call><name>DC_DummyTelecommand</name><argument_list>()</argument_list></call></expr></init></decl>;</decl_stmt>
   <decl_stmt><decl><type><name>DC_DummyTelecommand</name>*</type> <name>pTc3</name> =<init> <expr>new <call><name>DC_DummyTelecommand</name><argument_list>()</argument_list></call></expr></init></decl>;</decl_stmt>
   <expr_stmt><expr><name>pTc1</name>-&gt;<call><name>setTelecommandId</name><argument_list>(<argument><expr><name>tcId1</name></expr></argument>)</argument_list></call></expr>;</expr_stmt>
   <expr_stmt><expr><name>pTc2</name>-&gt;<call><name>setTelecommandId</name><argument_list>(<argument><expr><name>tcId2</name></expr></argument>)</argument_list></call></expr>;</expr_stmt>
   <expr_stmt><expr><name>pTc3</name>-&gt;<call><name>setTelecommandId</name><argument_list>(<argument><expr><name>tcId3</name></expr></argument>)</argument_list></call></expr>;</expr_stmt>
   <expr_stmt><expr><name>pTc1</name>-&gt;<call><name>setTimeTag</name><argument_list>(<argument><expr><name>tcTt1</name></expr></argument>)</argument_list></call></expr>;</expr_stmt>
   <expr_stmt><expr><name>pTc2</name>-&gt;<call><name>setTimeTag</name><argument_list>(<argument><expr><name>tcTt2</name></expr></argument>)</argument_list></call></expr>;</expr_stmt>
   <expr_stmt><expr><name>pTc3</name>-&gt;<call><name>setTimeTag</name><argument_list>(<argument><expr><name>tcTt3</name></expr></argument>)</argument_list></call></expr>;</expr_stmt>
   <expr_stmt><expr><name>pTc1</name>-&gt;<call><name>setExecutionCheckValue</name><argument_list>(<argument><expr><name>TC_CANNOT_EXECUTE</name></expr></argument>)</argument_list></call></expr>;</expr_stmt>
   <expr_stmt><expr><name>pTc2</name>-&gt;<call><name>setValidityCheckValue</name><argument_list>(<argument><expr><name>NOT_VALID</name></expr></argument>)</argument_list></call></expr>;</expr_stmt>

   <comment type="line">// Create, configure and load a dummy telecommand loader
</comment>   <decl_stmt><decl><type><name>DC_DummyTelecommandLoader</name>*</type> <name>pTcl</name> =<init> <expr>new <call><name>DC_DummyTelecommandLoader</name><argument_list>()</argument_list></call></expr></init></decl>;</decl_stmt>
   <expr_stmt><expr><name>pTcl</name>-&gt;<call><name>setSampleTelecommand</name><argument_list>(<argument><expr>0</expr></argument>,<argument><expr><name>pTc1</name></expr></argument>)</argument_list></call></expr>;</expr_stmt>
   <expr_stmt><expr><name>pTcl</name>-&gt;<call><name>setSampleTelecommand</name><argument_list>(<argument><expr>1</expr></argument>,<argument><expr><name>pTc2</name></expr></argument>)</argument_list></call></expr>;</expr_stmt>
   <expr_stmt><expr><name>pTcl</name>-&gt;<call><name>setSampleTelecommand</name><argument_list>(<argument><expr>2</expr></argument>,<argument><expr><name>pTc3</name></expr></argument>)</argument_list></call></expr>;</expr_stmt>
   <expr_stmt><expr><name>pTcm</name>-&gt;<call><name>setTelecommandLoader</name><argument_list>(<argument><expr><name>pTcl</name></expr></argument>)</argument_list></call></expr>;</expr_stmt>
   <expr_stmt><expr><name>pTcl</name>-&gt;<call><name>setTelecommandManager</name><argument_list>(<argument><expr><name>pTcm</name></expr></argument>)</argument_list></call></expr>;</expr_stmt>

   <comment type="line">// Set the pending telecommand list size
</comment>   <expr_stmt><expr><name>pTcm</name>-&gt;<call><name>setPendingTelecommandListSize</name><argument_list>(<argument><expr>2</expr></argument>)</argument_list></call></expr>;</expr_stmt>

   <comment type="line">// Check that the telecommand manager is configured
</comment>   <if>if <condition>( <expr>!<name>pTcm</name>-&gt;<call><name>isObjectConfigured</name><argument_list>()</argument_list></call></expr> )</condition><then>
   <block>{    <expr_stmt><expr><call><name>setTestResult</name><argument_list>(<argument><expr><name>TEST_FAILURE</name></expr></argument>, <argument><expr>"Wrong configuration status"</expr></argument>)</argument_list></call></expr>;</expr_stmt>
        <return>return;</return>
   }</block></then></if>

   <comment type="line">// Activate the telecommand loader twice and check that the
</comment>   <comment type="line">// second telecommand is rejected because its validity check fails
</comment>   <expr_stmt><expr><name>pTcl</name>-&gt;<call><name>activate</name><argument_list>()</argument_list></call></expr>;</expr_stmt>
   <expr_stmt><expr><name>pTcl</name>-&gt;<call><name>activate</name><argument_list>()</argument_list></call></expr>;</expr_stmt>
   <expr_stmt><expr><name>pRep</name>-&gt;<call><name>latest</name><argument_list>()</argument_list></call></expr>;</expr_stmt>
   <if>if <condition>( <expr>(<name>pRep</name>-&gt;<call><name>getEventType</name><argument_list>()</argument_list></call> != <name>EVT_TC_NOT_VALID</name>)</expr> )</condition><then>
   <block>{    <expr_stmt><expr><call><name>setTestResult</name><argument_list>(<argument><expr><name>TEST_FAILURE</name></expr></argument>, <argument><expr>"Wrong event type"</expr></argument>)</argument_list></call></expr>;</expr_stmt>
        <return>return;</return>
   }</block></then></if>

   <comment type="line">// Replace the second telecommand in the telecommand loader,
</comment>   <comment type="line">// activate the telecommand loader twice and check that the
</comment>   <comment type="line">// last load attempt is rejected because the pending telecommand
</comment>   <comment type="line">// list is full
</comment>   <expr_stmt><expr><name>pTcl</name>-&gt;<call><name>setSampleTelecommand</name><argument_list>(<argument><expr>1</expr></argument>,<argument><expr><name>pTc3</name></expr></argument>)</argument_list></call></expr>;</expr_stmt>
   <expr_stmt><expr><name>pTcl</name>-&gt;<call><name>activate</name><argument_list>()</argument_list></call></expr>;</expr_stmt>        <comment type="line">// load TC3 (second entry in dummy TC Loader
</comment>   <expr_stmt><expr><name>pTcl</name>-&gt;<call><name>activate</name><argument_list>()</argument_list></call></expr>;</expr_stmt>        <comment type="line">// load TC3 (third entry in dummy TC Loader
</comment>   <expr_stmt><expr><name>pRep</name>-&gt;<call><name>latest</name><argument_list>()</argument_list></call></expr>;</expr_stmt>
   <if>if <condition>( <expr>(<name>pRep</name>-&gt;<call><name>getEventType</name><argument_list>()</argument_list></call> != <name>EVT_TC_LIST_FULL</name>)</expr> )</condition><then>
   <block>{    <expr_stmt><expr><call><name>setTestResult</name><argument_list>(<argument><expr><name>TEST_FAILURE</name></expr></argument>, <argument><expr>"Wrong event type"</expr></argument>)</argument_list></call></expr>;</expr_stmt>
        <return>return;</return>
   }</block></then></if>

   <comment type="line">// Activate the telecommand manager and check that the second
</comment>   <comment type="line">// telecommand is executed but the first
</comment>   <comment type="line">// is not executed because its execution check fails
</comment>   <expr_stmt><expr><name>pTcm</name>-&gt;<call><name>activate</name><argument_list>()</argument_list></call></expr>;</expr_stmt>
   <if>if <condition>(<expr><name>pTc3</name>-&gt;<call><name>getExecutionCounter</name><argument_list>()</argument_list></call> != 1</expr>)</condition><then>
   <block>{    <expr_stmt><expr><call><name>setTestResult</name><argument_list>(<argument><expr><name>TEST_FAILURE</name></expr></argument>, <argument><expr>"Third telecommand was not executed"</expr></argument>)</argument_list></call></expr>;</expr_stmt>
        <return>return;</return>
   }</block></then></if>
   <if>if <condition>(<expr><name>pTc1</name>-&gt;<call><name>getExecutionCounter</name><argument_list>()</argument_list></call> != 0</expr>)</condition><then>
   <block>{    <expr_stmt><expr><call><name>setTestResult</name><argument_list>(<argument><expr><name>TEST_FAILURE</name></expr></argument>, <argument><expr>"First telecommand was executed"</expr></argument>)</argument_list></call></expr>;</expr_stmt>
        <return>return;</return>
   }</block></then></if>

   <comment type="line">// Check generation of event to record telecommand unloading
</comment>   <expr_stmt><expr><name>pRep</name>-&gt;<call><name>latest</name><argument_list>()</argument_list></call></expr>;</expr_stmt>      <comment type="line">// TC 3 punctual action was executed
</comment>   <expr_stmt><expr><name>pRep</name>-&gt;<call><name>previous</name><argument_list>()</argument_list></call></expr>;</expr_stmt>    <comment type="line">// TC 3 was successfully executed
</comment>   <expr_stmt><expr><name>pRep</name>-&gt;<call><name>previous</name><argument_list>()</argument_list></call></expr>;</expr_stmt>    <comment type="line">// TC 1 execution check failed
</comment>   <if>if <condition>( <expr>(<name>pRep</name>-&gt;<call><name>getEventType</name><argument_list>()</argument_list></call> != <name>EVT_TC_EXEC_CHECK_FAIL</name>)</expr> )</condition><then>
   <block>{    <expr_stmt><expr><call><name>setTestResult</name><argument_list>(<argument><expr><name>TEST_FAILURE</name></expr></argument>, <argument><expr>"Wrong event type"</expr></argument>)</argument_list></call></expr>;</expr_stmt>
        <return>return;</return>
   }</block></then></if>

   <comment type="line">// Check allocation counter value
</comment>   <if>if <condition>( <expr><name>pTcl</name>-&gt;<call><name>getAllocationCounter</name><argument_list>()</argument_list></call> != 0</expr> )</condition><then>
   <block>{    <expr_stmt><expr><call><name>setTestResult</name><argument_list>(<argument><expr><name>TEST_FAILURE</name></expr></argument>, <argument><expr>"Wrong allocation counter value"</expr></argument>)</argument_list></call></expr>;</expr_stmt>
        <return>return;</return>
   }</block></then></if>

   <comment type="line">// Activate the telecommand loader three times and verify that two
</comment>   <comment type="line">// telecommands are loaded
</comment>   <expr_stmt><expr><name>pTcl</name>-&gt;<call><name>activate</name><argument_list>()</argument_list></call></expr>;</expr_stmt>
   <expr_stmt><expr><name>pTcl</name>-&gt;<call><name>activate</name><argument_list>()</argument_list></call></expr>;</expr_stmt>
   <expr_stmt><expr><name>pTcl</name>-&gt;<call><name>activate</name><argument_list>()</argument_list></call></expr>;</expr_stmt>
   <if>if <condition>( <expr><name>pTcm</name>-&gt;<call><name>getPendingTelecommands</name><argument_list>()</argument_list></call>!=2</expr> )</condition><then>
   <block>{    <expr_stmt><expr><call><name>setTestResult</name><argument_list>(<argument><expr><name>TEST_FAILURE</name></expr></argument>, <argument><expr>"Wrong number of pending telecommands"</expr></argument>)</argument_list></call></expr>;</expr_stmt>
        <return>return;</return>
   }</block></then></if>
   <if>if <condition>( <expr><name>pTcl</name>-&gt;<call><name>getAllocationCounter</name><argument_list>()</argument_list></call> != 2</expr> )</condition><then>
   <block>{    <expr_stmt><expr><call><name>setTestResult</name><argument_list>(<argument><expr><name>TEST_FAILURE</name></expr></argument>, <argument><expr>"Wrong allocation counter value"</expr></argument>)</argument_list></call></expr>;</expr_stmt>
        <return>return;</return>
   }</block></then></if>

   <comment type="line">// Reset telecommand manager and verify number of pending telecommands
</comment>   <decl_stmt><decl><type><name>unsigned</name> <name>int</name></type> <name>nEvt</name> =<init> <expr><name>pRep</name>-&gt;<call><name>getCounter</name><argument_list>()</argument_list></call></expr></init></decl>;</decl_stmt>
   <expr_stmt><expr><name>pTcm</name>-&gt;<call><name>reset</name><argument_list>()</argument_list></call></expr>;</expr_stmt>
   <if>if <condition>( <expr><name>pTcm</name>-&gt;<call><name>getPendingTelecommands</name><argument_list>()</argument_list></call>!=0</expr> )</condition><then>
   <block>{    <expr_stmt><expr><call><name>setTestResult</name><argument_list>(<argument><expr><name>TEST_FAILURE</name></expr></argument>, <argument><expr>"Wrong number of pending telecommands"</expr></argument>)</argument_list></call></expr>;</expr_stmt>
        <return>return;</return>
   }</block></then></if>

   <comment type="line">// Verify events generated as a result of the reset
</comment>   <if>if <condition>( <expr>(<name>pRep</name>-&gt;<call><name>getCounter</name><argument_list>()</argument_list></call> != <name>nEvt</name>+2)</expr>  )</condition><then>
   <block>{    <expr_stmt><expr><call><name>setTestResult</name><argument_list>(<argument><expr><name>TEST_FAILURE</name></expr></argument>, <argument><expr>"Wrong number of events"</expr></argument>)</argument_list></call></expr>;</expr_stmt>
        <return>return;</return>
   }</block></then></if>
   <expr_stmt><expr><name>pRep</name>-&gt;<call><name>latest</name><argument_list>()</argument_list></call></expr>;</expr_stmt>
   <if>if <condition>( <expr>(<name>pRep</name>-&gt;<call><name>getEventType</name><argument_list>()</argument_list></call> != <name>EVT_TC_ABORTED</name>)</expr>  )</condition><then>
   <block>{    <expr_stmt><expr><call><name>setTestResult</name><argument_list>(<argument><expr><name>TEST_FAILURE</name></expr></argument>, <argument><expr>"Wrong event type"</expr></argument>)</argument_list></call></expr>;</expr_stmt>
        <return>return;</return>
   }</block></then></if>
   <expr_stmt><expr><name>pRep</name>-&gt;<call><name>previous</name><argument_list>()</argument_list></call></expr>;</expr_stmt>
   <if>if <condition>( <expr>(<name>pRep</name>-&gt;<call><name>getEventType</name><argument_list>()</argument_list></call> != <name>EVT_TC_ABORTED</name>)</expr>  )</condition><then>
   <block>{    <expr_stmt><expr><call><name>setTestResult</name><argument_list>(<argument><expr><name>TEST_FAILURE</name></expr></argument>, <argument><expr>"Wrong event type"</expr></argument>)</argument_list></call></expr>;</expr_stmt>
        <return>return;</return>
   }</block></then></if>

   <comment type="line">// Check allocation counter value
</comment>   <if>if <condition>( <expr><name>pTcl</name>-&gt;<call><name>getAllocationCounter</name><argument_list>()</argument_list></call> != 0</expr> )</condition><then>
   <block>{    <expr_stmt><expr><call><name>setTestResult</name><argument_list>(<argument><expr><name>TEST_FAILURE</name></expr></argument>, <argument><expr>"Wrong allocation counter value"</expr></argument>)</argument_list></call></expr>;</expr_stmt>
        <return>return;</return>
   }</block></then></if>

   <comment type="line">// Activate the telecommand loader three times and verify that two
</comment>   <comment type="line">// telecommands are loaded
</comment>   <expr_stmt><expr><name>pTcl</name>-&gt;<call><name>activate</name><argument_list>()</argument_list></call></expr>;</expr_stmt>
   <expr_stmt><expr><name>pTcl</name>-&gt;<call><name>activate</name><argument_list>()</argument_list></call></expr>;</expr_stmt>
   <expr_stmt><expr><name>pTcl</name>-&gt;<call><name>activate</name><argument_list>()</argument_list></call></expr>;</expr_stmt>
   <if>if <condition>( <expr><name>pTcm</name>-&gt;<call><name>getPendingTelecommands</name><argument_list>()</argument_list></call>!=2</expr> )</condition><then>
   <block>{    <expr_stmt><expr><call><name>setTestResult</name><argument_list>(<argument><expr><name>TEST_FAILURE</name></expr></argument>, <argument><expr>"Wrong number of pending telecommands"</expr></argument>)</argument_list></call></expr>;</expr_stmt>
        <return>return;</return>
   }</block></then></if>
   <if>if <condition>( <expr><name>pTcl</name>-&gt;<call><name>getAllocationCounter</name><argument_list>()</argument_list></call> != 2</expr> )</condition><then>
   <block>{    <expr_stmt><expr><call><name>setTestResult</name><argument_list>(<argument><expr><name>TEST_FAILURE</name></expr></argument>, <argument><expr>"Wrong allocation counter value"</expr></argument>)</argument_list></call></expr>;</expr_stmt>
        <return>return;</return>
   }</block></then></if>

   <comment type="line">// Abort the first telecommand
</comment>   <expr_stmt><expr><name>nEvt</name> = <name>pRep</name>-&gt;<call><name>getCounter</name><argument_list>()</argument_list></call></expr>;</expr_stmt>
   <expr_stmt><expr><name>pTcm</name>-&gt;<call><name>abort</name><argument_list>(<argument><expr><name>pTc1</name>-&gt;<call><name>getTelecommandId</name><argument_list>()</argument_list></call></expr></argument>)</argument_list></call></expr>;</expr_stmt>
   <if>if <condition>( <expr><name>pTcm</name>-&gt;<call><name>getPendingTelecommands</name><argument_list>()</argument_list></call>!=1</expr> )</condition><then>
   <block>{    <expr_stmt><expr><call><name>setTestResult</name><argument_list>(<argument><expr><name>TEST_FAILURE</name></expr></argument>, <argument><expr>"Wrong number of pending telecommands"</expr></argument>)</argument_list></call></expr>;</expr_stmt>
        <return>return;</return>
   }</block></then></if>
   <if>if <condition>( <expr><name>pTcl</name>-&gt;<call><name>getAllocationCounter</name><argument_list>()</argument_list></call> != 1</expr> )</condition><then>
   <block>{    <expr_stmt><expr><call><name>setTestResult</name><argument_list>(<argument><expr><name>TEST_FAILURE</name></expr></argument>, <argument><expr>"Wrong allocation counter value"</expr></argument>)</argument_list></call></expr>;</expr_stmt>
        <return>return;</return>
   }</block></then></if>

   <comment type="line">// Check abort event
</comment>   <if>if <condition>( <expr>(<name>pRep</name>-&gt;<call><name>getCounter</name><argument_list>()</argument_list></call> != <name>nEvt</name>+1)</expr>  )</condition><then>
   <block>{    <expr_stmt><expr><call><name>setTestResult</name><argument_list>(<argument><expr><name>TEST_FAILURE</name></expr></argument>, <argument><expr>"Wrong number of events"</expr></argument>)</argument_list></call></expr>;</expr_stmt>
        <return>return;</return>
   }</block></then></if>
   <expr_stmt><expr><name>pRep</name>-&gt;<call><name>latest</name><argument_list>()</argument_list></call></expr>;</expr_stmt>
   <if>if <condition>( <expr>(<name>pRep</name>-&gt;<call><name>getEventType</name><argument_list>()</argument_list></call> != <name>EVT_TC_ABORTED</name>)</expr>  )</condition><then>
   <block>{    <expr_stmt><expr><call><name>setTestResult</name><argument_list>(<argument><expr><name>TEST_FAILURE</name></expr></argument>, <argument><expr>"Wrong event type"</expr></argument>)</argument_list></call></expr>;</expr_stmt>
        <return>return;</return>
   }</block></then></if>

   <comment type="line">// Abort the last telecommand
</comment>   <expr_stmt><expr><name>pTcm</name>-&gt;<call><name>abort</name><argument_list>(<argument><expr><name>pTc3</name></expr></argument>)</argument_list></call></expr>;</expr_stmt>
   <if>if <condition>( <expr><name>pTcm</name>-&gt;<call><name>getPendingTelecommands</name><argument_list>()</argument_list></call>!=0</expr> )</condition><then>
   <block>{    <expr_stmt><expr><call><name>setTestResult</name><argument_list>(<argument><expr><name>TEST_FAILURE</name></expr></argument>, <argument><expr>"Wrong number of pending telecommands"</expr></argument>)</argument_list></call></expr>;</expr_stmt>
        <return>return;</return>
   }</block></then></if>
   <if>if <condition>( <expr><name>pTcl</name>-&gt;<call><name>getAllocationCounter</name><argument_list>()</argument_list></call> != 0</expr> )</condition><then>
   <block>{    <expr_stmt><expr><call><name>setTestResult</name><argument_list>(<argument><expr><name>TEST_FAILURE</name></expr></argument>, <argument><expr>"Wrong allocation counter value"</expr></argument>)</argument_list></call></expr>;</expr_stmt>
        <return>return;</return>
   }</block></then></if>

   <comment type="line">// Check abort event
</comment>   <if>if <condition>( <expr>(<name>pRep</name>-&gt;<call><name>getCounter</name><argument_list>()</argument_list></call> != <name>nEvt</name>+2)</expr>  )</condition><then>
   <block>{    <expr_stmt><expr><call><name>setTestResult</name><argument_list>(<argument><expr><name>TEST_FAILURE</name></expr></argument>, <argument><expr>"Wrong number of events"</expr></argument>)</argument_list></call></expr>;</expr_stmt>
        <return>return;</return>
   }</block></then></if>
   <expr_stmt><expr><name>pRep</name>-&gt;<call><name>latest</name><argument_list>()</argument_list></call></expr>;</expr_stmt>
   <if>if <condition>( <expr>(<name>pRep</name>-&gt;<call><name>getEventType</name><argument_list>()</argument_list></call> != <name>EVT_TC_ABORTED</name>)</expr>  )</condition><then>
   <block>{    <expr_stmt><expr><call><name>setTestResult</name><argument_list>(<argument><expr><name>TEST_FAILURE</name></expr></argument>, <argument><expr>"Wrong event type"</expr></argument>)</argument_list></call></expr>;</expr_stmt>
        <return>return;</return>
   }</block></then></if>

   <expr_stmt><expr><call><name>setTestResult</name><argument_list>(<argument><expr><name>TEST_SUCCESS</name></expr></argument>,<argument><expr>"Test Successful"</expr></argument>)</argument_list></call></expr>;</expr_stmt>
   <return>return;</return>

}</block></function>
</unit>
