<unit xmlns="http://www.sdml.info/srcML/src" xmlns:cpp="http://www.sdml.info/srcML/cpp">
<comment type="line">//
</comment><comment type="line">// Copyright 2004 P&amp;P Software GmbH - All Rights Reserved
</comment><comment type="line">//
</comment><comment type="line">// TestCaseDummyPunctualAction_1.cpp
</comment><comment type="line">//
</comment><comment type="line">// Version	1.3
</comment><comment type="line">// Date		11.04.03 (Version 1.2)
</comment><comment type="line">//          30.09.03 (Version 1.3)
</comment><comment type="line">// Author	A. Pasetti (P&amp;P Software), R. Totaro
</comment><comment type="line">//
</comment><comment type="line">// Change Record:
</comment><comment type="line">//   Version 1.3: Added a test of the action's activation counter
</comment>
<cpp:include>#<cpp:directive>include</cpp:directive> <cpp:file>"../GeneralInclude/CompilerSwitches.h"</cpp:file></cpp:include>
<cpp:include>#<cpp:directive>include</cpp:directive> <cpp:file>"../GeneralInclude/ClassId.h"</cpp:file></cpp:include>
<cpp:include>#<cpp:directive>include</cpp:directive> <cpp:file>"../GeneralInclude/Constants.h"</cpp:file></cpp:include>
<cpp:include>#<cpp:directive>include</cpp:directive> <cpp:file>"../Base/DC_DummyPunctualAction.h"</cpp:file></cpp:include>
<cpp:include>#<cpp:directive>include</cpp:directive> <cpp:file>"TestCaseDummyPunctualAction_1.h"</cpp:file></cpp:include>

<constructor><name>TestCaseDummyPunctualAction_1::TestCaseDummyPunctualAction_1</name><parameter_list>(<param><decl><type><name>void</name></type></decl></param>)</parameter_list> <member_list>:
	<call><name>TestCaseWithEvtCheck</name><argument_list>(<argument><expr><name>ID_DUMMYPUNCTUALACTION</name>*10+1</expr></argument>,<argument><expr>"TestCaseDummyPunctualAction_1"</expr></argument>)</argument_list></call> </member_list><block>{
	<return>return;</return>
}</block></constructor>

<function><type><name>void</name></type> <name><name>TestCaseDummyPunctualAction_1</name>::<name>runTestCase</name></name><parameter_list>(<param><decl><type><name>void</name></type></decl></param>)</parameter_list> <block>{
    <decl_stmt><decl><type><name>const</name> <name>unsigned</name> <name>int</name></type> <name>nEvt</name>     =<init><expr><call><name>getNumberOfEvents</name><argument_list>()</argument_list></call></expr></init></decl>;</decl_stmt>
	<decl_stmt><decl><type><name>DC_DummyPunctualAction</name> *</type><name>pAct</name>=<init><expr>new <name>DC_DummyPunctualAction</name></expr></init></decl>;</decl_stmt>

	<comment type="line">// Verify correctness of the class identifier
</comment>	<if>if <condition>(<expr><name>pAct</name>-&gt;<call><name>getClassId</name><argument_list>()</argument_list></call>!=<name>ID_DUMMYPUNCTUALACTION</name></expr>)</condition><then> <block>{
		<expr_stmt><expr><call><name>setTestResult</name><argument_list>(<argument><expr><name>TEST_FAILURE</name></expr></argument>,<argument><expr>"Wrong class identifier"</expr></argument>)</argument_list></call></expr>;</expr_stmt>
		<return>return;</return>
	}</block></then></if>

	<comment type="line">// Dummy punctual actions should be enabled at creation
</comment>    <if>if <condition>(<expr>!<name>pAct</name>-&gt;<call><name>isEnabled</name><argument_list>()</argument_list></call></expr>)</condition><then> <block>{
        <expr_stmt><expr><call><name>setTestResult</name><argument_list>(<argument><expr><name>TEST_FAILURE</name></expr></argument>,<argument><expr>"Wrong enable status at creation"</expr></argument>)</argument_list></call></expr>;</expr_stmt>
        <return>return;</return>
    }</block></then></if>

    <comment type="line">// The activation counter shall be equal to zero
</comment>    <if>if <condition>(<expr><name>pAct</name>-&gt;<call><name>getActivationCounter</name><argument_list>()</argument_list></call></expr>)</condition><then> <block>{
        <expr_stmt><expr><call><name>setTestResult</name><argument_list>(<argument><expr><name>TEST_FAILURE</name></expr></argument>,<argument><expr>"Wrong activation counter at creation"</expr></argument>)</argument_list></call></expr>;</expr_stmt>
        <return>return;</return>
    }</block></then></if>

	<comment type="line">// The outcome should be set to ACTION_RESET
</comment>	<if>if <condition>(<expr><name>pAct</name>-&gt;<call><name>getLastOutcome</name><argument_list>()</argument_list></call>!=<name>ACTION_RESET</name></expr>)</condition><then> <block>{
		<expr_stmt><expr><call><name>setTestResult</name><argument_list>(<argument><expr><name>TEST_FAILURE</name></expr></argument>,<argument><expr>"Wrong action outcome at creation"</expr></argument>)</argument_list></call></expr>;</expr_stmt>
		<return>return;</return>
	}</block></then></if>

	<comment type="line">// Send an execute request to the punctual action and check that the
</comment>	<comment type="line">// correct event is recorded.
</comment>	<if>if <condition>(<expr><name>pAct</name>-&gt;<call><name>execute</name><argument_list>()</argument_list></call>!=<name>ACTION_SUCCESS</name></expr>)</condition><then> <block>{
		<expr_stmt><expr><call><name>setTestResult</name><argument_list>(<argument><expr><name>TEST_FAILURE</name></expr></argument>,<argument><expr>"Wrong punctual action outcome"</expr></argument>)</argument_list></call></expr>;</expr_stmt>
		<return>return;</return>
	}</block></then></if>

	<if>if <condition>(<expr>!<call><name>verifyLatestEvent</name><argument_list>(<argument><expr><name>nEvt</name>+1</expr></argument>,<argument><expr><name>EVT_PUNCTUAL_ACTION_EXEC</name></expr></argument>)</argument_list></call></expr>)</condition><then>
		<return>return;</return></then></if>

    <comment type="line">// Verify that the activation counter was incremented
</comment>    <if>if <condition>(<expr><name>pAct</name>-&gt;<call><name>getActivationCounter</name><argument_list>()</argument_list></call>!=1</expr>)</condition><then> <block>{
        <expr_stmt><expr><call><name>setTestResult</name><argument_list>(<argument><expr><name>TEST_FAILURE</name></expr></argument>,<argument><expr>"Activation counter was not incremented"</expr></argument>)</argument_list></call></expr>;</expr_stmt>
        <return>return;</return>
    }</block></then></if>

	<comment type="line">// Disable the punctual action and verify correct enable status
</comment>	<expr_stmt><expr><name>pAct</name>-&gt;<call><name>setEnabled</name><argument_list>(<argument><expr><name>DISABLED</name></expr></argument>)</argument_list></call></expr>;</expr_stmt>
	<if>if <condition>(<expr><name>pAct</name>-&gt;<call><name>isEnabled</name><argument_list>()</argument_list></call></expr>)</condition><then> <block>{
		<expr_stmt><expr><call><name>setTestResult</name><argument_list>(<argument><expr><name>TEST_FAILURE</name></expr></argument>, <argument><expr>"Punctual action was not disabled"</expr></argument>)</argument_list></call></expr>;</expr_stmt>
		<return>return;</return>
	}</block></then></if>

	<comment type="line">// Send an execute request to the punctual action and check that the
</comment>	<comment type="line">// correct event is recorded.
</comment>	<if>if <condition>(<expr><name>pAct</name>-&gt;<call><name>execute</name><argument_list>()</argument_list></call>!=<name>ACTION_DISABLED</name></expr>)</condition><then> <block>{
		<expr_stmt><expr><call><name>setTestResult</name><argument_list>(<argument><expr><name>TEST_FAILURE</name></expr></argument>,<argument><expr>"Wrong punctual action outcome"</expr></argument>)</argument_list></call></expr>;</expr_stmt>
		<return>return;</return>
    }</block></then></if>

	<if>if <condition>(<expr>!<call><name>verifyLatestEvent</name><argument_list>(<argument><expr><name>nEvt</name>+2</expr></argument>,<argument><expr><name>EVT_PUNCTUAL_ACTION_DIS</name></expr></argument>)</argument_list></call></expr>)</condition><then>
		<return>return;</return></then></if>

	<comment type="line">// Verify the the latest outcome is properly reported
</comment>	<if>if <condition>(<expr><name>pAct</name>-&gt;<call><name>getLastOutcome</name><argument_list>()</argument_list></call>!=<name>ACTION_DISABLED</name></expr> )</condition><then> <block>{
		<expr_stmt><expr><call><name>setTestResult</name><argument_list>(<argument><expr><name>TEST_FAILURE</name></expr></argument>,<argument><expr>"Wrong puctual action outcome"</expr></argument>)</argument_list></call></expr>;</expr_stmt>
		<return>return;</return>
	}</block></then></if>

	<comment type="line">// Reset the latest outcome and verify that it is now ACTION_RESET
</comment>	<expr_stmt><expr><name>pAct</name>-&gt;<call><name>resetLastOutcome</name><argument_list>()</argument_list></call></expr>;</expr_stmt>
	<if>if <condition>(<expr><name>pAct</name>-&gt;<call><name>getLastOutcome</name><argument_list>()</argument_list></call>!=<name>ACTION_RESET</name></expr>)</condition><then> <block>{
		<expr_stmt><expr><call><name>setTestResult</name><argument_list>(<argument><expr><name>TEST_FAILURE</name></expr></argument>,<argument><expr>"getLastOutcome() failed"</expr></argument>)</argument_list></call></expr>;</expr_stmt>
		<return>return;</return>
	}</block></then></if>

	<expr_stmt><expr><call><name>setTestResult</name><argument_list>(<argument><expr><name>TEST_SUCCESS</name></expr></argument>,<argument><expr>"Test Successful"</expr></argument>)</argument_list></call></expr>;</expr_stmt>
	<return>return;</return>
}</block></function>
</unit>
