<unit xmlns="http://www.sdml.info/srcML/src" xmlns:cpp="http://www.sdml.info/srcML/cpp">
<comment type="line">//
</comment><comment type="line">// Copyright 2004 P&amp;P Software GmbH - All Rights Reserved
</comment><comment type="line">//
</comment><comment type="line">// TestCaseManoeuvreManager_1.h
</comment><comment type="line">//
</comment><comment type="line">// Version	1.0
</comment><comment type="line">// Date		08.05.03 (Version 1.0)
</comment><comment type="line">// Author	R. Totaro
</comment>
<cpp:ifndef>#<cpp:directive>ifndef</cpp:directive> <name>TestCaseManoeuvreManager_1H</name></cpp:ifndef>
<cpp:define>#<cpp:directive>define</cpp:directive> <name>TestCaseManoeuvreManager_1H</name></cpp:define>

<cpp:include>#<cpp:directive>include</cpp:directive> <cpp:file>"../Utilities/TestCaseWithEvtCheck.h"</cpp:file></cpp:include>

<comment type="block">/**
 * Verify the services implemented by the &lt;code&gt;CC_ManoeuvreManager&lt;/code&gt; class.
 * All the services are tested, apart from the &lt;code&gt;activate&lt;/code&gt; method.
 * One instance of the class is created and the following tests are performed: &lt;ol&gt;
 * &lt;li&gt;The correctness of the class identified is verified.&lt;/li&gt;
 * &lt;li&gt;It is verified that the manoeuvre manager is not configured at creation.&lt;/li&gt;
 * &lt;li&gt;The manoeuvre list is allocated and it is verified that its size is properly
 * reported and that the &lt;code&gt;isObjectConfigured&lt;/code&gt; return value reflects the
 * change (the object shall now be configured).&lt;/li&gt;
 * &lt;li&gt;It is verified that no manoeuvres are pending.&lt;/li&gt;
 * &lt;li&gt;A number of &lt;code&gt;DC_DummyManoeuvre&lt;/code&gt; objects equal to length of the
 * manoeuvre list is loaded into the manoeuvre manager (the manoeuvre list should
 * now be full). It is verified that &lt;code&gt;manCounter&lt;/code&gt; is updated.&lt;/li&gt;
 * &lt;li&gt;One of the previously loaded manoeuvre is aborted. It is verified that
 * &lt;code&gt;manCounter&lt;/code&gt; is decremented accordingly and that the aborted
 * manoeuvre is no longer in use.&lt;/li&gt;
 * &lt;li&gt;An attempt is made to load an already loaded manoeuvre. It is verified that
 * &lt;code&gt;manCounter&lt;/code&gt; is not modified and that a &lt;code&gt;EVT_MAN_ALREADY_IN_USE&lt;/code&gt;
 * event is reported.&lt;/li&gt;
 * &lt;li&gt;The previously aborted manoeuvre is re-loaded (the manoeuvre list is therefore
 * once again full). An attempt is made to load an additional manoeuvre. It is verified that a
 * &lt;code&gt;EVT_MAN_LIST_FULL&lt;/code&gt; event is reported.&lt;/li&gt;
 * &lt;li&gt;The manoeuvre manager is reset and it is verified that all the manoeuvres
 * have been aborted (they shall no longer be in use).&lt;/li&gt;
 * &lt;/ol&gt;
 * @see CC_ManoeuvreManager
 * @see DC_DummyManoeuvre
 * @see TestCaseManoeuvreManager_2
 * @author Roberto Totaro
 * @version 1.0
 */</comment>
<class>class <name>TestCaseManoeuvreManager_1</name> <super>: <specifier>public</specifier> <name>TestCaseWithEvtCheck</name></super> <block>{<private type="default">

  </private><public>public:
	<comment type="block">/**
	 * Set the identifier and the name of the test case to, respectively,
	 * ID_MANOEUVREMANAGER*10+1 and "TestCaseManoeuvreManager_1".
	 */</comment>
	<constructor_decl><name>TestCaseManoeuvreManager_1</name><parameter_list>(<param><decl><type><name>void</name></type></decl></param>)</parameter_list>;</constructor_decl>

	<comment type="block">/**
	 * Execute the test case. See class comment for details.
	 */</comment>
	<function_decl><type><name>virtual</name> <name>void</name></type> <name>runTestCase</name><parameter_list>(<param><decl><type><name>void</name></type></decl></param>)</parameter_list>;</function_decl>
</public>}</block>;</class>
<cpp:endif>#<cpp:directive>endif</cpp:directive></cpp:endif>
</unit>
