<unit xmlns="http://www.sdml.info/srcML/src" xmlns:cpp="http://www.sdml.info/srcML/cpp">
<comment type="line">//
</comment><comment type="line">// Copyright 2004 P&amp;P Software GmbH - All Rights Reserved
</comment><comment type="line">//
</comment><comment type="line">// TestCasePUSTelemetryModeManager_1.cpp
</comment><comment type="line">//
</comment><comment type="line">// Version	1.0
</comment><comment type="line">// Date		04.01.04
</comment><comment type="line">// Author	A. Pasetti (P&amp;P Software)
</comment>
<cpp:include>#<cpp:directive>include</cpp:directive> <cpp:file>"../GeneralInclude/CompilerSwitches.h"</cpp:file></cpp:include>
<cpp:include>#<cpp:directive>include</cpp:directive> <cpp:file>"../GeneralInclude/ClassId.h"</cpp:file></cpp:include>
<cpp:include>#<cpp:directive>include</cpp:directive> <cpp:file>"../GeneralInclude/BasicTypes.h"</cpp:file></cpp:include>
<cpp:include>#<cpp:directive>include</cpp:directive> <cpp:file>"../GeneralInclude/Constants.h"</cpp:file></cpp:include>
<cpp:include>#<cpp:directive>include</cpp:directive> <cpp:file>"../Telemetry/DC_PUSTelemetryModeManager.h"</cpp:file></cpp:include>
<cpp:include>#<cpp:directive>include</cpp:directive> <cpp:file>"../Telemetry/DC_PUSDataReportingPacket.h"</cpp:file></cpp:include>
<cpp:include>#<cpp:directive>include</cpp:directive> <cpp:file>"../Telemetry/CC_TelemetryPacketFactory.h"</cpp:file></cpp:include>
<cpp:include>#<cpp:directive>include</cpp:directive> <cpp:file>"../Utilities/TestCaseWithFactories.h"</cpp:file></cpp:include>
<cpp:include>#<cpp:directive>include</cpp:directive> <cpp:file>"TestCasePUSTelemetryModeManager_1.h"</cpp:file></cpp:include>

<cpp:include>#<cpp:directive>include</cpp:directive> <cpp:file>&lt;string.h&gt;</cpp:file></cpp:include>

<constructor><name>TestCasePUSTelemetryModeManager_1::TestCasePUSTelemetryModeManager_1</name><parameter_list>(<param><decl><type><name>void</name></type></decl></param>)</parameter_list> <member_list>:
	<call><name>TestCasePUSFull</name><argument_list>(<argument><expr><name>ID_PUSTELEMETRYMODEMANAGER</name>*10+1</expr></argument>,<argument><expr>"TestCasePUSTelemetryModeManager_1"</expr></argument>)</argument_list></call> </member_list><block>{
		<return>return;</return>
}</block></constructor>

<function><type><name>void</name></type> <name><name>TestCasePUSTelemetryModeManager_1</name>::<name>runTestCase</name></name><parameter_list>(<param><decl><type><name>void</name></type></decl></param>)</parameter_list> <block>{

    <comment type="line">// Retrieve the packet factory
</comment>    <decl_stmt><decl><type><name>CC_TelemetryPacketFactory</name>*</type> <name>pFct</name> =<init> <expr><call><name><name>CC_TelemetryPacketFactory</name>::<name>getInstance</name></name><argument_list>()</argument_list></call></expr></init></decl>;</decl_stmt>

    <comment type="line">// Allocate the two telemetry packets
</comment>    <decl_stmt><decl><type><name>unsigned</name> <name>short</name></type> <name>defPacketSize</name> =<init> <expr><name>PUS_DRP_DEF_BUF_SIZE_SMALL</name>-2</expr></init></decl>;</decl_stmt>
    <decl_stmt><decl><type><name>unsigned</name> <name>int</name></type> <name>valBufferSize</name> =<init> <expr><name>PUS_DRP_VAL_BUF_SIZE_SMALL</name>-2</expr></init></decl>;</decl_stmt>
    <decl_stmt><decl><type><name>DC_PUSDataReportingPacket</name>*</type> <name>pTMP_a</name> =<init> <expr><name>pFct</name>-&gt;<call><name>allocatePUSDataReportingPacket</name><argument_list>(<argument><expr><name>defPacketSize</name></expr></argument>,<argument><expr><name>valBufferSize</name></expr></argument>,<argument><expr>0</expr></argument>)</argument_list></call></expr></init></decl>;</decl_stmt>
    <decl_stmt><decl><type><name>DC_PUSDataReportingPacket</name>*</type> <name>pTMP_b</name> =<init> <expr><name>pFct</name>-&gt;<call><name>allocatePUSDataReportingPacket</name><argument_list>(<argument><expr><name>defPacketSize</name></expr></argument>,<argument><expr><name>valBufferSize</name></expr></argument>,<argument><expr>0</expr></argument>)</argument_list></call></expr></init></decl>;</decl_stmt>

    <comment type="line">// Construct the packet
</comment>    <decl_stmt><decl><type><name>TD_SID</name></type> <name>sid_a</name> =<init> <expr>12</expr></init></decl>;</decl_stmt>
    <decl_stmt><decl><type><name>TD_SID</name></type> <name>sid_b</name> =<init> <expr>13</expr></init></decl>;</decl_stmt>
    <decl_stmt><decl><type><name>TD_PUSCollectionInterval</name></type> <name>collectionInterval</name> =<init> <expr>1</expr></init></decl>;</decl_stmt>
    <decl_stmt><decl><type><name>TD_PUSNumberOfParameters</name></type> <name>NPAR1</name> =<init> <expr>1</expr></init></decl>;</decl_stmt>
    <decl_stmt><decl><type><name>TD_DataPoolId</name></type> <name>par1</name> =<init> <expr>1</expr></init></decl>;</decl_stmt>

    <decl_stmt><decl><type><name>unsigned</name> <name>char</name>*</type> <name>packet</name> =<init> <expr>new <name>unsigned</name> <name><name>char</name>[<expr><name>defPacketSize</name></expr>]</name></expr></init></decl>;</decl_stmt>
    <decl_stmt><decl><type><name>unsigned</name> <name>int</name></type> <name>offset</name> =<init> <expr>0</expr></init></decl>;</decl_stmt>
    <expr_stmt><expr><call><name>memcpy</name><argument_list>(<argument><expr><name>packet</name>+<name>offset</name></expr></argument>,<argument><expr>&amp;<name>sid_a</name></expr></argument>,<argument><expr><call><name>sizeof</name><argument_list>(<argument><expr><name>TD_SID</name></expr></argument>)</argument_list></call></expr></argument>)</argument_list></call></expr>;</expr_stmt>
    <expr_stmt><expr><name>offset</name> += <call><name>sizeof</name><argument_list>(<argument><expr><name>TD_SID</name></expr></argument>)</argument_list></call></expr>;</expr_stmt>
    <expr_stmt><expr><call><name>memcpy</name><argument_list>(<argument><expr><name>packet</name>+<name>offset</name></expr></argument>,<argument><expr>&amp;<name>collectionInterval</name></expr></argument>,<argument><expr><call><name>sizeof</name><argument_list>(<argument><expr><name>TD_PUSCollectionInterval</name></expr></argument>)</argument_list></call></expr></argument>)</argument_list></call></expr>;</expr_stmt>
    <expr_stmt><expr><name>offset</name> += <call><name>sizeof</name><argument_list>(<argument><expr><name>TD_PUSCollectionInterval</name></expr></argument>)</argument_list></call></expr>;</expr_stmt>
    <expr_stmt><expr><call><name>memcpy</name><argument_list>(<argument><expr><name>packet</name>+<name>offset</name></expr></argument>,<argument><expr>&amp;<name>NPAR1</name></expr></argument>,<argument><expr><call><name>sizeof</name><argument_list>(<argument><expr><name>TD_PUSNumberOfParameters</name></expr></argument>)</argument_list></call></expr></argument>)</argument_list></call></expr>;</expr_stmt>
    <expr_stmt><expr><name>offset</name> += <call><name>sizeof</name><argument_list>(<argument><expr><name>TD_PUSNumberOfParameters</name></expr></argument>)</argument_list></call></expr>;</expr_stmt>
    <expr_stmt><expr><call><name>memcpy</name><argument_list>(<argument><expr><name>packet</name>+<name>offset</name></expr></argument>,<argument><expr>&amp;<name>par1</name></expr></argument>,<argument><expr><call><name>sizeof</name><argument_list>(<argument><expr><name>TD_DataPoolId</name></expr></argument>)</argument_list></call></expr></argument>)</argument_list></call></expr>;</expr_stmt>
    <expr_stmt><expr><name>offset</name> += <call><name>sizeof</name><argument_list>(<argument><expr><name>TD_DataPoolId</name></expr></argument>)</argument_list></call></expr>;</expr_stmt>

    <comment type="line">// Configure the two packets and check that they are configured
</comment>    <expr_stmt><expr><name>pTMP_a</name>-&gt;<call><name>setSubType</name><argument_list>(<argument><expr><name>PUS_ST_DATA_REP_PAR_HK_REP</name></expr></argument>)</argument_list></call></expr>;</expr_stmt>
    <if>if <condition>( <expr>!<name>pTMP_a</name>-&gt;<call><name>isObjectConfigured</name><argument_list>()</argument_list></call></expr> )</condition><then>
    <block>{	<expr_stmt><expr><call><name>setTestResult</name><argument_list>(<argument><expr><name>TEST_FAILURE</name></expr></argument>,<argument><expr>"Wrong configuration status"</expr></argument>)</argument_list></call></expr>;</expr_stmt>
     	<return>return;</return>
    }</block></then></if>
    <expr_stmt><expr><name>pTMP_b</name>-&gt;<call><name>setSubType</name><argument_list>(<argument><expr><name>PUS_ST_DATA_REP_PAR_HK_REP</name></expr></argument>)</argument_list></call></expr>;</expr_stmt>
    <if>if <condition>( <expr>!<name>pTMP_b</name>-&gt;<call><name>isObjectConfigured</name><argument_list>()</argument_list></call></expr> )</condition><then>
    <block>{	<expr_stmt><expr><call><name>setTestResult</name><argument_list>(<argument><expr><name>TEST_FAILURE</name></expr></argument>,<argument><expr>"Wrong configuration status"</expr></argument>)</argument_list></call></expr>;</expr_stmt>
     	<return>return;</return>
    }</block></then></if>

    <comment type="line">// Load the packet definitions for the first TM packet
</comment>    <for>for (<init><expr><type><name>unsigned</name> <name>short</name></type> <name>j</name>=<init><expr>0</expr></init></expr>;</init> <condition><expr><name>j</name>&lt;<name>offset</name></expr>;</condition> <incr><expr><name>j</name>++</expr></incr>) 
        <expr_stmt><expr><name>pTMP_a</name>-&gt;<call><name>setDefinitionBuffer</name><argument_list>(<argument><expr><name>j</name></expr></argument>,<argument><expr><name><name>packet</name>[<expr><name>j</name></expr>]</name></expr></argument>)</argument_list></call></expr>;</expr_stmt></for>

    <comment type="line">// Load the packet definitions for the second TM packet
</comment>    <expr_stmt><expr><call><name>memcpy</name><argument_list>(<argument><expr><name>packet</name></expr></argument>,<argument><expr>&amp;<name>sid_b</name></expr></argument>,<argument><expr><call><name>sizeof</name><argument_list>(<argument><expr><name>TD_SID</name></expr></argument>)</argument_list></call></expr></argument>)</argument_list></call></expr>;</expr_stmt>
    <for>for (<init><expr><type><name>unsigned</name> <name>short</name></type> <name>j</name>=<init><expr>0</expr></init></expr>;</init> <condition><expr><name>j</name>&lt;<name>offset</name></expr>;</condition> <incr><expr><name>j</name>++</expr></incr>) 
        <expr_stmt><expr><name>pTMP_b</name>-&gt;<call><name>setDefinitionBuffer</name><argument_list>(<argument><expr><name>j</name></expr></argument>,<argument><expr><name><name>packet</name>[<expr><name>j</name></expr>]</name></expr></argument>)</argument_list></call></expr>;</expr_stmt></for>

    <comment type="line">// Retrieve the mode manager
</comment>    <decl_stmt><decl><type><name>DC_PUSTelemetryModeManager</name>*</type> <name>pMM</name> =<init> <expr><call><name>getTelemetryModeManager</name><argument_list>()</argument_list></call></expr></init></decl>;</decl_stmt>

    <comment type="line">// Check the value of the class identifier
</comment>    <if>if <condition>( <expr><name>pMM</name>-&gt;<call><name>getClassId</name><argument_list>()</argument_list></call> != <name>ID_PUSTELEMETRYMODEMANAGER</name></expr> )</condition><then>
    <block>{    <expr_stmt><expr><call><name>setTestResult</name><argument_list>(<argument><expr><name>TEST_FAILURE</name></expr></argument>, <argument><expr>"Wrong class identifier"</expr></argument>)</argument_list></call></expr>;</expr_stmt>
         <return>return;</return>
    }</block></then></if>

    <comment type="line">// Check that the number of packets is correct
</comment>    <if>if <condition>( <expr><name>pMM</name>-&gt;<call><name>getMaxNumberOfPackets</name><argument_list>()</argument_list></call>!=<name>TM_MODE_MAN_MAX_N_PACKETS</name></expr> )</condition><then>
    <block>{    <expr_stmt><expr><call><name>setTestResult</name><argument_list>(<argument><expr><name>TEST_FAILURE</name></expr></argument>, <argument><expr>"Wrong max number of TM packets"</expr></argument>)</argument_list></call></expr>;</expr_stmt>
         <return>return;</return>
    }</block></then></if>

    <comment type="line">// Terminate configuration of mode manager and check configuration status
</comment>    <expr_stmt><expr><name>pMM</name>-&gt;<call><name>reset</name><argument_list>()</argument_list></call></expr>;</expr_stmt>
    <if>if <condition>( <expr>!<name>pMM</name>-&gt;<call><name>isObjectConfigured</name><argument_list>()</argument_list></call></expr> )</condition><then>
    <block>{    <expr_stmt><expr><call><name>setTestResult</name><argument_list>(<argument><expr><name>TEST_FAILURE</name></expr></argument>, <argument><expr>"Wrong configuration status"</expr></argument>)</argument_list></call></expr>;</expr_stmt>
         <return>return;</return>
    }</block></then></if>
    
    <comment type="line">// Load packets and check success
</comment>    <expr_stmt><expr><name>pMM</name>-&gt;<call><name>loadPacket</name><argument_list>(<argument><expr><name>pTMP_a</name></expr></argument>)</argument_list></call></expr>;</expr_stmt>
    <expr_stmt><expr><name>pMM</name>-&gt;<call><name>loadPacket</name><argument_list>(<argument><expr><name>pTMP_b</name></expr></argument>)</argument_list></call></expr>;</expr_stmt>
    <if>if <condition>( <expr><name>pMM</name>-&gt;<call><name>getNumberOfPackets</name><argument_list>()</argument_list></call>!=2</expr> )</condition><then>
    <block>{    <expr_stmt><expr><call><name>setTestResult</name><argument_list>(<argument><expr><name>TEST_FAILURE</name></expr></argument>, <argument><expr>"Wrong number of packets"</expr></argument>)</argument_list></call></expr>;</expr_stmt>
         <return>return;</return>
    }</block></then></if>

    <comment type="line">// Load the packet SID_B till the mode manager is full
</comment>    <for>for (<init><expr><type><name>unsigned</name> <name>int</name></type> <name>j</name>=<init><expr>2</expr></init></expr>;</init> <condition><expr><name>j</name>&lt;<name>TM_MODE_MAN_MAX_N_PACKETS</name></expr>;</condition> <incr><expr><name>j</name>++</expr></incr>)
        <expr_stmt><expr><name>pMM</name>-&gt;<call><name>loadPacket</name><argument_list>(<argument><expr><name>pTMP_b</name></expr></argument>)</argument_list></call></expr>;</expr_stmt></for>

    <comment type="line">// Check that mode manager is full
</comment>    <if>if <condition>( <expr>!<name>pMM</name>-&gt;<call><name>isFull</name><argument_list>()</argument_list></call></expr> )</condition><then>
    <block>{    <expr_stmt><expr><call><name>setTestResult</name><argument_list>(<argument><expr><name>TEST_FAILURE</name></expr></argument>, <argument><expr>"Wrong full status"</expr></argument>)</argument_list></call></expr>;</expr_stmt>
         <return>return;</return>
    }</block></then></if>

    <comment type="line">// Attempt to load a further packet and check failure
</comment>    <decl_stmt><decl><type><name>unsigned</name> <name>int</name></type> <name>nEvt</name> =<init> <expr><call><name>getNumberOfEvents</name><argument_list>()</argument_list></call></expr></init></decl>;</decl_stmt>
    <expr_stmt><expr><name>pMM</name>-&gt;<call><name>loadPacket</name><argument_list>(<argument><expr><name>pTMP_a</name></expr></argument>)</argument_list></call></expr>;</expr_stmt>
    <if>if <condition>( <expr>!<call><name>verifyLatestEvent</name><argument_list>(<argument><expr><name>nEvt</name>+1</expr></argument>,<argument><expr><name>EVT_ILLEGAL_MM</name></expr></argument>)</argument_list></call></expr> )</condition><then>
        <return>return;</return></then></if>

    <comment type="line">// Unload all SID_B packets but one
</comment>    <for>for (<init><expr><type><name>unsigned</name> <name>int</name></type> <name>j</name>=<init><expr>2</expr></init></expr>;</init> <condition><expr><name>j</name>&lt;<name>TM_MODE_MAN_MAX_N_PACKETS</name></expr>;</condition> <incr><expr><name>j</name>++</expr></incr>)
        <expr_stmt><expr><name>pMM</name>-&gt;<call><name>unloadPacket</name><argument_list>(<argument><expr><name>sid_b</name></expr></argument>)</argument_list></call></expr>;</expr_stmt></for>

    <comment type="line">// Check iterator
</comment>    <decl_stmt><decl><type><name>DC_PUSDataReportingPacket</name>*</type> <name>pItem</name></decl>;</decl_stmt>
    <decl_stmt><decl><type><name>unsigned</name> <name>int</name></type> <name>i</name>=<init><expr>0</expr></init></decl>;</decl_stmt>
    <decl_stmt><decl><type><name>bool</name></type> <name>sid_a_found</name>=<init><expr><name>false</name></expr></init></decl>;</decl_stmt>
    <decl_stmt><decl><type><name>bool</name></type> <name>sid_b_found</name>=<init><expr><name>false</name></expr></init></decl>;</decl_stmt>
    <for>for (<init><expr><name>pMM</name>-&gt;<call><name>first</name><argument_list>()</argument_list></call></expr>;</init> <condition><expr>!<name>pMM</name>-&gt;<call><name>isIterationFinished</name><argument_list>()</argument_list></call></expr>;</condition> <incr><expr><name>pMM</name>-&gt;<call><name>next</name><argument_list>()</argument_list></call></expr></incr>) <block>{
        <expr_stmt><expr><name>pItem</name>=(<name>DC_PUSDataReportingPacket</name>*)<name>pMM</name>-&gt;<call><name>getIterationTelemetryPacket</name><argument_list>()</argument_list></call></expr>;</expr_stmt>
        <expr_stmt><expr><name>i</name>++</expr>;</expr_stmt>

        <if>if <condition>( <expr><name>pItem</name>-&gt;<call><name>getSID</name><argument_list>()</argument_list></call>==<name>pTMP_a</name>-&gt;<call><name>getSID</name><argument_list>()</argument_list></call> &amp;&amp; !<name>sid_a_found</name></expr> )</condition><then> <block>{
            <expr_stmt><expr><name>sid_a_found</name> = <name>true</name></expr>;</expr_stmt>
            <continue>continue;</continue>
        }</block></then></if>

        <if>if <condition>( <expr><name>pItem</name>-&gt;<call><name>getSID</name><argument_list>()</argument_list></call>==<name>pTMP_b</name>-&gt;<call><name>getSID</name><argument_list>()</argument_list></call> &amp;&amp; !<name>sid_b_found</name></expr> )</condition><then> <block>{
            <expr_stmt><expr><name>sid_b_found</name> = <name>true</name></expr>;</expr_stmt>
            <continue>continue;</continue>
        }</block></then></if>

        <expr_stmt><expr><call><name>setTestResult</name><argument_list>(<argument><expr><name>TEST_FAILURE</name></expr></argument>, <argument><expr>"Wrong iteration number"</expr></argument>)</argument_list></call></expr>;</expr_stmt>
        <return>return;</return>
    }</block></for>
    <if>if <condition>(<expr>!<name>sid_a_found</name> || !<name>sid_b_found</name> || (<name>i</name>!=2)</expr> )</condition><then>
    <block>{    <expr_stmt><expr><call><name>setTestResult</name><argument_list>(<argument><expr><name>TEST_FAILURE</name></expr></argument>, <argument><expr>"Wrong iteration number"</expr></argument>)</argument_list></call></expr>;</expr_stmt>
         <return>return;</return>
    }</block></then></if>
    
    <comment type="line">// Check packet presence 
</comment>    <if>if <condition>( <expr>!<name>pMM</name>-&gt;<call><name>isSIDLoaded</name><argument_list>(<argument><expr><name>pTMP_a</name>-&gt;<call><name>getSID</name><argument_list>()</argument_list></call></expr></argument>)</argument_list></call></expr> )</condition><then>
    <block>{    <expr_stmt><expr><call><name>setTestResult</name><argument_list>(<argument><expr><name>TEST_FAILURE</name></expr></argument>, <argument><expr>"Wrong presence check result"</expr></argument>)</argument_list></call></expr>;</expr_stmt>
         <return>return;</return>
    }</block></then></if>
    <if>if <condition>( <expr><name>pMM</name>-&gt;<call><name>isSIDLoaded</name><argument_list>(<argument><expr><name>pTMP_a</name>-&gt;<call><name>getSID</name><argument_list>()</argument_list></call>+2</expr></argument>)</argument_list></call></expr> )</condition><then>
    <block>{    <expr_stmt><expr><call><name>setTestResult</name><argument_list>(<argument><expr><name>TEST_FAILURE</name></expr></argument>, <argument><expr>"Wrong presence check result"</expr></argument>)</argument_list></call></expr>;</expr_stmt>
         <return>return;</return>
    }</block></then></if>

    <comment type="line">// Unload packet and check success
</comment>    <expr_stmt><expr><name>pMM</name>-&gt;<call><name>unloadPacket</name><argument_list>(<argument><expr><name>pTMP_b</name>-&gt;<call><name>getSID</name><argument_list>()</argument_list></call></expr></argument>)</argument_list></call></expr>;</expr_stmt>
    <if>if <condition>( <expr><name>pMM</name>-&gt;<call><name>getNumberOfPackets</name><argument_list>()</argument_list></call>!=1</expr> )</condition><then>
    <block>{    <expr_stmt><expr><call><name>setTestResult</name><argument_list>(<argument><expr><name>TEST_FAILURE</name></expr></argument>, <argument><expr>"Wrong number of packets"</expr></argument>)</argument_list></call></expr>;</expr_stmt>
         <return>return;</return>
    }</block></then></if>
    <if>if <condition>( <expr><name>pMM</name>-&gt;<call><name>isFull</name><argument_list>()</argument_list></call></expr> )</condition><then>
    <block>{    <expr_stmt><expr><call><name>setTestResult</name><argument_list>(<argument><expr><name>TEST_FAILURE</name></expr></argument>, <argument><expr>"Wrong full status"</expr></argument>)</argument_list></call></expr>;</expr_stmt>
         <return>return;</return>
    }</block></then></if>

    <comment type="line">// Attempt to unload non-existent packet and check failure
</comment>    <expr_stmt><expr><name>nEvt</name> = <call><name>getNumberOfEvents</name><argument_list>()</argument_list></call></expr>;</expr_stmt>
    <expr_stmt><expr><name>pMM</name>-&gt;<call><name>unloadPacket</name><argument_list>(<argument><expr><name>sid_b</name>+2</expr></argument>)</argument_list></call></expr>;</expr_stmt>
    <if>if <condition>( <expr>!<call><name>verifyLatestEvent</name><argument_list>(<argument><expr><name>nEvt</name>+1</expr></argument>,<argument><expr><name>EVT_SID_NOT_FOUND</name></expr></argument>)</argument_list></call></expr> )</condition><then>
        <return>return;</return></then></if>
      
    <comment type="line">// Check iterator
</comment>    <expr_stmt><expr><name>i</name> = 0</expr>;</expr_stmt>
    <expr_stmt><expr><name>sid_a_found</name>=<name>false</name></expr>;</expr_stmt>
    <for>for (<init><expr><name>pMM</name>-&gt;<call><name>first</name><argument_list>()</argument_list></call></expr>;</init> <condition><expr>!<name>pMM</name>-&gt;<call><name>isIterationFinished</name><argument_list>()</argument_list></call></expr>;</condition> <incr><expr><name>pMM</name>-&gt;<call><name>next</name><argument_list>()</argument_list></call></expr></incr>) <block>{
        <expr_stmt><expr><name>pItem</name>=(<name>DC_PUSDataReportingPacket</name>*)<name>pMM</name>-&gt;<call><name>getIterationTelemetryPacket</name><argument_list>()</argument_list></call></expr>;</expr_stmt>
        <expr_stmt><expr><name>i</name>++</expr>;</expr_stmt>

        <if>if <condition>( <expr><name>pItem</name>-&gt;<call><name>getSID</name><argument_list>()</argument_list></call>==<name>pTMP_a</name>-&gt;<call><name>getSID</name><argument_list>()</argument_list></call> &amp;&amp; !<name>sid_a_found</name></expr> )</condition><then> <block>{
            <expr_stmt><expr><name>sid_a_found</name> = <name>true</name></expr>;</expr_stmt>
            <continue>continue;</continue>
        }</block></then></if>

        <expr_stmt><expr><call><name>setTestResult</name><argument_list>(<argument><expr><name>TEST_FAILURE</name></expr></argument>, <argument><expr>"Wrong iteration number"</expr></argument>)</argument_list></call></expr>;</expr_stmt>
        <return>return;</return>
    }</block></for>
    <if>if <condition>(<expr>!<name>sid_a_found</name> || (<name>i</name>!=1)</expr> )</condition><then>
    <block>{    <expr_stmt><expr><call><name>setTestResult</name><argument_list>(<argument><expr><name>TEST_FAILURE</name></expr></argument>, <argument><expr>"Wrong iteration number"</expr></argument>)</argument_list></call></expr>;</expr_stmt>
         <return>return;</return>
    }</block></then></if>

    <comment type="line">// Reload packet SID_B and unload packet SID_A and check success
</comment>    <expr_stmt><expr><name>pMM</name>-&gt;<call><name>loadPacket</name><argument_list>(<argument><expr><name>pTMP_b</name></expr></argument>)</argument_list></call></expr>;</expr_stmt>
    <expr_stmt><expr><name>pMM</name>-&gt;<call><name>unloadPacket</name><argument_list>(<argument><expr><name>pTMP_a</name>-&gt;<call><name>getSID</name><argument_list>()</argument_list></call></expr></argument>)</argument_list></call></expr>;</expr_stmt>
    <if>if <condition>( <expr><name>pMM</name>-&gt;<call><name>getNumberOfPackets</name><argument_list>()</argument_list></call>!=1</expr> )</condition><then>
    <block>{    <expr_stmt><expr><call><name>setTestResult</name><argument_list>(<argument><expr><name>TEST_FAILURE</name></expr></argument>, <argument><expr>"Wrong number of packets"</expr></argument>)</argument_list></call></expr>;</expr_stmt>
         <return>return;</return>
    }</block></then></if>
    <if>if <condition>( <expr><name>pMM</name>-&gt;<call><name>isFull</name><argument_list>()</argument_list></call></expr> )</condition><then>
    <block>{    <expr_stmt><expr><call><name>setTestResult</name><argument_list>(<argument><expr><name>TEST_FAILURE</name></expr></argument>, <argument><expr>"Wrong full status"</expr></argument>)</argument_list></call></expr>;</expr_stmt>
         <return>return;</return>
    }</block></then></if>

    <comment type="line">// Check iterator
</comment>    <expr_stmt><expr><name>i</name> = 0</expr>;</expr_stmt>
    <expr_stmt><expr><name>sid_b_found</name>=<name>false</name></expr>;</expr_stmt>
    <for>for (<init><expr><name>pMM</name>-&gt;<call><name>first</name><argument_list>()</argument_list></call></expr>;</init> <condition><expr>!<name>pMM</name>-&gt;<call><name>isIterationFinished</name><argument_list>()</argument_list></call></expr>;</condition> <incr><expr><name>pMM</name>-&gt;<call><name>next</name><argument_list>()</argument_list></call></expr></incr>) <block>{
        <expr_stmt><expr><name>pItem</name>=(<name>DC_PUSDataReportingPacket</name>*)<name>pMM</name>-&gt;<call><name>getIterationTelemetryPacket</name><argument_list>()</argument_list></call></expr>;</expr_stmt>
        <expr_stmt><expr><name>i</name>++</expr>;</expr_stmt>

        <if>if <condition>( <expr><name>pItem</name>-&gt;<call><name>getSID</name><argument_list>()</argument_list></call>==<name>pTMP_b</name>-&gt;<call><name>getSID</name><argument_list>()</argument_list></call> &amp;&amp; !<name>sid_b_found</name></expr> )</condition><then> <block>{
            <expr_stmt><expr><name>sid_b_found</name> = <name>true</name></expr>;</expr_stmt>
            <continue>continue;</continue>
        }</block></then></if>

        <expr_stmt><expr><call><name>setTestResult</name><argument_list>(<argument><expr><name>TEST_FAILURE</name></expr></argument>, <argument><expr>"Wrong iteration number"</expr></argument>)</argument_list></call></expr>;</expr_stmt>
        <return>return;</return>
    }</block></for>
    <if>if <condition>(<expr>!<name>sid_b_found</name> || (<name>i</name>!=1)</expr> )</condition><then>
    <block>{    <expr_stmt><expr><call><name>setTestResult</name><argument_list>(<argument><expr><name>TEST_FAILURE</name></expr></argument>, <argument><expr>"Wrong iteration number"</expr></argument>)</argument_list></call></expr>;</expr_stmt>
         <return>return;</return>
    }</block></then></if>   
    
    <comment type="line">// Unload the last remaining packet and check success
</comment>    <expr_stmt><expr><name>pMM</name>-&gt;<call><name>unloadPacket</name><argument_list>(<argument><expr><name>pTMP_b</name>-&gt;<call><name>getSID</name><argument_list>()</argument_list></call></expr></argument>)</argument_list></call></expr>;</expr_stmt>
    <if>if <condition>( <expr><name>pMM</name>-&gt;<call><name>getNumberOfPackets</name><argument_list>()</argument_list></call>!=0</expr> )</condition><then>
    <block>{    <expr_stmt><expr><call><name>setTestResult</name><argument_list>(<argument><expr><name>TEST_FAILURE</name></expr></argument>, <argument><expr>"Wrong number of packets"</expr></argument>)</argument_list></call></expr>;</expr_stmt>
         <return>return;</return>
    }</block></then></if>
    <if>if <condition>( <expr><name>pMM</name>-&gt;<call><name>isFull</name><argument_list>()</argument_list></call></expr> )</condition><then>
    <block>{    <expr_stmt><expr><call><name>setTestResult</name><argument_list>(<argument><expr><name>TEST_FAILURE</name></expr></argument>, <argument><expr>"Wrong full status"</expr></argument>)</argument_list></call></expr>;</expr_stmt>
         <return>return;</return>
    }</block></then></if>

    <comment type="line">// Check iterator
</comment>    <decl_stmt><decl><type><name>bool</name></type> <name>flag</name> =<init> <expr><name>false</name></expr></init></decl>;</decl_stmt>
    <for>for (<init><expr><name>pMM</name>-&gt;<call><name>first</name><argument_list>()</argument_list></call></expr>;</init> <condition><expr>!<name>pMM</name>-&gt;<call><name>isIterationFinished</name><argument_list>()</argument_list></call></expr>;</condition> <incr><expr><name>pMM</name>-&gt;<call><name>next</name><argument_list>()</argument_list></call></expr></incr>) <block>{
        <expr_stmt><expr><name>flag</name> = <name>true</name></expr>;</expr_stmt>
    }</block></for>
    <if>if <condition>(<expr><name>flag</name></expr>)</condition><then>
    <block>{   <expr_stmt><expr><call><name>setTestResult</name><argument_list>(<argument><expr><name>TEST_FAILURE</name></expr></argument>, <argument><expr>"Wrong iteration number"</expr></argument>)</argument_list></call></expr>;</expr_stmt>
        <return>return;</return>
    }</block></then></if>
  
    <expr_stmt><expr><call><name>setTestResult</name><argument_list>(<argument><expr><name>TEST_SUCCESS</name></expr></argument>,<argument><expr>"Test Successful"</expr></argument>)</argument_list></call></expr>;</expr_stmt>
    <return>return;</return>
}</block></function>
</unit>
