<unit xmlns="http://www.sdml.info/srcML/src" xmlns:cpp="http://www.sdml.info/srcML/cpp">
<comment type="line">//
</comment><comment type="line">// Copyright 2004 P&amp;P Software GmbH - All Rights Reserved
</comment><comment type="line">//
</comment><comment type="line">// TestCasePunctualActionManager_1.cpp
</comment><comment type="line">//
</comment><comment type="line">// Version	1.0
</comment><comment type="line">// Date		30.09.03
</comment><comment type="line">// Author	R. Totaro
</comment>
<cpp:include>#<cpp:directive>include</cpp:directive> <cpp:file>"../GeneralInclude/CompilerSwitches.h"</cpp:file></cpp:include>
<cpp:include>#<cpp:directive>include</cpp:directive> <cpp:file>"../GeneralInclude/ClassId.h"</cpp:file></cpp:include>
<cpp:include>#<cpp:directive>include</cpp:directive> <cpp:file>"../Base/DC_DummyPunctualAction.h"</cpp:file></cpp:include>
<cpp:include>#<cpp:directive>include</cpp:directive> <cpp:file>"../Base/DC_SimplePunctualActionModeManager.h"</cpp:file></cpp:include>
<cpp:include>#<cpp:directive>include</cpp:directive> <cpp:file>"../Base/CC_PunctualActionManager.h"</cpp:file></cpp:include>
<cpp:include>#<cpp:directive>include</cpp:directive> <cpp:file>"TestCasePunctualActionManager_1.h"</cpp:file></cpp:include>

<constructor><name>TestCasePunctualActionManager_1::TestCasePunctualActionManager_1</name><parameter_list>(<param><decl><type><name>void</name></type></decl></param>)</parameter_list> <member_list>:
	<call><name>TestCaseGenericSetUp</name><argument_list>(<argument><expr><name>ID_PUNCTUALACTIONMANAGER</name>*10+1</expr></argument>,<argument><expr>"TestCasePunctualActionManager_1"</expr></argument>)</argument_list></call> </member_list><block>{
	<return>return;</return>
}</block></constructor>

<function><type><name>void</name></type> <name><name>TestCasePunctualActionManager_1</name>::<name>runTestCase</name></name><parameter_list>(<param><decl><type><name>void</name></type></decl></param>)</parameter_list> <block>{
    <decl_stmt><decl><type><name>const</name> <name>unsigned</name> <name>int</name></type>         <name>numberOfActions</name>=<init><expr>4</expr></init></decl>;</decl_stmt>
    <decl_stmt><decl><type><name>CC_PunctualActionManager</name>  *</type><name>pPAM</name> =<init><expr>new <name>CC_PunctualActionManager</name></expr></init></decl>;</decl_stmt>
    <decl_stmt><decl><type><name>DC_SimplePunctualActionModeManager</name> *</type><name>pPAMM</name>=<init><expr>new <name>DC_SimplePunctualActionModeManager</name></expr></init></decl>;</decl_stmt>

    <comment type="line">// Configure the mode manager and the add a newly created
</comment>    <comment type="line">// punctual actions to its only list
</comment>    <expr_stmt><expr><name>pPAMM</name>-&gt;<call><name>setListLength</name><argument_list>(<argument><expr>0</expr></argument>,<argument><expr><name>numberOfActions</name></expr></argument>)</argument_list></call></expr>;</expr_stmt>

    <for>for (<init><expr><type><name>unsigned</name> <name>int</name></type> <name>i</name>=<init><expr>0</expr></init></expr>;</init><condition><expr><name>i</name>&lt;<name>numberOfActions</name></expr>;</condition><incr><expr><name>i</name>++</expr></incr>)
        <expr_stmt><expr><name>pPAMM</name>-&gt;<macro>setListItem<argument_list>(0,i,new DC_DummyPunctualAction)</argument_list></macro></expr>;</expr_stmt></for>

    <expr_stmt><expr><name>pPAMM</name>-&gt;<call><name>reset</name><argument_list>()</argument_list></call></expr>;</expr_stmt>

	<comment type="line">// Verify the correctness of the class id
</comment>	<if>if <condition>(<expr><name>pPAM</name>-&gt;<call><name>getClassId</name><argument_list>()</argument_list></call>!=<name>ID_PUNCTUALACTIONMANAGER</name></expr>)</condition><then> <block>{
		<expr_stmt><expr><call><name>setTestResult</name><argument_list>(<argument><expr><name>TEST_FAILURE</name></expr></argument>,<argument><expr>"Wrong class id"</expr></argument>)</argument_list></call></expr>;</expr_stmt>
		<return>return;</return>
	}</block></then></if>

    <comment type="line">// A newly created action manager shall not be configured
</comment>    <if>if <condition>(<expr><name>pPAM</name>-&gt;<call><name>isObjectConfigured</name><argument_list>()</argument_list></call></expr>)</condition><then> <block>{
		<expr_stmt><expr><call><name>setTestResult</name><argument_list>(<argument><expr><name>TEST_FAILURE</name></expr></argument>,<argument><expr>"Wrong configuration status at creation"</expr></argument>)</argument_list></call></expr>;</expr_stmt>
		<return>return;</return>
    }</block></then></if>

    <comment type="line">// The mode manager pointer shall be null
</comment>    <if>if <condition>(<expr><name>pPAM</name>-&gt;<call><name>getPunctualActionModeManager</name><argument_list>()</argument_list></call></expr>)</condition><then> <block>{
		<expr_stmt><expr><call><name>setTestResult</name><argument_list>(<argument><expr><name>TEST_FAILURE</name></expr></argument>,<argument><expr>"Non NULL mode manager pointer at creation"</expr></argument>)</argument_list></call></expr>;</expr_stmt>
		<return>return;</return>
    }</block></then></if>

    <comment type="line">// Now we set the mode manager pointer and we verify that it is properly
</comment>    <comment type="line">// stored and that the object is configured
</comment>    <expr_stmt><expr><name>pPAM</name>-&gt;<call><name>setPunctualActionModeManager</name><argument_list>(<argument><expr><name>pPAMM</name></expr></argument>)</argument_list></call></expr>;</expr_stmt>
    <if>if <condition>(<expr><name>pPAM</name>-&gt;<call><name>getPunctualActionModeManager</name><argument_list>()</argument_list></call>!=<name>pPAMM</name></expr>)</condition><then> <block>{
		<expr_stmt><expr><call><name>setTestResult</name><argument_list>(<argument><expr><name>TEST_FAILURE</name></expr></argument>,<argument><expr>"setPunctualActionModeManager() failed"</expr></argument>)</argument_list></call></expr>;</expr_stmt>
		<return>return;</return>
    }</block></then></if>

    <if>if <condition>(<expr>!<name>pPAM</name>-&gt;<call><name>isObjectConfigured</name><argument_list>()</argument_list></call></expr>)</condition><then> <block>{
		<expr_stmt><expr><call><name>setTestResult</name><argument_list>(<argument><expr><name>TEST_FAILURE</name></expr></argument>,<argument><expr>"Wrong configuration status"</expr></argument>)</argument_list></call></expr>;</expr_stmt>
		<return>return;</return>
    }</block></then></if>

    <comment type="line">// The activate() method is invoked twice and it is verified that
</comment>    <comment type="line">// the punctual actions' activation counters reflect this fact
</comment>    <expr_stmt><expr><name>pPAM</name>-&gt;<call><name>activate</name><argument_list>()</argument_list></call></expr>;</expr_stmt>
    <expr_stmt><expr><name>pPAM</name>-&gt;<call><name>activate</name><argument_list>()</argument_list></call></expr>;</expr_stmt>

    <for>for (<init><expr><name>pPAMM</name>-&gt;<call><name>first</name><argument_list>()</argument_list></call></expr>;</init><condition><expr><name>pPAMM</name>-&gt;<call><name>isIterationFinished</name><argument_list>()</argument_list></call></expr>;</condition><incr><expr><name>pPAMM</name>-&gt;<call><name>next</name><argument_list>()</argument_list></call></expr></incr>) <block>{
        <decl_stmt><decl><type><name>DC_DummyPunctualAction</name> *</type><name>pDPA</name></decl>;</decl_stmt>

        <expr_stmt><expr><name>pDPA</name>=(<name>DC_DummyPunctualAction</name> *)<name>pPAMM</name>-&gt;<call><name>getIterationPunctualAction</name><argument_list>()</argument_list></call></expr>;</expr_stmt>
        <if>if <condition>(<expr><name>pDPA</name>-&gt;<call><name>getActivationCounter</name><argument_list>()</argument_list></call>!=2</expr>)</condition><then> <block>{
            <expr_stmt><expr><call><name>setTestResult</name><argument_list>(<argument><expr><name>TEST_FAILURE</name></expr></argument>,<argument><expr>"activate() failed"</expr></argument>)</argument_list></call></expr>;</expr_stmt>
            <return>return;</return>
        }</block></then></if>
    }</block></for>

    <expr_stmt><expr><call><name>setTestResult</name><argument_list>(<argument><expr><name>TEST_SUCCESS</name></expr></argument>,<argument><expr>"Test Successful"</expr></argument>)</argument_list></call></expr>;</expr_stmt>
	<return>return;</return>
}</block></function>
</unit>
