<unit xmlns="http://www.sdml.info/srcML/src" xmlns:cpp="http://www.sdml.info/srcML/cpp">
<comment type="line">//
</comment><comment type="line">// Copyright 2004 P&amp;P Software GmbH - All Rights Reserved
</comment><comment type="line">//
</comment><comment type="line">// TestCaseRawDataItem_1.h
</comment><comment type="line">//
</comment><comment type="line">// Version	1.0
</comment><comment type="line">// Date		11.10.03 (Version 1.0)
</comment><comment type="line">// Author	R. Totaro, A. Pasetti
</comment><comment type="line">//
</comment><comment type="line">// Change Record:
</comment>
<cpp:ifndef>#<cpp:directive>ifndef</cpp:directive> <name>TestCaseRawDataItem_1H</name></cpp:ifndef>
<cpp:define>#<cpp:directive>define</cpp:directive> <name>TestCaseRawDataItem_1H</name></cpp:define>

<cpp:include>#<cpp:directive>include</cpp:directive> <cpp:file>"../Utilities/TestCaseGenericSetUp.h"</cpp:file></cpp:include>

<comment type="block">/**
 * Check the setter and getter services for class &lt;code&gt;DC_RawDataItem&lt;/code&gt;.
 * An instance of class &lt;code&gt;DC_RawDataItem&lt;/code&gt; is created and the following
 * specific checks are performed:
 * &lt;ol&gt;
 * &lt;li&gt;The value of the variable encapsulated in the raw data item is set and then
 * read back through the data item accessor methods. It is checked that the read-back
 * value is correct. This operation is repeated for all types supported by the
 * &lt;code&gt;DC_RawDataItem&lt;/code&gt;.&lt;/li&gt;
 * &lt;li&gt;The value of the variable encapsulated by the raw data item is modified
 * using the data item setter methods and the modified value is then read back from
 * the variable itself. This operation is repeated for all types supported by the
 * &lt;code&gt;DC_RawDataItem&lt;/code&gt;.&lt;/li&gt;
 * &lt;/ol&gt;
 * @author Roberto Totaro, Alessandro Pasetti
 * @version 1.0
 */</comment>
<class>class <name>TestCaseRawDataItem_1</name> <super>: <specifier>public</specifier> <name>TestCaseGenericSetUp</name></super> <block>{<private type="default">
</private><public>public :
	<comment type="block">/**
	 * Set the identifier and the name of the test case to, respectively,
	 * ID_RAWDATAITEM*10+1 and "TestCaseRawDataItem_1".
	 */</comment>
	<constructor_decl><name>TestCaseRawDataItem_1</name><parameter_list>(<param><decl><type><name>void</name></type></decl></param>)</parameter_list>;</constructor_decl>

	<comment type="block">/**
	 * Execute the test case. See class comment for details.
	 */</comment>
	<function_decl><type><name>virtual</name> <name>void</name></type> <name>runTestCase</name><parameter_list>(<param><decl><type><name>void</name></type></decl></param>)</parameter_list>;</function_decl>
</public>}</block>;</class>

<cpp:endif>#<cpp:directive>endif</cpp:directive></cpp:endif>
</unit>
