<unit xmlns="http://www.sdml.info/srcML/src" xmlns:cpp="http://www.sdml.info/srcML/cpp">
<comment type="line">//
</comment><comment type="line">// Copyright 2004 P&amp;P Software GmbH - All Rights Reserved
</comment><comment type="line">//
</comment><comment type="line">// TestCaseDummyTelemetryPacket_1.cpp
</comment><comment type="line">//
</comment><comment type="line">// Version	1.1
</comment><comment type="line">// Date		18.04.03
</comment><comment type="line">// Author	A. Pasetti (P&amp;P Software)
</comment>
<cpp:include>#<cpp:directive>include</cpp:directive> <cpp:file>"../GeneralInclude/CompilerSwitches.h"</cpp:file></cpp:include>
<cpp:include>#<cpp:directive>include</cpp:directive> <cpp:file>"../GeneralInclude/ClassId.h"</cpp:file></cpp:include>
<cpp:include>#<cpp:directive>include</cpp:directive> <cpp:file>"../GeneralInclude/TestConstants.h"</cpp:file></cpp:include>
<cpp:include>#<cpp:directive>include</cpp:directive> <cpp:file>"../GeneralInclude/Constants.h"</cpp:file></cpp:include>
<cpp:include>#<cpp:directive>include</cpp:directive> <cpp:file>"../Telemetry/DC_DummyTelemetryPacket.h"</cpp:file></cpp:include>
<cpp:include>#<cpp:directive>include</cpp:directive> <cpp:file>"TestCaseDummyTelemetryPacket_1.h"</cpp:file></cpp:include>

<constructor><name>TestCaseDummyTelemetryPacket_1::TestCaseDummyTelemetryPacket_1</name><parameter_list>(<param><decl><type><name>void</name></type></decl></param>)</parameter_list> <member_list>:
	<call><name>TestCaseGenericSetUp</name><argument_list>(<argument><expr><name>ID_DUMMYTELEMETRYITEM</name>*10+1</expr></argument>,<argument><expr>"TestCaseDummyTelemetryPacket_1"</expr></argument>)</argument_list></call> </member_list><block>{
		<return>return;</return>
}</block></constructor>

<function><type><name>void</name></type> <name><name>TestCaseDummyTelemetryPacket_1</name>::<name>runTestCase</name></name><parameter_list>(<param><decl><type><name>void</name></type></decl></param>)</parameter_list> <block>{

   <decl_stmt><decl><type><name>DC_DummyTelemetryPacket</name>*</type> <name>pTmWord</name> =<init> <expr>new <call><name>DC_DummyTelemetryPacket</name><argument_list>()</argument_list></call></expr></init></decl>;</decl_stmt>

   <comment type="line">// Check the value of the class identifier
</comment>   <if>if <condition>( <expr><name>pTmWord</name>-&gt;<call><name>getClassId</name><argument_list>()</argument_list></call> != <name>ID_DUMMYTELEMETRYITEM</name></expr> )</condition><then>
   <block>{    <expr_stmt><expr><call><name>setTestResult</name><argument_list>(<argument><expr><name>TEST_FAILURE</name></expr></argument>, <argument><expr>"Wrong class identifier"</expr></argument>)</argument_list></call></expr>;</expr_stmt>
        <return>return;</return>
   }</block></then></if>

   <comment type="line">// Check configuration statur
</comment>   <if>if <condition>( <expr><name>pTmWord</name>-&gt;<call><name>isObjectConfigured</name><argument_list>()</argument_list></call></expr> )</condition><then>
   <block>{    <expr_stmt><expr><call><name>setTestResult</name><argument_list>(<argument><expr><name>TEST_FAILURE</name></expr></argument>, <argument><expr>"Wrong configuration status"</expr></argument>)</argument_list></call></expr>;</expr_stmt>
        <return>return;</return>
   }</block></then></if>

   <comment type="line">// Set number of bytes and check configuration status
</comment>   <expr_stmt><expr><name>pTmWord</name>-&gt;<call><name>setNumberOfBytes</name><argument_list>(<argument><expr>2</expr></argument>)</argument_list></call></expr>;</expr_stmt>
   <if>if <condition>( <expr>!<name>pTmWord</name>-&gt;<call><name>isObjectConfigured</name><argument_list>()</argument_list></call></expr> )</condition><then>
   <block>{    <expr_stmt><expr><call><name>setTestResult</name><argument_list>(<argument><expr><name>TEST_FAILURE</name></expr></argument>, <argument><expr>"Wrong configuration status"</expr></argument>)</argument_list></call></expr>;</expr_stmt>
        <return>return;</return>
   }</block></then></if>

   <comment type="line">// Check number of bytes
</comment>   <if>if <condition>( <expr><name>pTmWord</name>-&gt;<call><name>getNumberOfBytes</name><argument_list>()</argument_list></call> != 2</expr> )</condition><then>
   <block>{    <expr_stmt><expr><call><name>setTestResult</name><argument_list>(<argument><expr><name>TEST_FAILURE</name></expr></argument>, <argument><expr>"Wrong number of bytes"</expr></argument>)</argument_list></call></expr>;</expr_stmt>
        <return>return;</return>
   }</block></then></if>

   <comment type="line">// Check default value of the encapsulated telemetry bytes
</comment>   <if>if <condition>( <expr><name>pTmWord</name>-&gt;<call><name>getUnsignedByte</name><argument_list>(<argument><expr>0</expr></argument>)</argument_list></call> != 0</expr> )</condition><then>
   <block>{    <expr_stmt><expr><call><name>setTestResult</name><argument_list>(<argument><expr><name>TEST_FAILURE</name></expr></argument>, <argument><expr>"Wrong telemetry byte value"</expr></argument>)</argument_list></call></expr>;</expr_stmt>
        <return>return;</return>
   }</block></then></if>
   <if>if <condition>( <expr><name>pTmWord</name>-&gt;<call><name>getUnsignedByte</name><argument_list>(<argument><expr>1</expr></argument>)</argument_list></call> != 0</expr> )</condition><then>
   <block>{    <expr_stmt><expr><call><name>setTestResult</name><argument_list>(<argument><expr><name>TEST_FAILURE</name></expr></argument>, <argument><expr>"Wrong telemetry byte value"</expr></argument>)</argument_list></call></expr>;</expr_stmt>
        <return>return;</return>
   }</block></then></if>

   <comment type="line">// Set and read out the encapsulated telemetry byte
</comment>   <expr_stmt><expr><name>pTmWord</name>-&gt;<call><name>setValue</name><argument_list>(<argument><expr>0</expr></argument>,<argument><expr>1</expr></argument>)</argument_list></call></expr>;</expr_stmt>
   <if>if <condition>( <expr><name>pTmWord</name>-&gt;<call><name>getUnsignedByte</name><argument_list>(<argument><expr>0</expr></argument>)</argument_list></call> != 1</expr> )</condition><then>
   <block>{    <expr_stmt><expr><call><name>setTestResult</name><argument_list>(<argument><expr><name>TEST_FAILURE</name></expr></argument>, <argument><expr>"Wrong telemetry byte value"</expr></argument>)</argument_list></call></expr>;</expr_stmt>
        <return>return;</return>
   }</block></then></if>
   <expr_stmt><expr><name>pTmWord</name>-&gt;<call><name>setValue</name><argument_list>(<argument><expr>1</expr></argument>,<argument><expr>2</expr></argument>)</argument_list></call></expr>;</expr_stmt>
   <if>if <condition>( <expr><name>pTmWord</name>-&gt;<call><name>getUnsignedByte</name><argument_list>(<argument><expr>1</expr></argument>)</argument_list></call> != 2</expr> )</condition><then>
   <block>{    <expr_stmt><expr><call><name>setTestResult</name><argument_list>(<argument><expr><name>TEST_FAILURE</name></expr></argument>, <argument><expr>"Wrong telemetry byte value"</expr></argument>)</argument_list></call></expr>;</expr_stmt>
        <return>return;</return>
   }</block></then></if>

   <comment type="line">// Check default value of the validity check service
</comment>   <if>if <condition>( <expr>!<name>pTmWord</name>-&gt;<call><name>isValid</name><argument_list>()</argument_list></call></expr> )</condition><then>
   <block>{    <expr_stmt><expr><call><name>setTestResult</name><argument_list>(<argument><expr><name>TEST_FAILURE</name></expr></argument>, <argument><expr>"Wrong validity check result"</expr></argument>)</argument_list></call></expr>;</expr_stmt>
        <return>return;</return>
   }</block></then></if>

   <comment type="line">// Set and read out the validity status
</comment>   <expr_stmt><expr><name>pTmWord</name>-&gt;<call><name>setValidStatus</name><argument_list>(<argument><expr><name>NOT_VALID</name></expr></argument>)</argument_list></call></expr>;</expr_stmt>
   <if>if <condition>( <expr><name>pTmWord</name>-&gt;<call><name>isValid</name><argument_list>()</argument_list></call></expr> )</condition><then>
   <block>{    <expr_stmt><expr><call><name>setTestResult</name><argument_list>(<argument><expr><name>TEST_FAILURE</name></expr></argument>, <argument><expr>"Wrong validity check result"</expr></argument>)</argument_list></call></expr>;</expr_stmt>
        <return>return;</return>
   }</block></then></if>

   <comment type="line">// Check update service (the update service simply increments by one the
</comment>   <comment type="line">// value of the telemetry bytes)
</comment>   <expr_stmt><expr><name>pTmWord</name>-&gt;<call><name>update</name><argument_list>()</argument_list></call></expr>;</expr_stmt>
   <if>if <condition>( <expr><name>pTmWord</name>-&gt;<call><name>getUnsignedByte</name><argument_list>(<argument><expr>0</expr></argument>)</argument_list></call> != 2</expr> )</condition><then>
   <block>{    <expr_stmt><expr><call><name>setTestResult</name><argument_list>(<argument><expr><name>TEST_FAILURE</name></expr></argument>, <argument><expr>"Wrong telemetry byte value"</expr></argument>)</argument_list></call></expr>;</expr_stmt>
        <return>return;</return>
   }</block></then></if>
   <if>if <condition>( <expr><name>pTmWord</name>-&gt;<call><name>getUnsignedByte</name><argument_list>(<argument><expr>1</expr></argument>)</argument_list></call> != 3</expr> )</condition><then>
   <block>{    <expr_stmt><expr><call><name>setTestResult</name><argument_list>(<argument><expr><name>TEST_FAILURE</name></expr></argument>, <argument><expr>"Wrong telemetry byte value"</expr></argument>)</argument_list></call></expr>;</expr_stmt>
        <return>return;</return>
   }</block></then></if>

   <comment type="line">// Check update service with wrap around
</comment>   <expr_stmt><expr><name>pTmWord</name>-&gt;<call><name>setValue</name><argument_list>(<argument><expr>0</expr></argument>,<argument><expr>255</expr></argument>)</argument_list></call></expr>;</expr_stmt>
   <expr_stmt><expr><name>pTmWord</name>-&gt;<call><name>update</name><argument_list>()</argument_list></call></expr>;</expr_stmt>
   <if>if <condition>( <expr><name>pTmWord</name>-&gt;<call><name>getUnsignedByte</name><argument_list>(<argument><expr>0</expr></argument>)</argument_list></call> != 0</expr> )</condition><then>
   <block>{    <expr_stmt><expr><call><name>setTestResult</name><argument_list>(<argument><expr><name>TEST_FAILURE</name></expr></argument>, <argument><expr>"Wrong telemetry byte value"</expr></argument>)</argument_list></call></expr>;</expr_stmt>
        <return>return;</return>
   }</block></then></if>
   <if>if <condition>( <expr><name>pTmWord</name>-&gt;<call><name>getUnsignedByte</name><argument_list>(<argument><expr>1</expr></argument>)</argument_list></call> != 4</expr> )</condition><then>
   <block>{    <expr_stmt><expr><call><name>setTestResult</name><argument_list>(<argument><expr><name>TEST_FAILURE</name></expr></argument>, <argument><expr>"Wrong telemetry byte value"</expr></argument>)</argument_list></call></expr>;</expr_stmt>
        <return>return;</return>
   }</block></then></if>

   <comment type="line">// Check default values of non-implemented attributes
</comment>   <if>if <condition>(<expr><name>pTmWord</name>-&gt;<call><name>getDestination</name><argument_list>()</argument_list></call> != 0</expr>)</condition><then>
   <block>{    <expr_stmt><expr><call><name>setTestResult</name><argument_list>(<argument><expr><name>TEST_FAILURE</name></expr></argument>, <argument><expr>"Wrong telemetry destination"</expr></argument>)</argument_list></call></expr>;</expr_stmt>
        <return>return;</return>
   }</block></then></if>
   <if>if <condition>(<expr><name>pTmWord</name>-&gt;<call><name>getType</name><argument_list>()</argument_list></call> != <name>pTmWord</name>-&gt;<call><name>getClassId</name><argument_list>()</argument_list></call>%256</expr> )</condition><then>
   <block>{    <expr_stmt><expr><call><name>setTestResult</name><argument_list>(<argument><expr><name>TEST_FAILURE</name></expr></argument>, <argument><expr>"Wrong telemetry type"</expr></argument>)</argument_list></call></expr>;</expr_stmt>
        <return>return;</return>
   }</block></then></if>
   <if>if <condition>(<expr><name>pTmWord</name>-&gt;<call><name>getSubType</name><argument_list>()</argument_list></call> != 0</expr>)</condition><then>
   <block>{    <expr_stmt><expr><call><name>setTestResult</name><argument_list>(<argument><expr><name>TEST_FAILURE</name></expr></argument>, <argument><expr>"Wrong telemetry sub type"</expr></argument>)</argument_list></call></expr>;</expr_stmt>
        <return>return;</return>
   }</block></then></if>
   <if>if <condition>(<expr><name>pTmWord</name>-&gt;<call><name>getTimeTag</name><argument_list>()</argument_list></call> != 0</expr>)</condition><then>
   <block>{    <expr_stmt><expr><call><name>setTestResult</name><argument_list>(<argument><expr><name>TEST_FAILURE</name></expr></argument>, <argument><expr>"Wrong telemetry time tag"</expr></argument>)</argument_list></call></expr>;</expr_stmt>
        <return>return;</return>
   }</block></then></if>

   <if>if <condition>(<expr><name>pTmWord</name>-&gt;<call><name>isInUse</name><argument_list>()</argument_list></call></expr>)</condition><then>
   <block>{    <expr_stmt><expr><call><name>setTestResult</name><argument_list>(<argument><expr><name>TEST_FAILURE</name></expr></argument>, <argument><expr>"Wrong inUse status"</expr></argument>)</argument_list></call></expr>;</expr_stmt>
        <return>return;</return>
   }</block></then></if>

   <comment type="line">// Check implementation of "in use" flag
</comment>   <expr_stmt><expr><name>pTmWord</name>-&gt;<call><name>setInUse</name><argument_list>(<argument><expr><name>true</name></expr></argument>)</argument_list></call></expr>;</expr_stmt>
   <if>if <condition>(<expr>!<name>pTmWord</name>-&gt;<call><name>isInUse</name><argument_list>()</argument_list></call></expr>)</condition><then>
   <block>{    <expr_stmt><expr><call><name>setTestResult</name><argument_list>(<argument><expr><name>TEST_FAILURE</name></expr></argument>, <argument><expr>"Wrong inUse status"</expr></argument>)</argument_list></call></expr>;</expr_stmt>
        <return>return;</return>
   }</block></then></if>

   <comment type="line">// Check number of bytes
</comment>   <if>if <condition>( <expr><name>pTmWord</name>-&gt;<call><name>getNumberOfBytes</name><argument_list>()</argument_list></call> != 2</expr> )</condition><then>
   <block>{    <expr_stmt><expr><call><name>setTestResult</name><argument_list>(<argument><expr><name>TEST_FAILURE</name></expr></argument>, <argument><expr>"Wrong number of bytes"</expr></argument>)</argument_list></call></expr>;</expr_stmt>
        <return>return;</return>
   }</block></then></if>

   <comment type="line">// Check default value of fast acquisition service
</comment>   <if>if <condition>( <expr><name>pTmWord</name>-&gt;<call><name>getStartAddress</name><argument_list>()</argument_list></call> != <name>pNULL</name></expr> )</condition><then>
   <block>{    <expr_stmt><expr><call><name>setTestResult</name><argument_list>(<argument><expr><name>TEST_FAILURE</name></expr></argument>, <argument><expr>"Wrong fast aquisition service"</expr></argument>)</argument_list></call></expr>;</expr_stmt>
        <return>return;</return>
   }</block></then></if>
   <if>if <condition>( <expr><name>pTmWord</name>-&gt;<call><name>isFastAcquisitionImplemented</name><argument_list>()</argument_list></call></expr> )</condition><then>
   <block>{    <expr_stmt><expr><call><name>setTestResult</name><argument_list>(<argument><expr><name>TEST_FAILURE</name></expr></argument>, <argument><expr>"Wrong fast aquisition service availability check"</expr></argument>)</argument_list></call></expr>;</expr_stmt>
        <return>return;</return>
   }</block></then></if>

   <expr_stmt><expr><call><name>setTestResult</name><argument_list>(<argument><expr><name>TEST_SUCCESS</name></expr></argument>,<argument><expr>"Test Successful"</expr></argument>)</argument_list></call></expr>;</expr_stmt>
   <return>return;</return>

}</block></function>
</unit>
