<unit xmlns="http://www.sdml.info/srcML/src" xmlns:cpp="http://www.sdml.info/srcML/cpp">
<comment type="line">//
</comment><comment type="line">// Copyright 2004 P&amp;P Software GmbH - All Rights Reserved
</comment><comment type="line">//
</comment><comment type="line">// TestCaseInRangeProfile_1.cpp
</comment><comment type="line">//
</comment><comment type="line">// Version	1.2
</comment><comment type="line">// Date		11.04.03 (Version 1.1)
</comment><comment type="line">//          01.10.03 (Version 1.2)
</comment><comment type="line">// Author	A. Pasetti (P&amp;P Software), R. Totaro
</comment><comment type="line">//
</comment><comment type="line">// Change Record:
</comment><comment type="line">//   Version 1.2: replaced double and int with TD_Float and TD_Integer
</comment>
<cpp:include>#<cpp:directive>include</cpp:directive> <cpp:file>"../GeneralInclude/CompilerSwitches.h"</cpp:file></cpp:include>
<cpp:include>#<cpp:directive>include</cpp:directive> <cpp:file>"../GeneralInclude/ClassId.h"</cpp:file></cpp:include>
<cpp:include>#<cpp:directive>include</cpp:directive> <cpp:file>"../GeneralInclude/TestConstants.h"</cpp:file></cpp:include>
<cpp:include>#<cpp:directive>include</cpp:directive> <cpp:file>"../GeneralInclude/Constants.h"</cpp:file></cpp:include>
<cpp:include>#<cpp:directive>include</cpp:directive> <cpp:file>"../FDIR/DC_InRangeProfile.h"</cpp:file></cpp:include>
<cpp:include>#<cpp:directive>include</cpp:directive> <cpp:file>"../FDIR/RangeProfile.h"</cpp:file></cpp:include>
<cpp:include>#<cpp:directive>include</cpp:directive> <cpp:file>"TestCaseInRangeProfile_1.h"</cpp:file></cpp:include>

<constructor><name>TestCaseInRangeProfile_1::TestCaseInRangeProfile_1</name><parameter_list>(<param><decl><type><name>void</name></type></decl></param>)</parameter_list> <member_list>:
	<call><name>TestCaseGenericSetUp</name><argument_list>(<argument><expr><name>ID_INRANGEPROFILE</name>*10+1</expr></argument>,<argument><expr>"TestCaseInRangeProfile_1"</expr></argument>)</argument_list></call> </member_list><block>{
		<return>return;</return>
}</block></constructor>

<function><type><name>void</name></type> <name><name>TestCaseInRangeProfile_1</name>::<name>runTestCase</name></name><parameter_list>(<param><decl><type><name>void</name></type></decl></param>)</parameter_list> <block>{

   <decl_stmt><decl><type><name>DC_InRangeProfile</name>*</type> <name>mp</name> =<init> <expr>new <call><name>DC_InRangeProfile</name><argument_list>()</argument_list></call></expr></init></decl>;</decl_stmt>

   <comment type="line">// Check the value of the class identifier
</comment>   <if>if <condition>( <expr><name>mp</name>-&gt;<call><name>getClassId</name><argument_list>()</argument_list></call> != <name>ID_INRANGEPROFILE</name></expr> )</condition><then>
   <block>{    <expr_stmt><expr><call><name>setTestResult</name><argument_list>(<argument><expr><name>TEST_FAILURE</name></expr></argument>, <argument><expr>"Wrong class identifier"</expr></argument>)</argument_list></call></expr>;</expr_stmt>
        <return>return;</return>
   }</block></then></if>

   <comment type="line">// Check configuration status
</comment>   <if>if <condition>( <expr><name>mp</name>-&gt;<call><name>isObjectConfigured</name><argument_list>()</argument_list></call></expr> )</condition><then>
   <block>{    <expr_stmt><expr><call><name>setTestResult</name><argument_list>(<argument><expr><name>TEST_FAILURE</name></expr></argument>, <argument><expr>"Wrong configuration status"</expr></argument>)</argument_list></call></expr>;</expr_stmt>
        <return>return;</return>
   }</block></then></if>

   <comment type="line">// Set the lower bound
</comment>   <decl_stmt><decl><type><name>TD_Float</name></type> <name>lb</name> =<init> <expr>10.0</expr></init></decl>;</decl_stmt>
   <expr_stmt><expr><name>mp</name>-&gt;<call><name>setLowerBound</name><argument_list>(<argument><expr><name>lb</name></expr></argument>)</argument_list></call></expr>;</expr_stmt>
   <decl_stmt><decl><type><name>TD_Float</name></type> <name>ret</name> =<init> <expr><name>mp</name>-&gt;<call><name>getLowerBound</name><argument_list>()</argument_list></call></expr></init></decl>;</decl_stmt>
   <decl_stmt><decl><type><name>TD_Float</name></type> <name>eps</name> =<init> <expr>(<name>TD_Float</name>)0.00001</expr></init></decl>;</decl_stmt>
   <if>if <condition>( <expr>((<name>ret</name>-<name>lb</name>)&gt;<name>eps</name>) || ((<name>lb</name>-<name>ret</name>)&gt;<name>eps</name>)</expr> )</condition><then>
   <block>{    <expr_stmt><expr><call><name>setTestResult</name><argument_list>(<argument><expr><name>TEST_FAILURE</name></expr></argument>, <argument><expr>"Wrong lower bound value"</expr></argument>)</argument_list></call></expr>;</expr_stmt>
        <return>return;</return>
   }</block></then></if>

   <comment type="line">// Set the upper bound
</comment>   <decl_stmt><decl><type><name>TD_Float</name></type> <name>ub</name> =<init> <expr>(<name>TD_Float</name>)12.0</expr></init></decl>;</decl_stmt>
   <expr_stmt><expr><name>mp</name>-&gt;<call><name>setUpperBound</name><argument_list>(<argument><expr><name>ub</name></expr></argument>)</argument_list></call></expr>;</expr_stmt>
   <expr_stmt><expr><name>ret</name> = <name>mp</name>-&gt;<call><name>getUpperBound</name><argument_list>()</argument_list></call></expr>;</expr_stmt>
   <if>if <condition>( <expr>((<name>ret</name>-<name>ub</name>)&gt;<name>eps</name>) || ((<name>ub</name>-<name>ret</name>)&gt;<name>eps</name>)</expr> )</condition><then>
   <block>{    <expr_stmt><expr><call><name>setTestResult</name><argument_list>(<argument><expr><name>TEST_FAILURE</name></expr></argument>, <argument><expr>"Wrong lower bound value"</expr></argument>)</argument_list></call></expr>;</expr_stmt>
        <return>return;</return>
   }</block></then></if>

   <comment type="line">// Check configuration status
</comment>   <if>if <condition>( <expr>!<name>mp</name>-&gt;<call><name>isObjectConfigured</name><argument_list>()</argument_list></call></expr> )</condition><then>
   <block>{    <expr_stmt><expr><call><name>setTestResult</name><argument_list>(<argument><expr><name>TEST_FAILURE</name></expr></argument>, <argument><expr>"Wrong configuration status"</expr></argument>)</argument_list></call></expr>;</expr_stmt>
        <return>return;</return>
   }</block></then></if>

   <comment type="line">// Check monitoring check for a case with "no deviation from profile"
</comment>   <if>if <condition>( <expr><name>mp</name>-&gt;<call><name>deviatesFromProfile</name><argument_list>(<argument><expr><name>lb</name>-1</expr></argument>)</argument_list></call></expr> )</condition><then>
   <block>{    <expr_stmt><expr><call><name>setTestResult</name><argument_list>(<argument><expr><name>TEST_FAILURE</name></expr></argument>, <argument><expr>"Wrong monitoring check result"</expr></argument>)</argument_list></call></expr>;</expr_stmt>
        <return>return;</return>
   }</block></then></if>

   <comment type="line">// Check monitoring check for a case with "deviation from profile"
</comment>   <if>if <condition>( <expr>!<name>mp</name>-&gt;<macro>deviatesFromProfile<argument_list>((lb+ub)/2)</argument_list></macro></expr> )</condition><then>
   <block>{    <expr_stmt><expr><call><name>setTestResult</name><argument_list>(<argument><expr><name>TEST_FAILURE</name></expr></argument>, <argument><expr>"Wrong monitoring check result"</expr></argument>)</argument_list></call></expr>;</expr_stmt>
        <return>return;</return>
   }</block></then></if>

   <comment type="line">// Disable monitoring profile and repeat check
</comment>   <expr_stmt><expr><name>mp</name>-&gt;<call><name>setEnabled</name><argument_list>(<argument><expr><name>DISABLED</name></expr></argument>)</argument_list></call></expr>;</expr_stmt>
   <if>if <condition>( <expr><name>mp</name>-&gt;<macro>deviatesFromProfile<argument_list>((lb+ub)/2)</argument_list></macro></expr> )</condition><then>
   <block>{    <expr_stmt><expr><call><name>setTestResult</name><argument_list>(<argument><expr><name>TEST_FAILURE</name></expr></argument>, <argument><expr>"Wrong monitoring check result"</expr></argument>)</argument_list></call></expr>;</expr_stmt>
        <return>return;</return>
   }</block></then></if>

   <comment type="line">// Enabble and check monitoring check for a case with "no deviation from profile"
</comment>   <expr_stmt><expr><name>mp</name>-&gt;<call><name>setEnabled</name><argument_list>(<argument><expr><name>ENABLED</name></expr></argument>)</argument_list></call></expr>;</expr_stmt>
   <if>if <condition>( <expr><name>mp</name>-&gt;<call><name>deviatesFromProfile</name><argument_list>(<argument><expr>(<name>lb</name>-1)</expr></argument>)</argument_list></call></expr> )</condition><then>
   <block>{    <expr_stmt><expr><call><name>setTestResult</name><argument_list>(<argument><expr><name>TEST_FAILURE</name></expr></argument>, <argument><expr>"Wrong monitoring check result"</expr></argument>)</argument_list></call></expr>;</expr_stmt>
        <return>return;</return>
   }</block></then></if>

   <comment type="line">// Check monitoring check for a case with "deviation from profile"
</comment>   <if>if <condition>( <expr>!<name>mp</name>-&gt;<macro>deviatesFromProfile<argument_list>((lb+ub)/2)</argument_list></macro></expr> )</condition><then>
   <block>{    <expr_stmt><expr><call><name>setTestResult</name><argument_list>(<argument><expr><name>TEST_FAILURE</name></expr></argument>, <argument><expr>"Wrong monitoring check result"</expr></argument>)</argument_list></call></expr>;</expr_stmt>
        <return>return;</return>
   }</block></then></if>

   <expr_stmt><expr><call><name>setTestResult</name><argument_list>(<argument><expr><name>TEST_SUCCESS</name></expr></argument>,<argument><expr>"Test Successful"</expr></argument>)</argument_list></call></expr>;</expr_stmt>
   <return>return;</return>

}</block></function>
</unit>
