<unit xmlns="http://www.sdml.info/srcML/src" xmlns:cpp="http://www.sdml.info/srcML/cpp">
<comment type="line">//
</comment><comment type="line">// Copyright 2004 P&amp;P Software GmbH - All Rights Reserved
</comment><comment type="line">//
</comment><comment type="line">// TestCaseCyclingTelemetryModeManager_1.h
</comment><comment type="line">//
</comment><comment type="line">// Version	1.0
</comment><comment type="line">// Date		24.02.03
</comment><comment type="line">// Author	A. Pasetti (P&amp;P Software)
</comment>
<cpp:ifndef>#<cpp:directive>ifndef</cpp:directive> <name>TestCaseCyclingTelemetryModeManager_1H</name></cpp:ifndef>
<cpp:define>#<cpp:directive>define</cpp:directive> <name>TestCaseCyclingTelemetryModeManager_1H</name></cpp:define>

<cpp:include>#<cpp:directive>include</cpp:directive> <cpp:file>"../Utilities/TestCaseWithEvtCheck.h"</cpp:file></cpp:include>

<comment type="block">/**
 * Verify the services implemented
 * by class &lt;code&gt;CyclingTelemetryListModeManager&lt;/code&gt;.
 * For the test, the list mode manager is configured as follows:
 * &lt;ul&gt;
 * &lt;li&gt;The number of modes (and hence the number of lists) is 3&lt;/li&gt;
 * &lt;li&gt;The length of the three lists associated to the three
 * modes is as follows: 3, 2, 3&lt;/li&gt;
 * &lt;li&gt;The items loaded in the the lists are instances of class
 * &lt;code&gt;DC_DummyTelemetryPacket&lt;/code&gt;&lt;/li&gt;
 * &lt;/ul&gt;
 * The following specific checks are performed on the list mode manager:&lt;ol&gt;
 * &lt;li&gt;The correctness of the class identifier is verified.&lt;/li&gt;
 * &lt;li&gt;It is verified that the mode manager is not configured at
 * creation.&lt;/li&gt;
 * &lt;li&gt;The mode manager is configured as described above and
 * it is verified that the configuration check service reports:
 * "object configured".&lt;/li&gt;
 * &lt;li&gt;An iteration through the items in the current list
 * is performed and it is verified that the items in the list
 * are returned without error and in the correct sequence.&lt;/li&gt;
 * &lt;li&gt;A (non-nominal) call to method &lt;code&gt;nextInt&lt;/code&gt; is performed
 * after the iteration has terminated and it is verified that the
 * last item in the iteration list is returned.&lt;/li&gt;
 * &lt;li&gt;A new iteration is performed. While the iteration is under
 * way, an update request is performed and it is verified
 * that this has no effect on the continuation of the iteration.&lt;/li&gt;
 * &lt;li&gt;Non-nominal behaviour check: an attempt is made to reconfigure the
 * list by loading an item at a non-existent location and it is checked that
 * the correct event is generated.&lt;/li&gt;
 * &lt;/ol&gt;
 * @see DC_CyclingTelemetryModeManager
 * @author Alessandro Pasetti (P&amp;P Software GmbH)
 * @version 1.0
 */</comment>
<class>class <name>TestCaseCyclingTelemetryModeManager_1</name> <super>: <specifier>public</specifier> <name>TestCaseWithEvtCheck</name></super> <block>{<private type="default">

</private><public>public :

     <comment type="block">/**
      * Set the identifier and the name of the test case to, respectively,
      * ID_CYCLINGTELEMETRYMODEMANAGER*10+1 and "TestCaseDummyListModeManager_1".
      */</comment>
     <constructor_decl><name>TestCaseCyclingTelemetryModeManager_1</name><parameter_list>(<param><decl><type><name>void</name></type></decl></param>)</parameter_list>;</constructor_decl>

     <comment type="block">/**
      * Execute the test case. See class comment for details.
      */</comment>
	<function_decl><type><name>virtual</name> <name>void</name></type> <name>runTestCase</name><parameter_list>(<param><decl><type><name>void</name></type></decl></param>)</parameter_list>;</function_decl>
</public>}</block>;</class>

<cpp:endif>#<cpp:directive>endif</cpp:directive></cpp:endif>
</unit>
