<unit xmlns="http://www.sdml.info/srcML/src" xmlns:cpp="http://www.sdml.info/srcML/cpp">
<comment type="line">//
</comment><comment type="line">// Copyright 2004 P&amp;P Software GmbH - All Rights Reserved
</comment><comment type="line">//
</comment><comment type="line">// TestCaseFileTelemetryStream_2.cpp
</comment><comment type="line">//
</comment><comment type="line">// Version	1.0
</comment><comment type="line">// Date		04.03.03
</comment><comment type="line">// Author	A. Pasetti (P&amp;P Software)
</comment>
<cpp:include>#<cpp:directive>include</cpp:directive> <cpp:file>"../GeneralInclude/CompilerSwitches.h"</cpp:file></cpp:include>
<cpp:include>#<cpp:directive>include</cpp:directive> <cpp:file>"../GeneralInclude/ClassId.h"</cpp:file></cpp:include>
<cpp:include>#<cpp:directive>include</cpp:directive> <cpp:file>"../GeneralInclude/Constants.h"</cpp:file></cpp:include>
<cpp:include>#<cpp:directive>include</cpp:directive> <cpp:file>"../GeneralInclude/TestConstants.h"</cpp:file></cpp:include>
<cpp:include>#<cpp:directive>include</cpp:directive> <cpp:file>"../Telemetry/DC_FileTelemetryStream.h"</cpp:file></cpp:include>
<cpp:include>#<cpp:directive>include</cpp:directive> <cpp:file>"../Telemetry/DC_DummyTelemetryPacket.h"</cpp:file></cpp:include>
<cpp:include>#<cpp:directive>include</cpp:directive> <cpp:file>"TestCaseFileTelemetryStream_2.h"</cpp:file></cpp:include>
<cpp:include>#<cpp:directive>include</cpp:directive> <cpp:file>&lt;stdio.h&gt;</cpp:file></cpp:include>

<constructor><name>TestCaseFileTelemetryStream_2::TestCaseFileTelemetryStream_2</name><parameter_list>(<param><decl><type><name>void</name></type></decl></param>)</parameter_list> <member_list>:
	<call><name>TestCaseGenericSetUp</name><argument_list>(<argument><expr><name>ID_FILETELEMETRYSTREAM</name>*10+2</expr></argument>,<argument><expr>"TestCaseFileTelemetryStream_2"</expr></argument>)</argument_list></call> </member_list><block>{
		<return>return;</return>
}</block></constructor>

<function><type><name>void</name></type> <name><name>TestCaseFileTelemetryStream_2</name>::<name>runTestCase</name></name><parameter_list>(<param><decl><type><name>void</name></type></decl></param>)</parameter_list> <block>{

   <decl_stmt><decl><type><name>DC_FileTelemetryStream</name>*</type> <name>pTmStream</name> =<init> <expr>new <call><name>DC_FileTelemetryStream</name><argument_list>()</argument_list></call></expr></init></decl>;</decl_stmt>

   <comment type="line">// Load the telemetry stream and check correctness
</comment>   <decl_stmt><decl><type><name>FILE</name>*</type> <name>out</name>=<init><expr><name>pNULL</name></expr></init></decl>;</decl_stmt>
   <expr_stmt><expr><name>pTmStream</name>-&gt;<call><name>setOutputStream</name><argument_list>(<argument><expr><name>out</name></expr></argument>)</argument_list></call></expr>;</expr_stmt>
   <if>if <condition>( <expr><name>pTmStream</name>-&gt;<call><name>getOutputStream</name><argument_list>()</argument_list></call> != <name>pNULL</name></expr> )</condition><then>
   <block>{    <expr_stmt><expr><call><name>setTestResult</name><argument_list>(<argument><expr><name>TEST_FAILURE</name></expr></argument>, <argument><expr>"Wrong telemetry stream file"</expr></argument>)</argument_list></call></expr>;</expr_stmt>
        <return>return;</return>
   }</block></then></if>

   <comment type="line">// Create and configure the telemetry packet to be written to the stream
</comment>   <decl_stmt><decl><type><name>DC_DummyTelemetryPacket</name>*</type> <name>pTI</name> =<init> <expr>new <call><name>DC_DummyTelemetryPacket</name><argument_list>()</argument_list></call></expr></init></decl>;</decl_stmt>
   <expr_stmt><expr><name>pTI</name>-&gt;<call><name>setNumberOfBytes</name><argument_list>(<argument><expr>2</expr></argument>)</argument_list></call></expr>;</expr_stmt>
   <expr_stmt><expr><name>pTI</name>-&gt;<call><name>setValue</name><argument_list>(<argument><expr>0</expr></argument>,<argument><expr>1</expr></argument>)</argument_list></call></expr>;</expr_stmt>
   <expr_stmt><expr><name>pTI</name>-&gt;<call><name>setValue</name><argument_list>(<argument><expr>1</expr></argument>,<argument><expr>2</expr></argument>)</argument_list></call></expr>;</expr_stmt>

   <comment type="line">// Write telemetry packet to the telemetry stream
</comment>   <expr_stmt><expr><name>pTmStream</name>-&gt;<call><name>write</name><argument_list>(<argument><expr><name>pTI</name></expr></argument>)</argument_list></call></expr>;</expr_stmt>
   <expr_stmt><expr><name>pTmStream</name>-&gt;<call><name>flush</name><argument_list>()</argument_list></call></expr>;</expr_stmt>
   <expr_stmt><expr><name>pTI</name>-&gt;<call><name>setValue</name><argument_list>(<argument><expr>0</expr></argument>,<argument><expr>2</expr></argument>)</argument_list></call></expr>;</expr_stmt>
   <expr_stmt><expr><name>pTI</name>-&gt;<call><name>setValue</name><argument_list>(<argument><expr>1</expr></argument>,<argument><expr>3</expr></argument>)</argument_list></call></expr>;</expr_stmt>
   <expr_stmt><expr><name>pTmStream</name>-&gt;<call><name>write</name><argument_list>(<argument><expr><name>pTI</name></expr></argument>)</argument_list></call></expr>;</expr_stmt>
   <expr_stmt><expr><name>pTmStream</name>-&gt;<call><name>flush</name><argument_list>()</argument_list></call></expr>;</expr_stmt>

   <comment type="line">// Close output file and set test result message
</comment>   <if>if <condition>( <expr><name>out</name> != <name>pNULL</name></expr> )</condition><then>
    <expr_stmt><expr><call><name>fclose</name><argument_list>(<argument><expr><name>out</name></expr></argument>)</argument_list></call></expr>;</expr_stmt></then></if>
   <expr_stmt><expr><call><name>setTestResult</name><argument_list>(<argument><expr><name>TEST_SUCCESS</name></expr></argument>, <argument><expr>"Check standard output"</expr></argument>)</argument_list></call></expr>;</expr_stmt>
   <return>return;</return>
}</block></function>
</unit>
