<unit xmlns="http://www.sdml.info/srcML/src" xmlns:cpp="http://www.sdml.info/srcML/cpp">
<comment type="line">//
</comment><comment type="line">// Copyright 2004 P&amp;P Software GmbH - All Rights Reserved
</comment><comment type="line">//
</comment><comment type="line">// TestCasePUSDataReportingPacket_3.cpp
</comment><comment type="line">//
</comment><comment type="line">// Version	1.0
</comment><comment type="line">// Date		04.12.03
</comment><comment type="line">// Author	A. Pasetti (P&amp;P Software)
</comment>
<cpp:include>#<cpp:directive>include</cpp:directive> <cpp:file>"../GeneralInclude/CompilerSwitches.h"</cpp:file></cpp:include>
<cpp:include>#<cpp:directive>include</cpp:directive> <cpp:file>"../GeneralInclude/ClassId.h"</cpp:file></cpp:include>
<cpp:include>#<cpp:directive>include</cpp:directive> <cpp:file>"../GeneralInclude/BasicTypes.h"</cpp:file></cpp:include>
<cpp:include>#<cpp:directive>include</cpp:directive> <cpp:file>"../GeneralInclude/Constants.h"</cpp:file></cpp:include>
<cpp:include>#<cpp:directive>include</cpp:directive> <cpp:file>"../Telemetry/DC_PUSDataReportingPacket.h"</cpp:file></cpp:include>
<cpp:include>#<cpp:directive>include</cpp:directive> <cpp:file>"../Data/DC_SampleFullDataPool.h"</cpp:file></cpp:include>
<cpp:include>#<cpp:directive>include</cpp:directive> <cpp:file>"../Utilities/TestCaseWithEvtCheck.h"</cpp:file></cpp:include>
<cpp:include>#<cpp:directive>include</cpp:directive> <cpp:file>"TestCasePUSDataReportingPacket_3.h"</cpp:file></cpp:include>

<cpp:include>#<cpp:directive>include</cpp:directive> <cpp:file>&lt;math.h&gt;</cpp:file></cpp:include>
<cpp:include>#<cpp:directive>include</cpp:directive> <cpp:file>&lt;float.h&gt;</cpp:file></cpp:include>
<cpp:include>#<cpp:directive>include</cpp:directive> <cpp:file>&lt;assert.h&gt;</cpp:file></cpp:include>
<cpp:include>#<cpp:directive>include</cpp:directive> <cpp:file>&lt;string.h&gt;</cpp:file></cpp:include>

<constructor><name>TestCasePUSDataReportingPacket_3::TestCasePUSDataReportingPacket_3</name><parameter_list>(<param><decl><type><name>void</name></type></decl></param>)</parameter_list> <member_list>:
	<call><name>TestCaseWithEvtCheck</name><argument_list>(<argument><expr><name>ID_PUSDATAREPORTINGPACKET</name>*10+3</expr></argument>,<argument><expr>"TestCasePUSDataReportingPacket_3"</expr></argument>)</argument_list></call> </member_list><block>{
		<return>return;</return>
}</block></constructor>

<function><type><name>void</name></type> <name><name>TestCasePUSDataReportingPacket_3</name>::<name>runTestCase</name></name><parameter_list>(<param><decl><type><name>void</name></type></decl></param>)</parameter_list> <block>{

   <decl_stmt><decl><type><name>DC_SampleFullDataPool</name>*</type> <name>pDP</name> =<init> <expr>new <call><name>DC_SampleFullDataPool</name><argument_list>()</argument_list></call></expr></init></decl>;</decl_stmt>
   <decl_stmt><decl><type><name>unsigned</name> <name>int</name></type> <name>nEvt</name> =<init> <expr><call><name>getNumberOfEvents</name><argument_list>()</argument_list></call></expr></init></decl>;</decl_stmt>
   <decl_stmt><decl><type><name>DC_PUSDataReportingPacket</name>*</type> <name>pTMP</name> =<init> <expr>new <call><name>DC_PUSDataReportingPacket</name><argument_list>()</argument_list></call></expr></init></decl>;</decl_stmt>

   <comment type="line">// Configure and load the data pool
</comment>   <expr_stmt><expr><name>pDP</name>-&gt;<call><name>setObsClock</name><argument_list>(<argument><expr><call><name><name>DC_PUSDataReportingPacket</name>::<name>getObsClock</name></name><argument_list>()</argument_list></call></expr></argument>)</argument_list></call></expr>;</expr_stmt>
   <decl_stmt><decl><type><name>DataPool</name>*</type> <name>pOldDP</name> =<init> <expr><call><name><name>CC_RootObject</name>::<name>getDataPool</name></name><argument_list>()</argument_list></call></expr></init></decl>;</decl_stmt>
   <expr_stmt><expr><call><name><name>CC_RootObject</name>::<name>setDataPool</name></name><argument_list>(<argument><expr><name>pDP</name></expr></argument>)</argument_list></call></expr>;</expr_stmt>

   <comment type="line">// Define the PUS packet
</comment>   <decl_stmt><decl><type><name>TD_SID</name></type> <name>sid</name> =<init> <expr>12</expr></init></decl>;</decl_stmt>
   <decl_stmt><decl><type><name>TD_PUSCollectionInterval</name></type> <name>collectionInterval</name> =<init> <expr>6</expr></init></decl>;</decl_stmt>
   <decl_stmt><decl><type><name>TD_PUSNumberOfParameters</name></type> <name>NPAR1</name> =<init> <expr>1</expr></init></decl>;</decl_stmt>
   <decl_stmt><decl><type><name>unsigned</name> <name>char</name></type> <name>NFA</name> =<init> <expr>2</expr></init></decl>;</decl_stmt>
   <decl_stmt><decl><type><name>unsigned</name> <name>char</name></type> <name>NREP2</name> =<init> <expr>2</expr></init></decl>;</decl_stmt>
   <decl_stmt><decl><type><name>TD_PUSNumberOfParameters</name></type> <name>NPAR2</name> =<init> <expr>2</expr></init></decl>;</decl_stmt>
   <decl_stmt><decl><type><name>unsigned</name> <name>char</name></type> <name>NREP3</name> =<init> <expr>3</expr></init></decl>;</decl_stmt>
   <decl_stmt><decl><type><name>TD_PUSNumberOfParameters</name></type> <name>NPAR3</name> =<init> <expr>1</expr></init></decl>;</decl_stmt>
   <decl_stmt><decl><type><name>TD_DataPoolId</name></type> <name>par1</name> =<init> <expr>1</expr></init></decl>;</decl_stmt>
   <decl_stmt><decl><type><name>TD_Integer</name></type> <name>val1</name> =<init> <expr>11</expr></init></decl>;</decl_stmt>
   <decl_stmt><decl><type><name>TD_DataPoolId</name></type> <name>par2</name> =<init> <expr>2</expr></init></decl>;</decl_stmt>
   <decl_stmt><decl><type><name>TD_Float</name></type> <name>val2</name> =<init> <expr>12.0</expr></init></decl>;</decl_stmt>
   <decl_stmt><decl><type><name>TD_DataPoolId</name></type> <name>par3</name> =<init> <expr>4</expr></init></decl>;</decl_stmt>
   <decl_stmt><decl><type><name>TD_Integer</name></type> <name>val3</name> =<init> <expr>14</expr></init></decl>;</decl_stmt>
   <decl_stmt><decl><type><name>TD_DataPoolId</name></type> <name>par4</name> =<init> <expr>5</expr></init></decl>;</decl_stmt>
   <decl_stmt><decl><type><name>TD_Float</name></type> <name>val4</name> =<init> <expr>15.0</expr></init></decl>;</decl_stmt>

   <comment type="line">// Construct the packet
</comment>   <decl_stmt><decl><type><name>unsigned</name> <name>short</name></type> <name>defPacketSize</name> =<init> <expr>300</expr></init></decl>;</decl_stmt>
   <decl_stmt><decl><type><name>unsigned</name> <name>char</name>*</type> <name>packet</name> =<init> <expr>new <name>unsigned</name> <name><name>char</name>[<expr><name>defPacketSize</name></expr>]</name></expr></init></decl>;</decl_stmt>
   <decl_stmt><decl><type><name>unsigned</name> <name>int</name></type> <name>offset</name> =<init> <expr>0</expr></init></decl>;</decl_stmt>

   <expr_stmt><expr><call><name>memcpy</name><argument_list>(<argument><expr><name>packet</name>+<name>offset</name></expr></argument>,<argument><expr>&amp;<name>sid</name></expr></argument>,<argument><expr><call><name>sizeof</name><argument_list>(<argument><expr><name>TD_SID</name></expr></argument>)</argument_list></call></expr></argument>)</argument_list></call></expr>;</expr_stmt>
   <expr_stmt><expr><name>offset</name> += <call><name>sizeof</name><argument_list>(<argument><expr><name>TD_SID</name></expr></argument>)</argument_list></call></expr>;</expr_stmt>
   <expr_stmt><expr><call><name>memcpy</name><argument_list>(<argument><expr><name>packet</name>+<name>offset</name></expr></argument>,<argument><expr>&amp;<name>collectionInterval</name></expr></argument>,<argument><expr><call><name>sizeof</name><argument_list>(<argument><expr><name>TD_PUSCollectionInterval</name></expr></argument>)</argument_list></call></expr></argument>)</argument_list></call></expr>;</expr_stmt>
   <expr_stmt><expr><name>offset</name> += <call><name>sizeof</name><argument_list>(<argument><expr><name>TD_PUSCollectionInterval</name></expr></argument>)</argument_list></call></expr>;</expr_stmt>
   <expr_stmt><expr><call><name>memcpy</name><argument_list>(<argument><expr><name>packet</name>+<name>offset</name></expr></argument>,<argument><expr>&amp;<name>NPAR1</name></expr></argument>,<argument><expr><call><name>sizeof</name><argument_list>(<argument><expr><name>TD_PUSNumberOfParameters</name></expr></argument>)</argument_list></call></expr></argument>)</argument_list></call></expr>;</expr_stmt>
   <expr_stmt><expr><name>offset</name> += <call><name>sizeof</name><argument_list>(<argument><expr><name>TD_PUSNumberOfParameters</name></expr></argument>)</argument_list></call></expr>;</expr_stmt>
   <expr_stmt><expr><call><name>memcpy</name><argument_list>(<argument><expr><name>packet</name>+<name>offset</name></expr></argument>,<argument><expr>&amp;<name>par1</name></expr></argument>,<argument><expr><call><name>sizeof</name><argument_list>(<argument><expr><name>TD_DataPoolId</name></expr></argument>)</argument_list></call></expr></argument>)</argument_list></call></expr>;</expr_stmt>
   <expr_stmt><expr><name>offset</name> += <call><name>sizeof</name><argument_list>(<argument><expr><name>TD_DataPoolId</name></expr></argument>)</argument_list></call></expr>;</expr_stmt>
   <expr_stmt><expr><call><name>memcpy</name><argument_list>(<argument><expr><name>packet</name>+<name>offset</name></expr></argument>,<argument><expr>&amp;<name>NFA</name></expr></argument>,<argument><expr>1</expr></argument>)</argument_list></call></expr>;</expr_stmt>
   <expr_stmt><expr><name>offset</name> += 1</expr>;</expr_stmt>
   <expr_stmt><expr><call><name>memcpy</name><argument_list>(<argument><expr><name>packet</name>+<name>offset</name></expr></argument>,<argument><expr>&amp;<name>NREP2</name></expr></argument>,<argument><expr>1</expr></argument>)</argument_list></call></expr>;</expr_stmt>
   <expr_stmt><expr><name>offset</name> += 1</expr>;</expr_stmt>
   <expr_stmt><expr><call><name>memcpy</name><argument_list>(<argument><expr><name>packet</name>+<name>offset</name></expr></argument>,<argument><expr>&amp;<name>NPAR2</name></expr></argument>,<argument><expr><call><name>sizeof</name><argument_list>(<argument><expr><name>TD_PUSNumberOfParameters</name></expr></argument>)</argument_list></call></expr></argument>)</argument_list></call></expr>;</expr_stmt>
   <expr_stmt><expr><name>offset</name> += <call><name>sizeof</name><argument_list>(<argument><expr><name>TD_PUSNumberOfParameters</name></expr></argument>)</argument_list></call></expr>;</expr_stmt>
   <expr_stmt><expr><call><name>memcpy</name><argument_list>(<argument><expr><name>packet</name>+<name>offset</name></expr></argument>,<argument><expr>&amp;<name>par2</name></expr></argument>,<argument><expr><call><name>sizeof</name><argument_list>(<argument><expr><name>TD_DataPoolId</name></expr></argument>)</argument_list></call></expr></argument>)</argument_list></call></expr>;</expr_stmt>
   <expr_stmt><expr><name>offset</name> += <call><name>sizeof</name><argument_list>(<argument><expr><name>TD_DataPoolId</name></expr></argument>)</argument_list></call></expr>;</expr_stmt>
   <expr_stmt><expr><call><name>memcpy</name><argument_list>(<argument><expr><name>packet</name>+<name>offset</name></expr></argument>,<argument><expr>&amp;<name>par3</name></expr></argument>,<argument><expr><call><name>sizeof</name><argument_list>(<argument><expr><name>TD_DataPoolId</name></expr></argument>)</argument_list></call></expr></argument>)</argument_list></call></expr>;</expr_stmt>
   <expr_stmt><expr><name>offset</name> += <call><name>sizeof</name><argument_list>(<argument><expr><name>TD_DataPoolId</name></expr></argument>)</argument_list></call></expr>;</expr_stmt>
   <expr_stmt><expr><call><name>memcpy</name><argument_list>(<argument><expr><name>packet</name>+<name>offset</name></expr></argument>,<argument><expr>&amp;<name>NREP3</name></expr></argument>,<argument><expr>1</expr></argument>)</argument_list></call></expr>;</expr_stmt>
   <expr_stmt><expr><name>offset</name> += 1</expr>;</expr_stmt>
   <expr_stmt><expr><call><name>memcpy</name><argument_list>(<argument><expr><name>packet</name>+<name>offset</name></expr></argument>,<argument><expr>&amp;<name>NPAR3</name></expr></argument>,<argument><expr><call><name>sizeof</name><argument_list>(<argument><expr><name>TD_PUSNumberOfParameters</name></expr></argument>)</argument_list></call></expr></argument>)</argument_list></call></expr>;</expr_stmt>
   <expr_stmt><expr><name>offset</name> += <call><name>sizeof</name><argument_list>(<argument><expr><name>TD_PUSNumberOfParameters</name></expr></argument>)</argument_list></call></expr>;</expr_stmt>
   <expr_stmt><expr><call><name>memcpy</name><argument_list>(<argument><expr><name>packet</name>+<name>offset</name></expr></argument>,<argument><expr>&amp;<name>par4</name></expr></argument>,<argument><expr><call><name>sizeof</name><argument_list>(<argument><expr><name>TD_DataPoolId</name></expr></argument>)</argument_list></call></expr></argument>)</argument_list></call></expr>;</expr_stmt>
   <expr_stmt><expr><name>offset</name> += <call><name>sizeof</name><argument_list>(<argument><expr><name>TD_DataPoolId</name></expr></argument>)</argument_list></call></expr>;</expr_stmt>

   <expr_stmt><expr><call><name>assert</name><argument_list>(<argument><expr><name>offset</name>&lt;<name>defPacketSize</name></expr></argument>)</argument_list></call></expr>;</expr_stmt>

   <comment type="line">// Configure the data reporting packet and check configuration status
</comment>   <expr_stmt><expr><name>pTMP</name>-&gt;<call><name>setMaxNumberFA</name><argument_list>(<argument><expr>2</expr></argument>)</argument_list></call></expr>;</expr_stmt>
   <expr_stmt><expr><name>pTMP</name>-&gt;<call><name>setDefinitionBufferSize</name><argument_list>(<argument><expr><name>defPacketSize</name></expr></argument>)</argument_list></call></expr>;</expr_stmt>
   <decl_stmt><decl><type><name>unsigned</name> <name>int</name></type> <name>valBufferSize</name> =<init> <expr>75</expr></init></decl>;</decl_stmt>
   <expr_stmt><expr><name>pTMP</name>-&gt;<call><name>setValueBufferSize</name><argument_list>(<argument><expr><name>valBufferSize</name></expr></argument>)</argument_list></call></expr>;</expr_stmt>
   <expr_stmt><expr><name>pTMP</name>-&gt;<call><name>setSubType</name><argument_list>(<argument><expr><name>PUS_ST_DATA_REP_PAR_HK_REP</name></expr></argument>)</argument_list></call></expr>;</expr_stmt>
   <expr_stmt><expr><name>pTMP</name>-&gt;<call><name>setTimeTag</name><argument_list>(<argument><expr>0</expr></argument>)</argument_list></call></expr>;</expr_stmt>
   <expr_stmt><expr><name>pTMP</name>-&gt;<call><name>setEnabled</name><argument_list>(<argument><expr><name>ENABLED</name></expr></argument>)</argument_list></call></expr>;</expr_stmt>
   <if>if <condition>( <expr>!<name>pTMP</name>-&gt;<call><name>isObjectConfigured</name><argument_list>()</argument_list></call></expr> )</condition><then>
   <block>{	<expr_stmt><expr><call><name>setTestResult</name><argument_list>(<argument><expr><name>TEST_FAILURE</name></expr></argument>,<argument><expr>"Wrong configuration status"</expr></argument>)</argument_list></call></expr>;</expr_stmt>
    	<return>return;</return>
   }</block></then></if>

   <comment type="line">// Load the packet definition
</comment>   <for>for (<init><expr><type><name>unsigned</name> <name>short</name></type> <name>i</name>=<init><expr>0</expr></init></expr>;</init> <condition><expr><name>i</name>&lt;<name>offset</name></expr>;</condition> <incr><expr><name>i</name>++</expr></incr>)
        <expr_stmt><expr><name>pTMP</name>-&gt;<call><name>setDefinitionBuffer</name><argument_list>(<argument><expr><name>i</name></expr></argument>,<argument><expr><name><name>packet</name>[<expr><name>i</name></expr>]</name></expr></argument>)</argument_list></call></expr>;</expr_stmt></for>

   <if>if <condition>(<expr><name>pTMP</name>-&gt;<call><name>getDefinitionBufferLength</name><argument_list>()</argument_list></call>!=<name>offset</name></expr>)</condition><then>
   <block>{	<expr_stmt><expr><call><name>setTestResult</name><argument_list>(<argument><expr><name>TEST_FAILURE</name></expr></argument>,<argument><expr>"Wrong definition buffer length"</expr></argument>)</argument_list></call></expr>;</expr_stmt>
    	<return>return;</return>
   }</block></then></if>

   <comment type="line">// Set the values of the data pool items
</comment>   <expr_stmt><expr><name>pDP</name>-&gt;<call><name>setValue</name><argument_list>(<argument><expr><name>par1</name></expr></argument>,<argument><expr><name>val1</name></expr></argument>)</argument_list></call></expr>;</expr_stmt>
   <expr_stmt><expr><name>pDP</name>-&gt;<call><name>setValue</name><argument_list>(<argument><expr><name>par2</name></expr></argument>,<argument><expr><name>val2</name></expr></argument>)</argument_list></call></expr>;</expr_stmt>
   <expr_stmt><expr><name>pDP</name>-&gt;<call><name>setValue</name><argument_list>(<argument><expr><name>par3</name></expr></argument>,<argument><expr><name>val3</name></expr></argument>)</argument_list></call></expr>;</expr_stmt>
   <expr_stmt><expr><name>pDP</name>-&gt;<call><name>setValue</name><argument_list>(<argument><expr><name>par4</name></expr></argument>,<argument><expr><name>val4</name></expr></argument>)</argument_list></call></expr>;</expr_stmt>

   <comment type="line">// Send five update requests and check that there are no data to be acquired
</comment>   <comment type="line">// The data pool item values are updated after each update request
</comment>   <expr_stmt><expr><name>pTMP</name>-&gt;<call><name>update</name><argument_list>()</argument_list></call></expr>;</expr_stmt>
   <if>if <condition>(<expr><name>pTMP</name>-&gt;<call><name>getNumberOfBytes</name><argument_list>()</argument_list></call>!=0</expr>)</condition><then>
   <block>{	<expr_stmt><expr><call><name>setTestResult</name><argument_list>(<argument><expr><name>TEST_FAILURE</name></expr></argument>,<argument><expr>"Wrong number of bytes"</expr></argument>)</argument_list></call></expr>;</expr_stmt>
    	<return>return;</return>
   }</block></then></if>
   <expr_stmt><expr><name>pDP</name>-&gt;<macro>setValue<argument_list>(par1,(TD_Integer)(2*val1))</argument_list></macro></expr>;</expr_stmt>
   <expr_stmt><expr><name>pDP</name>-&gt;<macro>setValue<argument_list>(par2,(TD_Float)(2*val2))</argument_list></macro></expr>;</expr_stmt>
   <expr_stmt><expr><name>pDP</name>-&gt;<macro>setValue<argument_list>(par3,(TD_Integer)(2*val3))</argument_list></macro></expr>;</expr_stmt>
   <expr_stmt><expr><name>pDP</name>-&gt;<macro>setValue<argument_list>(par4,(TD_Float)(2*val4))</argument_list></macro></expr>;</expr_stmt>

   <expr_stmt><expr><name>pTMP</name>-&gt;<call><name>update</name><argument_list>()</argument_list></call></expr>;</expr_stmt>
   <if>if <condition>(<expr><name>pTMP</name>-&gt;<call><name>getNumberOfBytes</name><argument_list>()</argument_list></call>!=0</expr>)</condition><then>
   <block>{	<expr_stmt><expr><call><name>setTestResult</name><argument_list>(<argument><expr><name>TEST_FAILURE</name></expr></argument>,<argument><expr>"Wrong number of bytes"</expr></argument>)</argument_list></call></expr>;</expr_stmt>
    	<return>return;</return>
   }</block></then></if>
   <expr_stmt><expr><name>pDP</name>-&gt;<macro>setValue<argument_list>(par1,(TD_Integer)(3*val1))</argument_list></macro></expr>;</expr_stmt>
   <expr_stmt><expr><name>pDP</name>-&gt;<macro>setValue<argument_list>(par2,(TD_Float)(3*val2))</argument_list></macro></expr>;</expr_stmt>
   <expr_stmt><expr><name>pDP</name>-&gt;<macro>setValue<argument_list>(par3,(TD_Integer)(3*val3))</argument_list></macro></expr>;</expr_stmt>
   <expr_stmt><expr><name>pDP</name>-&gt;<macro>setValue<argument_list>(par4,(TD_Float)(3*val4))</argument_list></macro></expr>;</expr_stmt>

   <expr_stmt><expr><name>pTMP</name>-&gt;<call><name>update</name><argument_list>()</argument_list></call></expr>;</expr_stmt>
   <if>if <condition>(<expr><name>pTMP</name>-&gt;<call><name>getNumberOfBytes</name><argument_list>()</argument_list></call>!=0</expr>)</condition><then>
   <block>{	<expr_stmt><expr><call><name>setTestResult</name><argument_list>(<argument><expr><name>TEST_FAILURE</name></expr></argument>,<argument><expr>"Wrong number of bytes"</expr></argument>)</argument_list></call></expr>;</expr_stmt>
    	<return>return;</return>
   }</block></then></if>
   <expr_stmt><expr><name>pDP</name>-&gt;<macro>setValue<argument_list>(par1,(TD_Integer)(4*val1))</argument_list></macro></expr>;</expr_stmt>
   <expr_stmt><expr><name>pDP</name>-&gt;<macro>setValue<argument_list>(par2,(TD_Float)(4*val2))</argument_list></macro></expr>;</expr_stmt>
   <expr_stmt><expr><name>pDP</name>-&gt;<macro>setValue<argument_list>(par3,(TD_Integer)(4*val3))</argument_list></macro></expr>;</expr_stmt>
   <expr_stmt><expr><name>pDP</name>-&gt;<macro>setValue<argument_list>(par4,(TD_Float)(4*val4))</argument_list></macro></expr>;</expr_stmt>

   <expr_stmt><expr><name>pTMP</name>-&gt;<call><name>update</name><argument_list>()</argument_list></call></expr>;</expr_stmt>
   <if>if <condition>(<expr><name>pTMP</name>-&gt;<call><name>getNumberOfBytes</name><argument_list>()</argument_list></call>!=0</expr>)</condition><then>
   <block>{	<expr_stmt><expr><call><name>setTestResult</name><argument_list>(<argument><expr><name>TEST_FAILURE</name></expr></argument>,<argument><expr>"Wrong number of bytes"</expr></argument>)</argument_list></call></expr>;</expr_stmt>
    	<return>return;</return>
   }</block></then></if>
   <expr_stmt><expr><name>pDP</name>-&gt;<macro>setValue<argument_list>(par1,(TD_Integer)(5*val1))</argument_list></macro></expr>;</expr_stmt>
   <expr_stmt><expr><name>pDP</name>-&gt;<macro>setValue<argument_list>(par2,(TD_Float)(5*val2))</argument_list></macro></expr>;</expr_stmt>
   <expr_stmt><expr><name>pDP</name>-&gt;<macro>setValue<argument_list>(par3,(TD_Integer)(5*val3))</argument_list></macro></expr>;</expr_stmt>
   <expr_stmt><expr><name>pDP</name>-&gt;<macro>setValue<argument_list>(par4,(TD_Float)(5*val4))</argument_list></macro></expr>;</expr_stmt>

   <expr_stmt><expr><name>pTMP</name>-&gt;<call><name>update</name><argument_list>()</argument_list></call></expr>;</expr_stmt>
   <if>if <condition>(<expr><name>pTMP</name>-&gt;<call><name>getNumberOfBytes</name><argument_list>()</argument_list></call>!=0</expr>)</condition><then>
   <block>{	<expr_stmt><expr><call><name>setTestResult</name><argument_list>(<argument><expr><name>TEST_FAILURE</name></expr></argument>,<argument><expr>"Wrong number of bytes"</expr></argument>)</argument_list></call></expr>;</expr_stmt>
    	<return>return;</return>
   }</block></then></if>
   <expr_stmt><expr><name>pDP</name>-&gt;<macro>setValue<argument_list>(par1,(TD_Integer)(6*val1))</argument_list></macro></expr>;</expr_stmt>
   <expr_stmt><expr><name>pDP</name>-&gt;<macro>setValue<argument_list>(par2,(TD_Float)(6*val2))</argument_list></macro></expr>;</expr_stmt>
   <expr_stmt><expr><name>pDP</name>-&gt;<macro>setValue<argument_list>(par3,(TD_Integer)(6*val3))</argument_list></macro></expr>;</expr_stmt>
   <expr_stmt><expr><name>pDP</name>-&gt;<macro>setValue<argument_list>(par4,(TD_Float)(6*val4))</argument_list></macro></expr>;</expr_stmt>

   <comment type="line">// Send the sixth update request and check data acquisition service
</comment>   <expr_stmt><expr><name>pTMP</name>-&gt;<call><name>update</name><argument_list>()</argument_list></call></expr>;</expr_stmt>
   <expr_stmt><expr><name>pDP</name>-&gt;<macro>setValue<argument_list>(par1,(TD_Integer)(7*val1))</argument_list></macro></expr>;</expr_stmt>
   <expr_stmt><expr><name>pDP</name>-&gt;<macro>setValue<argument_list>(par2,(TD_Float)(7*val2))</argument_list></macro></expr>;</expr_stmt>
   <expr_stmt><expr><name>pDP</name>-&gt;<macro>setValue<argument_list>(par3,(TD_Integer)(7*val3))</argument_list></macro></expr>;</expr_stmt>
   <expr_stmt><expr><name>pDP</name>-&gt;<macro>setValue<argument_list>(par4,(TD_Float)(7*val4))</argument_list></macro></expr>;</expr_stmt>

   <decl_stmt><decl><type><name>unsigned</name> <name>int</name></type> <name>n1</name>, <name>n2</name>, <name>n3</name></decl>;</decl_stmt>
   <expr_stmt><expr><name>n1</name> = <call><name>sizeof</name><argument_list>(<argument><expr><name>TD_SID</name></expr></argument>)</argument_list></call></expr>;</expr_stmt>
   <expr_stmt><expr><name>n2</name> = (<name>PUS_DATA_REP_MODE</name>?1:0)</expr>;</expr_stmt>
   <expr_stmt><expr><name>n3</name> = 1*<call><name>sizeof</name><argument_list>(<argument><expr><name>TD_Integer</name></expr></argument>)</argument_list></call>+2*<call><name>sizeof</name><argument_list>(<argument><expr><name>TD_Float</name></expr></argument>)</argument_list></call>+2*<call><name>sizeof</name><argument_list>(<argument><expr><name>TD_Integer</name></expr></argument>)</argument_list></call>+3*<call><name>sizeof</name><argument_list>(<argument><expr><name>TD_Float</name></expr></argument>)</argument_list></call></expr>;</expr_stmt>
   <decl_stmt><decl><type><name>unsigned</name> <name>int</name></type> <name>expNumberOfBytes</name> =<init> <expr><name>n1</name>+<name>n2</name>+<name>n3</name></expr></init></decl>;</decl_stmt>
   <if>if <condition>(<expr><name>pTMP</name>-&gt;<call><name>getNumberOfBytes</name><argument_list>()</argument_list></call>!=<name>expNumberOfBytes</name></expr>)</condition><then>
   <block>{	<expr_stmt><expr><call><name>setTestResult</name><argument_list>(<argument><expr><name>TEST_FAILURE</name></expr></argument>,<argument><expr>"Wrong number of bytes"</expr></argument>)</argument_list></call></expr>;</expr_stmt>
    	<return>return;</return>
   }</block></then></if>

   <comment type="line">// Collect the packet data and check their values
</comment>   <decl_stmt><decl><type><name>unsigned</name> <name>char</name>*</type> <name>valBuffer</name> =<init> <expr>new <name>unsigned</name> <name><name>char</name>[<expr><name>valBufferSize</name></expr>]</name></expr></init></decl>;</decl_stmt>
   <for>for (<init><expr><type><name>unsigned</name> <name>int</name></type> <name>i</name>=<init><expr>0</expr></init></expr>;</init> <condition><expr><name>i</name>&lt;<name>pTMP</name>-&gt;<call><name>getNumberOfBytes</name><argument_list>()</argument_list></call></expr>;</condition> <incr><expr><name>i</name>++</expr></incr>) <block>{
       <expr_stmt><expr><name><name>valBuffer</name>[<expr><name>i</name></expr>]</name> = <name>pTMP</name>-&gt;<call><name>getUnsignedByte</name><argument_list>(<argument><expr><name>i</name></expr></argument>)</argument_list></call></expr>;</expr_stmt>
       <expr_stmt><expr><call><name>assert</name><argument_list>(<argument><expr><name>i</name>&lt;<name>valBufferSize</name></expr></argument>)</argument_list></call></expr>;</expr_stmt>
   }</block></for>

   <decl_stmt><decl><type><name>unsigned</name> <name>int</name></type> <name>valOffset</name> =<init> <expr>0</expr></init></decl>;</decl_stmt>
   <decl_stmt><decl><type><name>TD_SID</name></type> <name>sidTemp</name> =<init> <expr>0</expr></init></decl>;</decl_stmt>
   <decl_stmt><decl><type><name>TD_Integer</name></type> <name>intTemp</name> =<init> <expr>0</expr></init></decl>;</decl_stmt>
   <decl_stmt><decl><type><name>TD_Float</name></type> <name>flTemp</name> =<init> <expr>0</expr></init></decl>;</decl_stmt>

   <expr_stmt><expr><call><name>memcpy</name><argument_list>(<argument><expr>&amp;<name>sidTemp</name></expr></argument>,<argument><expr><name>valBuffer</name>+<name>valOffset</name></expr></argument>,<argument><expr><call><name>sizeof</name><argument_list>(<argument><expr><name>TD_SID</name></expr></argument>)</argument_list></call></expr></argument>)</argument_list></call></expr>;</expr_stmt>
   <if>if <condition>( <expr><name>sidTemp</name> != <name>sid</name></expr> )</condition><then>
   <block>{	<expr_stmt><expr><call><name>setTestResult</name><argument_list>(<argument><expr><name>TEST_FAILURE</name></expr></argument>,<argument><expr>"Wrong sid field"</expr></argument>)</argument_list></call></expr>;</expr_stmt>
    	<return>return;</return>
   }</block></then></if>
   <expr_stmt><expr><name>valOffset</name> += <call><name>sizeof</name><argument_list>(<argument><expr><name>TD_SID</name></expr></argument>)</argument_list></call></expr>;</expr_stmt>

   <if>if <condition>( <expr><name>PUS_DATA_REP_MODE</name>?<name><name>valBuffer</name>[<expr><name>valOffset</name></expr>]</name>!=0:<name>false</name></expr> )</condition><then>
   <block>{	<expr_stmt><expr><call><name>setTestResult</name><argument_list>(<argument><expr><name>TEST_FAILURE</name></expr></argument>,<argument><expr>"Wrong mode field"</expr></argument>)</argument_list></call></expr>;</expr_stmt>
    	<return>return;</return>
   }</block></then></if>
   <expr_stmt><expr><name>valOffset</name> += (<name>PUS_DATA_REP_MODE</name>?1:0)</expr>;</expr_stmt>

   <expr_stmt><expr><call><name>memcpy</name><argument_list>(<argument><expr>&amp;<name>intTemp</name></expr></argument>,<argument><expr><name>valBuffer</name>+<name>valOffset</name></expr></argument>,<argument><expr><call><name>sizeof</name><argument_list>(<argument><expr><name>TD_Integer</name></expr></argument>)</argument_list></call></expr></argument>)</argument_list></call></expr>;</expr_stmt>
   <if>if <condition>( <expr><name>intTemp</name> != (<name>TD_Integer</name>)6*<name>val1</name></expr> )</condition><then>
   <block>{	<expr_stmt><expr><call><name>setTestResult</name><argument_list>(<argument><expr><name>TEST_FAILURE</name></expr></argument>,<argument><expr>"Wrong parameter 1 field"</expr></argument>)</argument_list></call></expr>;</expr_stmt>
    	<return>return;</return>
   }</block></then></if>
   <expr_stmt><expr><name>valOffset</name> += <call><name>sizeof</name><argument_list>(<argument><expr><name>TD_Integer</name></expr></argument>)</argument_list></call></expr>;</expr_stmt>

   <expr_stmt><expr><call><name>memcpy</name><argument_list>(<argument><expr>&amp;<name>flTemp</name></expr></argument>,<argument><expr><name>valBuffer</name>+<name>valOffset</name></expr></argument>,<argument><expr><call><name>sizeof</name><argument_list>(<argument><expr><name>TD_Float</name></expr></argument>)</argument_list></call></expr></argument>)</argument_list></call></expr>;</expr_stmt>
   <if>if <condition>( <expr><macro>fabs<argument_list>((float)(flTemp - (TD_Float)3*val2))</argument_list></macro> &gt; <name>FLT_EPSILON</name></expr> )</condition><then>
   <block>{	<expr_stmt><expr><call><name>setTestResult</name><argument_list>(<argument><expr><name>TEST_FAILURE</name></expr></argument>,<argument><expr>"Wrong parameter 2 field"</expr></argument>)</argument_list></call></expr>;</expr_stmt>
    	<return>return;</return>
   }</block></then></if>
   <expr_stmt><expr><name>valOffset</name> += <call><name>sizeof</name><argument_list>(<argument><expr><name>TD_Float</name></expr></argument>)</argument_list></call></expr>;</expr_stmt>

   <expr_stmt><expr><call><name>memcpy</name><argument_list>(<argument><expr>&amp;<name>intTemp</name></expr></argument>,<argument><expr><name>valBuffer</name>+<name>valOffset</name></expr></argument>,<argument><expr><call><name>sizeof</name><argument_list>(<argument><expr><name>TD_Integer</name></expr></argument>)</argument_list></call></expr></argument>)</argument_list></call></expr>;</expr_stmt>
   <if>if <condition>( <expr><name>intTemp</name> != (<name>TD_Integer</name>)3*<name>val3</name></expr> )</condition><then>
   <block>{	<expr_stmt><expr><call><name>setTestResult</name><argument_list>(<argument><expr><name>TEST_FAILURE</name></expr></argument>,<argument><expr>"Wrong parameter 3 field"</expr></argument>)</argument_list></call></expr>;</expr_stmt>
    	<return>return;</return>
   }</block></then></if>
   <expr_stmt><expr><name>valOffset</name> += <call><name>sizeof</name><argument_list>(<argument><expr><name>TD_Integer</name></expr></argument>)</argument_list></call></expr>;</expr_stmt>

   <expr_stmt><expr><call><name>memcpy</name><argument_list>(<argument><expr>&amp;<name>flTemp</name></expr></argument>,<argument><expr><name>valBuffer</name>+<name>valOffset</name></expr></argument>,<argument><expr><call><name>sizeof</name><argument_list>(<argument><expr><name>TD_Float</name></expr></argument>)</argument_list></call></expr></argument>)</argument_list></call></expr>;</expr_stmt>
   <if>if <condition>( <expr><macro>fabs<argument_list>((float)(flTemp - (TD_Float)6*val2))</argument_list></macro> &gt; <name>FLT_EPSILON</name></expr> )</condition><then>
   <block>{	<expr_stmt><expr><call><name>setTestResult</name><argument_list>(<argument><expr><name>TEST_FAILURE</name></expr></argument>,<argument><expr>"Wrong parameter 2 field"</expr></argument>)</argument_list></call></expr>;</expr_stmt>
    	<return>return;</return>
   }</block></then></if>
   <expr_stmt><expr><name>valOffset</name> += <call><name>sizeof</name><argument_list>(<argument><expr><name>TD_Float</name></expr></argument>)</argument_list></call></expr>;</expr_stmt>

   <expr_stmt><expr><call><name>memcpy</name><argument_list>(<argument><expr>&amp;<name>intTemp</name></expr></argument>,<argument><expr><name>valBuffer</name>+<name>valOffset</name></expr></argument>,<argument><expr><call><name>sizeof</name><argument_list>(<argument><expr><name>TD_Integer</name></expr></argument>)</argument_list></call></expr></argument>)</argument_list></call></expr>;</expr_stmt>
   <if>if <condition>( <expr><name>intTemp</name>  != (<name>TD_Integer</name>)6*<name>val3</name></expr> )</condition><then>
   <block>{	<expr_stmt><expr><call><name>setTestResult</name><argument_list>(<argument><expr><name>TEST_FAILURE</name></expr></argument>,<argument><expr>"Wrong parameter 3 field"</expr></argument>)</argument_list></call></expr>;</expr_stmt>
    	<return>return;</return>
   }</block></then></if>
   <expr_stmt><expr><name>valOffset</name> += <call><name>sizeof</name><argument_list>(<argument><expr><name>TD_Integer</name></expr></argument>)</argument_list></call></expr>;</expr_stmt>

   <expr_stmt><expr><call><name>memcpy</name><argument_list>(<argument><expr>&amp;<name>flTemp</name></expr></argument>,<argument><expr><name>valBuffer</name>+<name>valOffset</name></expr></argument>,<argument><expr><call><name>sizeof</name><argument_list>(<argument><expr><name>TD_Float</name></expr></argument>)</argument_list></call></expr></argument>)</argument_list></call></expr>;</expr_stmt>
   <if>if <condition>( <expr><macro>fabs<argument_list>((float)(flTemp  - (TD_Float)2*val4))</argument_list></macro> &gt; <name>FLT_EPSILON</name></expr> )</condition><then>
   <block>{	<expr_stmt><expr><call><name>setTestResult</name><argument_list>(<argument><expr><name>TEST_FAILURE</name></expr></argument>,<argument><expr>"Wrong parameter 4 field"</expr></argument>)</argument_list></call></expr>;</expr_stmt>
    	<return>return;</return>
   }</block></then></if>
   <expr_stmt><expr><name>valOffset</name> += <call><name>sizeof</name><argument_list>(<argument><expr><name>TD_Float</name></expr></argument>)</argument_list></call></expr>;</expr_stmt>

   <expr_stmt><expr><call><name>memcpy</name><argument_list>(<argument><expr>&amp;<name>flTemp</name></expr></argument>,<argument><expr><name>valBuffer</name>+<name>valOffset</name></expr></argument>,<argument><expr><call><name>sizeof</name><argument_list>(<argument><expr><name>TD_Float</name></expr></argument>)</argument_list></call></expr></argument>)</argument_list></call></expr>;</expr_stmt>
   <if>if <condition>( <expr><macro>fabs<argument_list>((float)(flTemp  - (TD_Float)4*val4))</argument_list></macro> &gt; <name>FLT_EPSILON</name></expr> )</condition><then>
   <block>{	<expr_stmt><expr><call><name>setTestResult</name><argument_list>(<argument><expr><name>TEST_FAILURE</name></expr></argument>,<argument><expr>"Wrong parameter 4 field"</expr></argument>)</argument_list></call></expr>;</expr_stmt>
    	<return>return;</return>
   }</block></then></if>
   <expr_stmt><expr><name>valOffset</name> += <call><name>sizeof</name><argument_list>(<argument><expr><name>TD_Float</name></expr></argument>)</argument_list></call></expr>;</expr_stmt>

   <expr_stmt><expr><call><name>memcpy</name><argument_list>(<argument><expr>&amp;<name>flTemp</name></expr></argument>,<argument><expr><name>valBuffer</name>+<name>valOffset</name></expr></argument>,<argument><expr><call><name>sizeof</name><argument_list>(<argument><expr><name>TD_Float</name></expr></argument>)</argument_list></call></expr></argument>)</argument_list></call></expr>;</expr_stmt>
   <if>if <condition>( <expr><macro>fabs<argument_list>((float)(flTemp  - (TD_Float)6*val4))</argument_list></macro> &gt; <name>FLT_EPSILON</name></expr> )</condition><then>
   <block>{	<expr_stmt><expr><call><name>setTestResult</name><argument_list>(<argument><expr><name>TEST_FAILURE</name></expr></argument>,<argument><expr>"Wrong parameter 4 field"</expr></argument>)</argument_list></call></expr>;</expr_stmt>
    	<return>return;</return>
   }</block></then></if>

   <expr_stmt><expr><call><name>assert</name><argument_list>(<argument><expr><name>valOffset</name>&lt;<name>valBufferSize</name></expr></argument>)</argument_list></call></expr>;</expr_stmt>

   <comment type="line">// Send five update requests and check that there are no data to be acquired
</comment>   <comment type="line">// The data pool item values are updated after each update request
</comment>   <expr_stmt><expr><name>pTMP</name>-&gt;<call><name>update</name><argument_list>()</argument_list></call></expr>;</expr_stmt>
   <if>if <condition>(<expr><name>pTMP</name>-&gt;<call><name>getNumberOfBytes</name><argument_list>()</argument_list></call>!=0</expr>)</condition><then>
   <block>{	<expr_stmt><expr><call><name>setTestResult</name><argument_list>(<argument><expr><name>TEST_FAILURE</name></expr></argument>,<argument><expr>"Wrong number of bytes"</expr></argument>)</argument_list></call></expr>;</expr_stmt>
    	<return>return;</return>
   }</block></then></if>
   <expr_stmt><expr><name>pDP</name>-&gt;<macro>setValue<argument_list>(par1,(TD_Integer)(8*val1))</argument_list></macro></expr>;</expr_stmt>
   <expr_stmt><expr><name>pDP</name>-&gt;<macro>setValue<argument_list>(par2,(TD_Float)(8*val2))</argument_list></macro></expr>;</expr_stmt>
   <expr_stmt><expr><name>pDP</name>-&gt;<macro>setValue<argument_list>(par3,(TD_Integer)(8*val3))</argument_list></macro></expr>;</expr_stmt>
   <expr_stmt><expr><name>pDP</name>-&gt;<macro>setValue<argument_list>(par4,(TD_Float)(8*val4))</argument_list></macro></expr>;</expr_stmt>

   <expr_stmt><expr><name>pTMP</name>-&gt;<call><name>update</name><argument_list>()</argument_list></call></expr>;</expr_stmt>
   <if>if <condition>(<expr><name>pTMP</name>-&gt;<call><name>getNumberOfBytes</name><argument_list>()</argument_list></call>!=0</expr>)</condition><then>
   <block>{	<expr_stmt><expr><call><name>setTestResult</name><argument_list>(<argument><expr><name>TEST_FAILURE</name></expr></argument>,<argument><expr>"Wrong number of bytes"</expr></argument>)</argument_list></call></expr>;</expr_stmt>
    	<return>return;</return>
   }</block></then></if>
   <expr_stmt><expr><name>pDP</name>-&gt;<macro>setValue<argument_list>(par1,(TD_Integer)(9*val1))</argument_list></macro></expr>;</expr_stmt>
   <expr_stmt><expr><name>pDP</name>-&gt;<macro>setValue<argument_list>(par2,(TD_Float)(9*val2))</argument_list></macro></expr>;</expr_stmt>
   <expr_stmt><expr><name>pDP</name>-&gt;<macro>setValue<argument_list>(par3,(TD_Integer)(9*val3))</argument_list></macro></expr>;</expr_stmt>
   <expr_stmt><expr><name>pDP</name>-&gt;<macro>setValue<argument_list>(par4,(TD_Float)(9*val4))</argument_list></macro></expr>;</expr_stmt>

   <expr_stmt><expr><name>pTMP</name>-&gt;<call><name>update</name><argument_list>()</argument_list></call></expr>;</expr_stmt>
   <if>if <condition>(<expr><name>pTMP</name>-&gt;<call><name>getNumberOfBytes</name><argument_list>()</argument_list></call>!=0</expr>)</condition><then>
   <block>{	<expr_stmt><expr><call><name>setTestResult</name><argument_list>(<argument><expr><name>TEST_FAILURE</name></expr></argument>,<argument><expr>"Wrong number of bytes"</expr></argument>)</argument_list></call></expr>;</expr_stmt>
    	<return>return;</return>
   }</block></then></if>
   <expr_stmt><expr><name>pDP</name>-&gt;<macro>setValue<argument_list>(par1,(TD_Integer)(10*val1))</argument_list></macro></expr>;</expr_stmt>
   <expr_stmt><expr><name>pDP</name>-&gt;<macro>setValue<argument_list>(par2,(TD_Float)(10*val2))</argument_list></macro></expr>;</expr_stmt>
   <expr_stmt><expr><name>pDP</name>-&gt;<macro>setValue<argument_list>(par3,(TD_Integer)(10*val3))</argument_list></macro></expr>;</expr_stmt>
   <expr_stmt><expr><name>pDP</name>-&gt;<macro>setValue<argument_list>(par4,(TD_Float)(10*val4))</argument_list></macro></expr>;</expr_stmt>

   <expr_stmt><expr><name>pTMP</name>-&gt;<call><name>update</name><argument_list>()</argument_list></call></expr>;</expr_stmt>
   <if>if <condition>(<expr><name>pTMP</name>-&gt;<call><name>getNumberOfBytes</name><argument_list>()</argument_list></call>!=0</expr>)</condition><then>
   <block>{	<expr_stmt><expr><call><name>setTestResult</name><argument_list>(<argument><expr><name>TEST_FAILURE</name></expr></argument>,<argument><expr>"Wrong number of bytes"</expr></argument>)</argument_list></call></expr>;</expr_stmt>
    	<return>return;</return>
   }</block></then></if>
   <expr_stmt><expr><name>pDP</name>-&gt;<macro>setValue<argument_list>(par1,(TD_Integer)(11*val1))</argument_list></macro></expr>;</expr_stmt>
   <expr_stmt><expr><name>pDP</name>-&gt;<macro>setValue<argument_list>(par2,(TD_Float)(11*val2))</argument_list></macro></expr>;</expr_stmt>
   <expr_stmt><expr><name>pDP</name>-&gt;<macro>setValue<argument_list>(par3,(TD_Integer)(11*val3))</argument_list></macro></expr>;</expr_stmt>
   <expr_stmt><expr><name>pDP</name>-&gt;<macro>setValue<argument_list>(par4,(TD_Float)(11*val4))</argument_list></macro></expr>;</expr_stmt>

   <expr_stmt><expr><name>pTMP</name>-&gt;<call><name>update</name><argument_list>()</argument_list></call></expr>;</expr_stmt>
   <if>if <condition>(<expr><name>pTMP</name>-&gt;<call><name>getNumberOfBytes</name><argument_list>()</argument_list></call>!=0</expr>)</condition><then>
   <block>{	<expr_stmt><expr><call><name>setTestResult</name><argument_list>(<argument><expr><name>TEST_FAILURE</name></expr></argument>,<argument><expr>"Wrong number of bytes"</expr></argument>)</argument_list></call></expr>;</expr_stmt>
    	<return>return;</return>
   }</block></then></if>
   <expr_stmt><expr><name>pDP</name>-&gt;<macro>setValue<argument_list>(par1,(TD_Integer)(12*val1))</argument_list></macro></expr>;</expr_stmt>
   <expr_stmt><expr><name>pDP</name>-&gt;<macro>setValue<argument_list>(par2,(TD_Float)(12*val2))</argument_list></macro></expr>;</expr_stmt>
   <expr_stmt><expr><name>pDP</name>-&gt;<macro>setValue<argument_list>(par3,(TD_Integer)(12*val3))</argument_list></macro></expr>;</expr_stmt>
   <expr_stmt><expr><name>pDP</name>-&gt;<macro>setValue<argument_list>(par4,(TD_Float)(12*val4))</argument_list></macro></expr>;</expr_stmt>

   <comment type="line">// Send the sixth update request and check data acquisition service
</comment>   <expr_stmt><expr><name>pTMP</name>-&gt;<call><name>update</name><argument_list>()</argument_list></call></expr>;</expr_stmt>

   <expr_stmt><expr><name>n1</name></expr></expr_stmt>, <expr_stmt><expr><name>n2</name></expr></expr_stmt>, <expr_stmt><expr><name>n3</name></expr>;</expr_stmt>
   <expr_stmt><expr><name>n1</name> = <call><name>sizeof</name><argument_list>(<argument><expr><name>TD_SID</name></expr></argument>)</argument_list></call></expr>;</expr_stmt>
   <expr_stmt><expr><name>n2</name> = (<name>PUS_DATA_REP_MODE</name>?1:0)</expr>;</expr_stmt>
   <expr_stmt><expr><name>n3</name> = 1*<call><name>sizeof</name><argument_list>(<argument><expr><name>TD_Integer</name></expr></argument>)</argument_list></call>+2*<call><name>sizeof</name><argument_list>(<argument><expr><name>TD_Float</name></expr></argument>)</argument_list></call>+2*<call><name>sizeof</name><argument_list>(<argument><expr><name>TD_Integer</name></expr></argument>)</argument_list></call>+3*<call><name>sizeof</name><argument_list>(<argument><expr><name>TD_Float</name></expr></argument>)</argument_list></call></expr>;</expr_stmt>
   <expr_stmt><expr><name>expNumberOfBytes</name> = <name>n1</name>+<name>n2</name>+<name>n3</name></expr>;</expr_stmt>
   <if>if <condition>(<expr><name>pTMP</name>-&gt;<call><name>getNumberOfBytes</name><argument_list>()</argument_list></call>!=<name>expNumberOfBytes</name></expr>)</condition><then>
   <block>{	<expr_stmt><expr><call><name>setTestResult</name><argument_list>(<argument><expr><name>TEST_FAILURE</name></expr></argument>,<argument><expr>"Wrong number of bytes"</expr></argument>)</argument_list></call></expr>;</expr_stmt>
    	<return>return;</return>
   }</block></then></if>

   <comment type="line">// Collect the packet data and check their values
</comment>   <for>for (<init><expr><type><name>unsigned</name> <name>int</name></type> <name>i</name>=<init><expr>0</expr></init></expr>;</init> <condition><expr><name>i</name>&lt;<name>pTMP</name>-&gt;<call><name>getNumberOfBytes</name><argument_list>()</argument_list></call></expr>;</condition> <incr><expr><name>i</name>++</expr></incr>) <block>{
       <expr_stmt><expr><name><name>valBuffer</name>[<expr><name>i</name></expr>]</name> = <name>pTMP</name>-&gt;<call><name>getUnsignedByte</name><argument_list>(<argument><expr><name>i</name></expr></argument>)</argument_list></call></expr>;</expr_stmt>
       <expr_stmt><expr><call><name>assert</name><argument_list>(<argument><expr><name>i</name>&lt;<name>valBufferSize</name></expr></argument>)</argument_list></call></expr>;</expr_stmt>
   }</block></for>

   <expr_stmt><expr><name>valOffset</name> = 0</expr>;</expr_stmt>
   <expr_stmt><expr><call><name>memcpy</name><argument_list>(<argument><expr>&amp;<name>sidTemp</name></expr></argument>,<argument><expr><name>valBuffer</name>+<name>valOffset</name></expr></argument>,<argument><expr><call><name>sizeof</name><argument_list>(<argument><expr><name>TD_SID</name></expr></argument>)</argument_list></call></expr></argument>)</argument_list></call></expr>;</expr_stmt>
   <if>if <condition>( <expr><call><name>memcmp</name><argument_list>(<argument><expr><name>valBuffer</name>+<name>valOffset</name></expr></argument>,<argument><expr>&amp;<name>sid</name></expr></argument>,<argument><expr><call><name>sizeof</name><argument_list>(<argument><expr><name>TD_SID</name></expr></argument>)</argument_list></call></expr></argument>)</argument_list></call>!=0</expr> )</condition><then>
   <block>{	<expr_stmt><expr><call><name>setTestResult</name><argument_list>(<argument><expr><name>TEST_FAILURE</name></expr></argument>,<argument><expr>"Wrong sid field"</expr></argument>)</argument_list></call></expr>;</expr_stmt>
    	<return>return;</return>
   }</block></then></if>
   <expr_stmt><expr><name>valOffset</name> += <call><name>sizeof</name><argument_list>(<argument><expr><name>TD_SID</name></expr></argument>)</argument_list></call></expr>;</expr_stmt>

   <if>if <condition>( <expr><name>PUS_DATA_REP_MODE</name>?<name><name>valBuffer</name>[<expr><name>valOffset</name></expr>]</name>!=0:<name>false</name></expr> )</condition><then>
   <block>{	<expr_stmt><expr><call><name>setTestResult</name><argument_list>(<argument><expr><name>TEST_FAILURE</name></expr></argument>,<argument><expr>"Wrong mode field"</expr></argument>)</argument_list></call></expr>;</expr_stmt>
    	<return>return;</return>
   }</block></then></if>
   <expr_stmt><expr><name>valOffset</name> += (<name>PUS_DATA_REP_MODE</name>?1:0)</expr>;</expr_stmt>

   <expr_stmt><expr><call><name>memcpy</name><argument_list>(<argument><expr>&amp;<name>intTemp</name></expr></argument>,<argument><expr><name>valBuffer</name>+<name>valOffset</name></expr></argument>,<argument><expr><call><name>sizeof</name><argument_list>(<argument><expr><name>TD_Integer</name></expr></argument>)</argument_list></call></expr></argument>)</argument_list></call></expr>;</expr_stmt>
   <if>if <condition>( <expr><name>intTemp</name> != (<name>TD_Integer</name>)12*<name>val1</name></expr> )</condition><then>
   <block>{	<expr_stmt><expr><call><name>setTestResult</name><argument_list>(<argument><expr><name>TEST_FAILURE</name></expr></argument>,<argument><expr>"Wrong parameter 1 field"</expr></argument>)</argument_list></call></expr>;</expr_stmt>
    	<return>return;</return>
   }</block></then></if>
   <expr_stmt><expr><name>valOffset</name> += <call><name>sizeof</name><argument_list>(<argument><expr><name>TD_Integer</name></expr></argument>)</argument_list></call></expr>;</expr_stmt>

   <expr_stmt><expr><call><name>memcpy</name><argument_list>(<argument><expr>&amp;<name>flTemp</name></expr></argument>,<argument><expr><name>valBuffer</name>+<name>valOffset</name></expr></argument>,<argument><expr><call><name>sizeof</name><argument_list>(<argument><expr><name>TD_Float</name></expr></argument>)</argument_list></call></expr></argument>)</argument_list></call></expr>;</expr_stmt>
   <if>if <condition>( <expr><macro>fabs<argument_list>((float)(flTemp  - (TD_Float)9*val2))</argument_list></macro> &gt; <name>FLT_EPSILON</name></expr> )</condition><then>
   <block>{	<expr_stmt><expr><call><name>setTestResult</name><argument_list>(<argument><expr><name>TEST_FAILURE</name></expr></argument>,<argument><expr>"Wrong parameter 2 field"</expr></argument>)</argument_list></call></expr>;</expr_stmt>
    	<return>return;</return>
   }</block></then></if>
   <expr_stmt><expr><name>valOffset</name> += <call><name>sizeof</name><argument_list>(<argument><expr><name>TD_Float</name></expr></argument>)</argument_list></call></expr>;</expr_stmt>

   <expr_stmt><expr><call><name>memcpy</name><argument_list>(<argument><expr>&amp;<name>intTemp</name></expr></argument>,<argument><expr><name>valBuffer</name>+<name>valOffset</name></expr></argument>,<argument><expr><call><name>sizeof</name><argument_list>(<argument><expr><name>TD_Integer</name></expr></argument>)</argument_list></call></expr></argument>)</argument_list></call></expr>;</expr_stmt>
   <if>if <condition>( <expr><name>intTemp</name> != (<name>TD_Integer</name>)9*<name>val3</name></expr> )</condition><then>
   <block>{	<expr_stmt><expr><call><name>setTestResult</name><argument_list>(<argument><expr><name>TEST_FAILURE</name></expr></argument>,<argument><expr>"Wrong parameter 3 field"</expr></argument>)</argument_list></call></expr>;</expr_stmt>
    	<return>return;</return>
   }</block></then></if>
   <expr_stmt><expr><name>valOffset</name> += <call><name>sizeof</name><argument_list>(<argument><expr><name>TD_Integer</name></expr></argument>)</argument_list></call></expr>;</expr_stmt>

   <expr_stmt><expr><call><name>memcpy</name><argument_list>(<argument><expr>&amp;<name>flTemp</name></expr></argument>,<argument><expr><name>valBuffer</name>+<name>valOffset</name></expr></argument>,<argument><expr><call><name>sizeof</name><argument_list>(<argument><expr><name>TD_Float</name></expr></argument>)</argument_list></call></expr></argument>)</argument_list></call></expr>;</expr_stmt>
   <if>if <condition>( <expr><macro>fabs<argument_list>((float)(flTemp  - (TD_Float)12*val2))</argument_list></macro> &gt; <name>FLT_EPSILON</name></expr> )</condition><then>
   <block>{	<expr_stmt><expr><call><name>setTestResult</name><argument_list>(<argument><expr><name>TEST_FAILURE</name></expr></argument>,<argument><expr>"Wrong parameter 2 field"</expr></argument>)</argument_list></call></expr>;</expr_stmt>
    	<return>return;</return>
   }</block></then></if>
   <expr_stmt><expr><name>valOffset</name> += <call><name>sizeof</name><argument_list>(<argument><expr><name>TD_Float</name></expr></argument>)</argument_list></call></expr>;</expr_stmt>

   <expr_stmt><expr><call><name>memcpy</name><argument_list>(<argument><expr>&amp;<name>intTemp</name></expr></argument>,<argument><expr><name>valBuffer</name>+<name>valOffset</name></expr></argument>,<argument><expr><call><name>sizeof</name><argument_list>(<argument><expr><name>TD_Integer</name></expr></argument>)</argument_list></call></expr></argument>)</argument_list></call></expr>;</expr_stmt>
   <if>if <condition>( <expr><name>intTemp</name> != (<name>TD_Integer</name>)12*<name>val3</name></expr> )</condition><then>
   <block>{	<expr_stmt><expr><call><name>setTestResult</name><argument_list>(<argument><expr><name>TEST_FAILURE</name></expr></argument>,<argument><expr>"Wrong parameter 3 field"</expr></argument>)</argument_list></call></expr>;</expr_stmt>
    	<return>return;</return>
   }</block></then></if>
   <expr_stmt><expr><name>valOffset</name> += <call><name>sizeof</name><argument_list>(<argument><expr><name>TD_Integer</name></expr></argument>)</argument_list></call></expr>;</expr_stmt>

   <expr_stmt><expr><call><name>memcpy</name><argument_list>(<argument><expr>&amp;<name>flTemp</name></expr></argument>,<argument><expr><name>valBuffer</name>+<name>valOffset</name></expr></argument>,<argument><expr><call><name>sizeof</name><argument_list>(<argument><expr><name>TD_Float</name></expr></argument>)</argument_list></call></expr></argument>)</argument_list></call></expr>;</expr_stmt>
   <if>if <condition>( <expr><macro>fabs<argument_list>((float)(flTemp  - (TD_Float)8*val4))</argument_list></macro> &gt; <name>FLT_EPSILON</name></expr> )</condition><then>
   <block>{	<expr_stmt><expr><call><name>setTestResult</name><argument_list>(<argument><expr><name>TEST_FAILURE</name></expr></argument>,<argument><expr>"Wrong parameter 4 field"</expr></argument>)</argument_list></call></expr>;</expr_stmt>
    	<return>return;</return>
   }</block></then></if>
   <expr_stmt><expr><name>valOffset</name> += <call><name>sizeof</name><argument_list>(<argument><expr><name>TD_Float</name></expr></argument>)</argument_list></call></expr>;</expr_stmt>

   <expr_stmt><expr><call><name>memcpy</name><argument_list>(<argument><expr>&amp;<name>flTemp</name></expr></argument>,<argument><expr><name>valBuffer</name>+<name>valOffset</name></expr></argument>,<argument><expr><call><name>sizeof</name><argument_list>(<argument><expr><name>TD_Float</name></expr></argument>)</argument_list></call></expr></argument>)</argument_list></call></expr>;</expr_stmt>
   <if>if <condition>( <expr><macro>fabs<argument_list>((float)(flTemp  - (TD_Float)10*val4))</argument_list></macro> &gt; <name>FLT_EPSILON</name></expr> )</condition><then>
   <block>{	<expr_stmt><expr><call><name>setTestResult</name><argument_list>(<argument><expr><name>TEST_FAILURE</name></expr></argument>,<argument><expr>"Wrong parameter 4 field"</expr></argument>)</argument_list></call></expr>;</expr_stmt>
    	<return>return;</return>
   }</block></then></if>
   <expr_stmt><expr><name>valOffset</name> += <call><name>sizeof</name><argument_list>(<argument><expr><name>TD_Float</name></expr></argument>)</argument_list></call></expr>;</expr_stmt>

   <expr_stmt><expr><call><name>memcpy</name><argument_list>(<argument><expr>&amp;<name>flTemp</name></expr></argument>,<argument><expr><name>valBuffer</name>+<name>valOffset</name></expr></argument>,<argument><expr><call><name>sizeof</name><argument_list>(<argument><expr><name>TD_Float</name></expr></argument>)</argument_list></call></expr></argument>)</argument_list></call></expr>;</expr_stmt>
   <if>if <condition>( <expr><macro>fabs<argument_list>((float)(flTemp  - (TD_Float)12*val4))</argument_list></macro> &gt; <name>FLT_EPSILON</name></expr> )</condition><then>
   <block>{	<expr_stmt><expr><call><name>setTestResult</name><argument_list>(<argument><expr><name>TEST_FAILURE</name></expr></argument>,<argument><expr>"Wrong parameter 4 field"</expr></argument>)</argument_list></call></expr>;</expr_stmt>
    	<return>return;</return>
   }</block></then></if>
   <expr_stmt><expr><name>valOffset</name> += <call><name>sizeof</name><argument_list>(<argument><expr><name>TD_Float</name></expr></argument>)</argument_list></call></expr>;</expr_stmt>
   <expr_stmt><expr><call><name>assert</name><argument_list>(<argument><expr><name>valOffset</name>&lt;<name>valBufferSize</name></expr></argument>)</argument_list></call></expr>;</expr_stmt>

   <comment type="line">// Construct a packet that will cause the packet value buffer to overflow
</comment>   <if>if <condition>(<expr><call><name>isNonNominalCheckAllowed</name><argument_list>()</argument_list></call></expr>)</condition><then> <block>{
       <decl_stmt><decl><type><name>unsigned</name> <name>int</name></type> <name>nIntPar</name> =<init> <expr>(<name>unsigned</name> <name>int</name>)(<name>valBufferSize</name> - <call><name>sizeof</name><argument_list>(<argument><expr><name>TD_SID</name></expr></argument>)</argument_list></call> -
                                                (<name>PUS_DATA_REP_MODE</name>?1:0))/<call><name>sizeof</name><argument_list>(<argument><expr><name>TD_Integer</name></expr></argument>)</argument_list></call>+1</expr></init></decl>;</decl_stmt>
       <expr_stmt><expr><name>sid</name> = 13</expr>;</expr_stmt>
       <expr_stmt><expr><name>collectionInterval</name> = 1</expr>;</expr_stmt>
       <expr_stmt><expr><name>NPAR1</name> = (<name>TD_PUSNumberOfParameters</name>)<name>nIntPar</name></expr>;</expr_stmt>
       <expr_stmt><expr><name>NFA</name> = 0</expr>;</expr_stmt>
       <expr_stmt><expr><name>par1</name> = 1</expr>;</expr_stmt>

       <expr_stmt><expr><name>offset</name> = 0</expr>;</expr_stmt>                                  <comment type="line">// the new packet is defined
</comment>       <expr_stmt><expr><call><name>memcpy</name><argument_list>(<argument><expr><name>packet</name>+<name>offset</name></expr></argument>,<argument><expr>&amp;<name>sid</name></expr></argument>,<argument><expr><call><name>sizeof</name><argument_list>(<argument><expr><name>TD_SID</name></expr></argument>)</argument_list></call></expr></argument>)</argument_list></call></expr>;</expr_stmt>
       <expr_stmt><expr><name>offset</name> += <call><name>sizeof</name><argument_list>(<argument><expr><name>TD_SID</name></expr></argument>)</argument_list></call></expr>;</expr_stmt>
       <expr_stmt><expr><call><name>memcpy</name><argument_list>(<argument><expr><name>packet</name>+<name>offset</name></expr></argument>,<argument><expr>&amp;<name>collectionInterval</name></expr></argument>,<argument><expr><call><name>sizeof</name><argument_list>(<argument><expr><name>TD_PUSCollectionInterval</name></expr></argument>)</argument_list></call></expr></argument>)</argument_list></call></expr>;</expr_stmt>
       <expr_stmt><expr><name>offset</name> += <call><name>sizeof</name><argument_list>(<argument><expr><name>TD_PUSCollectionInterval</name></expr></argument>)</argument_list></call></expr>;</expr_stmt>
       <expr_stmt><expr><call><name>memcpy</name><argument_list>(<argument><expr><name>packet</name>+<name>offset</name></expr></argument>,<argument><expr>&amp;<name>NPAR1</name></expr></argument>,<argument><expr><call><name>sizeof</name><argument_list>(<argument><expr><name>TD_PUSNumberOfParameters</name></expr></argument>)</argument_list></call></expr></argument>)</argument_list></call></expr>;</expr_stmt>
       <expr_stmt><expr><name>offset</name> += <call><name>sizeof</name><argument_list>(<argument><expr><name>TD_PUSNumberOfParameters</name></expr></argument>)</argument_list></call></expr>;</expr_stmt>

       <for>for (<init><expr><type><name>unsigned</name> <name>int</name></type> <name>i</name>=<init><expr>0</expr></init></expr>;</init> <condition><expr><name>i</name>&lt;<name>NPAR1</name></expr>;</condition> <incr><expr><name>i</name>++</expr></incr>) <block>{
            <expr_stmt><expr><call><name>memcpy</name><argument_list>(<argument><expr><name>packet</name>+<name>offset</name></expr></argument>,<argument><expr>&amp;<name>par1</name></expr></argument>,<argument><expr><call><name>sizeof</name><argument_list>(<argument><expr><name>TD_DataPoolId</name></expr></argument>)</argument_list></call></expr></argument>)</argument_list></call></expr>;</expr_stmt>
            <expr_stmt><expr><name>offset</name> += <call><name>sizeof</name><argument_list>(<argument><expr><name>TD_DataPoolId</name></expr></argument>)</argument_list></call></expr>;</expr_stmt>
       }</block></for>
       <expr_stmt><expr><call><name>assert</name><argument_list>(<argument><expr><name>offset</name>&lt;<name>defPacketSize</name></expr></argument>)</argument_list></call></expr>;</expr_stmt>

       <for>for (<init><expr><type><name>unsigned</name> <name>short</name></type> <name>i</name>=<init><expr>0</expr></init></expr>;</init> <condition><expr><name>i</name>&lt;<name>offset</name></expr>;</condition> <incr><expr><name>i</name>++</expr></incr>)      <comment type="line">// the new packet definition is loaded
</comment>            <expr_stmt><expr><name>pTMP</name>-&gt;<call><name>setDefinitionBuffer</name><argument_list>(<argument><expr><name>i</name></expr></argument>,<argument><expr><name><name>packet</name>[<expr><name>i</name></expr>]</name></expr></argument>)</argument_list></call></expr>;</expr_stmt></for>

       <expr_stmt><expr><name>pTMP</name>-&gt;<call><name>update</name><argument_list>()</argument_list></call></expr>;</expr_stmt>

       <if>if <condition>( <expr>!<call><name>verifyLatestEvent</name><argument_list>(<argument><expr><name>nEvt</name>+1</expr></argument>,<argument><expr><name>EVT_PUS_DATA_REP_PACKET_TOO_LARGE</name></expr></argument>)</argument_list></call></expr> )</condition><then>
            <return>return;</return></then></if>
       <expr_stmt><expr><name>nEvt</name> = <name>nEvt</name>+1</expr>;</expr_stmt>
   }</block></then></if>

   <comment type="line">// Restore the original data pool
</comment>   <expr_stmt><expr><call><name><name>CC_RootObject</name>::<name>setDataPool</name></name><argument_list>(<argument><expr><name>pOldDP</name></expr></argument>)</argument_list></call></expr>;</expr_stmt>

   <expr_stmt><expr><call><name>setTestResult</name><argument_list>(<argument><expr><name>TEST_SUCCESS</name></expr></argument>,<argument><expr>"Test Successful"</expr></argument>)</argument_list></call></expr>;</expr_stmt>
   <return>return;</return>
}</block></function>
</unit>
