<unit xmlns="http://www.sdml.info/srcML/src" xmlns:cpp="http://www.sdml.info/srcML/cpp">
<comment type="line">//
</comment><comment type="line">// Copyright 2004 P&amp;P Software GmbH - All Rights Reserved
</comment><comment type="line">//
</comment><comment type="line">// TestCaseBasicPUSTcLoader_1.h
</comment><comment type="line">//
</comment><comment type="line">// Version	1.0
</comment><comment type="line">// Date		11.01.04
</comment><comment type="line">// Author	A. Pasetti (P&amp;P Software)
</comment>
<cpp:ifndef>#<cpp:directive>ifndef</cpp:directive> <name>TestCaseBasicPUSTcLoader_1H</name></cpp:ifndef>
<cpp:define>#<cpp:directive>define</cpp:directive> <name>TestCaseBasicPUSTcLoader_1H</name></cpp:define>

<cpp:include>#<cpp:directive>include</cpp:directive> <cpp:file>"../Utilities/TestCasePUSFull.h"</cpp:file></cpp:include>
<cpp:include>#<cpp:directive>include</cpp:directive> <cpp:file>"../GeneralInclude/ForwardDeclarations.h"</cpp:file></cpp:include>
<cpp:include>#<cpp:directive>include</cpp:directive> <cpp:file>"../GeneralInclude/BasicTypes.h"</cpp:file></cpp:include>

<comment type="block">/**
 * Check the functionality of the &lt;code&gt;DC_BasicPUSTcLoader&lt;/code&gt;
 * class. The test case retrieves the following items from its super class
 * &lt;code&gt;TestCasePUSFull&lt;/code&gt; or from the telecommand factory:&lt;ul&gt;
 * &lt;li&gt;An instance of the basic telecommand loader&lt;/li&gt;
 * &lt;li&gt;Three instances of &lt;code&gt;DC_TestPUSTelecommand&lt;/code&gt;&lt;/li&gt;
 * &lt;li&gt;The telecommand manager&lt;/li&gt;
 * &lt;/ul&gt;
 * The following specific checks are then performed:&lt;ol&gt;
 * &lt;li&gt;The correctness of the class identifier of the TC loader is checked.&lt;/li&gt;
 * &lt;li&gt;The value of the maximum number of telecommands is set and read back. The correctness
 * of the read-back value is checked.&lt;/li&gt;
 * &lt;li&gt;The value of the maximum length of a telecommand packet is set and read back. The correctness
 * of the read-back value is checked.&lt;/li&gt;
 * &lt;li&gt;A single telecommand packet is written to the telecommand load area and the telecommand
 * loader is then activated. It is checked that the TC manager reports one telecommand loaded.&lt;/li&gt;
 * &lt;li&gt;The loaded telecommand is retrieved from the telecommand manager and it is checked that
 * its configuration is as expected and that it is marked as "in use".&lt;/li&gt;
 * &lt;li&gt;The telecommand manager is activated and it is checked that afterwards the telecommand 
 * is marked as "not in use".&lt;/li&gt;
 * &lt;li&gt;Two telecommand packets are written to the telecommand load area of which one has a 
 * packet ID field that indicates that it should not be processed by the telecommand loader. The telecommand
 * loader is activated. It is checked that the TC manager reports only one telecommand loaded.&lt;/li&gt;
 * &lt;li&gt;Three telecommand packets are written to the telecommand load area and the telecommand
 * loader is then activated. It is checked that the TC manager reports three telecommands loaded.&lt;/li&gt;
 * &lt;li&gt;The loaded telecommands are retrieved from the telecommand manager and it is checked that
 * their configuration is as expected and that they are marked as "in use".&lt;/li&gt;
 * &lt;li&gt;The telecommand manager is activated and it is checked that afterwards the three telecommands 
 * are marked as "not in use".&lt;/li&gt;
 * &lt;li&gt;A telecommand packet is written that has a length exceeding 
 * the maximum accepted by the loader is written to the
 * telecommand load area. The TC loader is activated and it is checked that the correct event is
 * generated.&lt;/li&gt;
 * &lt;li&gt;Two telecommand packets are written of which the first one has 
 * a type value not recognized by the TC loader is written to the
 * telecommand load area. The TC loader is activated and it is checked that the correct event is
 * generated.&lt;/li&gt;
 * &lt;li&gt;A number of telecommands exceeding the maximum accepted by the loader are written to the
 * telecommand load area. The TC loader is activated and it is checked that the correct event is
 * generated.&lt;/li&gt;
 * &lt;li&gt;Four &lt;code&gt;DC_BasicPUSTelecommands&lt;/code&gt; are written to the
 * telecommand load area. The TC loader is activated and it is checked that the correct event is
 * generated. This test assumes that the telecommand fctory only manages three telecommand of
 * type &lt;code&gt;DC_BasicPUSTelecommands&lt;/code&gt;.&lt;/li&gt;
 * &lt;/ol&gt;
 * Note that, in order to be loaded into the list of pending telecommands in the telecommand
 * manager, the test telecommands used in this test case are always configured to be valid.
 * @see DC_BasicPUSTcLoader
 * @author Alessandro Pasetti (P&amp;P Software GmbH)
 * @version 1.0
 */</comment>
<class>class <name>TestCaseBasicPUSTcLoader_1</name> <super>: <specifier>public</specifier> <name>TestCasePUSFull</name></super> <block>{<private type="default">
  </private><private>private:
    <decl_stmt><decl><type><name>unsigned</name> <name>char</name>*</type> <name>tcArea</name></decl>;</decl_stmt>
    <decl_stmt><decl><type><name>DC_BasicPUSTcLoader</name>*</type> <name>pTCL</name></decl>;</decl_stmt>

  </private><public>public :
     <comment type="block">/**
      * Set the identifier and the name of the test case to, respectively,
      * ID_BASICPUSTCLOADER*10+1 and "TestCaseBasicPUSTcLoader_1".
      */</comment>
     <constructor_decl><name>TestCaseBasicPUSTcLoader_1</name><parameter_list>(<param><decl><type><name>void</name></type></decl></param>)</parameter_list>;</constructor_decl>

     <comment type="block">/**
      * Execute the test case. See class comment for details.
      */</comment>
     <function_decl><type><name>virtual</name> <name>void</name></type> <name>runTestCase</name><parameter_list>(<param><decl><type><name>void</name></type></decl></param>)</parameter_list>;</function_decl>

     <comment type="block">/**
      * Write the header part of a &lt;code&gt;DC_TestPUSTelecommand&lt;/code&gt; packet starting at location
      * &lt;code&gt;start&lt;/code&gt; with a configuration as defined by the method parameters.
      * Both the packet header and the header part of the packet data field are written.
      * @see DC_TestPUSTelecommand
      * @param start the location in the telecommand loader where the TC header is to be written
      * @param packetID the packet ID
      * @param packetSeqControl the packet sequence control
      * @param packetLength the packet length
      * @param ackField the acknowledge field
      * @param tcType the TC type
      * @param tcSubType the TC subtype
      * @param tcSource the TC source
      */</comment>
     <function_decl><type><name>void</name></type> <name>writeTcHeader</name><parameter_list>(<param><decl><type><name>unsigned</name> <name>int</name></type> <name>start</name></decl></param>, <param><decl><type><name>unsigned</name> <name>short</name></type> <name>packetID</name></decl></param>, <param><decl><type><name>unsigned</name> <name>short</name></type> <name>packetSeqControl</name></decl></param>,
                       <param><decl><type><name>unsigned</name> <name>short</name></type> <name>packetLength</name></decl></param>, <param><decl><type><name>unsigned</name> <name>char</name></type> <name>ackField</name></decl></param>, <param><decl><type><name>unsigned</name> <name>char</name></type> <name>tcType</name></decl></param>,
                       <param><decl><type><name>unsigned</name> <name>char</name></type> <name>tcSubType</name></decl></param>, <param><decl><type><name>TD_TelecommandSource</name></type> <name>tcSource</name></decl></param>)</parameter_list>;</function_decl>

     <comment type="block">/**
      * Write the data part of a &lt;code&gt;DC_TestPUSTelecommand&lt;/code&gt; packet starting at location
      * &lt;code&gt;start&lt;/code&gt; with a configuration as defined by the method parameters.
      * @see DC_TestPUSTelecommand
      * @param start the location in the telecommand loader where the TC data are to be written
      * @param execCounter the execution counter value
      * @param execCheckVal the execution check value
      * @param valCheckVal the validity check value
      * @param execCheckCode the execution check code
      * @param valCheckCode the validity check code
      * @param execOutcome the outcome of the execution check 
      */</comment>
     <function_decl><type><name>void</name></type> <name>writeTcData</name><parameter_list>(<param><decl><type><name>unsigned</name> <name>int</name></type> <name>start</name></decl></param>, <param><decl><type><name>unsigned</name> <name>int</name></type> <name>execCounter</name></decl></param>, <param><decl><type><name>bool</name></type> <name>execCheckVal</name></decl></param>,
                       <param><decl><type><name>bool</name></type> <name>valCheckVal</name></decl></param>, <param><decl><type><name>TD_CheckCode</name></type> <name>execCheckCode</name></decl></param>,
                       <param><decl><type><name>TD_CheckCode</name></type> <name>valCheckCode</name></decl></param>, <param><decl><type><name>bool</name></type> <name>execOutcome</name></decl></param>)</parameter_list>;</function_decl>

     <comment type="block">/**
      * Check that the argument &lt;code&gt;DC_TestPUSTelecommand&lt;/code&gt; telecommand is configured as specified by the
      * method parameters. Note that in order to check the execution outcome, the method "executes"
      * the telecommand and therefore causes its execution counter to be incremented by one.
      * @see DC_TestPUSTelecommand
      * @param pTC the telecommand to be checked
      * @param packetID the packet ID
      * @param packetSeqControl the packet sequence control
      * @param ackField the acknowledge field
      * @param tcSource the TC source
      * @param execCounter the execution counter value
      * @param execCheckVal the execution check value
      * @param valCheckVal the validity check value
      * @param execCheckCode the execution check code
      * @param valCheckCode the validity check code
      * @param execOutcome the outcome of the execution check 
      * @return true if the telecommand is configured as specified
      */</comment>
     <function_decl><type><name>bool</name></type> <name>checkTcConfig</name><parameter_list>(<param><decl><type><name>DC_TestPUSTelecommand</name>*</type> <name>pTC</name></decl></param>, 
                        <param><decl><type><name>unsigned</name> <name>short</name></type> <name>packetID</name></decl></param>, <param><decl><type><name>unsigned</name> <name>short</name></type> <name>packetSeqControl</name></decl></param>,
                        <param><decl><type><name>unsigned</name> <name>char</name></type> <name>ackField</name></decl></param>, <param><decl><type><name>TD_TelecommandSource</name></type> <name>tcSource</name></decl></param>,
                        <param><decl><type><name>unsigned</name> <name>int</name></type> <name>execCounter</name></decl></param>, <param><decl><type><name>bool</name></type> <name>execCheckVal</name></decl></param>,
                        <param><decl><type><name>bool</name></type> <name>valCheckVal</name></decl></param>, <param><decl><type><name>TD_CheckCode</name></type> <name>execCheckCode</name></decl></param>,
                        <param><decl><type><name>TD_CheckCode</name></type> <name>valCheckCode</name></decl></param>, <param><decl><type><name>bool</name></type> <name>execOutcome</name></decl></param>)</parameter_list>;</function_decl>

</public>}</block>;</class>

<cpp:endif>#<cpp:directive>endif</cpp:directive></cpp:endif>
</unit>
