<unit xmlns="http://www.sdml.info/srcML/src" xmlns:cpp="http://www.sdml.info/srcML/cpp">
<comment type="line">//
</comment><comment type="line">// Copyright 2004 P&amp;P Software GmbH - All Rights Reserved
</comment><comment type="line">//
</comment><comment type="line">// TestCasePUSMemoryLoadOffset_2.cpp
</comment><comment type="line">//
</comment><comment type="line">// Version	1.0
</comment><comment type="line">// Date		04.02.04
</comment><comment type="line">// Author	A. Pasetti (P&amp;P Software)
</comment>
<cpp:include>#<cpp:directive>include</cpp:directive> <cpp:file>"../GeneralInclude/CompilerSwitches.h"</cpp:file></cpp:include>
<cpp:include>#<cpp:directive>include</cpp:directive> <cpp:file>"../GeneralInclude/ClassId.h"</cpp:file></cpp:include>
<cpp:include>#<cpp:directive>include</cpp:directive> <cpp:file>"../GeneralInclude/BasicTypes.h"</cpp:file></cpp:include>
<cpp:include>#<cpp:directive>include</cpp:directive> <cpp:file>"../GeneralInclude/Constants.h"</cpp:file></cpp:include>
<cpp:include>#<cpp:directive>include</cpp:directive> <cpp:file>"../Telecommand/DC_PUSMemoryLoadOffset.h"</cpp:file></cpp:include>
<cpp:include>#<cpp:directive>include</cpp:directive> <cpp:file>"../Utilities/TestCaseWithEvtCheck.h"</cpp:file></cpp:include>
<cpp:include>#<cpp:directive>include</cpp:directive> <cpp:file>"TestCasePUSMemoryLoadOffset_2.h"</cpp:file></cpp:include>

<cpp:include>#<cpp:directive>include</cpp:directive> <cpp:file>&lt;assert.h&gt;</cpp:file></cpp:include>
<cpp:include>#<cpp:directive>include</cpp:directive> <cpp:file>&lt;string.h&gt;</cpp:file></cpp:include>

<constructor><name>TestCasePUSMemoryLoadOffset_2::TestCasePUSMemoryLoadOffset_2</name><parameter_list>(<param><decl><type><name>void</name></type></decl></param>)</parameter_list> <member_list>:
	<call><name>TestCaseWithEvtCheck</name><argument_list>(<argument><expr><name>ID_PUSMEMORYLOADOFFSET</name>*10+2</expr></argument>,<argument><expr>"TestCasePUSMemoryLoadOffset_2"</expr></argument>)</argument_list></call> </member_list><block>{
		<return>return;</return>
}</block></constructor>

<function><type><name>void</name></type> <name><name>TestCasePUSMemoryLoadOffset_2</name>::<name>runTestCase</name></name><parameter_list>(<param><decl><type><name>void</name></type></decl></param>)</parameter_list> <block>{

   <decl_stmt><decl><type><name>DC_PUSMemoryLoadOffset</name>*</type> <name>pML</name> =<init> <expr>new <call><name>DC_PUSMemoryLoadOffset</name><argument_list>()</argument_list></call></expr></init></decl>;</decl_stmt>

   <comment type="line">// Set dummy values for the configuration parameters defined at
</comment>   <comment type="line">// the level of Telecommand and PUSTelecommand superclasses
</comment>   <expr_stmt><expr><name>pML</name>-&gt;<call><name>setTimeTag</name><argument_list>(<argument><expr>0</expr></argument>)</argument_list></call></expr>;</expr_stmt>
   <expr_stmt><expr><name>pML</name>-&gt;<call><name>setSource</name><argument_list>(<argument><expr>1</expr></argument>)</argument_list></call></expr>;</expr_stmt>
   <expr_stmt><expr><name>pML</name>-&gt;<call><name>setTelecommandId</name><argument_list>(<argument><expr>2</expr></argument>)</argument_list></call></expr>;</expr_stmt>

   <comment type="line">// Memory area where telecommand data will be loaded
</comment>   <decl_stmt><decl><type><name>const</name> <name>unsigned</name> <name>int</name></type> <name>paSize</name> =<init><expr>100</expr></init></decl>;</decl_stmt>
   <decl_stmt><decl><type><name>TD_PUSMemData</name></type> <name><name>pa</name>[<expr><name>paSize</name></expr>]</name></decl>;</decl_stmt>
   <for>for (<init><expr><type><name>unsigned</name> <name>int</name></type> <name>i</name>=<init><expr>0</expr></init></expr>;</init> <condition><expr><name>i</name>&lt;<name>paSize</name></expr>;</condition> <incr><expr><name>i</name>++</expr></incr>)
        <expr_stmt><expr><name><name>pa</name>[<expr><name>i</name></expr>]</name>=0</expr>;</expr_stmt></for>

   <comment type="line">// Data area for the telecommand packet
</comment>   <decl_stmt><decl><type><name>const</name> <name>unsigned</name> <name>short</name></type> <name>defPacketSize</name> =<init> <expr>100</expr></init></decl>;</decl_stmt>
   <decl_stmt><decl><type><name>unsigned</name> <name>char</name></type> <name><name>packet</name>[<expr><name>defPacketSize</name></expr>]</name></decl>;</decl_stmt>

   <comment type="line">// Set maximum number of blocks
</comment>   <expr_stmt><expr><name>pML</name>-&gt;<call><name>setMaxNumberBlocks</name><argument_list>(<argument><expr>3</expr></argument>)</argument_list></call></expr>;</expr_stmt>
   <if>if <condition>( <expr><name>pML</name>-&gt;<call><name>getMaxNumberBlocks</name><argument_list>()</argument_list></call>!=3</expr> )</condition><then>
   <block>{	<expr_stmt><expr><call><name>setTestResult</name><argument_list>(<argument><expr><name>TEST_FAILURE</name></expr></argument>,<argument><expr>"Wrong configuration parameter"</expr></argument>)</argument_list></call></expr>;</expr_stmt>
    	<return>return;</return>
   }</block></then></if>

   <comment type="line">// Set maximum number of data
</comment>   <expr_stmt><expr><name>pML</name>-&gt;<call><name>setMaxNumberData</name><argument_list>(<argument><expr>10</expr></argument>)</argument_list></call></expr>;</expr_stmt>
   <if>if <condition>( <expr><name>pML</name>-&gt;<call><name>getMaxNumberData</name><argument_list>()</argument_list></call>!=10</expr> )</condition><then>
   <block>{	<expr_stmt><expr><call><name>setTestResult</name><argument_list>(<argument><expr><name>TEST_FAILURE</name></expr></argument>,<argument><expr>"Wrong configuration parameter"</expr></argument>)</argument_list></call></expr>;</expr_stmt>
    	<return>return;</return>
   }</block></then></if>

   <comment type="line">// Check configuration status
</comment>   <if>if <condition>( <expr>!<name>pML</name>-&gt;<call><name>isObjectConfigured</name><argument_list>()</argument_list></call></expr> )</condition><then>
   <block>{	<expr_stmt><expr><call><name>setTestResult</name><argument_list>(<argument><expr><name>TEST_FAILURE</name></expr></argument>,<argument><expr>"Wrong configuration status after initialization"</expr></argument>)</argument_list></call></expr>;</expr_stmt>
    	<return>return;</return>
   }</block></then></if>

   <comment type="line">// Define fixed part of the memory load PUS packet 
</comment>   <decl_stmt><decl><type><name>unsigned</name> <name>int</name></type> <name>offset</name> =<init> <expr>0</expr></init></decl>;</decl_stmt>
   <decl_stmt><decl><type><name>TD_PUSMemId</name></type> <name>id</name> =<init> <expr>12</expr></init></decl>;</decl_stmt>
   <decl_stmt><decl><type><name>TD_PUSMemData</name>*</type> <name>base</name> =<init> <expr><name>pa</name></expr></init></decl>;</decl_stmt>
   <expr_stmt><expr><call><name>memcpy</name><argument_list>(<argument><expr><name>packet</name>+<name>offset</name></expr></argument>,<argument><expr>&amp;<name>id</name></expr></argument>,<argument><expr><call><name>sizeof</name><argument_list>(<argument><expr><name>TD_PUSMemId</name></expr></argument>)</argument_list></call></expr></argument>)</argument_list></call></expr>;</expr_stmt>
   <expr_stmt><expr><name>offset</name> += <call><name>sizeof</name><argument_list>(<argument><expr><name>TD_PUSMemId</name></expr></argument>)</argument_list></call></expr>;</expr_stmt>
   <expr_stmt><expr><call><name>memcpy</name><argument_list>(<argument><expr><name>packet</name>+<name>offset</name></expr></argument>,<argument><expr>&amp;<name>base</name></expr></argument>,<argument><expr><macro>sizeof<argument_list>(TD_PUSMemData*)</argument_list></macro></expr></argument>)</argument_list></call></expr>;</expr_stmt>
   <expr_stmt><expr><name>offset</name> += <macro>sizeof<argument_list>(TD_PUSMemData*)</argument_list></macro></expr>;</expr_stmt>

   <comment type="line">// Define the load packet (one block with four data) with the valid checksum
</comment>   <comment type="line">// The data and their checksum are taken from one of the examples
</comment>   <comment type="line">// in the appendix 3 of the PUS
</comment>   <decl_stmt><decl><type><name>TD_PUSMemOffset</name></type> <name>os1</name> =<init> <expr>2</expr></init></decl>;</decl_stmt>
   <decl_stmt><decl><type><name>TD_PUSMemLength</name></type> <name>len1</name> =<init> <expr>4</expr></init></decl>;</decl_stmt>
   <decl_stmt><decl><type><name>TD_PUSMemData</name></type> <name>d1</name> =<init> <expr>0xAB</expr></init></decl>;</decl_stmt>
   <decl_stmt><decl><type><name>TD_PUSMemData</name></type> <name>d2</name> =<init> <expr>0xCD</expr></init></decl>;</decl_stmt>
   <decl_stmt><decl><type><name>TD_PUSMemData</name></type> <name>d3</name> =<init> <expr>0xEF</expr></init></decl>;</decl_stmt>
   <decl_stmt><decl><type><name>TD_PUSMemData</name></type> <name>d4</name> =<init> <expr>0x01</expr></init></decl>;</decl_stmt>
   <decl_stmt><decl><type><name>TD_PUSNumberMemBlocks</name></type> <name>nmb</name> =<init> <expr>1</expr></init></decl>;</decl_stmt>
   <decl_stmt><decl><type><name>unsigned</name> <name>short</name></type> <name>checkSum</name> =<init> <expr>0x9CF8</expr></init></decl>;</decl_stmt>

   <expr_stmt><expr><call><name>memcpy</name><argument_list>(<argument><expr><name>packet</name>+<name>offset</name></expr></argument>,<argument><expr>&amp;<name>nmb</name></expr></argument>,<argument><expr><call><name>sizeof</name><argument_list>(<argument><expr><name>TD_PUSNumberMemBlocks</name></expr></argument>)</argument_list></call></expr></argument>)</argument_list></call></expr>;</expr_stmt>
   <expr_stmt><expr><name>offset</name> += <call><name>sizeof</name><argument_list>(<argument><expr><name>TD_PUSNumberMemBlocks</name></expr></argument>)</argument_list></call></expr>;</expr_stmt>
   <expr_stmt><expr><call><name>memcpy</name><argument_list>(<argument><expr><name>packet</name>+<name>offset</name></expr></argument>,<argument><expr>&amp;<name>os1</name></expr></argument>,<argument><expr><call><name>sizeof</name><argument_list>(<argument><expr><name>TD_PUSMemLength</name></expr></argument>)</argument_list></call></expr></argument>)</argument_list></call></expr>;</expr_stmt>
   <expr_stmt><expr><name>offset</name> += <call><name>sizeof</name><argument_list>(<argument><expr><name>TD_PUSMemLength</name></expr></argument>)</argument_list></call></expr>;</expr_stmt>
   <expr_stmt><expr><call><name>memcpy</name><argument_list>(<argument><expr><name>packet</name>+<name>offset</name></expr></argument>,<argument><expr>&amp;<name>len1</name></expr></argument>,<argument><expr><call><name>sizeof</name><argument_list>(<argument><expr><name>TD_PUSMemLength</name></expr></argument>)</argument_list></call></expr></argument>)</argument_list></call></expr>;</expr_stmt>
   <expr_stmt><expr><name>offset</name> += <call><name>sizeof</name><argument_list>(<argument><expr><name>TD_PUSMemLength</name></expr></argument>)</argument_list></call></expr>;</expr_stmt>
   <expr_stmt><expr><call><name>memcpy</name><argument_list>(<argument><expr><name>packet</name>+<name>offset</name></expr></argument>,<argument><expr>&amp;<name>d1</name></expr></argument>,<argument><expr><call><name>sizeof</name><argument_list>(<argument><expr><name>TD_PUSMemData</name></expr></argument>)</argument_list></call></expr></argument>)</argument_list></call></expr>;</expr_stmt>
   <expr_stmt><expr><name>offset</name> += <call><name>sizeof</name><argument_list>(<argument><expr><name>TD_PUSMemData</name></expr></argument>)</argument_list></call></expr>;</expr_stmt>
   <expr_stmt><expr><call><name>memcpy</name><argument_list>(<argument><expr><name>packet</name>+<name>offset</name></expr></argument>,<argument><expr>&amp;<name>d2</name></expr></argument>,<argument><expr><call><name>sizeof</name><argument_list>(<argument><expr><name>TD_PUSMemData</name></expr></argument>)</argument_list></call></expr></argument>)</argument_list></call></expr>;</expr_stmt>
   <expr_stmt><expr><name>offset</name> += <call><name>sizeof</name><argument_list>(<argument><expr><name>TD_PUSMemData</name></expr></argument>)</argument_list></call></expr>;</expr_stmt>
   <expr_stmt><expr><call><name>memcpy</name><argument_list>(<argument><expr><name>packet</name>+<name>offset</name></expr></argument>,<argument><expr>&amp;<name>d3</name></expr></argument>,<argument><expr><call><name>sizeof</name><argument_list>(<argument><expr><name>TD_PUSMemData</name></expr></argument>)</argument_list></call></expr></argument>)</argument_list></call></expr>;</expr_stmt>
   <expr_stmt><expr><name>offset</name> += <call><name>sizeof</name><argument_list>(<argument><expr><name>TD_PUSMemData</name></expr></argument>)</argument_list></call></expr>;</expr_stmt>
   <expr_stmt><expr><call><name>memcpy</name><argument_list>(<argument><expr><name>packet</name>+<name>offset</name></expr></argument>,<argument><expr>&amp;<name>d4</name></expr></argument>,<argument><expr><call><name>sizeof</name><argument_list>(<argument><expr><name>TD_PUSMemData</name></expr></argument>)</argument_list></call></expr></argument>)</argument_list></call></expr>;</expr_stmt>
   <expr_stmt><expr><name>offset</name> += <call><name>sizeof</name><argument_list>(<argument><expr><name>TD_PUSMemData</name></expr></argument>)</argument_list></call></expr>;</expr_stmt>
   <expr_stmt><expr><call><name>memcpy</name><argument_list>(<argument><expr><name>packet</name>+<name>offset</name></expr></argument>,<argument><expr>&amp;<name>checkSum</name></expr></argument>,<argument><expr>2</expr></argument>)</argument_list></call></expr>;</expr_stmt>
   <expr_stmt><expr><name>offset</name> += <macro>sizeof<argument_list>(unsigned short)</argument_list></macro></expr>;</expr_stmt>

   <comment type="line">// Load packet and check validity
</comment>   <if>if <condition>( <expr><name>pML</name>-&gt;<call><name>getValidityCheckCode</name><argument_list>()</argument_list></call>!=0</expr> )</condition><then>
   <block>{	<expr_stmt><expr><call><name>setTestResult</name><argument_list>(<argument><expr><name>TEST_FAILURE</name></expr></argument>,<argument><expr>"Wrong validity code"</expr></argument>)</argument_list></call></expr>;</expr_stmt>
    	<return>return;</return>
   }</block></then></if>
   <expr_stmt><expr><name>pML</name>-&gt;<call><name>setRawData</name><argument_list>(<argument><expr><name>packet</name></expr></argument>,<argument><expr><name>offset</name></expr></argument>)</argument_list></call></expr>;</expr_stmt>
   <if>if <condition>( <expr><name>pML</name>-&gt;<call><name>getValidityCheckCode</name><argument_list>()</argument_list></call>!=0</expr> )</condition><then>
   <block>{	<expr_stmt><expr><call><name>setTestResult</name><argument_list>(<argument><expr><name>TEST_FAILURE</name></expr></argument>,<argument><expr>"Wrong validity code"</expr></argument>)</argument_list></call></expr>;</expr_stmt>
    	<return>return;</return>
   }</block></then></if>

   <comment type="line">// Execute TC and check correctness
</comment>   <if>if <condition>( <expr><name>pML</name>-&gt;<call><name>execute</name><argument_list>()</argument_list></call>!=<name>ACTION_SUCCESS</name></expr> )</condition><then>
   <block>{	<expr_stmt><expr><call><name>setTestResult</name><argument_list>(<argument><expr><name>TEST_FAILURE</name></expr></argument>,<argument><expr>"Wrong execution outcome"</expr></argument>)</argument_list></call></expr>;</expr_stmt>
    	<return>return;</return>
   }</block></then></if>
   <if>if <condition>( <expr>(<name><name>pa</name>[<expr><name>os1</name></expr>]</name>!=<name>d1</name>) || (<name><name>pa</name>[<expr><name>os1</name>+1</expr>]</name>!=<name>d2</name>) || (<name><name>pa</name>[<expr><name>os1</name>+2</expr>]</name>!=<name>d3</name>) || (<name><name>pa</name>[<expr><name>os1</name>+3</expr>]</name>!=<name>d4</name>)</expr> )</condition><then>
   <block>{	<expr_stmt><expr><call><name>setTestResult</name><argument_list>(<argument><expr><name>TEST_FAILURE</name></expr></argument>,<argument><expr>"Wrong loaded data"</expr></argument>)</argument_list></call></expr>;</expr_stmt>
    	<return>return;</return>
   }</block></then></if>

   <comment type="line">// Clear patch memory area
</comment>   <for>for (<init><expr><type><name>unsigned</name> <name>int</name></type> <name>i</name>=<init><expr>0</expr></init></expr>;</init> <condition><expr><name>i</name>&lt;<name>paSize</name></expr>;</condition> <incr><expr><name>i</name>++</expr></incr>)
        <expr_stmt><expr><name><name>pa</name>[<expr><name>i</name></expr>]</name>=0</expr>;</expr_stmt></for>

   <comment type="line">// Define the load packet (one block with four data) with the invalid checksum
</comment>   <comment type="line">// The data and their checksum are taken from one of the examples
</comment>   <comment type="line">// in the appendix 3 of the PUS
</comment>   <expr_stmt><expr><name>offset</name> = <call><name>sizeof</name><argument_list>(<argument><expr><name>TD_PUSMemId</name></expr></argument>)</argument_list></call>+<macro>sizeof<argument_list>(unsigned char*)</argument_list></macro></expr>;</expr_stmt>
   <expr_stmt><expr><name>os1</name> = 2</expr>;</expr_stmt>
   <expr_stmt><expr><name>len1</name> = 4</expr>;</expr_stmt>
   <expr_stmt><expr><name>d1</name> = 0xAB</expr>;</expr_stmt>
   <expr_stmt><expr><name>d2</name> = 0xCD</expr>;</expr_stmt>
   <expr_stmt><expr><name>d3</name> = 0xEF</expr>;</expr_stmt>
   <expr_stmt><expr><name>d4</name> = 0x01</expr>;</expr_stmt>
   <expr_stmt><expr><name>nmb</name> = 1</expr>;</expr_stmt>
   <expr_stmt><expr><name>checkSum</name> = 0x9CF9</expr>;</expr_stmt>

   <expr_stmt><expr><call><name>memcpy</name><argument_list>(<argument><expr><name>packet</name>+<name>offset</name></expr></argument>,<argument><expr>&amp;<name>nmb</name></expr></argument>,<argument><expr><call><name>sizeof</name><argument_list>(<argument><expr><name>TD_PUSNumberMemBlocks</name></expr></argument>)</argument_list></call></expr></argument>)</argument_list></call></expr>;</expr_stmt>
   <expr_stmt><expr><name>offset</name> += <call><name>sizeof</name><argument_list>(<argument><expr><name>TD_PUSNumberMemBlocks</name></expr></argument>)</argument_list></call></expr>;</expr_stmt>
   <expr_stmt><expr><call><name>memcpy</name><argument_list>(<argument><expr><name>packet</name>+<name>offset</name></expr></argument>,<argument><expr>&amp;<name>os1</name></expr></argument>,<argument><expr><call><name>sizeof</name><argument_list>(<argument><expr><name>TD_PUSMemLength</name></expr></argument>)</argument_list></call></expr></argument>)</argument_list></call></expr>;</expr_stmt>
   <expr_stmt><expr><name>offset</name> += <call><name>sizeof</name><argument_list>(<argument><expr><name>TD_PUSMemLength</name></expr></argument>)</argument_list></call></expr>;</expr_stmt>
   <expr_stmt><expr><call><name>memcpy</name><argument_list>(<argument><expr><name>packet</name>+<name>offset</name></expr></argument>,<argument><expr>&amp;<name>len1</name></expr></argument>,<argument><expr><call><name>sizeof</name><argument_list>(<argument><expr><name>TD_PUSMemLength</name></expr></argument>)</argument_list></call></expr></argument>)</argument_list></call></expr>;</expr_stmt>
   <expr_stmt><expr><name>offset</name> += <call><name>sizeof</name><argument_list>(<argument><expr><name>TD_PUSMemLength</name></expr></argument>)</argument_list></call></expr>;</expr_stmt>
   <expr_stmt><expr><call><name>memcpy</name><argument_list>(<argument><expr><name>packet</name>+<name>offset</name></expr></argument>,<argument><expr>&amp;<name>d1</name></expr></argument>,<argument><expr><call><name>sizeof</name><argument_list>(<argument><expr><name>TD_PUSMemData</name></expr></argument>)</argument_list></call></expr></argument>)</argument_list></call></expr>;</expr_stmt>
   <expr_stmt><expr><name>offset</name> += <call><name>sizeof</name><argument_list>(<argument><expr><name>TD_PUSMemData</name></expr></argument>)</argument_list></call></expr>;</expr_stmt>
   <expr_stmt><expr><call><name>memcpy</name><argument_list>(<argument><expr><name>packet</name>+<name>offset</name></expr></argument>,<argument><expr>&amp;<name>d2</name></expr></argument>,<argument><expr><call><name>sizeof</name><argument_list>(<argument><expr><name>TD_PUSMemData</name></expr></argument>)</argument_list></call></expr></argument>)</argument_list></call></expr>;</expr_stmt>
   <expr_stmt><expr><name>offset</name> += <call><name>sizeof</name><argument_list>(<argument><expr><name>TD_PUSMemData</name></expr></argument>)</argument_list></call></expr>;</expr_stmt>
   <expr_stmt><expr><call><name>memcpy</name><argument_list>(<argument><expr><name>packet</name>+<name>offset</name></expr></argument>,<argument><expr>&amp;<name>d3</name></expr></argument>,<argument><expr><call><name>sizeof</name><argument_list>(<argument><expr><name>TD_PUSMemData</name></expr></argument>)</argument_list></call></expr></argument>)</argument_list></call></expr>;</expr_stmt>
   <expr_stmt><expr><name>offset</name> += <call><name>sizeof</name><argument_list>(<argument><expr><name>TD_PUSMemData</name></expr></argument>)</argument_list></call></expr>;</expr_stmt>
   <expr_stmt><expr><call><name>memcpy</name><argument_list>(<argument><expr><name>packet</name>+<name>offset</name></expr></argument>,<argument><expr>&amp;<name>d4</name></expr></argument>,<argument><expr><call><name>sizeof</name><argument_list>(<argument><expr><name>TD_PUSMemData</name></expr></argument>)</argument_list></call></expr></argument>)</argument_list></call></expr>;</expr_stmt>
   <expr_stmt><expr><name>offset</name> += <call><name>sizeof</name><argument_list>(<argument><expr><name>TD_PUSMemData</name></expr></argument>)</argument_list></call></expr>;</expr_stmt>
   <expr_stmt><expr><call><name>memcpy</name><argument_list>(<argument><expr><name>packet</name>+<name>offset</name></expr></argument>,<argument><expr>&amp;<name>checkSum</name></expr></argument>,<argument><expr>2</expr></argument>)</argument_list></call></expr>;</expr_stmt>
   <expr_stmt><expr><name>offset</name> += <macro>sizeof<argument_list>(unsigned short)</argument_list></macro></expr>;</expr_stmt>

   <comment type="line">// Load packet and check validity
</comment>   <if>if <condition>( <expr><name>pML</name>-&gt;<call><name>getValidityCheckCode</name><argument_list>()</argument_list></call>!=0</expr> )</condition><then>
   <block>{	<expr_stmt><expr><call><name>setTestResult</name><argument_list>(<argument><expr><name>TEST_FAILURE</name></expr></argument>,<argument><expr>"Wrong validity code"</expr></argument>)</argument_list></call></expr>;</expr_stmt>
    	<return>return;</return>
   }</block></then></if>
   <expr_stmt><expr><name>pML</name>-&gt;<call><name>setRawData</name><argument_list>(<argument><expr><name>packet</name></expr></argument>,<argument><expr><name>offset</name></expr></argument>)</argument_list></call></expr>;</expr_stmt>
   <if>if <condition>( <expr><name>pML</name>-&gt;<call><name>getValidityCheckCode</name><argument_list>()</argument_list></call>!=0</expr> )</condition><then>
   <block>{	<expr_stmt><expr><call><name>setTestResult</name><argument_list>(<argument><expr><name>TEST_FAILURE</name></expr></argument>,<argument><expr>"Wrong validity code"</expr></argument>)</argument_list></call></expr>;</expr_stmt>
    	<return>return;</return>
   }</block></then></if>

   <comment type="line">// Execute TC and check correctness of outcome
</comment>   <if>if <condition>( <expr><name>pML</name>-&gt;<call><name>execute</name><argument_list>()</argument_list></call>!=<name>MEM_LOAD_PRE_CHECKSUM_FAILED</name></expr> )</condition><then>
   <block>{	<expr_stmt><expr><call><name>setTestResult</name><argument_list>(<argument><expr><name>TEST_FAILURE</name></expr></argument>,<argument><expr>"Wrong execution outcome"</expr></argument>)</argument_list></call></expr>;</expr_stmt>
    	<return>return;</return>
   }</block></then></if>

   <comment type="line">// Check that no data were written to patch area
</comment>   <for>for (<init><expr><type><name>unsigned</name> <name>int</name></type> <name>i</name>=<init><expr>0</expr></init></expr>;</init> <condition><expr><name>i</name>&lt;<name>paSize</name></expr>;</condition> <incr><expr><name>i</name>++</expr></incr>)
        <if>if <condition>(<expr><name><name>pa</name>[<expr><name>i</name></expr>]</name>!=0</expr>)</condition><then>
        <block>{	<expr_stmt><expr><call><name>setTestResult</name><argument_list>(<argument><expr><name>TEST_FAILURE</name></expr></argument>,<argument><expr>"Wrong loaded data"</expr></argument>)</argument_list></call></expr>;</expr_stmt>
        	<return>return;</return>
        }</block></then></if></for>


   <expr_stmt><expr><call><name>setTestResult</name><argument_list>(<argument><expr><name>TEST_SUCCESS</name></expr></argument>,<argument><expr>"Test Successful"</expr></argument>)</argument_list></call></expr>;</expr_stmt>
   <return>return;</return>
}</block></function>
</unit>
