<unit xmlns="http://www.sdml.info/srcML/src" xmlns:cpp="http://www.sdml.info/srcML/cpp">
<comment type="line">//
</comment><comment type="line">// Copyright 2004 P&amp;P Software GmbH - All Rights Reserved
</comment><comment type="line">//
</comment><comment type="line">// TestCaseFileTelemetryStream_1.h
</comment><comment type="line">//
</comment><comment type="line">// Version	1.0
</comment><comment type="line">// Date		04.03.03
</comment><comment type="line">// Author	A. Pasetti (P&amp;P Software)
</comment>
<cpp:ifndef>#<cpp:directive>ifndef</cpp:directive> <name>TestCaseFileTelemetryStream_1H</name></cpp:ifndef>
<cpp:define>#<cpp:directive>define</cpp:directive> <name>TestCaseFileTelemetryStream_1H</name></cpp:define>

<cpp:include>#<cpp:directive>include</cpp:directive> <cpp:file>"../Utilities/TestCaseGenericSetUp.h"</cpp:file></cpp:include>

<comment type="block">/**
 * Verify the file-oriented telemetry stream as implemented
 * by class &lt;code&gt;DC_FileTelemetryStream&lt;/code&gt;.
 * In this test the telemetry data are written to the file
 * &lt;code&gt;TelemetryStream.txt&lt;/code&gt; which should be created in the
 * directory from which the program is run. The success or otherwise
 * of the test should be verified by inspecting this file.
 * An instance of this class is created and the following specific
 * tests are performed: &lt;ol&gt;
 * &lt;li&gt;The correctness of the class identifier is verified.&lt;/li&gt;
 * &lt;li&gt;The telemetry stream file is set and it is verified that
 * the set operation succeeded.&lt;/li&gt;
 * &lt;li&gt;A dummy PUS telemetry packet (instance of class &lt;code&gt;DC_DummyTelemetryPacket&lt;/code&gt;)
 * is configured with two bytes with values of 1 and 2. The telemetry packet is written
 * to the telemetry stream
 * The success of this operation should be checked by inspecting
 * the telemetry output file.&lt;/li&gt;
 * &lt;li&gt;The value of the bytes encapsulated in the dummy telemetry packet
 * is incremented by one and the telemetry packet is again written to the
 * telemetry stream.
 * The success of this operation should be checked by inspecting
 * the telemetry output file.&lt;/li&gt;
 * &lt;/ol&gt;
 * @see DC_FileTelemetryStream
 * @see DC_DummyTelemetryPacket
 * @author Alessandro Pasetti (P&amp;P Software GmbH)
 * @version 1.0
 */</comment>
<class>class <name>TestCaseFileTelemetryStream_1</name> <super>: <specifier>public</specifier> <name>TestCaseGenericSetUp</name></super> <block>{<private type="default">

</private><public>public :

     <comment type="block">/**
      * Set the identifier and the name of the test case to, respectively,
      * ID_FILETELEMETRYSTREAM*10+1 and "TestCaseFileTelemetryStream_1".
      */</comment>
     <constructor_decl><name>TestCaseFileTelemetryStream_1</name><parameter_list>(<param><decl><type><name>void</name></type></decl></param>)</parameter_list>;</constructor_decl>

     <comment type="block">/**
      * Execute the test case. See class comment for details.
      */</comment>
	<function_decl><type><name>virtual</name> <name>void</name></type> <name>runTestCase</name><parameter_list>(<param><decl><type><name>void</name></type></decl></param>)</parameter_list>;</function_decl>
</public>}</block>;</class>

<cpp:endif>#<cpp:directive>endif</cpp:directive></cpp:endif>
</unit>
