<unit xmlns="http://www.sdml.info/srcML/src" xmlns:cpp="http://www.sdml.info/srcML/cpp">
<comment type="line">//
</comment><comment type="line">// Copyright 2004 P&amp;P Software GmbH - All Rights Reserved
</comment><comment type="line">//
</comment><comment type="line">// TestCaseFdirCheck_1.h
</comment><comment type="line">//
</comment><comment type="line">// Version	1.0
</comment><comment type="line">// Date		26.06.03 (Version 1.0)
</comment><comment type="line">// Author	R. Totaro
</comment>
<cpp:ifndef>#<cpp:directive>ifndef</cpp:directive> <name>TestCaseFdirCheck_1H</name></cpp:ifndef>
<cpp:define>#<cpp:directive>define</cpp:directive> <name>TestCaseFdirCheck_1H</name></cpp:define>

<cpp:include>#<cpp:directive>include</cpp:directive> <cpp:file>"../Utilities/TestCaseGenericSetUp.h"</cpp:file></cpp:include>

<comment type="block">/**
 * Verify the services of the &lt;code&gt;DC_FdirCheck&lt;/code&gt; object. One object
 * (&lt;code&gt;pFDIR&lt;/code&gt;) is created and the following tests are performed upon it:&lt;ol&gt;
 * &lt;li&gt;The correctness of both class ids is verified.&lt;/li&gt;
 * &lt;li&gt;It is verified that a newly created object is not configured.&lt;/li&gt;
 * &lt;li&gt;A previously created &lt;code&gt;DC_DummyRecoveryAction&lt;/code&gt; (&lt;code&gt;pFDI&lt;/code&gt;) is
 * attached to the object as its FDI check. It is verified that the pointer
 * is correctly set and that the object is not yet configured.&lt;/li&gt;
 * &lt;li&gt;A previously created &lt;code&gt;DC_DummyRecoveryAction&lt;/code&gt; (&lt;code&gt;pDRA&lt;/code&gt;) is
 * attached to the object as its recovery action. It is verified that the
 * pointer is correctly set and that the object is configured.&lt;/li&gt;
 * &lt;li&gt;The outcome of the FDI check is set to &lt;code&gt;ACTION_CANNOT_EXECUTE&lt;/code&gt;,
 * &lt;code&gt;pFDIR-&gt;execute()&lt;/code&gt; is invoked and it is verified that its return code
 * is &lt;code&gt;ACTION_CANNOT_EXECUTE&lt;/code&gt;.&lt;/li&gt;
 * &lt;li&gt;Now the FDI check outcome is set to &lt;code&gt;ACTION_FAILURE&lt;/code&gt; and the recovery
 * action's to &lt;code&gt;ACTION_CANNOT_EXECUTE&lt;/code&gt;. It is tested that
 * &lt;code&gt;pFDIR-&gt;execute()&lt;/code&gt; invokes the recovery action's &lt;code&gt;execute()&lt;/code&gt;
 * method by verifying that its return code is indeed &lt;code&gt;ACTION_CANNOT_EXECUTE&lt;/code&gt;.&lt;/li&gt;
 * &lt;/ol&gt;
 * @see DC_FdirCheck
 * @see DC_DummyRecoveryAction
 * @author Roberto Totaro
 * @version 1.0
 */</comment>
<class>class <name>TestCaseFdirCheck_1</name> <super>: <specifier>public</specifier> <name>TestCaseGenericSetUp</name></super> <block>{<private type="default">
</private><public>public:
	<comment type="block">/**
	 * Set the identifier and the name of the test case to, respectively,
	 * ID_FDIRCHECK*10+1 and "TestCaseFdirCheck_1".
	 */</comment>
	<constructor_decl><name>TestCaseFdirCheck_1</name><parameter_list>(<param><decl><type><name>void</name></type></decl></param>)</parameter_list>;</constructor_decl>

	<comment type="block">/**
	 * Execute the test case. See class comment for details.
	 */</comment>
	<function_decl><type><name>virtual</name> <name>void</name></type> <name>runTestCase</name><parameter_list>(<param><decl><type><name>void</name></type></decl></param>)</parameter_list>;</function_decl>
</public>}</block>;</class>
<cpp:endif>#<cpp:directive>endif</cpp:directive></cpp:endif>
</unit>
