<unit xmlns="http://www.sdml.info/srcML/src" xmlns:cpp="http://www.sdml.info/srcML/cpp">
<comment type="line">//
</comment><comment type="line">// Copyright 2004 P&amp;P Software GmbH - All Rights Reserved
</comment><comment type="line">//
</comment><comment type="line">// TestCaseDummyTelemetryStream_1.cpp
</comment><comment type="line">//
</comment><comment type="line">// Version	1.0
</comment><comment type="line">// Date		21.11.03 (Version 1.0)
</comment><comment type="line">// Author	R. Totaro
</comment>
<cpp:include>#<cpp:directive>include</cpp:directive> <cpp:file>"../GeneralInclude/CompilerSwitches.h"</cpp:file></cpp:include>
<cpp:include>#<cpp:directive>include</cpp:directive> <cpp:file>"../GeneralInclude/ClassId.h"</cpp:file></cpp:include>
<cpp:include>#<cpp:directive>include</cpp:directive> <cpp:file>"../GeneralInclude/TestConstants.h"</cpp:file></cpp:include>
<cpp:include>#<cpp:directive>include</cpp:directive> <cpp:file>"../GeneralInclude/Constants.h"</cpp:file></cpp:include>
<cpp:include>#<cpp:directive>include</cpp:directive> <cpp:file>"../Telemetry/DC_DummyTelemetryPacket.h"</cpp:file></cpp:include>
<cpp:include>#<cpp:directive>include</cpp:directive> <cpp:file>"../Telemetry/DC_DummyTelemetryStream.h"</cpp:file></cpp:include>
<cpp:include>#<cpp:directive>include</cpp:directive> <cpp:file>"TestCaseDummyTelemetryStream_1.h"</cpp:file></cpp:include>

<constructor><name>TestCaseDummyTelemetryStream_1::TestCaseDummyTelemetryStream_1</name><parameter_list>(<param><decl><type><name>void</name></type></decl></param>)</parameter_list> <member_list>:
	<call><name>TestCaseGenericSetUp</name><argument_list>(<argument><expr><name>ID_DUMMYTELEMETRYSTREAM</name>*10+1</expr></argument>,<argument><expr>"TestCaseDummyTelemetryStream_1"</expr></argument>)</argument_list></call> </member_list><block>{
    <return>return;</return>
}</block></constructor>

<function><type><name>void</name></type> <name><name>TestCaseDummyTelemetryStream_1</name>::<name>runTestCase</name></name><parameter_list>(<param><decl><type><name>void</name></type></decl></param>)</parameter_list> <block>{
    <decl_stmt><decl><type><name>DC_DummyTelemetryStream</name> *</type><name>pTmStream</name>=<init><expr>new <name>DC_DummyTelemetryStream</name></expr></init></decl>;</decl_stmt>
    <decl_stmt><decl><type><name>DC_DummyTelemetryPacket</name>   *</type><name>pTmItem</name>  =<init><expr>new <name>DC_DummyTelemetryPacket</name></expr></init></decl>;</decl_stmt>

    <comment type="line">// Check the value of the class identifier
</comment>    <if>if <condition>(<expr><name>pTmStream</name>-&gt;<call><name>getClassId</name><argument_list>()</argument_list></call>!=<name>ID_DUMMYTELEMETRYSTREAM</name></expr>)</condition><then> <block>{
        <expr_stmt><expr><call><name>setTestResult</name><argument_list>(<argument><expr><name>TEST_FAILURE</name></expr></argument>, <argument><expr>"Wrong class identifier"</expr></argument>)</argument_list></call></expr>;</expr_stmt>
        <return>return;</return>
    }</block></then></if>

    <comment type="line">// Check getCapacity()'s return value
</comment>    <if>if <condition>(<expr><name>pTmStream</name>-&gt;<call><name>getCapacity</name><argument_list>()</argument_list></call>!=<name>MAX_INT</name></expr>)</condition><then> <block>{
        <expr_stmt><expr><call><name>setTestResult</name><argument_list>(<argument><expr><name>TEST_FAILURE</name></expr></argument>, <argument><expr>"getCapacity() failed."</expr></argument>)</argument_list></call></expr>;</expr_stmt>
        <return>return;</return>
    }</block></then></if>

    <comment type="line">// Check doesPacketFit()'s return value
</comment>    <if>if <condition>(<expr>!<name>pTmStream</name>-&gt;<call><name>doesPacketFit</name><argument_list>(<argument><expr><name>pTmItem</name></expr></argument>)</argument_list></call></expr>)</condition><then> <block>{
        <expr_stmt><expr><call><name>setTestResult</name><argument_list>(<argument><expr><name>TEST_FAILURE</name></expr></argument>, <argument><expr>"doesPacketFit() failed."</expr></argument>)</argument_list></call></expr>;</expr_stmt>
        <return>return;</return>
    }</block></then></if>

    <comment type="line">// The following three calls won't do anything at all. They are
</comment>    <comment type="line">// here to exercise the code.
</comment>    <expr_stmt><expr><name>pTmStream</name>-&gt;<call><name>reset</name><argument_list>()</argument_list></call></expr>;</expr_stmt>
    <expr_stmt><expr><name>pTmStream</name>-&gt;<call><name>flush</name><argument_list>()</argument_list></call></expr>;</expr_stmt>
    <expr_stmt><expr><name>pTmStream</name>-&gt;<call><name>write</name><argument_list>(<argument><expr><name>pTmItem</name></expr></argument>)</argument_list></call></expr>;</expr_stmt>

    <expr_stmt><expr><call><name>setTestResult</name><argument_list>(<argument><expr><name>TEST_SUCCESS</name></expr></argument>,<argument><expr>"Test Successful"</expr></argument>)</argument_list></call></expr>;</expr_stmt>
    <return>return;</return>
}</block></function>
</unit>
