<unit xmlns="http://www.sdml.info/srcML/src" xmlns:cpp="http://www.sdml.info/srcML/cpp">
<comment type="line">//
</comment><comment type="line">// Copyright 2004 P&amp;P Software GmbH - All Rights Reserved
</comment><comment type="line">//
</comment><comment type="line">// TestCaseNestedFsmActivatorWithEndState_1.h
</comment><comment type="line">//
</comment><comment type="line">// Version	1.0
</comment><comment type="line">// Date		24.06.03 (Version 1.0)
</comment><comment type="line">// Author	R. Totaro
</comment>
<cpp:ifndef>#<cpp:directive>ifndef</cpp:directive> <name>TestCaseNestedFsmActivatorWithEndState_1H</name></cpp:ifndef>
<cpp:define>#<cpp:directive>define</cpp:directive> <name>TestCaseNestedFsmActivatorWithEndState_1H</name></cpp:define>

<cpp:include>#<cpp:directive>include</cpp:directive> <cpp:file>"../Utilities/TestCaseGenericSetUp.h"</cpp:file></cpp:include>

<comment type="block">/**
 * Verify the services of nested FSM states. One
 * &lt;code&gt;DC_NestedFsmActivatorWithEndState&lt;/code&gt; object is created and the following
 * procedure is performed upon it: &lt;ol&gt;
 * &lt;li&gt;A FSM, its states and a corresponding number of events are created. The
 * FSM and the events are configured and initialized. These objects will be
 * used to test the &lt;code&gt;DC_NestedFsmActivatorWithEndState&lt;/code&gt; implementation.&lt;/li&gt;
 * &lt;li&gt;It is verified that the object under test returns the correct class id.&lt;/li&gt;
 * &lt;li&gt;It is verified that a newly created object is not configured.&lt;/li&gt;
 * &lt;li&gt;The previously created &lt;code&gt;CC_FSM&lt;/code&gt; is attached to the object. It is
 * verified that the object is not yet configured.&lt;/li&gt;
 * &lt;li&gt;The target state is set by calling &lt;code&gt;setTargetState()&lt;/code&gt;. It is verified
 * that &lt;code&gt;getTargetState()&lt;/code&gt; returns the proper value and that the object is
 * conofigured.&lt;/li&gt;
 * &lt;li&gt;The FSM is advanced through all its states and it is verified that
 * &lt;code&gt;isFinished()&lt;/code&gt; returns true only when the FSM state is equal to the
 * target state.&lt;/li&gt;
 * &lt;/ol&gt;
 * @see DC_NestedFsmActivatorWithEndState
 * @see CC_FSM
 * @see FsmState
 * @see DC_DummyFsmState
 * @see DC_FsmEvent
 * @author Roberto Totaro
 * @version 1.0
 */</comment>
<class>class <name>TestCaseNestedFsmActivatorWithEndState_1</name> <super>: <specifier>public</specifier> <name>TestCaseGenericSetUp</name></super> <block>{<private type="default">
</private><public>public:
	<comment type="block">/**
	 * Set the identifier and the name of the test case to, respectively,
	 * ID_NESTEDFSMACTIVATORWITHENDSTATE*10+1 and "TestCaseNestedFsmActivatorWithEndState_1".
	 */</comment>
	<constructor_decl><name>TestCaseNestedFsmActivatorWithEndState_1</name><parameter_list>(<param><decl><type><name>void</name></type></decl></param>)</parameter_list>;</constructor_decl>

	<comment type="block">/**
	 * Execute the test case. See class comment for details.
	 */</comment>
	<function_decl><type><name>virtual</name> <name>void</name></type> <name>runTestCase</name><parameter_list>(<param><decl><type><name>void</name></type></decl></param>)</parameter_list>;</function_decl>
</public>}</block>;</class>
<cpp:endif>#<cpp:directive>endif</cpp:directive></cpp:endif>
</unit>
