<unit xmlns="http://www.sdml.info/srcML/src" xmlns:cpp="http://www.sdml.info/srcML/cpp">
<comment type="line">//
</comment><comment type="line">// Copyright 2004 P&amp;P Software GmbH - All Rights Reserved
</comment><comment type="line">//
</comment><comment type="line">// TestCaseEventRepository_3.h
</comment><comment type="line">//
</comment><comment type="line">// Version	1.0
</comment><comment type="line">// Date		15.10.02
</comment><comment type="line">// Author	A. Pasetti (P&amp;P Software)
</comment>
<cpp:ifndef>#<cpp:directive>ifndef</cpp:directive> <name>TestCaseEventRepository_3H</name></cpp:ifndef>
<cpp:define>#<cpp:directive>define</cpp:directive> <name>TestCaseEventRepository_3H</name></cpp:define>

<cpp:include>#<cpp:directive>include</cpp:directive> <cpp:file>"../Utilities/TestCaseGenericSetUp.h"</cpp:file></cpp:include>

<comment type="block">/**
 * Verify the enable and disable services of the
 * &lt;code&gt;DC_EventRepository&lt;/code&gt; class.
 * One instance of the class is created and the following specific tests are
 * performed upon it: &lt;ol&gt;
 * &lt;li&gt;The enable status of the repository is changed to "disabled" and it
 * it is verified that the change is correctly reported.&lt;/li&gt;
 * &lt;li&gt;An "event create" request is sent to the disabled repository and it is checked that
 * the event counter and the latest event in the repository are not
 * changed (which indicates that no event was created in the repository).&lt;/li&gt;
 * &lt;li&gt;The enable status of the repository is changed back to "enabled" and it
 * it is verified that "event create" requests are correctly executed and
 * results in the creation of a new event in the repository.&lt;/li&gt;
 * &lt;li&gt;A "selective disable request" is made to disable collection of event reports of
 * a specific type and it is verified that the change in enable status is correctly
 * reported.&lt;/li&gt;
 * &lt;li&gt;An "event create" request is sent to the repository
 * for an event of the disabled type and it
 * is checked that the event counter does not
 * change (which indicates that no event was created in the repository).&lt;/li&gt;
 * &lt;li&gt;An "event create" request is sent to the repository
 * for an event that is still enabled and it
 * is checked that the event counter is incremented by 1
 * (which indicates that no event was created in the repository).&lt;/li&gt;
 * &lt;/ol&gt;
 * @see DC_EventRepository
 * @author Alessandro Pasetti (P&amp;P Software GmbH)
 * @version 1.0
 */</comment>
<class>class <name>TestCaseEventRepository_3</name> <super>: <specifier>public</specifier> <name>TestCaseGenericSetUp</name></super> <block>{<private type="default">

</private><public>public :

     <comment type="block">/**
      * Set the identifier and the name of the test case to, respectively,
      * ID_EVENTREPOSITORY*10+3 and "TestCaseEventRepository_3".
      */</comment>
     <constructor_decl><name>TestCaseEventRepository_3</name><parameter_list>(<param><decl><type><name>void</name></type></decl></param>)</parameter_list>;</constructor_decl>

     <comment type="block">/**
      * Execute the test case. See class comment for details.
      */</comment>
	<function_decl><type><name>virtual</name> <name>void</name></type> <name>runTestCase</name><parameter_list>(<param><decl><type><name>void</name></type></decl></param>)</parameter_list>;</function_decl>
</public>}</block>;</class>

<cpp:endif>#<cpp:directive>endif</cpp:directive></cpp:endif>
</unit>
