<unit xmlns="http://www.sdml.info/srcML/src" xmlns:cpp="http://www.sdml.info/srcML/cpp">
<comment type="line">//
</comment><comment type="line">// Copyright 2004 P&amp;P Software GmbH - All Rights Reserved
</comment><comment type="line">//
</comment><comment type="line">// TestCaseBasicPUSTmStream_1.h
</comment><comment type="line">//
</comment><comment type="line">// Version	1.0
</comment><comment type="line">// Date		11.01.04
</comment><comment type="line">// Author	A. Pasetti (P&amp;P Software)
</comment>
<cpp:ifndef>#<cpp:directive>ifndef</cpp:directive> <name>TestCaseBasicPUSTmStream_1H</name></cpp:ifndef>
<cpp:define>#<cpp:directive>define</cpp:directive> <name>TestCaseBasicPUSTmStream_1H</name></cpp:define>

<cpp:include>#<cpp:directive>include</cpp:directive> <cpp:file>"../Utilities/TestCasePUSFull.h"</cpp:file></cpp:include>

<comment type="block">/**
 * Check the functionality of the &lt;code&gt;DC_BasicPUSTmStream&lt;/code&gt;
 * class. An instance of this class is created and a sample telemetry packet (instance
 * of class &lt;code&gt;DC_DummyPUSTelemetryPacket&lt;/code&gt;) is
 * retrieved from the telemetry packet factory. The following
 * specific checks are then performed:&lt;ol&gt;
 * &lt;li&gt;The correctness of the class identifier is checked.&lt;/li&gt;
 * &lt;li&gt;It is checked that the TM stream is initially not configured.&lt;/li&gt;
 * &lt;li&gt;The value of the stream capacity is set and read back. The correctness
 * of the read-back value is checked.&lt;/li&gt;
 * &lt;li&gt;The value of the start address of the telemetry write area is set and read back.
 * The correctness of the read-back value is checked. &lt;/li&gt;
 * &lt;li&gt;It is checked that the TM stream is now configured.&lt;/li&gt;
 * &lt;li&gt;The value of the packet counter is retrieved and it is checked that is equal to
 * zero. &lt;/li&gt;
 * &lt;li&gt;A telemetry packet is written to the stream and the correctness of the write
 * operation is checked.&lt;/li&gt;
 * &lt;li&gt;It is checked that the packet counter and the sequence counter are 
 * incremented by one after the write
 * operation.&lt;/li&gt;
 * &lt;li&gt;The packet is repeatedly written until the telemetry write area is filled.
 * It is checked that a write operation results
 * in the generation of the correct event report.&lt;/li&gt;
 * &lt;li&gt;The telemetry area is reset and it is checked that the next
 * write request executes successfully.&lt;/li&gt;
 * &lt;li&gt;It is checked that the packet counter and the write counters are reset to 0 and 1,
 * respectively.&lt;/li&gt;
 * &lt;li&gt;The last two checks are repeated using a flush operation instead of a reset
 * operation and it is checked that the outcome is the same.&lt;/li&gt;
 * &lt;/ol&gt;
 * @see DC_BasicPUSTmStream
 * @author Alessandro Pasetti (P&amp;P Software GmbH)
 * @version 1.0
 */</comment>
<class>class <name>TestCaseBasicPUSTmStream_1</name> <super>: <specifier>public</specifier> <name>TestCaseWithFactories</name></super> <block>{<private type="default">
  </private><private>private:
    <decl_stmt><decl><type><name>unsigned</name> <name>char</name>*</type> <name>tmArea</name></decl>;</decl_stmt>
    <decl_stmt><decl><type><name>DC_DummyPUSTelemetryPacket</name>*</type> <name>pTM</name></decl>;</decl_stmt>
    <decl_stmt><decl><type><name>DC_BasicPUSTmStream</name>*</type> <name>pTMS</name></decl>;</decl_stmt>

  </private><public>public :
     <comment type="block">/**
      * Set the identifier and the name of the test case to, respectively,
      * ID_BASICPUSTMSTREAM*10+1 and "TestCaseBasicPUSTmStream_1".
      */</comment>
     <constructor_decl><name>TestCaseBasicPUSTmStream_1</name><parameter_list>(<param><decl><type><name>void</name></type></decl></param>)</parameter_list>;</constructor_decl>

     <comment type="block">/**
      * Execute the test case. See class comment for details.
      */</comment>
     <function_decl><type><name>virtual</name> <name>void</name></type> <name>runTestCase</name><parameter_list>(<param><decl><type><name>void</name></type></decl></param>)</parameter_list>;</function_decl>

     <comment type="block">/**
      * Check the correctness of the telemetry image written by the telemetry stream under test.
      * The telemetry image is assumed to start at location &lt;code&gt;start&lt;/code&gt; in the
      * telemetry write area and the value of the application data generated by the
      * telemetry packet is assumed to be &lt;code&gt;value&lt;/code&gt;.
      * @param start the start location of the telemetry image
      * @param value the value of the application data
      * @return true if the telemetry image is correct, false otherwise
      */</comment>
     <function_decl><type><name>bool</name></type> <name>checkTmImage</name><parameter_list>(<param><decl><type><name>unsigned</name> <name>int</name></type> <name>start</name></decl></param>, <param><decl><type><name>unsigned</name> <name>char</name></type> <name>value</name></decl></param>)</parameter_list>;</function_decl>

</public>}</block>;</class>

<cpp:endif>#<cpp:directive>endif</cpp:directive></cpp:endif>
</unit>
