<unit xmlns="http://www.sdml.info/srcML/src" xmlns:cpp="http://www.sdml.info/srcML/cpp">
<comment type="line">//
</comment><comment type="line">// Copyright 2004 P&amp;P Software GmbH - All Rights Reserved
</comment><comment type="line">//
</comment><comment type="line">// TestCaseDummyManoeuvre_1.cpp
</comment><comment type="line">//
</comment><comment type="line">// Version	1.1
</comment><comment type="line">// Date		08.05.03
</comment><comment type="line">// Author	R. Totaro
</comment>
<cpp:include>#<cpp:directive>include</cpp:directive> <cpp:file>"TestCaseDummyManoeuvre_1.h"</cpp:file></cpp:include>
<cpp:include>#<cpp:directive>include</cpp:directive> <cpp:file>"../GeneralInclude/ClassId.h"</cpp:file></cpp:include>
<cpp:include>#<cpp:directive>include</cpp:directive> <cpp:file>"../GeneralInclude/Constants.h"</cpp:file></cpp:include>
<cpp:include>#<cpp:directive>include</cpp:directive> <cpp:file>"../GeneralInclude/CompilerSwitches.h"</cpp:file></cpp:include>
<cpp:include>#<cpp:directive>include</cpp:directive> <cpp:file>"../Manoeuvre/DC_DummyManoeuvre.h"</cpp:file></cpp:include>

<constructor><name>TestCaseDummyManoeuvre_1::TestCaseDummyManoeuvre_1</name><parameter_list>(<param><decl><type><name>void</name></type></decl></param>)</parameter_list> <member_list>:
	<call><name>TestCaseWithEvtCheck</name><argument_list>(<argument><expr><name>ID_DUMMYMANOEUVRE</name>*10+1</expr></argument>,<argument><expr>"TestCaseDummyManoeuvre_1"</expr></argument>)</argument_list></call>
</member_list><block>{
	<return>return;</return>
}</block></constructor>

<function><type><name>void</name></type> <name><name>TestCaseDummyManoeuvre_1</name>::<name>runTestCase</name></name><parameter_list>()</parameter_list>
<block>{
    <decl_stmt><decl><type><name>DC_DummyManoeuvre</name>  *</type><name>pDM</name> =<init><expr>new <call><name>DC_DummyManoeuvre</name><argument_list>()</argument_list></call></expr></init></decl>;</decl_stmt>
    <decl_stmt><decl><type><name>const</name> <name>unsigned</name> <name>int</name></type>  <name>nEvt</name>=<init><expr><call><name>getNumberOfEvents</name><argument_list>()</argument_list></call></expr></init></decl>;</decl_stmt>

    <comment type="line">// Verify correctness of class identifier
</comment>    <if>if <condition>(<expr><name>pDM</name>-&gt;<call><name>getClassId</name><argument_list>()</argument_list></call>!=<name>ID_DUMMYMANOEUVRE</name></expr>)</condition><then> <block>{
		<expr_stmt><expr><call><name>setTestResult</name><argument_list>(<argument><expr><name>TEST_FAILURE</name></expr></argument>,<argument><expr>"Wrong class identifier"</expr></argument>)</argument_list></call></expr>;</expr_stmt>
		<return>return;</return>
	}</block></then></if>

    <comment type="line">// Newly created manoeuvres should be enabled
</comment>    <if>if <condition>(<expr>!<name>pDM</name>-&gt;<call><name>isEnabled</name><argument_list>()</argument_list></call></expr>)</condition><then> <block>{
		<expr_stmt><expr><call><name>setTestResult</name><argument_list>(<argument><expr><name>TEST_FAILURE</name></expr></argument>,<argument><expr>"Manoeuvre not enabled"</expr></argument>)</argument_list></call></expr>;</expr_stmt>
		<return>return;</return>
	}</block></then></if>

    <comment type="line">// Check value of continuation check code
</comment>    <if>if <condition>( <expr><name>pDM</name>-&gt;<call><name>getContinuationCheckCode</name><argument_list>()</argument_list></call>!=0</expr> )</condition><then> <block>{
		<expr_stmt><expr><call><name>setTestResult</name><argument_list>(<argument><expr><name>TEST_FAILURE</name></expr></argument>,<argument><expr>"Continuation check code is incorrect"</expr></argument>)</argument_list></call></expr>;</expr_stmt>
		<return>return;</return>
	}</block></then></if>

    <comment type="line">// Newly created manoeuvres should not be in use
</comment>    <if>if <condition>(<expr><name>pDM</name>-&gt;<call><name>isInUse</name><argument_list>()</argument_list></call></expr>)</condition><then> <block>{
		<expr_stmt><expr><call><name>setTestResult</name><argument_list>(<argument><expr><name>TEST_FAILURE</name></expr></argument>,<argument><expr>"Wrong value of inUse flag (true)"</expr></argument>)</argument_list></call></expr>;</expr_stmt>
		<return>return;</return>
	}</block></then></if>

    <comment type="line">// Newly created manoeuvres should not be executing
</comment>    <if>if <condition>(<expr><name>pDM</name>-&gt;<call><name>isExecuting</name><argument_list>()</argument_list></call></expr>)</condition><then> <block>{
		<expr_stmt><expr><call><name>setTestResult</name><argument_list>(<argument><expr><name>TEST_FAILURE</name></expr></argument>,<argument><expr>"Wrong value of isExecuting flag (true)"</expr></argument>)</argument_list></call></expr>;</expr_stmt>
		<return>return;</return>
	}</block></then></if>

    <comment type="line">// Newly created manoeuvres should not be suspended
</comment>    <if>if <condition>(<expr><name>pDM</name>-&gt;<call><name>isSuspended</name><argument_list>()</argument_list></call></expr>)</condition><then> <block>{
		<expr_stmt><expr><call><name>setTestResult</name><argument_list>(<argument><expr><name>TEST_FAILURE</name></expr></argument>,<argument><expr>"Wrong value of isSuspended flag (true)"</expr></argument>)</argument_list></call></expr>;</expr_stmt>
		<return>return;</return>
	}</block></then></if>

	<comment type="line">// Verify that the enable flag can be modified
</comment>	<expr_stmt><expr><name>pDM</name>-&gt;<call><name>setEnabled</name><argument_list>(<argument><expr><name>false</name></expr></argument>)</argument_list></call></expr>;</expr_stmt>
    <if>if <condition>(<expr><name>pDM</name>-&gt;<call><name>isEnabled</name><argument_list>()</argument_list></call></expr>)</condition><then> <block>{
		<expr_stmt><expr><call><name>setTestResult</name><argument_list>(<argument><expr><name>TEST_FAILURE</name></expr></argument>,<argument><expr>"Failed to disable the manoeuvre"</expr></argument>)</argument_list></call></expr>;</expr_stmt>
		<return>return;</return>
	}</block></then></if>

	<comment type="line">// Verify that the inUse flag can be modified
</comment>	<expr_stmt><expr><name>pDM</name>-&gt;<call><name>setInUse</name><argument_list>(<argument><expr><name>true</name></expr></argument>)</argument_list></call></expr>;</expr_stmt>
    <if>if <condition>(<expr>!<name>pDM</name>-&gt;<call><name>isInUse</name><argument_list>()</argument_list></call></expr>)</condition><then> <block>{
		<expr_stmt><expr><call><name>setTestResult</name><argument_list>(<argument><expr><name>TEST_FAILURE</name></expr></argument>,<argument><expr>"Failed to change the inUse flag"</expr></argument>)</argument_list></call></expr>;</expr_stmt>
		<return>return;</return>
	}</block></then></if>

	<comment type="line">// Verify that the isSuspended flag can be modified
</comment>    <expr_stmt><expr><name>pDM</name>-&gt;<call><name>setIsSuspended</name><argument_list>(<argument><expr><name>true</name></expr></argument>)</argument_list></call></expr>;</expr_stmt>
    <if>if <condition>(<expr>!<name>pDM</name>-&gt;<call><name>isSuspended</name><argument_list>()</argument_list></call></expr>)</condition><then> <block>{
		<expr_stmt><expr><call><name>setTestResult</name><argument_list>(<argument><expr><name>TEST_FAILURE</name></expr></argument>,<argument><expr>"Failed to change the isSuspended flag"</expr></argument>)</argument_list></call></expr>;</expr_stmt>
		<return>return;</return>
	}</block></then></if>

	<comment type="line">// Verify the event reporting
</comment>	<if>if <condition>(<expr>!<call><name>verifyLatestEvent</name><argument_list>(<argument><expr><name>nEvt</name>+1</expr></argument>,<argument><expr><name>EVT_MAN_SUSPENDED</name></expr></argument>)</argument_list></call></expr>)</condition><then>
		<return>return;</return></then></if>

	<comment type="line">// Resume manoeuvre and check correct event reporting
</comment>    <expr_stmt><expr><name>pDM</name>-&gt;<call><name>setIsSuspended</name><argument_list>(<argument><expr><name>false</name></expr></argument>)</argument_list></call></expr>;</expr_stmt>
	<if>if <condition>(<expr>!<call><name>verifyLatestEvent</name><argument_list>(<argument><expr><name>nEvt</name>+2</expr></argument>,<argument><expr><name>EVT_MAN_RESUMED</name></expr></argument>)</argument_list></call></expr>)</condition><then>
		<return>return;</return></then></if>

	<comment type="line">// Verify that a disable manoeuvre cannot be started
</comment>	<if>if <condition>(<expr><name>pDM</name>-&gt;<call><name>canStart</name><argument_list>()</argument_list></call>!=<name>MAN_CANNOT_START</name></expr>)</condition><then> <block>{
		<expr_stmt><expr><call><name>setTestResult</name><argument_list>(<argument><expr><name>TEST_FAILURE</name></expr></argument>,<argument><expr>"Disabled manoeuvre can be started"</expr></argument>)</argument_list></call></expr>;</expr_stmt>
		<return>return;</return>
	}</block></then></if>

	<comment type="line">// Now, let's check the opposite situation
</comment>	<expr_stmt><expr><name>pDM</name>-&gt;<call><name>setEnabled</name><argument_list>(<argument><expr><name>true</name></expr></argument>)</argument_list></call></expr>;</expr_stmt>
	<if>if <condition>(<expr><name>pDM</name>-&gt;<call><name>canStart</name><argument_list>()</argument_list></call>!=<name>MAN_CAN_START</name></expr>)</condition><then> <block>{
		<expr_stmt><expr><call><name>setTestResult</name><argument_list>(<argument><expr><name>TEST_FAILURE</name></expr></argument>,<argument><expr>"Enabled manoeuvre cannot be started"</expr></argument>)</argument_list></call></expr>;</expr_stmt>
		<return>return;</return>
	}</block></then></if>

	<comment type="line">// Let's start the manoeuvre
</comment>	<expr_stmt><expr><name>pDM</name>-&gt;<call><name>initialize</name><argument_list>()</argument_list></call></expr>;</expr_stmt>
	<expr_stmt><expr><name>pDM</name>-&gt;<call><name>doContinue</name><argument_list>()</argument_list></call></expr>;</expr_stmt>

	<comment type="line">// Verify that the manoeuvre is executing
</comment>	<if>if <condition>(<expr>!<name>pDM</name>-&gt;<call><name>isExecuting</name><argument_list>()</argument_list></call></expr>)</condition><then> <block>{
		<expr_stmt><expr><call><name>setTestResult</name><argument_list>(<argument><expr><name>TEST_FAILURE</name></expr></argument>,<argument><expr>"Manoeuvre cannot be started"</expr></argument>)</argument_list></call></expr>;</expr_stmt>
		<return>return;</return>
	}</block></then></if>

	<comment type="line">// Verify the event reporting
</comment>	<if>if <condition>(<expr>!<call><name>verifyLatestEvent</name><argument_list>(<argument><expr><name>nEvt</name>+3</expr></argument>,<argument><expr><name>EVT_MAN_STARTED</name></expr></argument>)</argument_list></call></expr>)</condition><then>
		<return>return;</return></then></if>

	<comment type="line">// Check that the manoeuvre can continue
</comment>	<if>if <condition>(<expr>!<name>pDM</name>-&gt;<call><name>canContinue</name><argument_list>()</argument_list></call></expr>)</condition><then> <block>{
		<expr_stmt><expr><call><name>setTestResult</name><argument_list>(<argument><expr><name>TEST_FAILURE</name></expr></argument>,<argument><expr>"canContinue() reports wrong status"</expr></argument>)</argument_list></call></expr>;</expr_stmt>
		<return>return;</return>
	}</block></then></if>

	<comment type="line">// Verify the termination check
</comment>    <if>if <condition>(<expr>!<name>pDM</name>-&gt;<call><name>isFinished</name><argument_list>()</argument_list></call></expr>)</condition><then> <block>{
		<expr_stmt><expr><call><name>setTestResult</name><argument_list>(<argument><expr><name>TEST_FAILURE</name></expr></argument>,<argument><expr>"Failed termination check"</expr></argument>)</argument_list></call></expr>;</expr_stmt>
		<return>return;</return>
	}</block></then></if>

	<comment type="line">// The manoeuvre is aborted and the execution status and event report are verified
</comment>	<expr_stmt><expr><name>pDM</name>-&gt;<call><name>abort</name><argument_list>()</argument_list></call></expr>;</expr_stmt>
	<if>if <condition>(<expr><name>pDM</name>-&gt;<call><name>isExecuting</name><argument_list>()</argument_list></call></expr>)</condition><then> <block>{
		<expr_stmt><expr><call><name>setTestResult</name><argument_list>(<argument><expr><name>TEST_FAILURE</name></expr></argument>,<argument><expr>"Manoeuvre cannot be aborted"</expr></argument>)</argument_list></call></expr>;</expr_stmt>
		<return>return;</return>
	}</block></then></if>

	<if>if <condition>(<expr>!<call><name>verifyLatestEvent</name><argument_list>(<argument><expr><name>nEvt</name>+4</expr></argument>,<argument><expr><name>EVT_MAN_ABORTED</name></expr></argument>)</argument_list></call></expr>)</condition><then>
		<return>return;</return></then></if>

	<comment type="line">// Let's now do a full initialization/execution/termination cycle
</comment>	<expr_stmt><expr><name>pDM</name>-&gt;<call><name>initialize</name><argument_list>()</argument_list></call></expr>;</expr_stmt>
	<expr_stmt><expr><name>pDM</name>-&gt;<call><name>doContinue</name><argument_list>()</argument_list></call></expr>;</expr_stmt>
	<expr_stmt><expr><name>pDM</name>-&gt;<call><name>terminate</name><argument_list>()</argument_list></call></expr>;</expr_stmt>
	<if>if <condition>(<expr><name>pDM</name>-&gt;<call><name>isExecuting</name><argument_list>()</argument_list></call></expr>)</condition><then> <block>{
		<expr_stmt><expr><call><name>setTestResult</name><argument_list>(<argument><expr><name>TEST_FAILURE</name></expr></argument>,<argument><expr>"Failed to terminate the manoeuvre"</expr></argument>)</argument_list></call></expr>;</expr_stmt>
		<return>return;</return>
	}</block></then></if>

	<comment type="line">// Verify the event reporting
</comment>	<comment type="line">// The initialize()/doContinue() pair generates an event.
</comment>	<if>if <condition>(<expr>!<call><name>verifyLatestEvent</name><argument_list>(<argument><expr><name>nEvt</name>+6</expr></argument>,<argument><expr><name>EVT_MAN_TERMINATED</name></expr></argument>)</argument_list></call></expr>)</condition><then>
		<return>return;</return></then></if>

	<expr_stmt><expr><call><name>setTestResult</name><argument_list>(<argument><expr><name>TEST_SUCCESS</name></expr></argument>,<argument><expr>"Test Successful"</expr></argument>)</argument_list></call></expr>;</expr_stmt>
	<return>return;</return>
}</block></function>
</unit>
