<unit xmlns="http://www.sdml.info/srcML/src" xmlns:cpp="http://www.sdml.info/srcML/cpp">
<comment type="line">//
</comment><comment type="line">// Copyright 2004 P&amp;P Software GmbH - All Rights Reserved
</comment><comment type="line">//
</comment><comment type="line">// TestCaseManoeuvreManager_1.cpp
</comment><comment type="line">//
</comment><comment type="line">// Version	1.0
</comment><comment type="line">// Date		08.05.03
</comment><comment type="line">// Author	R. Totaro
</comment>
<cpp:include>#<cpp:directive>include</cpp:directive> <cpp:file>"TestCaseManoeuvreManager_1.h"</cpp:file></cpp:include>
<cpp:include>#<cpp:directive>include</cpp:directive> <cpp:file>"../GeneralInclude/ClassId.h"</cpp:file></cpp:include>
<cpp:include>#<cpp:directive>include</cpp:directive> <cpp:file>"../GeneralInclude/Constants.h"</cpp:file></cpp:include>
<cpp:include>#<cpp:directive>include</cpp:directive> <cpp:file>"../GeneralInclude/CompilerSwitches.h"</cpp:file></cpp:include>
<cpp:include>#<cpp:directive>include</cpp:directive> <cpp:file>"../Manoeuvre/CC_ManoeuvreManager.h"</cpp:file></cpp:include>
<cpp:include>#<cpp:directive>include</cpp:directive> <cpp:file>"../Manoeuvre/DC_DummyManoeuvre.h"</cpp:file></cpp:include>

<constructor><name>TestCaseManoeuvreManager_1::TestCaseManoeuvreManager_1</name><parameter_list>(<param><decl><type><name>void</name></type></decl></param>)</parameter_list> <member_list>:
	<call><name>TestCaseWithEvtCheck</name><argument_list>(<argument><expr><name>ID_MANOEUVREMANAGER</name>*10+1</expr></argument>,<argument><expr>"TestCaseManoeuvreManager_1"</expr></argument>)</argument_list></call> </member_list><block>{
	<return>return;</return>
}</block></constructor>

<function><type><name>void</name></type> <name><name>TestCaseManoeuvreManager_1</name>::<name>runTestCase</name></name><parameter_list>(<param><decl><type><name>void</name></type></decl></param>)</parameter_list> <block>{
    <decl_stmt><decl><type><name>CC_ManoeuvreManager</name> *</type><name>pMM</name> =<init><expr>new <call><name>CC_ManoeuvreManager</name><argument_list>()</argument_list></call></expr></init></decl>;</decl_stmt>
    <decl_stmt><decl><type><name>const</name> <name>unsigned</name> <name>int</name></type>   <name>nEvt</name>=<init><expr><call><name>getNumberOfEvents</name><argument_list>()</argument_list></call></expr></init></decl>;</decl_stmt>
	<decl_stmt><decl><type><name>const</name> <name>unsigned</name> <name>int</name></type>   <name>nMan</name>=<init><expr>8</expr></init></decl>;</decl_stmt>

    <comment type="line">// Verify correctness of class identifier
</comment>    <if>if <condition>(<expr><name>pMM</name>-&gt;<call><name>getClassId</name><argument_list>()</argument_list></call>!=<name>ID_MANOEUVREMANAGER</name></expr>)</condition><then> <block>{
		<expr_stmt><expr><call><name>setTestResult</name><argument_list>(<argument><expr><name>TEST_FAILURE</name></expr></argument>,<argument><expr>"Wrong class identifier"</expr></argument>)</argument_list></call></expr>;</expr_stmt>
		<return>return;</return>
	}</block></then></if>

	<comment type="line">// A newly created ManoeuvreManager shall not be configured
</comment>	<if>if <condition>(<expr><name>pMM</name>-&gt;<call><name>isObjectConfigured</name><argument_list>()</argument_list></call></expr>)</condition><then> <block>{
		<expr_stmt><expr><call><name>setTestResult</name><argument_list>(<argument><expr><name>TEST_FAILURE</name></expr></argument>,<argument><expr>"Newly created ManoeuvreManager already configured"</expr></argument>)</argument_list></call></expr>;</expr_stmt>
		<return>return;</return>
	}</block></then></if>

	<comment type="line">// Configure the ManoeuvreManager and verify the operation
</comment>	<expr_stmt><expr><name>pMM</name>-&gt;<call><name>setPendingManoeuvreListSize</name><argument_list>(<argument><expr><name>nMan</name></expr></argument>)</argument_list></call></expr>;</expr_stmt>
	<if>if <condition>(<expr><name>pMM</name>-&gt;<call><name>getPendingManoeuvreListSize</name><argument_list>()</argument_list></call>!=<name>nMan</name></expr>)</condition><then> <block>{
		<expr_stmt><expr><call><name>setTestResult</name><argument_list>(<argument><expr><name>TEST_FAILURE</name></expr></argument>,<argument><expr>"Wrong getPendingManoeuvreListSize return value"</expr></argument>)</argument_list></call></expr>;</expr_stmt>
		<return>return;</return>
	}</block></then></if>

	<comment type="line">// Now it should be configured
</comment>	<if>if <condition>(<expr>!<name>pMM</name>-&gt;<call><name>isObjectConfigured</name><argument_list>()</argument_list></call></expr>)</condition><then> <block>{
		<expr_stmt><expr><call><name>setTestResult</name><argument_list>(<argument><expr><name>TEST_FAILURE</name></expr></argument>,<argument><expr>"ManoeuvreManager not configured"</expr></argument>)</argument_list></call></expr>;</expr_stmt>
		<return>return;</return>
	}</block></then></if>

	<comment type="line">// Clearly, there shall be no pending manoeuvres
</comment>	<if>if <condition>(<expr><name>pMM</name>-&gt;<call><name>getPendingManoeuvres</name><argument_list>()</argument_list></call>!=0</expr>)</condition><then> <block>{
		<expr_stmt><expr><call><name>setTestResult</name><argument_list>(<argument><expr><name>TEST_FAILURE</name></expr></argument>,<argument><expr>"Wrong getPendingManoeuvres return value"</expr></argument>)</argument_list></call></expr>;</expr_stmt>
		<return>return;</return>
	}</block></then></if>

	<comment type="line">// The following steps check the load(), unload() and abort() methods.
</comment>	<comment type="line">// Let's create an array of DC_DummyManoeuvre pointers to be used in the
</comment>	<comment type="line">// subsequent tests.
</comment>	<decl_stmt><decl><type><name>DC_DummyManoeuvre</name> *</type><name><name>pDM</name>[<expr><name>nMan</name>+1</expr>]</name></decl>;</decl_stmt>

	<for>for (<init><expr><type><name>unsigned</name> <name>int</name></type> <name>i</name>=<init><expr>0</expr></init></expr>;</init> <condition><expr><name>i</name>&lt;=<name>nMan</name></expr>;</condition> <incr><expr><name>i</name>++</expr></incr>)
        <expr_stmt><expr><name><name>pDM</name>[<expr><name>i</name></expr>]</name>=new <call><name>DC_DummyManoeuvre</name><argument_list>()</argument_list></call></expr>;</expr_stmt></for>

	<for>for (<init><expr><type><name>unsigned</name> <name>int</name></type> <name>i</name>=<init><expr>0</expr></init></expr>;</init><condition><expr><name>i</name>&lt;<name>nMan</name></expr>;</condition><incr><expr><name>i</name>++</expr></incr>) <block>{
		<comment type="line">// Load the manouvre
</comment>		<expr_stmt><expr><name>pMM</name>-&gt;<call><name>load</name><argument_list>(<argument><expr><name><name>pDM</name>[<expr><name>i</name></expr>]</name></expr></argument>)</argument_list></call></expr>;</expr_stmt>

		<comment type="line">// Verify that manCounter is incremented
</comment>		<if>if <condition>(<expr><name>pMM</name>-&gt;<call><name>getPendingManoeuvres</name><argument_list>()</argument_list></call>!=(<name>i</name>+1)</expr>)</condition><then> <block>{
			<expr_stmt><expr><call><name>setTestResult</name><argument_list>(<argument><expr><name>TEST_FAILURE</name></expr></argument>,<argument><expr>"manCounter was not incremented"</expr></argument>)</argument_list></call></expr>;</expr_stmt>
			<return>return;</return>
		}</block></then></if>

		<comment type="line">// Set the "in use" flag
</comment>        <expr_stmt><expr><name><name>pDM</name>[<expr><name>i</name></expr>]</name>-&gt;<call><name>setInUse</name><argument_list>(<argument><expr><name>true</name></expr></argument>)</argument_list></call></expr>;</expr_stmt>
	}</block></for>

	<comment type="line">// A manoeuvre is aborted and the effect of the operation verified
</comment>	<expr_stmt><expr><name>pMM</name>-&gt;<call><name>abort</name><argument_list>(<argument><expr><name><name>pDM</name>[<expr><name>nMan</name>-1</expr>]</name></expr></argument>)</argument_list></call></expr>;</expr_stmt>
	<if>if <condition>(<expr><name>pMM</name>-&gt;<call><name>getPendingManoeuvres</name><argument_list>()</argument_list></call>!=(<name>nMan</name>-1)</expr>)</condition><then> <block>{
		<expr_stmt><expr><call><name>setTestResult</name><argument_list>(<argument><expr><name>TEST_FAILURE</name></expr></argument>,<argument><expr>"manCounter was not decremented"</expr></argument>)</argument_list></call></expr>;</expr_stmt>
		<return>return;</return>
	}</block></then></if>

	<comment type="line">// Check that the manouvre is no longer in use
</comment>	<if>if <condition>(<expr><name><name>pDM</name>[<expr><name>nMan</name>-1</expr>]</name>-&gt;<call><name>isInUse</name><argument_list>()</argument_list></call></expr>)</condition><then> <block>{
		<expr_stmt><expr><call><name>setTestResult</name><argument_list>(<argument><expr><name>TEST_FAILURE</name></expr></argument>,<argument><expr>"Aborted manoeuvre still in use"</expr></argument>)</argument_list></call></expr>;</expr_stmt>
		<return>return;</return>
	}</block></then></if>

	<comment type="line">// Load the previously aborted manoeuvre
</comment>	<expr_stmt><expr><name>pMM</name>-&gt;<call><name>load</name><argument_list>(<argument><expr><name><name>pDM</name>[<expr><name>nMan</name>-1</expr>]</name></expr></argument>)</argument_list></call></expr>;</expr_stmt>

	<comment type="line">// Try loading more manoeuvres that the allocated space and verify
</comment>	<comment type="line">// that the event is reported.
</comment>	<expr_stmt><expr><name>pMM</name>-&gt;<call><name>load</name><argument_list>(<argument><expr><name><name>pDM</name>[<expr><name>nMan</name></expr>]</name></expr></argument>)</argument_list></call></expr>;</expr_stmt>
	<if>if <condition>(<expr>!<call><name>verifyLatestEvent</name><argument_list>(<argument><expr>(<name>nEvt</name>+<name>nMan</name>+3)</expr></argument>,<argument><expr><name>EVT_MAN_LIST_FULL</name></expr></argument>)</argument_list></call></expr>)</condition><then>
		<return>return;</return></then></if>

	<comment type="line">// Finally, let's reset the manoeuvre manager and verify that all
</comment>	<comment type="line">// the pending manoeuvres are aborted.
</comment>	<expr_stmt><expr><name>pMM</name>-&gt;<call><name>reset</name><argument_list>()</argument_list></call></expr>;</expr_stmt>
	<for>for (<init><expr><type><name>int</name></type> <name>i</name>=<init><expr>0</expr></init></expr>;</init><condition><expr><name>i</name>&lt;<name>nMan</name></expr>;</condition><incr><expr><name>i</name>++</expr></incr>) <block>{
		<if>if <condition>(<expr><name><name>pDM</name>[<expr><name>i</name></expr>]</name>-&gt;<call><name>isInUse</name><argument_list>()</argument_list></call></expr>)</condition><then> <block>{
			<expr_stmt><expr><call><name>setTestResult</name><argument_list>(<argument><expr><name>TEST_FAILURE</name></expr></argument>,<argument><expr>"Reset failed to abort a manoeuvre"</expr></argument>)</argument_list></call></expr>;</expr_stmt>
			<return>return;</return>
		}</block></then></if>
	}</block></for>

	<expr_stmt><expr><call><name>setTestResult</name><argument_list>(<argument><expr><name>TEST_SUCCESS</name></expr></argument>,<argument><expr>"Test Successful"</expr></argument>)</argument_list></call></expr>;</expr_stmt>
	<return>return;</return>
}</block></function>
</unit>
