<unit xmlns="http://www.sdml.info/srcML/src" xmlns:cpp="http://www.sdml.info/srcML/cpp">
<comment type="line">//
</comment><comment type="line">// Copyright 2004 P&amp;P Software GmbH - All Rights Reserved
</comment><comment type="line">//
</comment><comment type="line">// TestCaseCycleDataItem16TmStream_1.h
</comment><comment type="line">//
</comment><comment type="line">// Version	1.0
</comment><comment type="line">// Date		11.12.02
</comment><comment type="line">// Author	A. Pasetti (P&amp;P Software)
</comment>
<cpp:ifndef>#<cpp:directive>ifndef</cpp:directive> <name>TestCaseCycleDataItem16TmStream_1H</name></cpp:ifndef>
<cpp:define>#<cpp:directive>define</cpp:directive> <name>TestCaseCycleDataItem16TmStream_1H</name></cpp:define>

<cpp:include>#<cpp:directive>include</cpp:directive> <cpp:file>"../Utilities/TestCaseGenericSetUp.h"</cpp:file></cpp:include>

<comment type="block">/**
 * Verify the telemetry stream services as implemented
 * by class &lt;code&gt;DC_CycleDataItem16TmStream&lt;/code&gt;.
 * An instance of this class is created and the following specific
 * tests are performed: &lt;ol&gt;
 * &lt;li&gt;The correctness of the class identifier is verified.&lt;/li&gt;
 * &lt;li&gt;It is verified that the configuration check service of the object
 * initially reports "object not configured".&lt;/li&gt;
 * &lt;li&gt;The number of data items in the &lt;code&gt;DC_CycleDataItem16TmStream&lt;/code&gt;
 * is set to 3 and it is verified that it is correctly returned by the
 * &lt;code&gt;getSize&lt;/code&gt; service.&lt;/li&gt;
 * &lt;li&gt;Three data items are loaded into the &lt;code&gt;DC_CycleDataItem16TmStream&lt;/code&gt;
 * and it is verified that the configuration check service now reports
 * "object configured".&lt;/li&gt;
 * &lt;li&gt;A dummy telemetry packet (instance of class &lt;code&gt;DC_DummyTelemetryPacket&lt;/code&gt;) is
 * configured to hold 4 bytes. The service &lt;code&gt;doesPacketFit&lt;/code&gt; is used to check whether
 * the telemetry packet fits in the telemetry stream.&lt;/li&gt;
 * The telemetry packet is written to the telemetry stream
 * and it is verified that the write request is correctly executed.&lt;/li&gt;
 * &lt;li&gt;The service &lt;code&gt;doesPacketFit&lt;/code&gt; is used to check whether
 * the telemetry packet can be written a second time telemetry stream.&lt;/li&gt;
 * &lt;li&gt;The telemetry packet is written again to the telemetry stream
 * and it is verified that only its first two bytes are written to the data items
 * encapsulated by the telemetry stream.&lt;/li&gt;
 * &lt;li&gt;The telemetry stream is reset, the telemetry packet is written again and
 * it is verified that the write request is correctly executed.&lt;/li&gt;
 * &lt;/ol&gt;
 * @see DC_CycleDataItem16TmStream
 * @author Alessandro Pasetti (P&amp;P Software GmbH)
 * @version 1.0
 */</comment>
<class>class <name>TestCaseCycleDataItem16TmStream_1</name> <super>: <specifier>public</specifier> <name>TestCaseGenericSetUp</name></super> <block>{<private type="default">

</private><public>public :

     <comment type="block">/**
      * Set the identifier and the name of the test case to, respectively,
      * ID_CYCLEDATAITEM16TMSTREAM*10+1 and "TestCaseCycleDataItem16TmStream_1".
      */</comment>
     <constructor_decl><name>TestCaseCycleDataItem16TmStream_1</name><parameter_list>(<param><decl><type><name>void</name></type></decl></param>)</parameter_list>;</constructor_decl>

     <comment type="block">/**
      * Execute the test case. See class comment for details.
      */</comment>
	<function_decl><type><name>virtual</name> <name>void</name></type> <name>runTestCase</name><parameter_list>(<param><decl><type><name>void</name></type></decl></param>)</parameter_list>;</function_decl>
</public>}</block>;</class>

<cpp:endif>#<cpp:directive>endif</cpp:directive></cpp:endif>
</unit>
