<unit xmlns="http://www.sdml.info/srcML/src" xmlns:cpp="http://www.sdml.info/srcML/cpp">
<comment type="line">//
</comment><comment type="line">// Copyright 2004 P&amp;P Software GmbH - All Rights Reserved
</comment><comment type="line">//
</comment><comment type="line">// TestCaseManoeuvreManager_3.h
</comment><comment type="line">//
</comment><comment type="line">// Version	1.0
</comment><comment type="line">// Date		31.08.03 (Version 1.0)
</comment><comment type="line">// Author	A. Pasetti
</comment>
<cpp:ifndef>#<cpp:directive>ifndef</cpp:directive> <name>TestCaseManoeuvreManager_3H</name></cpp:ifndef>
<cpp:define>#<cpp:directive>define</cpp:directive> <name>TestCaseManoeuvreManager_3H</name></cpp:define>

<cpp:include>#<cpp:directive>include</cpp:directive> <cpp:file>"../Utilities/TestCaseWithEvtCheck.h"</cpp:file></cpp:include>

<comment type="block">/**
 * Verify the suspend/resume operations on manoeuvres and the use of the activation
 * step counter.
 * One instance of the &lt;code&gt;DC_DummyConfigurableManoeuvre&lt;/code&gt; class is created and loaded
 * in a manoeuvre manager. The following operations are then performed: &lt;ol&gt;
 * &lt;li&gt;The &lt;code&gt;startCheck&lt;/code&gt;
 * and &lt;code&gt;continuationCheck&lt;/code&gt; flags of the manoeuvre are set to &lt;code&gt;true&lt;/code&gt;.
 * The &lt;code&gt;terminationCheck&lt;/code&gt; of the manoeuvre is set to &lt;code&gt;false&lt;/code&gt;.&lt;/li&gt;
 * &lt;li&gt;It is verified that the initial value of the activation step counter is equal
 * to zero.&lt;/li&gt;
 * &lt;li&gt;&lt;code&gt;activate()&lt;/code&gt; is invoked twice and it is verified that the continuation
 * action counter of the manoeuvre is incremented twice.&lt;/li&gt;
 * &lt;li&gt;It is verified that the activation step counter now has value 2.&lt;/li&gt;
 * &lt;li&gt;The manoeuvre is suspended (its isSuspended flag is set to true), the manoeuvre
 * manager is activated and it is verified that the continuation counter is not incremented.&lt;/li&gt;
 * &lt;li&gt;It is verified that the activation step counter has not been incremented.&lt;/li&gt;
 * &lt;li&gt;The &lt;code&gt;terminationCheck&lt;/code&gt; of the manoeuvre is set to &lt;code&gt;true&lt;/code&gt;, the
 * manoeuvre manager is activated (thus causing the manoeuvre to be terminated and
 * unloaded) and it is verified that the manoeuvre status is
 * "not suspended".&lt;li&gt;
 * &lt;li&gt;The manoeuvre is reloaded, it is suspended and then manoeuvre manager is
 * activated. It is verified that the activation step counter has been reset to zero.&lt;li&gt;
 * &lt;li&gt;The manoeuvre is aborted. It is verified
 * that the manoeuvre status is changed to "not suspended".&lt;li&gt;
 * &lt;li&gt;&lt;li&gt;
 * &lt;/ol&gt;
 * @see CC_ManoeuvreManager
 * @see DC_DummyConfigurableManoeuvre
 * @see Manoeuvre#setIsSuspended
 * @author A. Pasetti
 * @version 1.0
 */</comment>
<class>class <name>TestCaseManoeuvreManager_3</name> <super>: <specifier>public</specifier> <name>TestCaseWithEvtCheck</name></super> <block>{<private type="default">

  </private><public>public:
	<comment type="block">/**
	 * Set the identifier and the name of the test case to, respectively,
	 * ID_MANOEUVREMANAGER*10+3 and "TestCaseManoeuvreManager_3".
	 */</comment>
	<constructor_decl><name>TestCaseManoeuvreManager_3</name><parameter_list>(<param><decl><type><name>void</name></type></decl></param>)</parameter_list>;</constructor_decl>

	<comment type="block">/**
	 * Execute the test case. See class comment for details.
	 */</comment>
	<function_decl><type><name>virtual</name> <name>void</name></type> <name>runTestCase</name><parameter_list>(<param><decl><type><name>void</name></type></decl></param>)</parameter_list>;</function_decl>
</public>}</block>;</class>

<cpp:endif>#<cpp:directive>endif</cpp:directive></cpp:endif>
</unit>
