<unit xmlns="http://www.sdml.info/srcML/src" xmlns:cpp="http://www.sdml.info/srcML/cpp">
<comment type="line">//
</comment><comment type="line">// Copyright 2004 P&amp;P Software GmbH - All Rights Reserved
</comment><comment type="line">//
</comment><comment type="line">// TestCaseManoeuvrePunctualAction_1.h
</comment><comment type="line">//
</comment><comment type="line">// Version	1.0
</comment><comment type="line">// Date		06.06.03 (Version 1.0)
</comment><comment type="line">// Author	R. Totaro
</comment>
<cpp:ifndef>#<cpp:directive>ifndef</cpp:directive> <name>TestCaseManoeuvrePunctualAction_1H</name></cpp:ifndef>
<cpp:define>#<cpp:directive>define</cpp:directive> <name>TestCaseManoeuvrePunctualAction_1H</name></cpp:define>

<cpp:include>#<cpp:directive>include</cpp:directive> <cpp:file>"../Utilities/TestCaseGenericSetUp.h"</cpp:file></cpp:include>

<comment type="block">/**
 * Verify the functionality implemented  by the &lt;code&gt;DC_ManoeuvrePunctualActionr&lt;/code&gt;
 * class. An instance of this class is created and the following tests
 * are performed upon it: &lt;ol&gt;
 * &lt;li&gt;The correctness of the class identifier is verified.&lt;/li&gt;
 * &lt;li&gt;It is verified that the action is not configured at creation.&lt;/li&gt;
 * &lt;li&gt;A previously created and configured &lt;code&gt;CC_ManoeuvreManager&lt;/code&gt; is
 * attached to the action. It is verified that the manoeuvre manager pointer
 * can be retrieved by calling &lt;code&gt;getManoeuvreManager&lt;/code&gt; and that the
 * action is not yet configured.&lt;/li&gt;
 * &lt;li&gt;A previously created &lt;code&gt;DC_DummyManoeuvre&lt;/code&gt; is attached to the
 * action. It is verified that the manoeuvre pointer can be retrieved by calling
 * &lt;code&gt;getManoeuvre&lt;/code&gt; and that the action is now fully configured.&lt;/li&gt;
 * &lt;li&gt;The inherited method &lt;code&gt;execute()&lt;/code&gt; is invoked and it is verified
 * that the manoeuvre is loaded into the manoeuvre manager.&lt;/li&gt;
 * &lt;/ol&gt;
 * @see DC_ManoeuvrePunctualAction
 * @see PunctualAction
 * @see CC_ManoeuvreManager
 * @see Manoeuvre
 * @see DC_DummyManouvre
 * @author Roberto Totaro
 * @version 1.0
 */</comment>
<class>class <name>TestCaseManoeuvrePunctualAction_1</name> <super>: <specifier>public</specifier> <name>TestCaseGenericSetUp</name></super> <block>{<private type="default">

  </private><public>public:
	<comment type="block">/**
	 * Set the identifier and the name of the test case to, respectively,
	 * ID_MANOEUVREPUNCTUALACTION*10+1 and "TestCaseManoeuvrePunctualAction_1".
	 */</comment>
	<constructor_decl><name>TestCaseManoeuvrePunctualAction_1</name><parameter_list>(<param><decl><type><name>void</name></type></decl></param>)</parameter_list>;</constructor_decl>

	<comment type="block">/**
	 * Execute the test case. See class comment for details.
	 */</comment>
	<function_decl><type><name>virtual</name> <name>void</name></type> <name>runTestCase</name><parameter_list>(<param><decl><type><name>void</name></type></decl></param>)</parameter_list>;</function_decl>
</public>}</block>;</class>
<cpp:endif>#<cpp:directive>endif</cpp:directive></cpp:endif>
</unit>
