<unit xmlns="http://www.sdml.info/srcML/src" xmlns:cpp="http://www.sdml.info/srcML/cpp">
<comment type="line">//
</comment><comment type="line">// Copyright 2004 P&amp;P Software GmbH - All Rights Reserved
</comment><comment type="line">//
</comment><comment type="line">// TestCaseStuckDeltaProfile_1.h
</comment><comment type="line">//
</comment><comment type="line">// Version	1.0
</comment><comment type="line">// Date		11.01.03
</comment><comment type="line">// Author	A. Pasetti (P&amp;P Software)
</comment>
<cpp:ifndef>#<cpp:directive>ifndef</cpp:directive> <name>TestCaseStuckDeltaProfile_1H</name></cpp:ifndef>
<cpp:define>#<cpp:directive>define</cpp:directive> <name>TestCaseStuckDeltaProfile_1H</name></cpp:define>

<cpp:include>#<cpp:directive>include</cpp:directive> <cpp:file>"../Utilities/TestCaseGenericSetUp.h"</cpp:file></cpp:include>

<comment type="block">/**
 * Check the functionality of the &lt;code&gt;DeltaProfile&lt;/code&gt; class.
 * One instance of the class is created and
 * the following specific tests are performed: &lt;ol&gt;
 * &lt;li&gt;The correctness of the class identifier is verified.&lt;/li&gt;
 * &lt;li&gt;It is verified that the configuration check service of the
 * simple change profile initially reports "not configured".&lt;/li&gt;
 * &lt;li&gt;A delta threshold is loaded in the profile component
 * and it is verified that the load operation is correctly performed.&lt;/li&gt;
 * &lt;li&gt;It is verified that the configuration check service of the
 * profile component reports "configured".&lt;/li&gt;
 * &lt;li&gt;A sequence of test values of double type that should not
 * trigger the profile are
 * passed through its monitoring check service it is verified that the
 * check service reports "no deviation from profile detected".&lt;/li&gt;
 * &lt;li&gt;A sequence of test values of double type that should trigger
 * the monitoring
 * check are passed through the profile component and it is verified that
 * the check service reports "deviation from profile detected".&lt;/li&gt;
 * &lt;li&gt;A reset operation is performed and it is verified that
 * this interrupts the execution of the monitoring check.&lt;/li&gt;
 * &lt;li&gt;A sequence of test values of integer type that should not
 * trigger the profile are
 * passed through its monitoring check service it is verified that the
 * check service reports "no deviation from profile detected".&lt;/li&gt;
 * &lt;li&gt;A sequence of test values of integer type that should trigger
 * the monitoring
 * check are passed through the profile component and it is verified that
 * the check service reports "deviation from profile detected".&lt;/li&gt;
 * &lt;/ol&gt;
 * @see DC_DeltaProfile
 * @author Alessandro Pasetti (P&amp;P Software GmbH)
 * @version 1.0
 */</comment>
<class>class <name>TestCaseDeltaProfile_1</name> <super>: <specifier>public</specifier> <name>TestCaseGenericSetUp</name></super> <block>{<private type="default">

</private><public>public :

     <comment type="block">/**
      * Set the identifier and the name of the test case to, respectively,
      * ID_DELTAPROFILE*10+1 and "TestCaseStuckDeltaProfile_1".
      */</comment>
     <constructor_decl><name>TestCaseDeltaProfile_1</name><parameter_list>(<param><decl><type><name>void</name></type></decl></param>)</parameter_list>;</constructor_decl>

     <comment type="block">/**
      * Execute the test case. See class comment for details.
      */</comment>
     <function_decl><type><name>virtual</name> <name>void</name></type> <name>runTestCase</name><parameter_list>(<param><decl><type><name>void</name></type></decl></param>)</parameter_list>;</function_decl>
</public>}</block>;</class>

<cpp:endif>#<cpp:directive>endif</cpp:directive></cpp:endif>
</unit>
