<unit xmlns="http://www.sdml.info/srcML/src" xmlns:cpp="http://www.sdml.info/srcML/cpp">
<comment type="line">//
</comment><comment type="line">// Copyright 2004 P&amp;P Software GmbH - All Rights Reserved
</comment><comment type="line">//
</comment><comment type="line">// TestCasePUSDataReportingPacket_2.cpp
</comment><comment type="line">//
</comment><comment type="line">// Version	1.0
</comment><comment type="line">// Date		04.12.03
</comment><comment type="line">// Author	A. Pasetti (P&amp;P Software)
</comment>
<cpp:include>#<cpp:directive>include</cpp:directive> <cpp:file>"../GeneralInclude/CompilerSwitches.h"</cpp:file></cpp:include>
<cpp:include>#<cpp:directive>include</cpp:directive> <cpp:file>"../GeneralInclude/ClassId.h"</cpp:file></cpp:include>
<cpp:include>#<cpp:directive>include</cpp:directive> <cpp:file>"../GeneralInclude/BasicTypes.h"</cpp:file></cpp:include>
<cpp:include>#<cpp:directive>include</cpp:directive> <cpp:file>"../GeneralInclude/Constants.h"</cpp:file></cpp:include>
<cpp:include>#<cpp:directive>include</cpp:directive> <cpp:file>"../Telemetry/DC_PUSDataReportingPacket.h"</cpp:file></cpp:include>
<cpp:include>#<cpp:directive>include</cpp:directive> <cpp:file>"../Data/DC_SampleFullDataPool.h"</cpp:file></cpp:include>
<cpp:include>#<cpp:directive>include</cpp:directive> <cpp:file>"../Utilities/TestCaseWithEvtCheck.h"</cpp:file></cpp:include>
<cpp:include>#<cpp:directive>include</cpp:directive> <cpp:file>"TestCasePUSDataReportingPacket_2.h"</cpp:file></cpp:include>

<cpp:include>#<cpp:directive>include</cpp:directive> <cpp:file>&lt;math.h&gt;</cpp:file></cpp:include>
<cpp:include>#<cpp:directive>include</cpp:directive> <cpp:file>&lt;float.h&gt;</cpp:file></cpp:include>
<cpp:include>#<cpp:directive>include</cpp:directive> <cpp:file>&lt;assert.h&gt;</cpp:file></cpp:include>
<cpp:include>#<cpp:directive>include</cpp:directive> <cpp:file>&lt;string.h&gt;</cpp:file></cpp:include>

<constructor><name>TestCasePUSDataReportingPacket_2::TestCasePUSDataReportingPacket_2</name><parameter_list>(<param><decl><type><name>void</name></type></decl></param>)</parameter_list> <member_list>:
	<call><name>TestCaseWithEvtCheck</name><argument_list>(<argument><expr><name>ID_PUSDATAREPORTINGPACKET</name>*10+2</expr></argument>,<argument><expr>"TestCasePUSDataReportingPacket_2"</expr></argument>)</argument_list></call> </member_list><block>{
		<return>return;</return>
}</block></constructor>

<function><type><name>void</name></type> <name><name>TestCasePUSDataReportingPacket_2</name>::<name>runTestCase</name></name><parameter_list>(<param><decl><type><name>void</name></type></decl></param>)</parameter_list> <block>{

   <decl_stmt><decl><type><name>DC_SampleFullDataPool</name>*</type> <name>pDP</name> =<init> <expr>new <call><name>DC_SampleFullDataPool</name><argument_list>()</argument_list></call></expr></init></decl>;</decl_stmt>
   <decl_stmt><decl><type><name>unsigned</name> <name>int</name></type> <name>nEvt</name> =<init> <expr><call><name>getNumberOfEvents</name><argument_list>()</argument_list></call></expr></init></decl>;</decl_stmt>
   <decl_stmt><decl><type><name>DC_PUSDataReportingPacket</name>*</type> <name>pTMP</name> =<init> <expr>new <call><name>DC_PUSDataReportingPacket</name><argument_list>()</argument_list></call></expr></init></decl>;</decl_stmt>

   <comment type="line">// Configure and load the data pool
</comment>   <expr_stmt><expr><name>pDP</name>-&gt;<call><name>setObsClock</name><argument_list>(<argument><expr><call><name><name>DC_PUSDataReportingPacket</name>::<name>getObsClock</name></name><argument_list>()</argument_list></call></expr></argument>)</argument_list></call></expr>;</expr_stmt>
   <decl_stmt><decl><type><name>DataPool</name>*</type> <name>pOldDP</name> =<init> <expr><call><name><name>CC_RootObject</name>::<name>getDataPool</name></name><argument_list>()</argument_list></call></expr></init></decl>;</decl_stmt>
   <expr_stmt><expr><call><name><name>CC_RootObject</name>::<name>setDataPool</name></name><argument_list>(<argument><expr><name>pDP</name></expr></argument>)</argument_list></call></expr>;</expr_stmt>

   <comment type="line">// Define the PUS packet
</comment>   <decl_stmt><decl><type><name>TD_SID</name></type> <name>sid</name> =<init> <expr>12</expr></init></decl>;</decl_stmt>
   <decl_stmt><decl><type><name>TD_PUSCollectionInterval</name></type> <name>collectionInterval</name> =<init> <expr>6</expr></init></decl>;</decl_stmt>
   <decl_stmt><decl><type><name>TD_PUSNumberOfParameters</name></type> <name>NPAR1</name> =<init> <expr>0</expr></init></decl>;</decl_stmt>
   <decl_stmt><decl><type><name>unsigned</name> <name>char</name></type> <name>NFA</name> =<init> <expr>1</expr></init></decl>;</decl_stmt>
   <decl_stmt><decl><type><name>unsigned</name> <name>char</name></type> <name>NREP2</name> =<init> <expr>2</expr></init></decl>;</decl_stmt>
   <decl_stmt><decl><type><name>TD_PUSNumberOfParameters</name></type> <name>NPAR2</name> =<init> <expr>2</expr></init></decl>;</decl_stmt>
   <decl_stmt><decl><type><name>TD_DataPoolId</name></type> <name>par1</name> =<init> <expr>1</expr></init></decl>;</decl_stmt>
   <decl_stmt><decl><type><name>TD_Integer</name></type> <name>val1</name> =<init> <expr>11</expr></init></decl>;</decl_stmt>
   <decl_stmt><decl><type><name>TD_DataPoolId</name></type> <name>par2</name> =<init> <expr>2</expr></init></decl>;</decl_stmt>
   <decl_stmt><decl><type><name>TD_Float</name></type> <name>val2</name> =<init> <expr>12.0</expr></init></decl>;</decl_stmt>

   <comment type="line">// Construct the packet
</comment>   <decl_stmt><decl><type><name>unsigned</name> <name>short</name></type> <name>defPacketSize</name> =<init> <expr>50</expr></init></decl>;</decl_stmt>
   <decl_stmt><decl><type><name>unsigned</name> <name>char</name>*</type> <name>packet</name> =<init> <expr>new <name>unsigned</name> <name><name>char</name>[<expr><name>defPacketSize</name></expr>]</name></expr></init></decl>;</decl_stmt>
   <decl_stmt><decl><type><name>unsigned</name> <name>int</name></type> <name>offset</name> =<init> <expr>0</expr></init></decl>;</decl_stmt>
   <expr_stmt><expr><call><name>memcpy</name><argument_list>(<argument><expr><name>packet</name>+<name>offset</name></expr></argument>,<argument><expr>&amp;<name>sid</name></expr></argument>,<argument><expr><call><name>sizeof</name><argument_list>(<argument><expr><name>TD_SID</name></expr></argument>)</argument_list></call></expr></argument>)</argument_list></call></expr>;</expr_stmt>
   <expr_stmt><expr><name>offset</name> += <call><name>sizeof</name><argument_list>(<argument><expr><name>TD_SID</name></expr></argument>)</argument_list></call></expr>;</expr_stmt>
   <expr_stmt><expr><call><name>memcpy</name><argument_list>(<argument><expr><name>packet</name>+<name>offset</name></expr></argument>,<argument><expr>&amp;<name>collectionInterval</name></expr></argument>,<argument><expr><call><name>sizeof</name><argument_list>(<argument><expr><name>TD_PUSCollectionInterval</name></expr></argument>)</argument_list></call></expr></argument>)</argument_list></call></expr>;</expr_stmt>
   <expr_stmt><expr><name>offset</name> += <call><name>sizeof</name><argument_list>(<argument><expr><name>TD_PUSCollectionInterval</name></expr></argument>)</argument_list></call></expr>;</expr_stmt>
   <expr_stmt><expr><call><name>memcpy</name><argument_list>(<argument><expr><name>packet</name>+<name>offset</name></expr></argument>,<argument><expr>&amp;<name>NPAR1</name></expr></argument>,<argument><expr><call><name>sizeof</name><argument_list>(<argument><expr><name>TD_PUSNumberOfParameters</name></expr></argument>)</argument_list></call></expr></argument>)</argument_list></call></expr>;</expr_stmt>
   <expr_stmt><expr><name>offset</name> += <call><name>sizeof</name><argument_list>(<argument><expr><name>TD_PUSNumberOfParameters</name></expr></argument>)</argument_list></call></expr>;</expr_stmt>
   <expr_stmt><expr><call><name>memcpy</name><argument_list>(<argument><expr><name>packet</name>+<name>offset</name></expr></argument>,<argument><expr>&amp;<name>NFA</name></expr></argument>,<argument><expr>1</expr></argument>)</argument_list></call></expr>;</expr_stmt>
   <expr_stmt><expr><name>offset</name> += 1</expr>;</expr_stmt>
   <expr_stmt><expr><call><name>memcpy</name><argument_list>(<argument><expr><name>packet</name>+<name>offset</name></expr></argument>,<argument><expr>&amp;<name>NREP2</name></expr></argument>,<argument><expr>1</expr></argument>)</argument_list></call></expr>;</expr_stmt>
   <expr_stmt><expr><name>offset</name> += 1</expr>;</expr_stmt>
   <expr_stmt><expr><call><name>memcpy</name><argument_list>(<argument><expr><name>packet</name>+<name>offset</name></expr></argument>,<argument><expr>&amp;<name>NPAR2</name></expr></argument>,<argument><expr><call><name>sizeof</name><argument_list>(<argument><expr><name>TD_PUSNumberOfParameters</name></expr></argument>)</argument_list></call></expr></argument>)</argument_list></call></expr>;</expr_stmt>
   <expr_stmt><expr><name>offset</name> += <call><name>sizeof</name><argument_list>(<argument><expr><name>TD_PUSNumberOfParameters</name></expr></argument>)</argument_list></call></expr>;</expr_stmt>
   <expr_stmt><expr><call><name>memcpy</name><argument_list>(<argument><expr><name>packet</name>+<name>offset</name></expr></argument>,<argument><expr>&amp;<name>par1</name></expr></argument>,<argument><expr><call><name>sizeof</name><argument_list>(<argument><expr><name>TD_DataPoolId</name></expr></argument>)</argument_list></call></expr></argument>)</argument_list></call></expr>;</expr_stmt>
   <expr_stmt><expr><name>offset</name> += <call><name>sizeof</name><argument_list>(<argument><expr><name>TD_DataPoolId</name></expr></argument>)</argument_list></call></expr>;</expr_stmt>
   <expr_stmt><expr><call><name>memcpy</name><argument_list>(<argument><expr><name>packet</name>+<name>offset</name></expr></argument>,<argument><expr>&amp;<name>par2</name></expr></argument>,<argument><expr><call><name>sizeof</name><argument_list>(<argument><expr><name>TD_DataPoolId</name></expr></argument>)</argument_list></call></expr></argument>)</argument_list></call></expr>;</expr_stmt>
   <expr_stmt><expr><name>offset</name> += <call><name>sizeof</name><argument_list>(<argument><expr><name>TD_DataPoolId</name></expr></argument>)</argument_list></call></expr>;</expr_stmt>

   <expr_stmt><expr><call><name>assert</name><argument_list>(<argument><expr><name>offset</name>&lt;<name>defPacketSize</name></expr></argument>)</argument_list></call></expr>;</expr_stmt>

   <comment type="line">// Configure the data reporting packet and check configuration status
</comment>   <expr_stmt><expr><name>pTMP</name>-&gt;<call><name>setMaxNumberFA</name><argument_list>(<argument><expr>1</expr></argument>)</argument_list></call></expr>;</expr_stmt>
   <expr_stmt><expr><name>pTMP</name>-&gt;<call><name>setDefinitionBufferSize</name><argument_list>(<argument><expr><name>defPacketSize</name></expr></argument>)</argument_list></call></expr>;</expr_stmt>
   <decl_stmt><decl><type><name>unsigned</name> <name>int</name></type> <name>valBufferSize</name> =<init> <expr>100</expr></init></decl>;</decl_stmt>
   <expr_stmt><expr><name>pTMP</name>-&gt;<call><name>setValueBufferSize</name><argument_list>(<argument><expr><name>valBufferSize</name></expr></argument>)</argument_list></call></expr>;</expr_stmt>
   <expr_stmt><expr><name>pTMP</name>-&gt;<call><name>setSubType</name><argument_list>(<argument><expr><name>PUS_ST_DATA_REP_PAR_HK_REP</name></expr></argument>)</argument_list></call></expr>;</expr_stmt>
   <expr_stmt><expr><name>pTMP</name>-&gt;<call><name>setTimeTag</name><argument_list>(<argument><expr>0</expr></argument>)</argument_list></call></expr>;</expr_stmt>
   <expr_stmt><expr><name>pTMP</name>-&gt;<call><name>setEnabled</name><argument_list>(<argument><expr><name>ENABLED</name></expr></argument>)</argument_list></call></expr>;</expr_stmt>
   <if>if <condition>( <expr>!<name>pTMP</name>-&gt;<call><name>isObjectConfigured</name><argument_list>()</argument_list></call></expr> )</condition><then>
   <block>{	<expr_stmt><expr><call><name>setTestResult</name><argument_list>(<argument><expr><name>TEST_FAILURE</name></expr></argument>,<argument><expr>"Wrong configuration status"</expr></argument>)</argument_list></call></expr>;</expr_stmt>
    	<return>return;</return>
   }</block></then></if>

   <comment type="line">// Load the packet definition
</comment>   <for>for (<init><expr><type><name>unsigned</name> <name>short</name></type> <name>i</name>=<init><expr>0</expr></init></expr>;</init> <condition><expr><name>i</name>&lt;<name>offset</name></expr>;</condition> <incr><expr><name>i</name>++</expr></incr>)
        <expr_stmt><expr><name>pTMP</name>-&gt;<call><name>setDefinitionBuffer</name><argument_list>(<argument><expr><name>i</name></expr></argument>,<argument><expr><name><name>packet</name>[<expr><name>i</name></expr>]</name></expr></argument>)</argument_list></call></expr>;</expr_stmt></for>

   <if>if <condition>(<expr><name>pTMP</name>-&gt;<call><name>getDefinitionBufferLength</name><argument_list>()</argument_list></call>!=<name>offset</name></expr>)</condition><then>
   <block>{	<expr_stmt><expr><call><name>setTestResult</name><argument_list>(<argument><expr><name>TEST_FAILURE</name></expr></argument>,<argument><expr>"Wrong definition buffer length"</expr></argument>)</argument_list></call></expr>;</expr_stmt>
    	<return>return;</return>
   }</block></then></if>

   <comment type="line">// Set the values of the data pool items
</comment>   <expr_stmt><expr><name>pDP</name>-&gt;<call><name>setValue</name><argument_list>(<argument><expr><name>par1</name></expr></argument>,<argument><expr><name>val1</name></expr></argument>)</argument_list></call></expr>;</expr_stmt>
   <expr_stmt><expr><name>pDP</name>-&gt;<call><name>setValue</name><argument_list>(<argument><expr><name>par2</name></expr></argument>,<argument><expr><name>val2</name></expr></argument>)</argument_list></call></expr>;</expr_stmt>

   <comment type="line">// Send three update requests and check that there are no data to be acquired
</comment>   <expr_stmt><expr><name>pTMP</name>-&gt;<call><name>update</name><argument_list>()</argument_list></call></expr>;</expr_stmt>
   <if>if <condition>(<expr><name>pTMP</name>-&gt;<call><name>getNumberOfBytes</name><argument_list>()</argument_list></call>!=0</expr>)</condition><then>
   <block>{	<expr_stmt><expr><call><name>setTestResult</name><argument_list>(<argument><expr><name>TEST_FAILURE</name></expr></argument>,<argument><expr>"Wrong number of bytes"</expr></argument>)</argument_list></call></expr>;</expr_stmt>
    	<return>return;</return>
   }</block></then></if>
   <expr_stmt><expr><name>pTMP</name>-&gt;<call><name>update</name><argument_list>()</argument_list></call></expr>;</expr_stmt>
   <if>if <condition>(<expr><name>pTMP</name>-&gt;<call><name>getNumberOfBytes</name><argument_list>()</argument_list></call>!=0</expr>)</condition><then>
   <block>{	<expr_stmt><expr><call><name>setTestResult</name><argument_list>(<argument><expr><name>TEST_FAILURE</name></expr></argument>,<argument><expr>"Wrong number of bytes"</expr></argument>)</argument_list></call></expr>;</expr_stmt>
    	<return>return;</return>
   }</block></then></if>
   <expr_stmt><expr><name>pTMP</name>-&gt;<call><name>update</name><argument_list>()</argument_list></call></expr>;</expr_stmt>
   <if>if <condition>(<expr><name>pTMP</name>-&gt;<call><name>getNumberOfBytes</name><argument_list>()</argument_list></call>!=0</expr>)</condition><then>
   <block>{	<expr_stmt><expr><call><name>setTestResult</name><argument_list>(<argument><expr><name>TEST_FAILURE</name></expr></argument>,<argument><expr>"Wrong number of bytes"</expr></argument>)</argument_list></call></expr>;</expr_stmt>
    	<return>return;</return>
   }</block></then></if>

   <comment type="line">// Update the values of the data pool items
</comment>   <expr_stmt><expr><name>pDP</name>-&gt;<macro>setValue<argument_list>(par1,(TD_Integer)(2*val1))</argument_list></macro></expr>;</expr_stmt>
   <expr_stmt><expr><name>pDP</name>-&gt;<macro>setValue<argument_list>(par2,(TD_Float)(2*val2))</argument_list></macro></expr>;</expr_stmt>

   <comment type="line">// Send two update requests and check that there are no data to be acquired
</comment>   <expr_stmt><expr><name>pTMP</name>-&gt;<call><name>update</name><argument_list>()</argument_list></call></expr>;</expr_stmt>
   <if>if <condition>(<expr><name>pTMP</name>-&gt;<call><name>getNumberOfBytes</name><argument_list>()</argument_list></call>!=0</expr>)</condition><then>
   <block>{	<expr_stmt><expr><call><name>setTestResult</name><argument_list>(<argument><expr><name>TEST_FAILURE</name></expr></argument>,<argument><expr>"Wrong number of bytes"</expr></argument>)</argument_list></call></expr>;</expr_stmt>
    	<return>return;</return>
   }</block></then></if>
   <expr_stmt><expr><name>pTMP</name>-&gt;<call><name>update</name><argument_list>()</argument_list></call></expr>;</expr_stmt>
   <if>if <condition>(<expr><name>pTMP</name>-&gt;<call><name>getNumberOfBytes</name><argument_list>()</argument_list></call>!=0</expr>)</condition><then>
   <block>{	<expr_stmt><expr><call><name>setTestResult</name><argument_list>(<argument><expr><name>TEST_FAILURE</name></expr></argument>,<argument><expr>"Wrong number of bytes"</expr></argument>)</argument_list></call></expr>;</expr_stmt>
    	<return>return;</return>
   }</block></then></if>

   <comment type="line">// Send an update request and check data acquisition service
</comment>   <expr_stmt><expr><name>pTMP</name>-&gt;<call><name>update</name><argument_list>()</argument_list></call></expr>;</expr_stmt>
   <decl_stmt><decl><type><name>unsigned</name> <name>int</name></type> <name>n1</name>, <name>n2</name>, <name>n3</name></decl>;</decl_stmt>
   <expr_stmt><expr><name>n1</name> = <call><name>sizeof</name><argument_list>(<argument><expr><name>TD_SID</name></expr></argument>)</argument_list></call></expr>;</expr_stmt>
   <expr_stmt><expr><name>n2</name> = (<name>PUS_DATA_REP_MODE</name>?1:0)</expr>;</expr_stmt>
   <expr_stmt><expr><name>n3</name> = 2*(<call><name>sizeof</name><argument_list>(<argument><expr><name>TD_Float</name></expr></argument>)</argument_list></call>+<call><name>sizeof</name><argument_list>(<argument><expr><name>TD_Integer</name></expr></argument>)</argument_list></call>)</expr>;</expr_stmt>
   <decl_stmt><decl><type><name>unsigned</name> <name>int</name></type> <name>expNumberOfBytes</name> =<init> <expr><name>n1</name>+<name>n2</name>+<name>n3</name></expr></init></decl>;</decl_stmt>
   <if>if <condition>(<expr><name>pTMP</name>-&gt;<call><name>getNumberOfBytes</name><argument_list>()</argument_list></call>!=<name>expNumberOfBytes</name></expr>)</condition><then>
   <block>{	<expr_stmt><expr><call><name>setTestResult</name><argument_list>(<argument><expr><name>TEST_FAILURE</name></expr></argument>,<argument><expr>"Wrong number of bytes"</expr></argument>)</argument_list></call></expr>;</expr_stmt>
    	<return>return;</return>
   }</block></then></if>

   <comment type="line">// Collect the packet data and check their values
</comment>   <decl_stmt><decl><type><name>unsigned</name> <name>char</name>*</type> <name>valBuffer</name> =<init> <expr>new <name>unsigned</name> <name><name>char</name>[<expr><name>valBufferSize</name></expr>]</name></expr></init></decl>;</decl_stmt>
   <for>for (<init><expr><type><name>unsigned</name> <name>int</name></type> <name>i</name>=<init><expr>0</expr></init></expr>;</init> <condition><expr><name>i</name>&lt;<name>pTMP</name>-&gt;<call><name>getNumberOfBytes</name><argument_list>()</argument_list></call></expr>;</condition> <incr><expr><name>i</name>++</expr></incr>)
       <expr_stmt><expr><name><name>valBuffer</name>[<expr><name>i</name></expr>]</name> = <name>pTMP</name>-&gt;<call><name>getUnsignedByte</name><argument_list>(<argument><expr><name>i</name></expr></argument>)</argument_list></call></expr>;</expr_stmt></for>

   <decl_stmt><decl><type><name>unsigned</name> <name>int</name></type> <name>valOffset</name> =<init> <expr>0</expr></init></decl>;</decl_stmt>
   <decl_stmt><decl><type><name>TD_SID</name></type> <name>sidTemp</name> =<init> <expr>0</expr></init></decl>;</decl_stmt>
   <decl_stmt><decl><type><name>TD_Integer</name></type> <name>intTemp</name> =<init> <expr>0</expr></init></decl>;</decl_stmt>
   <decl_stmt><decl><type><name>TD_Float</name></type> <name>flTemp</name> =<init> <expr>0</expr></init></decl>;</decl_stmt>

   <expr_stmt><expr><call><name>memcpy</name><argument_list>(<argument><expr>&amp;<name>sidTemp</name></expr></argument>,<argument><expr><name>valBuffer</name>+<name>valOffset</name></expr></argument>,<argument><expr><call><name>sizeof</name><argument_list>(<argument><expr><name>TD_SID</name></expr></argument>)</argument_list></call></expr></argument>)</argument_list></call></expr>;</expr_stmt>
   <if>if <condition>( <expr><name>sidTemp</name> != <name>sid</name></expr> )</condition><then>
   <block>{	<expr_stmt><expr><call><name>setTestResult</name><argument_list>(<argument><expr><name>TEST_FAILURE</name></expr></argument>,<argument><expr>"Wrong sid field"</expr></argument>)</argument_list></call></expr>;</expr_stmt>
    	<return>return;</return>
   }</block></then></if>
   <expr_stmt><expr><name>valOffset</name> += <call><name>sizeof</name><argument_list>(<argument><expr><name>TD_SID</name></expr></argument>)</argument_list></call></expr>;</expr_stmt>

   <if>if <condition>( <expr><name>PUS_DATA_REP_MODE</name>?<name><name>valBuffer</name>[<expr><name>valOffset</name></expr>]</name>!=0:<name>false</name></expr> )</condition><then>
   <block>{	<expr_stmt><expr><call><name>setTestResult</name><argument_list>(<argument><expr><name>TEST_FAILURE</name></expr></argument>,<argument><expr>"Wrong mode field"</expr></argument>)</argument_list></call></expr>;</expr_stmt>
    	<return>return;</return>
   }</block></then></if>
   <expr_stmt><expr><name>valOffset</name> += (<name>PUS_DATA_REP_MODE</name>?1:0)</expr>;</expr_stmt>

   <expr_stmt><expr><call><name>memcpy</name><argument_list>(<argument><expr>&amp;<name>intTemp</name></expr></argument>,<argument><expr><name>valBuffer</name>+<name>valOffset</name></expr></argument>,<argument><expr><call><name>sizeof</name><argument_list>(<argument><expr><name>TD_Integer</name></expr></argument>)</argument_list></call></expr></argument>)</argument_list></call></expr>;</expr_stmt>
   <if>if <condition>( <expr><name>intTemp</name> != (<name>TD_Integer</name>)<name>val1</name></expr> )</condition><then>
   <block>{	<expr_stmt><expr><call><name>setTestResult</name><argument_list>(<argument><expr><name>TEST_FAILURE</name></expr></argument>,<argument><expr>"Wrong parameter 1 field"</expr></argument>)</argument_list></call></expr>;</expr_stmt>
    	<return>return;</return>
   }</block></then></if>
   <expr_stmt><expr><name>valOffset</name> += <call><name>sizeof</name><argument_list>(<argument><expr><name>TD_Integer</name></expr></argument>)</argument_list></call></expr>;</expr_stmt>

   <expr_stmt><expr><call><name>memcpy</name><argument_list>(<argument><expr>&amp;<name>flTemp</name></expr></argument>,<argument><expr><name>valBuffer</name>+<name>valOffset</name></expr></argument>,<argument><expr><call><name>sizeof</name><argument_list>(<argument><expr><name>TD_Float</name></expr></argument>)</argument_list></call></expr></argument>)</argument_list></call></expr>;</expr_stmt>
   <if>if <condition>( <expr><macro>fabs<argument_list>((float)(flTemp - (TD_Float)val2))</argument_list></macro> &gt; <name>FLT_EPSILON</name></expr> )</condition><then>
   <block>{	<expr_stmt><expr><call><name>setTestResult</name><argument_list>(<argument><expr><name>TEST_FAILURE</name></expr></argument>,<argument><expr>"Wrong parameter 2 field"</expr></argument>)</argument_list></call></expr>;</expr_stmt>
    	<return>return;</return>
   }</block></then></if>
   <expr_stmt><expr><name>valOffset</name> += <call><name>sizeof</name><argument_list>(<argument><expr><name>TD_Float</name></expr></argument>)</argument_list></call></expr>;</expr_stmt>

   <expr_stmt><expr><call><name>memcpy</name><argument_list>(<argument><expr>&amp;<name>intTemp</name></expr></argument>,<argument><expr><name>valBuffer</name>+<name>valOffset</name></expr></argument>,<argument><expr><call><name>sizeof</name><argument_list>(<argument><expr><name>TD_Integer</name></expr></argument>)</argument_list></call></expr></argument>)</argument_list></call></expr>;</expr_stmt>
   <if>if <condition>( <expr><name>intTemp</name> != (<name>TD_Integer</name>)2*<name>val1</name></expr> )</condition><then>
   <block>{	<expr_stmt><expr><call><name>setTestResult</name><argument_list>(<argument><expr><name>TEST_FAILURE</name></expr></argument>,<argument><expr>"Wrong parameter 1 field"</expr></argument>)</argument_list></call></expr>;</expr_stmt>
    	<return>return;</return>
   }</block></then></if>
   <expr_stmt><expr><name>valOffset</name> += <call><name>sizeof</name><argument_list>(<argument><expr><name>TD_Integer</name></expr></argument>)</argument_list></call></expr>;</expr_stmt>

   <expr_stmt><expr><call><name>memcpy</name><argument_list>(<argument><expr>&amp;<name>flTemp</name></expr></argument>,<argument><expr><name>valBuffer</name>+<name>valOffset</name></expr></argument>,<argument><expr><call><name>sizeof</name><argument_list>(<argument><expr><name>TD_Float</name></expr></argument>)</argument_list></call></expr></argument>)</argument_list></call></expr>;</expr_stmt>
   <if>if <condition>( <expr><macro>fabs<argument_list>((float)(flTemp - (TD_Float)2*val2))</argument_list></macro> &gt; <name>FLT_EPSILON</name></expr> )</condition><then>
   <block>{	<expr_stmt><expr><call><name>setTestResult</name><argument_list>(<argument><expr><name>TEST_FAILURE</name></expr></argument>,<argument><expr>"Wrong parameter 2 field"</expr></argument>)</argument_list></call></expr>;</expr_stmt>
    	<return>return;</return>
   }</block></then></if>
   <expr_stmt><expr><name>valOffset</name> += <call><name>sizeof</name><argument_list>(<argument><expr><name>TD_Float</name></expr></argument>)</argument_list></call></expr>;</expr_stmt>

   <expr_stmt><expr><call><name>assert</name><argument_list>(<argument><expr><name>valOffset</name>&lt;<name>valBufferSize</name></expr></argument>)</argument_list></call></expr>;</expr_stmt>

   <comment type="line">// Update the values of the data pool items
</comment>   <expr_stmt><expr><name>pDP</name>-&gt;<macro>setValue<argument_list>(par1,(TD_Integer)(3*val1))</argument_list></macro></expr>;</expr_stmt>
   <expr_stmt><expr><name>pDP</name>-&gt;<macro>setValue<argument_list>(par2,(TD_Float)(3*val2))</argument_list></macro></expr>;</expr_stmt>

   <comment type="line">// Send six update requests and check data acquisition service
</comment>   <expr_stmt><expr><name>pTMP</name>-&gt;<call><name>update</name><argument_list>()</argument_list></call></expr>;</expr_stmt>
   <expr_stmt><expr><name>pTMP</name>-&gt;<call><name>update</name><argument_list>()</argument_list></call></expr>;</expr_stmt>
   <expr_stmt><expr><name>pTMP</name>-&gt;<call><name>update</name><argument_list>()</argument_list></call></expr>;</expr_stmt>
   <expr_stmt><expr><name>pDP</name>-&gt;<macro>setValue<argument_list>(par1,(TD_Integer)(4*val1))</argument_list></macro></expr>;</expr_stmt>
   <expr_stmt><expr><name>pDP</name>-&gt;<macro>setValue<argument_list>(par2,(TD_Float)(4*val2))</argument_list></macro></expr>;</expr_stmt>
   <expr_stmt><expr><name>pTMP</name>-&gt;<call><name>update</name><argument_list>()</argument_list></call></expr>;</expr_stmt>
   <expr_stmt><expr><name>pTMP</name>-&gt;<call><name>update</name><argument_list>()</argument_list></call></expr>;</expr_stmt>
   <expr_stmt><expr><name>pTMP</name>-&gt;<call><name>update</name><argument_list>()</argument_list></call></expr>;</expr_stmt>

   <expr_stmt><expr><name>n1</name> = <call><name>sizeof</name><argument_list>(<argument><expr><name>TD_SID</name></expr></argument>)</argument_list></call></expr>;</expr_stmt>
   <expr_stmt><expr><name>n2</name> = (<name>PUS_DATA_REP_MODE</name>?1:0)</expr>;</expr_stmt>
   <expr_stmt><expr><name>n3</name> = 2*(<call><name>sizeof</name><argument_list>(<argument><expr><name>TD_Float</name></expr></argument>)</argument_list></call>+<call><name>sizeof</name><argument_list>(<argument><expr><name>TD_Integer</name></expr></argument>)</argument_list></call>)</expr>;</expr_stmt>
   <expr_stmt><expr><name>expNumberOfBytes</name> = <name>n1</name>+<name>n2</name>+<name>n3</name></expr>;</expr_stmt>
   <if>if <condition>(<expr><name>pTMP</name>-&gt;<call><name>getNumberOfBytes</name><argument_list>()</argument_list></call>!=<name>expNumberOfBytes</name></expr>)</condition><then>
   <block>{	<expr_stmt><expr><call><name>setTestResult</name><argument_list>(<argument><expr><name>TEST_FAILURE</name></expr></argument>,<argument><expr>"Wrong number of bytes"</expr></argument>)</argument_list></call></expr>;</expr_stmt>
    	<return>return;</return>
   }</block></then></if>

   <comment type="line">// Collect the packet data and check their values
</comment>   <for>for (<init><expr><type><name>unsigned</name> <name>int</name></type> <name>i</name>=<init><expr>0</expr></init></expr>;</init> <condition><expr><name>i</name>&lt;<name>pTMP</name>-&gt;<call><name>getNumberOfBytes</name><argument_list>()</argument_list></call></expr>;</condition> <incr><expr><name>i</name>++</expr></incr>)
       <expr_stmt><expr><name><name>valBuffer</name>[<expr><name>i</name></expr>]</name> = <name>pTMP</name>-&gt;<call><name>getUnsignedByte</name><argument_list>(<argument><expr><name>i</name></expr></argument>)</argument_list></call></expr>;</expr_stmt></for>

   <expr_stmt><expr><name>valOffset</name> = 0</expr>;</expr_stmt>
   <expr_stmt><expr><call><name>memcpy</name><argument_list>(<argument><expr>&amp;<name>sidTemp</name></expr></argument>,<argument><expr><name>valBuffer</name>+<name>valOffset</name></expr></argument>,<argument><expr><call><name>sizeof</name><argument_list>(<argument><expr><name>TD_SID</name></expr></argument>)</argument_list></call></expr></argument>)</argument_list></call></expr>;</expr_stmt>
   <if>if <condition>( <expr><name>sidTemp</name> != <name>sid</name></expr> )</condition><then>
   <block>{	<expr_stmt><expr><call><name>setTestResult</name><argument_list>(<argument><expr><name>TEST_FAILURE</name></expr></argument>,<argument><expr>"Wrong sid field"</expr></argument>)</argument_list></call></expr>;</expr_stmt>
    	<return>return;</return>
   }</block></then></if>
   <expr_stmt><expr><name>valOffset</name> += <call><name>sizeof</name><argument_list>(<argument><expr><name>TD_SID</name></expr></argument>)</argument_list></call></expr>;</expr_stmt>

   <if>if <condition>( <expr><name>PUS_DATA_REP_MODE</name>?<name><name>valBuffer</name>[<expr><name>valOffset</name></expr>]</name>!=0:<name>false</name></expr> )</condition><then>
   <block>{	<expr_stmt><expr><call><name>setTestResult</name><argument_list>(<argument><expr><name>TEST_FAILURE</name></expr></argument>,<argument><expr>"Wrong mode field"</expr></argument>)</argument_list></call></expr>;</expr_stmt>
    	<return>return;</return>
   }</block></then></if>
   <expr_stmt><expr><name>valOffset</name> += (<name>PUS_DATA_REP_MODE</name>?1:0)</expr>;</expr_stmt>

   <expr_stmt><expr><call><name>memcpy</name><argument_list>(<argument><expr>&amp;<name>intTemp</name></expr></argument>,<argument><expr><name>valBuffer</name>+<name>valOffset</name></expr></argument>,<argument><expr><call><name>sizeof</name><argument_list>(<argument><expr><name>TD_Integer</name></expr></argument>)</argument_list></call></expr></argument>)</argument_list></call></expr>;</expr_stmt>
   <if>if <condition>( <expr><name>intTemp</name> != (<name>TD_Integer</name>)3*<name>val1</name></expr> )</condition><then>
   <block>{	<expr_stmt><expr><call><name>setTestResult</name><argument_list>(<argument><expr><name>TEST_FAILURE</name></expr></argument>,<argument><expr>"Wrong parameter 1 field"</expr></argument>)</argument_list></call></expr>;</expr_stmt>
    	<return>return;</return>
   }</block></then></if>
   <expr_stmt><expr><name>valOffset</name> += <call><name>sizeof</name><argument_list>(<argument><expr><name>TD_Integer</name></expr></argument>)</argument_list></call></expr>;</expr_stmt>

   <expr_stmt><expr><call><name>memcpy</name><argument_list>(<argument><expr>&amp;<name>flTemp</name></expr></argument>,<argument><expr><name>valBuffer</name>+<name>valOffset</name></expr></argument>,<argument><expr><call><name>sizeof</name><argument_list>(<argument><expr><name>TD_Float</name></expr></argument>)</argument_list></call></expr></argument>)</argument_list></call></expr>;</expr_stmt>
   <if>if <condition>( <expr><macro>fabs<argument_list>((float)(flTemp - (TD_Float)3*val2))</argument_list></macro> &gt; <name>FLT_EPSILON</name></expr> )</condition><then>
   <block>{	<expr_stmt><expr><call><name>setTestResult</name><argument_list>(<argument><expr><name>TEST_FAILURE</name></expr></argument>,<argument><expr>"Wrong parameter 2 field"</expr></argument>)</argument_list></call></expr>;</expr_stmt>
    	<return>return;</return>
   }</block></then></if>
   <expr_stmt><expr><name>valOffset</name> += <call><name>sizeof</name><argument_list>(<argument><expr><name>TD_Float</name></expr></argument>)</argument_list></call></expr>;</expr_stmt>

   <expr_stmt><expr><call><name>memcpy</name><argument_list>(<argument><expr>&amp;<name>intTemp</name></expr></argument>,<argument><expr><name>valBuffer</name>+<name>valOffset</name></expr></argument>,<argument><expr><call><name>sizeof</name><argument_list>(<argument><expr><name>TD_Integer</name></expr></argument>)</argument_list></call></expr></argument>)</argument_list></call></expr>;</expr_stmt>
   <if>if <condition>( <expr><name>intTemp</name> != (<name>TD_Integer</name>)4*<name>val1</name></expr> )</condition><then>
   <block>{	<expr_stmt><expr><call><name>setTestResult</name><argument_list>(<argument><expr><name>TEST_FAILURE</name></expr></argument>,<argument><expr>"Wrong parameter 1 field"</expr></argument>)</argument_list></call></expr>;</expr_stmt>
    	<return>return;</return>
   }</block></then></if>
   <expr_stmt><expr><name>valOffset</name> += <call><name>sizeof</name><argument_list>(<argument><expr><name>TD_Integer</name></expr></argument>)</argument_list></call></expr>;</expr_stmt>

   <expr_stmt><expr><call><name>memcpy</name><argument_list>(<argument><expr>&amp;<name>flTemp</name></expr></argument>,<argument><expr><name>valBuffer</name>+<name>valOffset</name></expr></argument>,<argument><expr><call><name>sizeof</name><argument_list>(<argument><expr><name>TD_Float</name></expr></argument>)</argument_list></call></expr></argument>)</argument_list></call></expr>;</expr_stmt>
   <if>if <condition>( <expr><macro>fabs<argument_list>((float)(flTemp - (TD_Float)4*val2))</argument_list></macro> &gt; <name>FLT_EPSILON</name></expr> )</condition><then>
   <block>{	<expr_stmt><expr><call><name>setTestResult</name><argument_list>(<argument><expr><name>TEST_FAILURE</name></expr></argument>,<argument><expr>"Wrong parameter 2 field"</expr></argument>)</argument_list></call></expr>;</expr_stmt>
    	<return>return;</return>
   }</block></then></if>
   <expr_stmt><expr><name>valOffset</name> += <call><name>sizeof</name><argument_list>(<argument><expr><name>TD_Float</name></expr></argument>)</argument_list></call></expr>;</expr_stmt>

   <expr_stmt><expr><call><name>assert</name><argument_list>(<argument><expr><name>valOffset</name>&lt;<name>valBufferSize</name></expr></argument>)</argument_list></call></expr>;</expr_stmt>

   <comment type="line">// Define a new PUS packet with two FA arrays of one parameter each
</comment>   <expr_stmt><expr><name>sid</name> = 12</expr>;</expr_stmt>
   <expr_stmt><expr><name>collectionInterval</name> = 3</expr>;</expr_stmt>
   <expr_stmt><expr><name>NPAR1</name> = 0</expr>;</expr_stmt>
   <expr_stmt><expr><name>NFA</name> = 2</expr>;</expr_stmt>
   <expr_stmt><expr><name>NREP2</name> = 2</expr>;</expr_stmt>
   <expr_stmt><expr><name>NPAR2</name> = 1</expr>;</expr_stmt>
   <expr_stmt><expr><name>par1</name> = 1</expr>;</expr_stmt>
   <expr_stmt><expr><name>val1</name> = 11</expr>;</expr_stmt>
   <decl_stmt><decl><type><name>unsigned</name> <name>char</name></type> <name>NREP3</name> =<init> <expr>3</expr></init></decl>;</decl_stmt>
   <decl_stmt><decl><type><name>TD_PUSNumberOfParameters</name></type> <name>NPAR3</name> =<init> <expr>1</expr></init></decl>;</decl_stmt>
   <expr_stmt><expr><name>par2</name> = 2</expr>;</expr_stmt>
   <expr_stmt><expr><name>val2</name> = 12.0</expr>;</expr_stmt>

   <comment type="line">// Construct the packet
</comment>   <expr_stmt><expr><name>defPacketSize</name> = 50</expr>;</expr_stmt>
   <expr_stmt><expr><name>packet</name> = new <name>unsigned</name> <name><name>char</name>[<expr><name>defPacketSize</name></expr>]</name></expr>;</expr_stmt>
   <expr_stmt><expr><name>offset</name> = 0</expr>;</expr_stmt>
   <expr_stmt><expr><call><name>memcpy</name><argument_list>(<argument><expr><name>packet</name>+<name>offset</name></expr></argument>,<argument><expr>&amp;<name>sid</name></expr></argument>,<argument><expr><call><name>sizeof</name><argument_list>(<argument><expr><name>TD_SID</name></expr></argument>)</argument_list></call></expr></argument>)</argument_list></call></expr>;</expr_stmt>
   <expr_stmt><expr><name>offset</name> += <call><name>sizeof</name><argument_list>(<argument><expr><name>TD_SID</name></expr></argument>)</argument_list></call></expr>;</expr_stmt>
   <expr_stmt><expr><call><name>memcpy</name><argument_list>(<argument><expr><name>packet</name>+<name>offset</name></expr></argument>,<argument><expr>&amp;<name>collectionInterval</name></expr></argument>,<argument><expr><call><name>sizeof</name><argument_list>(<argument><expr><name>TD_PUSCollectionInterval</name></expr></argument>)</argument_list></call></expr></argument>)</argument_list></call></expr>;</expr_stmt>
   <expr_stmt><expr><name>offset</name> += <call><name>sizeof</name><argument_list>(<argument><expr><name>TD_PUSCollectionInterval</name></expr></argument>)</argument_list></call></expr>;</expr_stmt>
   <expr_stmt><expr><call><name>memcpy</name><argument_list>(<argument><expr><name>packet</name>+<name>offset</name></expr></argument>,<argument><expr>&amp;<name>NPAR1</name></expr></argument>,<argument><expr><call><name>sizeof</name><argument_list>(<argument><expr><name>TD_PUSNumberOfParameters</name></expr></argument>)</argument_list></call></expr></argument>)</argument_list></call></expr>;</expr_stmt>
   <expr_stmt><expr><name>offset</name> += <call><name>sizeof</name><argument_list>(<argument><expr><name>TD_PUSNumberOfParameters</name></expr></argument>)</argument_list></call></expr>;</expr_stmt>
   <expr_stmt><expr><call><name>memcpy</name><argument_list>(<argument><expr><name>packet</name>+<name>offset</name></expr></argument>,<argument><expr>&amp;<name>NFA</name></expr></argument>,<argument><expr>1</expr></argument>)</argument_list></call></expr>;</expr_stmt>
   <expr_stmt><expr><name>offset</name> += 1</expr>;</expr_stmt>
   <expr_stmt><expr><call><name>memcpy</name><argument_list>(<argument><expr><name>packet</name>+<name>offset</name></expr></argument>,<argument><expr>&amp;<name>NREP2</name></expr></argument>,<argument><expr>1</expr></argument>)</argument_list></call></expr>;</expr_stmt>
   <expr_stmt><expr><name>offset</name> += 1</expr>;</expr_stmt>
   <expr_stmt><expr><call><name>memcpy</name><argument_list>(<argument><expr><name>packet</name>+<name>offset</name></expr></argument>,<argument><expr>&amp;<name>NPAR2</name></expr></argument>,<argument><expr><call><name>sizeof</name><argument_list>(<argument><expr><name>TD_PUSNumberOfParameters</name></expr></argument>)</argument_list></call></expr></argument>)</argument_list></call></expr>;</expr_stmt>
   <expr_stmt><expr><name>offset</name> += <call><name>sizeof</name><argument_list>(<argument><expr><name>TD_PUSNumberOfParameters</name></expr></argument>)</argument_list></call></expr>;</expr_stmt>
   <expr_stmt><expr><call><name>memcpy</name><argument_list>(<argument><expr><name>packet</name>+<name>offset</name></expr></argument>,<argument><expr>&amp;<name>par1</name></expr></argument>,<argument><expr><call><name>sizeof</name><argument_list>(<argument><expr><name>TD_DataPoolId</name></expr></argument>)</argument_list></call></expr></argument>)</argument_list></call></expr>;</expr_stmt>
   <expr_stmt><expr><name>offset</name> += <call><name>sizeof</name><argument_list>(<argument><expr><name>TD_DataPoolId</name></expr></argument>)</argument_list></call></expr>;</expr_stmt>
   <expr_stmt><expr><call><name>memcpy</name><argument_list>(<argument><expr><name>packet</name>+<name>offset</name></expr></argument>,<argument><expr>&amp;<name>NREP3</name></expr></argument>,<argument><expr>1</expr></argument>)</argument_list></call></expr>;</expr_stmt>
   <expr_stmt><expr><name>offset</name> += 1</expr>;</expr_stmt>
   <expr_stmt><expr><call><name>memcpy</name><argument_list>(<argument><expr><name>packet</name>+<name>offset</name></expr></argument>,<argument><expr>&amp;<name>NPAR3</name></expr></argument>,<argument><expr><call><name>sizeof</name><argument_list>(<argument><expr><name>TD_PUSNumberOfParameters</name></expr></argument>)</argument_list></call></expr></argument>)</argument_list></call></expr>;</expr_stmt>
   <expr_stmt><expr><name>offset</name> += <call><name>sizeof</name><argument_list>(<argument><expr><name>TD_PUSNumberOfParameters</name></expr></argument>)</argument_list></call></expr>;</expr_stmt>
   <expr_stmt><expr><call><name>memcpy</name><argument_list>(<argument><expr><name>packet</name>+<name>offset</name></expr></argument>,<argument><expr>&amp;<name>par2</name></expr></argument>,<argument><expr><call><name>sizeof</name><argument_list>(<argument><expr><name>TD_DataPoolId</name></expr></argument>)</argument_list></call></expr></argument>)</argument_list></call></expr>;</expr_stmt>
   <expr_stmt><expr><name>offset</name> += <call><name>sizeof</name><argument_list>(<argument><expr><name>TD_DataPoolId</name></expr></argument>)</argument_list></call></expr>;</expr_stmt>

   <expr_stmt><expr><call><name>assert</name><argument_list>(<argument><expr><name>offset</name>&lt;<name>defPacketSize</name></expr></argument>)</argument_list></call></expr>;</expr_stmt>

   <comment type="line">// Load the packet definition
</comment>   <if>if <condition>(<expr><call><name>isNonNominalCheckAllowed</name><argument_list>()</argument_list></call></expr>)</condition><then> <block>{
       <for>for (<init><expr><type><name>unsigned</name> <name>short</name></type> <name>i</name>=<init><expr>0</expr></init></expr>;</init> <condition><expr><name>i</name>&lt;<name>offset</name></expr>;</condition> <incr><expr><name>i</name>++</expr></incr>)
           <expr_stmt><expr><name>pTMP</name>-&gt;<call><name>setDefinitionBuffer</name><argument_list>(<argument><expr><name>i</name></expr></argument>,<argument><expr><name><name>packet</name>[<expr><name>i</name></expr>]</name></expr></argument>)</argument_list></call></expr>;</expr_stmt></for>
       <expr_stmt><expr><name>nEvt</name> = <name>this</name>-&gt;<call><name>getNumberOfEvents</name><argument_list>()</argument_list></call></expr>;</expr_stmt>
       <if>if <condition>( <expr>!<call><name>verifyLatestEvent</name><argument_list>(<argument><expr><name>nEvt</name></expr></argument>,<argument><expr><name>EVT_ILLEGAL_PUS_REP_PACKET</name></expr></argument>)</argument_list></call></expr> )</condition><then>
            <return>return;</return></then></if>
   }</block></then></if>

   <comment type="line">// Restore the original data pool
</comment>   <expr_stmt><expr><call><name><name>CC_RootObject</name>::<name>setDataPool</name></name><argument_list>(<argument><expr><name>pOldDP</name></expr></argument>)</argument_list></call></expr>;</expr_stmt>

   <expr_stmt><expr><call><name>setTestResult</name><argument_list>(<argument><expr><name>TEST_SUCCESS</name></expr></argument>,<argument><expr>"Test Successful"</expr></argument>)</argument_list></call></expr>;</expr_stmt>
   <return>return;</return>
}</block></function>
</unit>
