<unit xmlns="http://www.sdml.info/srcML/src" xmlns:cpp="http://www.sdml.info/srcML/cpp">
<comment type="line">//
</comment><comment type="line">// Copyright 2004 P&amp;P Software GmbH - All Rights Reserved
</comment><comment type="line">//
</comment><comment type="line">// TestCaseMatlabPointerPID_1.h
</comment><comment type="line">//
</comment><comment type="line">// Version	1.0
</comment><comment type="line">// Date		29.10.03 (Version 1.0)
</comment><comment type="line">// Author	R. Totaro
</comment>
<cpp:ifndef>#<cpp:directive>ifndef</cpp:directive> <name>TestCaseMatlabPointerPID_1H</name></cpp:ifndef>
<cpp:define>#<cpp:directive>define</cpp:directive> <name>TestCaseMatlabPointerPID_1H</name></cpp:define>

<cpp:include>#<cpp:directive>include</cpp:directive> <cpp:file>"../Utilities/TestCaseGenericSetUp.h"</cpp:file></cpp:include>

<comment type="block">/**
 * Verify the services implemented by the &lt;code&gt;DC_MatlabPointerPID&lt;/code&gt; class.
 * One instance of this class is created and the following tests are performed: &lt;ol&gt;
 * &lt;li&gt;The correctness of the class identifier is verified.&lt;/li&gt;
 * &lt;li&gt;It is verified that the control block is not configured at creation.&lt;/li&gt;
 * &lt;li&gt;The input variable is linked and it is checked that the control block is not
 * yet configured.&lt;/li&gt;
 * &lt;li&gt;The output variable is linked and it is checked that the control block is
 * now configured.&lt;/li&gt;
 * &lt;li&gt;It is verified that the number of parameters returned by
 * &lt;code&gt;getNumberOfParameters&lt;/code&gt; is correct.&lt;/li&gt;
 * &lt;/ol&gt;
 * This and the following steps are performed only if the pre-processor symbol
 * &lt;code&gt;HAVE_SIMULINK&lt;/code&gt; is defined:
 * &lt;ol&gt;
 * &lt;li&gt;The control block's parameters are initialized.&lt;/li&gt;
 * &lt;li&gt;The input is set to 1.0 and &lt;code&gt;propagate()&lt;/code&gt; is invoked twice. After
 * each call it is verified that the output is properly updated.&lt;/li&gt;
 * &lt;li&gt;The &lt;code&gt;reset()&lt;/code&gt; method is invoked and it is verified that the
 * state is reverted to the default value. The state of the Simulink model can not be
 * accessed, therefore this check is performed by examining the output value after
 * calling &lt;code&gt;propagate()&lt;/code&gt;.&lt;/li&gt;
 * &lt;li&gt;&lt;code&gt;reset()&lt;/code&gt; is called, the &lt;code&gt;Kp&lt;/code&gt; parameter is set to 0.0 and
 * &lt;code&gt;propagate&lt;/code&gt; is invoked twice. It is verified that the output reflects the
 * change in the parameter value.&lt;/li&gt;
 * &lt;/ol&gt;
 * The use of the preprocessor symbol &lt;code&gt;HAVE_SIMULINK&lt;/code&gt; violates project-specific
 * coding rule PR9.2. This is necessary to allow construction of the regression test for
 * users who do not have access to the Matlab/simulink suite.
 * &lt;p/&gt;
 * Simulink is a trademark of The Mathworks, Inc.
 *
 * @see DC_MatlabPointerPID
 * @author Roberto Totaro
 * @version 1.0
 */</comment>
<class>class <name>TestCaseMatlabPointerPID_1</name> <super>: <specifier>public</specifier> <name>TestCaseGenericSetUp</name></super> <block>{<private type="default">
</private><public>public:
     <comment type="block">/**
      * Set the identifier and the name of the test case to, respectively,
      * ID_MATLABPOINTERPID*10+1 and "TestCaseMatlabPointerPID_1".
      */</comment>
     <constructor_decl><name>TestCaseMatlabPointerPID_1</name><parameter_list>(<param><decl><type><name>void</name></type></decl></param>)</parameter_list>;</constructor_decl>

     <comment type="block">/**
      * Execute the test case. See class comment for details.
      */</comment>
	<function_decl><type><name>virtual</name> <name>void</name></type> <name>runTestCase</name><parameter_list>(<param><decl><type><name>void</name></type></decl></param>)</parameter_list>;</function_decl>
</public>}</block>;</class>
<cpp:endif>#<cpp:directive>endif</cpp:directive></cpp:endif>
</unit>
