<unit xmlns="http://www.sdml.info/srcML/src" xmlns:cpp="http://www.sdml.info/srcML/cpp">
<comment type="line">//
</comment><comment type="line">// Copyright 2004 P&amp;P Software GmbH - All Rights Reserved
</comment><comment type="line">//
</comment><comment type="line">// TestCaseEventRepository_3.cpp
</comment><comment type="line">//
</comment><comment type="line">// Version	1.1
</comment><comment type="line">// Date		25.02.03
</comment><comment type="line">// Author	A. Pasetti (P&amp;P Software)
</comment>
<cpp:include>#<cpp:directive>include</cpp:directive> <cpp:file>"TestCaseEventRepository_3.h"</cpp:file></cpp:include>
<cpp:include>#<cpp:directive>include</cpp:directive> <cpp:file>"../GeneralInclude/CompilerSwitches.h"</cpp:file></cpp:include>
<cpp:include>#<cpp:directive>include</cpp:directive> <cpp:file>"../GeneralInclude/ClassId.h"</cpp:file></cpp:include>
<cpp:include>#<cpp:directive>include</cpp:directive> <cpp:file>"../GeneralInclude/Constants.h"</cpp:file></cpp:include>
<cpp:include>#<cpp:directive>include</cpp:directive> <cpp:file>"../Base/CC_RootObject.h"</cpp:file></cpp:include>
<cpp:include>#<cpp:directive>include</cpp:directive> <cpp:file>"../System/DC_DummyObsClock.h"</cpp:file></cpp:include>
<cpp:include>#<cpp:directive>include</cpp:directive> <cpp:file>"../Event/DC_EventRepository.h"</cpp:file></cpp:include>
<cpp:include>#<cpp:directive>include</cpp:directive> <cpp:file>"../Event/DC_Event.h"</cpp:file></cpp:include>

<constructor><name>TestCaseEventRepository_3::TestCaseEventRepository_3</name><parameter_list>(<param><decl><type><name>void</name></type></decl></param>)</parameter_list> <member_list>:
	<call><name>TestCaseGenericSetUp</name><argument_list>(<argument><expr><name>ID_EVENTREPOSITORY</name>*10+3</expr></argument>,<argument><expr>"TestCaseEventRepository_3"</expr></argument>)</argument_list></call> </member_list><block>{
		<return>return;</return>
}</block></constructor>

<function><type><name>void</name></type> <name><name>TestCaseEventRepository_3</name>::<name>runTestCase</name></name><parameter_list>(<param><decl><type><name>void</name></type></decl></param>)</parameter_list> <block>{

   <decl_stmt><decl><type><name>DC_EventRepository</name>*</type> <name>pRep</name> =<init> <expr>new <call><name>DC_EventRepository</name><argument_list>()</argument_list></call></expr></init></decl>;</decl_stmt>

   <decl_stmt><decl><type><name>TD_EventType</name></type> <name>type1</name> =<init> <expr>(<name>TD_EventType</name>)0x0001</expr></init></decl>;</decl_stmt>
   <decl_stmt><decl><type><name>TD_EventType</name></type> <name>type2</name> =<init> <expr>(<name>TD_EventType</name>)0x0002</expr></init></decl>;</decl_stmt>
   <decl_stmt><decl><type><name>TD_EventType</name></type> <name>type3</name> =<init> <expr>(<name>TD_EventType</name>)0x0010</expr></init></decl>;</decl_stmt>

   <comment type="line">// Configure the event repository: load OBS clock and set repository size
</comment>   <decl_stmt><decl><type><name>unsigned</name> <name>int</name></type> <name>size</name> =<init> <expr>4</expr></init></decl>;</decl_stmt>
   <decl_stmt><decl><type><name>DC_DummyObsClock</name>*</type> <name>pClk</name> =<init> <expr>new <call><name>DC_DummyObsClock</name><argument_list>()</argument_list></call></expr></init></decl>;</decl_stmt>
   <expr_stmt><expr><name>pRep</name>-&gt;<call><name>setObsClock</name><argument_list>(<argument><expr><name>pClk</name></expr></argument>)</argument_list></call></expr>;</expr_stmt>
   <expr_stmt><expr><name>pRep</name>-&gt;<call><name>setRepositorySize</name><argument_list>(<argument><expr><name>size</name></expr></argument>)</argument_list></call></expr>;</expr_stmt>

   <comment type="line">// Check correct configuration
</comment>   <if>if <condition>( <expr>(<name>pRep</name>-&gt;<call><name>isObjectConfigured</name><argument_list>()</argument_list></call> == <name>NOT_CONFIGURED</name>)</expr> )</condition><then>
	<block>{	<expr_stmt><expr><call><name>setTestResult</name><argument_list>(<argument><expr><name>TEST_FAILURE</name></expr></argument>,
           <argument><expr>"Wrong event repository configuration status after configuration"</expr></argument>)</argument_list></call></expr>;</expr_stmt>
 	   <return>return;</return>
	}</block></then></if>

   <comment type="line">// Fill up the repository with a few events
</comment>   <expr_stmt><expr><name>pRep</name>-&gt;<call><name>create</name><argument_list>(<argument><expr><name>pRep</name></expr></argument>,<argument><expr><name>type1</name></expr></argument>)</argument_list></call></expr>;</expr_stmt>
   <expr_stmt><expr><name>pRep</name>-&gt;<call><name>create</name><argument_list>(<argument><expr><name>pRep</name></expr></argument>,<argument><expr><name>type2</name></expr></argument>)</argument_list></call></expr>;</expr_stmt>
   <expr_stmt><expr><name>pRep</name>-&gt;<call><name>create</name><argument_list>(<argument><expr><name>pRep</name></expr></argument>,<argument><expr><name>type3</name></expr></argument>)</argument_list></call></expr>;</expr_stmt>
   <expr_stmt><expr><name>pRep</name>-&gt;<call><name>create</name><argument_list>(<argument><expr><name>pRep</name></expr></argument>,<argument><expr><name>type1</name></expr></argument>)</argument_list></call></expr>;</expr_stmt>
   <expr_stmt><expr><name>pRep</name>-&gt;<call><name>create</name><argument_list>(<argument><expr><name>pRep</name></expr></argument>,<argument><expr><name>type2</name></expr></argument>)</argument_list></call></expr>;</expr_stmt>

   <comment type="line">// Disable repository and check correctness
</comment>   <expr_stmt><expr><name>pRep</name>-&gt;<call><name>setEnabled</name><argument_list>(<argument><expr><name>DISABLED</name></expr></argument>)</argument_list></call></expr>;</expr_stmt>
   <if>if <condition>( <expr>(<name>pRep</name>-&gt;<call><name>isEnabled</name><argument_list>()</argument_list></call>)</expr> )</condition><then>
	<block>{	<expr_stmt><expr><call><name>setTestResult</name><argument_list>(<argument><expr><name>TEST_FAILURE</name></expr></argument>,<argument><expr>"Wrong enable status"</expr></argument>)</argument_list></call></expr>;</expr_stmt>
		<return>return;</return>
	}</block></then></if>

   <comment type="line">// Retrieve status of the repository
</comment>   <decl_stmt><decl><type><name>unsigned</name> <name>int</name></type> <name>counter</name> =<init> <expr><name>pRep</name>-&gt;<call><name>getCounter</name><argument_list>()</argument_list></call></expr></init></decl>;</decl_stmt>
   <expr_stmt><expr><name>pRep</name>-&gt;<call><name>latest</name><argument_list>()</argument_list></call></expr>;</expr_stmt>
   <decl_stmt><decl><type><name>TD_EventType</name></type> <name>type</name> =<init> <expr><name>pRep</name>-&gt;<call><name>getEventType</name><argument_list>()</argument_list></call></expr></init></decl>;</decl_stmt>

   <comment type="line">// Attempt to create event and check that nothing happens
</comment>   <expr_stmt><expr><name>pRep</name>-&gt;<call><name>create</name><argument_list>(<argument><expr><name>pRep</name></expr></argument>,<argument><expr><name>type1</name></expr></argument>)</argument_list></call></expr>;</expr_stmt>
   <if>if <condition>( <expr>(<name>pRep</name>-&gt;<call><name>getCounter</name><argument_list>()</argument_list></call> != <name>counter</name>)</expr> )</condition><then>
	<block>{	<expr_stmt><expr><call><name>setTestResult</name><argument_list>(<argument><expr><name>TEST_FAILURE</name></expr></argument>,<argument><expr>"Event created in disabled repository"</expr></argument>)</argument_list></call></expr>;</expr_stmt>
		<return>return;</return>
	}</block></then></if>
   <expr_stmt><expr><name>pRep</name>-&gt;<call><name>latest</name><argument_list>()</argument_list></call></expr>;</expr_stmt>
   <if>if <condition>( <expr><name>pRep</name>-&gt;<call><name>getEventType</name><argument_list>()</argument_list></call> != <name>type</name></expr> )</condition><then>
	<block>{	<expr_stmt><expr><call><name>setTestResult</name><argument_list>(<argument><expr><name>TEST_FAILURE</name></expr></argument>,
             <argument><expr>"Event created in disabled repository"</expr></argument>)</argument_list></call></expr>;</expr_stmt>
		<return>return;</return>
	}</block></then></if>

   <comment type="line">// Enable repositoy and check that events can now be created
</comment>   <expr_stmt><expr><name>pRep</name>-&gt;<call><name>setEnabled</name><argument_list>(<argument><expr><name>ENABLED</name></expr></argument>)</argument_list></call></expr>;</expr_stmt>
   <expr_stmt><expr><name>pRep</name>-&gt;<call><name>create</name><argument_list>(<argument><expr><name>pRep</name></expr></argument>,<argument><expr><name>type3</name></expr></argument>)</argument_list></call></expr>;</expr_stmt>
   <if>if <condition>( <expr>(<name>pRep</name>-&gt;<call><name>getCounter</name><argument_list>()</argument_list></call> != <name>counter</name>+1)</expr> )</condition><then>
	<block>{	<expr_stmt><expr><call><name>setTestResult</name><argument_list>(<argument><expr><name>TEST_FAILURE</name></expr></argument>,<argument><expr>"Failure to create event in enabled repository"</expr></argument>)</argument_list></call></expr>;</expr_stmt>
		<return>return;</return>
	}</block></then></if>
   <expr_stmt><expr><name>pRep</name>-&gt;<call><name>latest</name><argument_list>()</argument_list></call></expr>;</expr_stmt>
   <if>if <condition>( <expr><name>pRep</name>-&gt;<call><name>getEventType</name><argument_list>()</argument_list></call> != <name>type3</name></expr> )</condition><then>
	<block>{	<expr_stmt><expr><call><name>setTestResult</name><argument_list>(<argument><expr><name>TEST_FAILURE</name></expr></argument>,
             <argument><expr>"Failure to create event in enabled repository"</expr></argument>)</argument_list></call></expr>;</expr_stmt>
		<return>return;</return>
	}</block></then></if>

   <comment type="line">// Set event repository mask and check that the correct mask is loaded
</comment>    <expr_stmt><expr><name>pRep</name>-&gt;<call><name>setEnabled</name><argument_list>(<argument><expr><name>type2</name></expr></argument>,<argument><expr><name>DISABLED</name></expr></argument>)</argument_list></call></expr>;</expr_stmt>
    <if>if <condition>( <expr><name>pRep</name>-&gt;<call><name>isEnabled</name><argument_list>(<argument><expr><name>type2</name></expr></argument>)</argument_list></call></expr> )</condition><then>
	<block>{	<expr_stmt><expr><call><name>setTestResult</name><argument_list>(<argument><expr><name>TEST_FAILURE</name></expr></argument>,
             <argument><expr>"Error in setting event repository mask"</expr></argument>)</argument_list></call></expr>;</expr_stmt>
		<return>return;</return>
	}</block></then></if>

   <comment type="line">// Check that creation of masked event is disabled
</comment>   <expr_stmt><expr><name>pRep</name>-&gt;<call><name>create</name><argument_list>(<argument><expr><name>pRep</name></expr></argument>,<argument><expr><name>type2</name></expr></argument>)</argument_list></call></expr>;</expr_stmt>
   <if>if <condition>( <expr>(<name>pRep</name>-&gt;<call><name>getCounter</name><argument_list>()</argument_list></call> != <name>counter</name>+1)</expr> )</condition><then>
	<block>{	<expr_stmt><expr><call><name>setTestResult</name><argument_list>(<argument><expr><name>TEST_FAILURE</name></expr></argument>,<argument><expr>"Failure to selectively disabled event creation"</expr></argument>)</argument_list></call></expr>;</expr_stmt>
		<return>return;</return>
	}</block></then></if>

   <comment type="line">// Check that creation of unmasked events is still ensabled
</comment>   <expr_stmt><expr><name>pRep</name>-&gt;<call><name>create</name><argument_list>(<argument><expr><name>pRep</name></expr></argument>,<argument><expr><name>type3</name></expr></argument>)</argument_list></call></expr>;</expr_stmt>
   <if>if <condition>( <expr>(<name>pRep</name>-&gt;<call><name>getCounter</name><argument_list>()</argument_list></call> != <name>counter</name>+2)</expr> )</condition><then>
	<block>{	<expr_stmt><expr><call><name>setTestResult</name><argument_list>(<argument><expr><name>TEST_FAILURE</name></expr></argument>,<argument><expr>"Failure to selectively enabled event creation"</expr></argument>)</argument_list></call></expr>;</expr_stmt>
		<return>return;</return>
	}</block></then></if>

	<expr_stmt><expr><call><name>setTestResult</name><argument_list>(<argument><expr><name>TEST_SUCCESS</name></expr></argument>,<argument><expr>"Test Successful"</expr></argument>)</argument_list></call></expr>;</expr_stmt>
	<return>return;</return>
}</block></function>
</unit>
