<unit xmlns="http://www.sdml.info/srcML/src" xmlns:cpp="http://www.sdml.info/srcML/cpp">
<comment type="line">//
</comment><comment type="line">// Copyright 2004 P&amp;P Software GmbH - All Rights Reserved
</comment><comment type="line">//
</comment><comment type="line">// TestCaseBasicDataPool_1.cpp
</comment><comment type="line">//
</comment><comment type="line">// Version	1.0
</comment><comment type="line">// Date		13.10.03
</comment><comment type="line">// Author	A. Pasetti (P&amp;P Software)
</comment>
<cpp:include>#<cpp:directive>include</cpp:directive> <cpp:file>"../GeneralInclude/CompilerSwitches.h"</cpp:file></cpp:include>
<cpp:include>#<cpp:directive>include</cpp:directive> <cpp:file>"../GeneralInclude/ClassId.h"</cpp:file></cpp:include>
<cpp:include>#<cpp:directive>include</cpp:directive> <cpp:file>"../GeneralInclude/Constants.h"</cpp:file></cpp:include>
<cpp:include>#<cpp:directive>include</cpp:directive> <cpp:file>"../Data/DC_BasicDatabase.h"</cpp:file></cpp:include>
<cpp:include>#<cpp:directive>include</cpp:directive> <cpp:file>"../FDIR/RecoveryAction.h"</cpp:file></cpp:include>
<cpp:include>#<cpp:directive>include</cpp:directive> <cpp:file>"../FDIR/MonitoringProfile.h"</cpp:file></cpp:include>
<cpp:include>#<cpp:directive>include</cpp:directive> <cpp:file>"../Data/DC_BasicDataPool.h"</cpp:file></cpp:include>
<cpp:include>#<cpp:directive>include</cpp:directive> <cpp:file>"../Data/DC_DataItem.h"</cpp:file></cpp:include>
<cpp:include>#<cpp:directive>include</cpp:directive> <cpp:file>"TestCaseBasicDataPool_1.h"</cpp:file></cpp:include>

<cpp:include>#<cpp:directive>include</cpp:directive> <cpp:file>&lt;math.h&gt;</cpp:file></cpp:include>
<cpp:include>#<cpp:directive>include</cpp:directive> <cpp:file>&lt;float.h&gt;</cpp:file></cpp:include>

<constructor><name>TestCaseBasicDataPool_1::TestCaseBasicDataPool_1</name><parameter_list>(<param><decl><type><name>void</name></type></decl></param>)</parameter_list> <member_list>:
	<call><name>TestCaseGenericSetUp</name><argument_list>(<argument><expr><name>ID_BASICDATAPOOL</name>*10+1</expr></argument>,<argument><expr>"TestCaseBasicDataPool_1"</expr></argument>)</argument_list></call> </member_list><block>{
		<return>return;</return>
}</block></constructor>

<function><type><name>void</name></type> <name><name>TestCaseBasicDataPool_1</name>::<name>runTestCase</name></name><parameter_list>(<param><decl><type><name>void</name></type></decl></param>)</parameter_list> <block>{

   <comment type="line">// Data to be written and read back from the data pool together with their identifiers.
</comment>   <decl_stmt><decl><type><name>TD_Float</name></type> <name>f</name> =<init> <expr>(<name>TD_Float</name>)2.0</expr></init></decl>;</decl_stmt>
   <decl_stmt><decl><type><name>TD_Integer</name></type> <name>i</name> =<init> <expr>(<name>TD_Integer</name>)3</expr></init></decl>;</decl_stmt>
   <decl_stmt><decl><type><name>TD_DataPoolId</name></type> <name>f_id</name> =<init> <expr>0</expr></init></decl>;</decl_stmt>
   <decl_stmt><decl><type><name>TD_DataPoolId</name></type> <name>i_id</name> =<init> <expr><call><name>sizeof</name><argument_list>(<argument><expr><name>TD_Float</name></expr></argument>)</argument_list></call></expr></init></decl>;</decl_stmt>

   <comment type="line">// Instantiate basic datapool
</comment>   <decl_stmt><decl><type><name>DC_BasicDataPool</name>*</type> <name>pDP</name> =<init> <expr>new <call><name>DC_BasicDataPool</name><argument_list>()</argument_list></call></expr></init></decl>;</decl_stmt>

   <comment type="line">// Verify correctness of class ID
</comment>   <if>if <condition>(<expr><name>pDP</name>-&gt;<call><name>getClassId</name><argument_list>()</argument_list></call> != <name>ID_BASICDATAPOOL</name></expr>)</condition><then>
	<block>{	<expr_stmt><expr><call><name>setTestResult</name><argument_list>(<argument><expr><name>TEST_FAILURE</name></expr></argument>, <argument><expr>"Wrong class ID"</expr></argument>)</argument_list></call></expr>;</expr_stmt>
		<return>return;</return>
	}</block></then></if>

   <comment type="line">// Check that datapool is not yet configured
</comment>	<if>if <condition>( <expr><name>pDP</name>-&gt;<call><name>isObjectConfigured</name><argument_list>()</argument_list></call> != <name>NOT_CONFIGURED</name></expr> )</condition><then>
	<block>{	<expr_stmt><expr><call><name>setTestResult</name><argument_list>(<argument><expr><name>TEST_FAILURE</name></expr></argument>, <argument><expr>"Incorrect configuration status at creation"</expr></argument>)</argument_list></call></expr>;</expr_stmt>
		<return>return;</return>
	}</block></then></if>

   <comment type="line">// Set data pool size and check correctness
</comment>   <decl_stmt><decl><type><name>TD_DataPoolId</name></type> <name>size</name> =<init> <expr><call><name>sizeof</name><argument_list>(<argument><expr><name>TD_Integer</name></expr></argument>)</argument_list></call>+<call><name>sizeof</name><argument_list>(<argument><expr><name>TD_Float</name></expr></argument>)</argument_list></call></expr></init></decl>;</decl_stmt>
   <expr_stmt><expr><name>pDP</name>-&gt;<call><name>setDataPoolSize</name><argument_list>(<argument><expr><name>size</name></expr></argument>)</argument_list></call></expr>;</expr_stmt>
   <if>if <condition>( <expr><name>pDP</name>-&gt;<call><name>getDataPoolSize</name><argument_list>()</argument_list></call> != <name>size</name></expr> )</condition><then>
   <block>{    <expr_stmt><expr><call><name>setTestResult</name><argument_list>(<argument><expr><name>TEST_FAILURE</name></expr></argument>, <argument><expr>"Incorrect value for the data pool size"</expr></argument>)</argument_list></call></expr>;</expr_stmt>
        <return>return;</return>
   }</block></then></if>

   <comment type="line">// Check that database is configured
</comment>   <if>if <condition>( <expr><name>pDP</name>-&gt;<call><name>isObjectConfigured</name><argument_list>()</argument_list></call> != <name>CONFIGURED</name></expr> )</condition><then>
   <block>{    <expr_stmt><expr><call><name>setTestResult</name><argument_list>(<argument><expr><name>TEST_FAILURE</name></expr></argument>, <argument><expr>"Incorrect configuration status after configuration was completed"</expr></argument>)</argument_list></call></expr>;</expr_stmt>
        <return>return;</return>
   }</block></then></if>

   <comment type="line">// Check retrieval of data item attribute
</comment>   <decl_stmt><decl><type><name>DC_DataItem</name>*</type> <name>pDI</name> =<init> <expr><name>pDP</name>-&gt;<call><name>getDataItem</name><argument_list>(<argument><expr>3</expr></argument>)</argument_list></call></expr></init></decl>;</decl_stmt>
   <if>if <condition>( <expr><name>pDI</name>-&gt;<call><name>getIntegerValue</name><argument_list>()</argument_list></call> != 0</expr> )</condition><then>
   <block>{    <expr_stmt><expr><call><name>setTestResult</name><argument_list>(<argument><expr><name>TEST_FAILURE</name></expr></argument>, <argument><expr>"Incorrect data item attribute"</expr></argument>)</argument_list></call></expr>;</expr_stmt>
	    <return>return;</return>
   }</block></then></if>

   <comment type="line">// Check retrieval of time stamp attribute
</comment>   <if>if <condition>( <expr><name>pDP</name>-&gt;<call><name>getTimeStamp</name><argument_list>(<argument><expr>2</expr></argument>)</argument_list></call> != 0</expr> )</condition><then>
   <block>{    <expr_stmt><expr><call><name>setTestResult</name><argument_list>(<argument><expr><name>TEST_FAILURE</name></expr></argument>, <argument><expr>"Incorrect time stamp attribute"</expr></argument>)</argument_list></call></expr>;</expr_stmt>
	    <return>return;</return>
   }</block></then></if>

   <comment type="line">// Check retrieval of validity attribute
</comment>   <if>if <condition>( <expr>!<name>pDP</name>-&gt;<call><name>isValid</name><argument_list>(<argument><expr>2</expr></argument>)</argument_list></call></expr> )</condition><then>
   <block>{    <expr_stmt><expr><call><name>setTestResult</name><argument_list>(<argument><expr><name>TEST_FAILURE</name></expr></argument>, <argument><expr>"Incorrect validity attribute"</expr></argument>)</argument_list></call></expr>;</expr_stmt>
	    <return>return;</return>
   }</block></then></if>

   <comment type="line">// Check type checking services
</comment>   <if>if <condition>( <expr>(!<name>pDP</name>-&gt;<call><name>isFloat</name><argument_list>(<argument><expr>7</expr></argument>)</argument_list></call>) || (!<name>pDP</name>-&gt;<call><name>isInteger</name><argument_list>(<argument><expr>7</expr></argument>)</argument_list></call>)</expr> )</condition><then>
   <block>{    <expr_stmt><expr><call><name>setTestResult</name><argument_list>(<argument><expr><name>TEST_FAILURE</name></expr></argument>, <argument><expr>"Incorrect type checking services"</expr></argument>)</argument_list></call></expr>;</expr_stmt>
	    <return>return;</return>
   }</block></then></if>

   <comment type="line">// Check iteration methods
</comment>   <if>if <condition>( <expr>(<name>pDP</name>-&gt;<call><name>firstIdentifier</name><argument_list>()</argument_list></call>!=0) || (<name>pDP</name>-&gt;<call><name>nextIdentifier</name><argument_list>()</argument_list></call>!=0) || (!<name>pDP</name>-&gt;<call><name>isLastIdentifier</name><argument_list>()</argument_list></call>)</expr> )</condition><then>
   <block>{    <expr_stmt><expr><call><name>setTestResult</name><argument_list>(<argument><expr><name>TEST_FAILURE</name></expr></argument>, <argument><expr>"Incorrect iteration services"</expr></argument>)</argument_list></call></expr>;</expr_stmt>
	    <return>return;</return>
   }</block></then></if>

   <comment type="line">// Check retrieval of monitoring profile attribute
</comment>   <if>if <condition>( <expr><name>pDP</name>-&gt;<call><name>getMonitoringProfile</name><argument_list>(<argument><expr>2</expr></argument>)</argument_list></call>-&gt;<call><name>getClassId</name><argument_list>()</argument_list></call> != <name>ID_NULLPROFILE</name></expr> )</condition><then>
   <block>{    <expr_stmt><expr><call><name>setTestResult</name><argument_list>(<argument><expr><name>TEST_FAILURE</name></expr></argument>, <argument><expr>"Incorrect monitoring profile attribute"</expr></argument>)</argument_list></call></expr>;</expr_stmt>
	    <return>return;</return>
   }</block></then></if>

   <comment type="line">// Check retrieval of recovery action attribute
</comment>   <if>if <condition>( <expr><name>pDP</name>-&gt;<call><name>getRecoveryAction</name><argument_list>(<argument><expr>3</expr></argument>)</argument_list></call>-&gt;<call><name>getClassId</name><argument_list>()</argument_list></call> != <name>ID_NULLRECOVERYACTION</name></expr> )</condition><then>
   <block>{    <expr_stmt><expr><call><name>setTestResult</name><argument_list>(<argument><expr><name>TEST_FAILURE</name></expr></argument>, <argument><expr>"Incorrect monitoring profile attribute"</expr></argument>)</argument_list></call></expr>;</expr_stmt>
	    <return>return;</return>
   }</block></then></if>

   <comment type="line">// Call reset and validity setter methods (just to show that they can be called without
</comment>   <comment type="line">// crashing the system)
</comment>   <expr_stmt><expr><name>pDP</name>-&gt;<call><name>reset</name><argument_list>()</argument_list></call></expr>;</expr_stmt>
   <expr_stmt><expr><name>pDP</name>-&gt;<call><name>setValidityStatus</name><argument_list>(<argument><expr>0</expr></argument>,<argument><expr><name>true</name></expr></argument>)</argument_list></call></expr>;</expr_stmt>

   <comment type="line">// Set and read float value and check correctness
</comment>   <expr_stmt><expr><name>pDP</name>-&gt;<call><name>setValue</name><argument_list>(<argument><expr><name>f_id</name></expr></argument>,<argument><expr><name>f</name></expr></argument>)</argument_list></call></expr>;</expr_stmt>
   <if>if <condition>(<expr><call><name>fabs</name><argument_list>(<argument><expr><name>pDP</name>-&gt;<call><name>getFloatValue</name><argument_list>(<argument><expr><name>f_id</name></expr></argument>)</argument_list></call>-<name>f</name></expr></argument>)</argument_list></call>&gt;<name>FLT_EPSILON</name></expr>)</condition><then>
   <block>{	<expr_stmt><expr><call><name>setTestResult</name><argument_list>(<argument><expr><name>TEST_FAILURE</name></expr></argument>, <argument><expr>"Incorrect write/read cycle for float value"</expr></argument>)</argument_list></call></expr>;</expr_stmt>
    	<return>return;</return>
   }</block></then></if>

   <comment type="line">// Set and read integer value and check correctness
</comment>   <expr_stmt><expr><name>pDP</name>-&gt;<call><name>setValue</name><argument_list>(<argument><expr><name>i_id</name></expr></argument>,<argument><expr><name>i</name></expr></argument>)</argument_list></call></expr>;</expr_stmt>
   <if>if <condition>(<expr><name>pDP</name>-&gt;<call><name>getIntegerValue</name><argument_list>(<argument><expr><name>i_id</name></expr></argument>)</argument_list></call>!=<name>i</name></expr>)</condition><then>
   <block>{	<expr_stmt><expr><call><name>setTestResult</name><argument_list>(<argument><expr><name>TEST_FAILURE</name></expr></argument>, <argument><expr>"Incorrect write/read cycle for integer value"</expr></argument>)</argument_list></call></expr>;</expr_stmt>
    	<return>return;</return>
   }</block></then></if>

   <comment type="line">// Check pointer access for float values
</comment>   <if>if <condition>(<expr><macro>fabs<argument_list>( (float) ((*(pDP-&gt;getPointerFloatValue(f_id)))-f) )</argument_list></macro>&gt;<name>FLT_EPSILON</name></expr>)</condition><then>
   <block>{	<expr_stmt><expr><call><name>setTestResult</name><argument_list>(<argument><expr><name>TEST_FAILURE</name></expr></argument>, <argument><expr>"Incorrect pointer access to float value"</expr></argument>)</argument_list></call></expr>;</expr_stmt>
    	<return>return;</return>
   }</block></then></if>

   <comment type="line">// Check pointer access for integer values
</comment>   <if>if <condition>( <expr>(*(<name>pDP</name>-&gt;<call><name>getPointerIntegerValue</name><argument_list>(<argument><expr><name>i_id</name></expr></argument>)</argument_list></call>))!=<name>i</name></expr> )</condition><then>
   <block>{	<expr_stmt><expr><call><name>setTestResult</name><argument_list>(<argument><expr><name>TEST_FAILURE</name></expr></argument>, <argument><expr>"Incorrect pointer access to integer value"</expr></argument>)</argument_list></call></expr>;</expr_stmt>
    	<return>return;</return>
   }</block></then></if>

	<expr_stmt><expr><call><name>setTestResult</name><argument_list>(<argument><expr><name>TEST_SUCCESS</name></expr></argument>,<argument><expr>"Test Successful"</expr></argument>)</argument_list></call></expr>;</expr_stmt>
	<return>return;</return>
}</block></function>
</unit>
