<unit xmlns="http://www.sdml.info/srcML/src" xmlns:cpp="http://www.sdml.info/srcML/cpp">
<comment type="line">//
</comment><comment type="line">// Copyright 2004 P&amp;P Software GmbH - All Rights Reserved
</comment><comment type="line">//
</comment><comment type="line">// TestCaseSimpleTelemetryModeManager_1.cpp
</comment><comment type="line">//
</comment><comment type="line">// Version	1.0
</comment><comment type="line">// Date		24.02.03
</comment><comment type="line">// Author	A. Pasetti (P&amp;P Software)
</comment>
<cpp:include>#<cpp:directive>include</cpp:directive> <cpp:file>"../GeneralInclude/CompilerSwitches.h"</cpp:file></cpp:include>
<cpp:include>#<cpp:directive>include</cpp:directive> <cpp:file>"../GeneralInclude/ClassId.h"</cpp:file></cpp:include>
<cpp:include>#<cpp:directive>include</cpp:directive> <cpp:file>"../GeneralInclude/Constants.h"</cpp:file></cpp:include>
<cpp:include>#<cpp:directive>include</cpp:directive> <cpp:file>"../Telemetry/DC_SimpleTelemetryModeManager.h"</cpp:file></cpp:include>
<cpp:include>#<cpp:directive>include</cpp:directive> <cpp:file>"../Telemetry/DC_DataItem16TmWord.h"</cpp:file></cpp:include>
<cpp:include>#<cpp:directive>include</cpp:directive> <cpp:file>"../Base/ModeManager.h"</cpp:file></cpp:include>
<cpp:include>#<cpp:directive>include</cpp:directive> <cpp:file>"TestCaseSimpleTelemetryModeManager_1.h"</cpp:file></cpp:include>

<constructor><name>TestCaseSimpleTelemetryModeManager_1::TestCaseSimpleTelemetryModeManager_1</name><parameter_list>(<param><decl><type><name>void</name></type></decl></param>)</parameter_list> <member_list>:
	<call><name>TestCaseGenericSetUp</name><argument_list>(<argument><expr><name>ID_SIMPLETELEMETRYMODEMANAGER</name>*10+1</expr></argument>,<argument><expr>"TestCaseSimpleTelemetryModeManager_1"</expr></argument>)</argument_list></call> </member_list><block>{
		<return>return;</return>
}</block></constructor>

<function><type><name>void</name></type> <name><name>TestCaseSimpleTelemetryModeManager_1</name>::<name>runTestCase</name></name><parameter_list>(<param><decl><type><name>void</name></type></decl></param>)</parameter_list> <block>{

    <decl_stmt><decl><type><name>DC_SimpleTelemetryModeManager</name>*</type> <name>pMM</name> =<init> <expr>new <call><name>DC_SimpleTelemetryModeManager</name><argument_list>()</argument_list></call></expr></init></decl>;</decl_stmt>

    <comment type="line">// Verify correctness of class identifier
</comment>    <if>if <condition>( <expr><name>pMM</name>-&gt;<call><name>getClassId</name><argument_list>()</argument_list></call> != <name>ID_SIMPLETELEMETRYMODEMANAGER</name></expr>)</condition><then>
	<block>{	<expr_stmt><expr><call><name>setTestResult</name><argument_list>(<argument><expr><name>TEST_FAILURE</name></expr></argument>, <argument><expr>"Wrong class identifier"</expr></argument>)</argument_list></call></expr>;</expr_stmt>
		<return>return;</return>
	}</block></then></if>

    <comment type="line">// Configure the simple telemetry mode manager with
</comment>    <comment type="line">// one list of 2 dummy telemetry words
</comment>    <expr_stmt><expr><name>pMM</name>-&gt;<call><name>setListLength</name><argument_list>(<argument><expr>0</expr></argument>,<argument><expr>1</expr></argument>)</argument_list></call></expr>;</expr_stmt>
    <decl_stmt><decl><type><name>DC_DataItem16TmWord</name>*</type> <name>pW</name> =<init> <expr>new <call><name>DC_DataItem16TmWord</name><argument_list>()</argument_list></call></expr></init></decl>;</decl_stmt>
    <expr_stmt><expr><name>pMM</name>-&gt;<call><name>setListItem</name><argument_list>(<argument><expr>0</expr></argument>,<argument><expr>0</expr></argument>,<argument><expr><name>pW</name></expr></argument>)</argument_list></call></expr>;</expr_stmt>
    <expr_stmt><expr><name>pMM</name>-&gt;<call><name>reset</name><argument_list>()</argument_list></call></expr>;</expr_stmt>

    <comment type="line">// Check that the telemetry mode managers is configured
</comment>    <if>if <condition>( <expr><name>pMM</name>-&gt;<call><name>isObjectConfigured</name><argument_list>()</argument_list></call> != <name>CONFIGURED</name></expr> )</condition><then>
	<block>{	<expr_stmt><expr><call><name>setTestResult</name><argument_list>(<argument><expr><name>TEST_FAILURE</name></expr></argument>, <argument><expr>"Wrong configuration status at creation"</expr></argument>)</argument_list></call></expr>;</expr_stmt>
		<return>return;</return>
	}</block></then></if>

    <comment type="line">// Check current mode and number of modes
</comment>    <if>if <condition>( <expr><name>pMM</name>-&gt;<call><name>getNumberOfModes</name><argument_list>()</argument_list></call> != 1</expr> )</condition><then>
	<block>{	<expr_stmt><expr><call><name>setTestResult</name><argument_list>(<argument><expr><name>TEST_FAILURE</name></expr></argument>, <argument><expr>"Wrong number of modes"</expr></argument>)</argument_list></call></expr>;</expr_stmt>
		<return>return;</return>
	}</block></then></if>
    <if>if <condition>( <expr><name>pMM</name>-&gt;<call><name>getCurrentMode</name><argument_list>()</argument_list></call> != 0</expr> )</condition><then>
	<block>{	<expr_stmt><expr><call><name>setTestResult</name><argument_list>(<argument><expr><name>TEST_FAILURE</name></expr></argument>, <argument><expr>"Wrong current mode"</expr></argument>)</argument_list></call></expr>;</expr_stmt>
		<return>return;</return>
	}</block></then></if>

    <comment type="line">// Make an update request and check that the current mode has not changed
</comment>    <expr_stmt><expr><name>pMM</name>-&gt;<call><name>update</name><argument_list>()</argument_list></call></expr>;</expr_stmt>
    <if>if <condition>( <expr><name>pMM</name>-&gt;<call><name>getCurrentMode</name><argument_list>()</argument_list></call> != 0</expr> )</condition><then>
	<block>{	<expr_stmt><expr><call><name>setTestResult</name><argument_list>(<argument><expr><name>TEST_FAILURE</name></expr></argument>, <argument><expr>"Wrong current mode"</expr></argument>)</argument_list></call></expr>;</expr_stmt>
		<return>return;</return>
	}</block></then></if>

	<expr_stmt><expr><call><name>setTestResult</name><argument_list>(<argument><expr><name>TEST_SUCCESS</name></expr></argument>,<argument><expr>"Test Successful"</expr></argument>)</argument_list></call></expr>;</expr_stmt>
	<return>return;</return>
}</block></function>
</unit>
