<unit xmlns="http://www.sdml.info/srcML/src" xmlns:cpp="http://www.sdml.info/srcML/cpp">
<comment type="line">//
</comment><comment type="line">// Copyright 2004 P&amp;P Software GmbH - All Rights Reserved
</comment><comment type="line">//
</comment><comment type="line">// TestCaseDataItem_1.h
</comment><comment type="line">//
</comment><comment type="line">// Version	2.0
</comment><comment type="line">// Date		17.04.03 (Version 1.1)
</comment><comment type="line">//          11.06.03 (Version 2.0)
</comment><comment type="line">// Author	R. Totaro
</comment><comment type="line">//
</comment><comment type="line">// Change Record:
</comment><comment type="line">//   Version 2.0: Changed the test description.
</comment>
<cpp:ifndef>#<cpp:directive>ifndef</cpp:directive> <name>TestCaseDataItem_1H</name></cpp:ifndef>
<cpp:define>#<cpp:directive>define</cpp:directive> <name>TestCaseDataItem_1H</name></cpp:define>

<cpp:include>#<cpp:directive>include</cpp:directive> <cpp:file>"../Utilities/TestCaseGenericSetUp.h"</cpp:file></cpp:include>

<comment type="block">/**
 * Check the data set and get services for class &lt;code&gt;DC_DataItem&lt;/code&gt;.
 * Two &lt;code&gt;DC_DataItem&lt;/code&gt; objects are created to encapsulate access to,
 * respectively, a &lt;code&gt;TD_Float&lt;/code&gt; and &lt;code&gt;TD_Integer&lt;/code&gt; variable.
 * The following specific checks are performed:
 * &lt;ol&gt;
 * &lt;li&gt;The values of the encapsulated variables are set and then read back
 * through the data item accessor methods and it is checked that the read-back value
 * is correct.&lt;/li&gt;
 * &lt;li&gt;The values of the data item are set through the data item accessor methods
 * and then read back and it is checked that the read-back value
 * is correct.&lt;/li&gt;
 * &lt;/ol&gt;
 * @author Roberto Totaro
 * @version 1.0
 */</comment>
<class>class <name>TestCaseDataItem_1</name> <super>: <specifier>public</specifier> <name>TestCaseGenericSetUp</name></super> <block>{<private type="default">
</private><public>public :
	<comment type="block">/**
	 * Set the identifier and the name of the test case to, respectively,
	 * ID_DATAITEM*10+1 and "TestCaseDataItem_1".
	 */</comment>
	<constructor_decl><name>TestCaseDataItem_1</name><parameter_list>(<param><decl><type><name>void</name></type></decl></param>)</parameter_list>;</constructor_decl>

	<comment type="block">/**
	 * Execute the test case. See class comment for details.
	 */</comment>
	<function_decl><type><name>virtual</name> <name>void</name></type> <name>runTestCase</name><parameter_list>(<param><decl><type><name>void</name></type></decl></param>)</parameter_list>;</function_decl>
</public>}</block>;</class>

<cpp:endif>#<cpp:directive>endif</cpp:directive></cpp:endif>
</unit>
