<unit xmlns="http://www.sdml.info/srcML/src" xmlns:cpp="http://www.sdml.info/srcML/cpp">
<comment type="line">//
</comment><comment type="line">// Copyright 2004 P&amp;P Software GmbH - All Rights Reserved
</comment><comment type="line">//
</comment><comment type="line">// TestCaseEventRepository_2.h
</comment><comment type="line">//
</comment><comment type="line">// Version	1.0
</comment><comment type="line">// Date		15.09.02
</comment><comment type="line">// Author	     A. Pasetti (P&amp;P Software)
</comment>
<cpp:ifndef>#<cpp:directive>ifndef</cpp:directive> <name>TestCaseEventRepository_2H</name></cpp:ifndef>
<cpp:define>#<cpp:directive>define</cpp:directive> <name>TestCaseEventRepository_2H</name></cpp:define>

<cpp:include>#<cpp:directive>include</cpp:directive> <cpp:file>"../Utilities/TestCaseGenericSetUp.h"</cpp:file></cpp:include>

<comment type="block">/**
 * Verify the event creation and retrieval service of class
 * &lt;code&gt;DC_EventRepository&lt;/code&gt;.
 * The following specific tests are performed: &lt;ol&gt;
 * &lt;li&gt;Two events are created in a configured event repository and it is
 * verified that the event counter is incremented by two. &lt;/li&gt;
 * &lt;li&gt;The iteration service of the event repository is used to retrieve the
 * events in the repository and it is checked that the correct events are retrieved.&lt;/li&gt;
 * &lt;li&gt;More events are added to the event repository until one is overwritten after
 * the repository size is exceeded and it is checked that the event counter has the
 * correct value and that the iterator performs as expected.&lt;/li&gt;
 * &lt;li&gt;It is verified that &lt;code&gt;reset()&lt;/code&gt; does not clear the event counter.&lt;/li&gt;
 * &lt;/ol&gt;
 * @see DC_EventRepository
 * @author Alessandro Pasetti (P&amp;P Software GmbH)
 * @version 1.0
 */</comment>
<class>class <name>TestCaseEventRepository_2</name> <super>: <specifier>public</specifier> <name>TestCaseGenericSetUp</name></super> <block>{<private type="default">

</private><public>public :

     <comment type="block">/**
      * Set the identifier and the name of the test case to, respectively,
      * ID_EVENTREPOSITORY*10+2 and "TestCaseEventRepository_2".
      */</comment>
     <constructor_decl><name>TestCaseEventRepository_2</name><parameter_list>(<param><decl><type><name>void</name></type></decl></param>)</parameter_list>;</constructor_decl>

     <comment type="block">/**
      * Execute the test case. See class comment for details.
      */</comment>
	<function_decl><type><name>virtual</name> <name>void</name></type> <name>runTestCase</name><parameter_list>(<param><decl><type><name>void</name></type></decl></param>)</parameter_list>;</function_decl>
</public>}</block>;</class>

<cpp:endif>#<cpp:directive>endif</cpp:directive></cpp:endif>
</unit>
