<unit xmlns="http://www.sdml.info/srcML/src" xmlns:cpp="http://www.sdml.info/srcML/cpp">
<comment type="line">//
</comment><comment type="line">// Copyright 2004 P&amp;P Software GmbH - All Rights Reserved
</comment><comment type="line">//
</comment><comment type="line">// TestCaseDummyFsmState_1.cpp
</comment><comment type="line">//
</comment><comment type="line">// Version	1.0
</comment><comment type="line">// Date		13.09.02
</comment><comment type="line">// Author	A. Pasetti (P&amp;P Software)
</comment>
<cpp:include>#<cpp:directive>include</cpp:directive> <cpp:file>"../GeneralInclude/CompilerSwitches.h"</cpp:file></cpp:include>
<cpp:include>#<cpp:directive>include</cpp:directive> <cpp:file>"../GeneralInclude/ClassId.h"</cpp:file></cpp:include>
<cpp:include>#<cpp:directive>include</cpp:directive> <cpp:file>"../GeneralInclude/Constants.h"</cpp:file></cpp:include>
<cpp:include>#<cpp:directive>include</cpp:directive> <cpp:file>"../FSM/FsmState.h"</cpp:file></cpp:include>
<cpp:include>#<cpp:directive>include</cpp:directive> <cpp:file>"../FSM/DC_DummyFsmState.h"</cpp:file></cpp:include>
<cpp:include>#<cpp:directive>include</cpp:directive> <cpp:file>"TestCaseDummyFsmState_1.h"</cpp:file></cpp:include>

<constructor><name>TestCaseDummyFsmState_1::TestCaseDummyFsmState_1</name><parameter_list>(<param><decl><type><name>void</name></type></decl></param>)</parameter_list> <member_list>:
	<call><name>TestCaseGenericSetUp</name><argument_list>(<argument><expr><name>ID_DUMMYFSMSTATE</name>*10+1</expr></argument>,<argument><expr>"TestCaseDummyFsmState_1"</expr></argument>)</argument_list></call> </member_list><block>{
		<return>return;</return>
}</block></constructor>

<function><type><name>void</name></type> <name><name>TestCaseDummyFsmState_1</name>::<name>runTestCase</name></name><parameter_list>(<param><decl><type><name>void</name></type></decl></param>)</parameter_list> <block>{

   <decl_stmt><decl><type><name>DC_DummyFsmState</name>*</type> <name>pFsmState</name> =<init> <expr>new <call><name>DC_DummyFsmState</name><argument_list>()</argument_list></call></expr></init></decl>;</decl_stmt>

   <comment type="line">// Verify correctness of class ID
</comment>   <if>if <condition>(<expr><name>pFsmState</name>-&gt;<call><name>getClassId</name><argument_list>()</argument_list></call> != <name>ID_DUMMYFSMSTATE</name></expr>)</condition><then>
	<block>{	<expr_stmt><expr><call><name>setTestResult</name><argument_list>(<argument><expr><name>TEST_FAILURE</name></expr></argument>, <argument><expr>"Wrong class ID"</expr></argument>)</argument_list></call></expr>;</expr_stmt>
		<return>return;</return>
	}</block></then></if>

   <comment type="line">// Check correct value of "next state" at creation
</comment>	<if>if <condition>( <expr><name>pFsmState</name>-&gt;<call><name>getNextState</name><argument_list>()</argument_list></call> != <name>pNULL</name></expr> )</condition><then>
	<block>{	<expr_stmt><expr><call><name>setTestResult</name><argument_list>(<argument><expr><name>TEST_FAILURE</name></expr></argument>, <argument><expr>"Incorrect initial value of next state"</expr></argument>)</argument_list></call></expr>;</expr_stmt>
		<return>return;</return>
	}</block></then></if>
   <comment type="line">// Load a "next state" and check correctness
</comment>   <decl_stmt><decl><type><name>DC_DummyFsmState</name>*</type> <name>pNextState</name> =<init> <expr>new <call><name>DC_DummyFsmState</name><argument_list>()</argument_list></call></expr></init></decl>;</decl_stmt>
   <expr_stmt><expr><name>pFsmState</name>-&gt;<call><name>setNextState</name><argument_list>(<argument><expr><name>pNextState</name></expr></argument>)</argument_list></call></expr>;</expr_stmt>
	<if>if <condition>( <expr><name>pFsmState</name>-&gt;<call><name>getNextState</name><argument_list>()</argument_list></call> != <name>pNextState</name></expr> )</condition><then>
	<block>{	<expr_stmt><expr><call><name>setTestResult</name><argument_list>(<argument><expr><name>TEST_FAILURE</name></expr></argument>, <argument><expr>"Incorrect loading of next state"</expr></argument>)</argument_list></call></expr>;</expr_stmt>
		<return>return;</return>
	}</block></then></if>

   <comment type="line">// Check correctness of exit, termination and initialization checks
</comment>	<if>if <condition>( <expr>(<name>pFsmState</name>-&gt;<call><name>canExit</name><argument_list>()</argument_list></call> != <name>true</name>) ||
        (<name>pFsmState</name>-&gt;<call><name>isFinished</name><argument_list>()</argument_list></call> != <name>false</name>) ||
        (<name>pFsmState</name>-&gt;<call><name>canEnter</name><argument_list>()</argument_list></call> != <name>true</name>)</expr> )</condition><then>
	<block>{	<expr_stmt><expr><call><name>setTestResult</name><argument_list>(<argument><expr><name>TEST_FAILURE</name></expr></argument>, <argument><expr>"Incorrect check return values at creation"</expr></argument>)</argument_list></call></expr>;</expr_stmt>
		<return>return;</return>
	}</block></then></if>

   <comment type="line">// Perform actions
</comment>   <expr_stmt><expr><name>pFsmState</name>-&gt;<call><name>doInit</name><argument_list>()</argument_list></call></expr>;</expr_stmt>
   <expr_stmt><expr><name>pFsmState</name>-&gt;<call><name>doContinue</name><argument_list>()</argument_list></call></expr>;</expr_stmt>
   <expr_stmt><expr><name>pFsmState</name>-&gt;<call><name>doExit</name><argument_list>()</argument_list></call></expr>;</expr_stmt>

   <comment type="line">// Check correctness of exit, termination and initialization checks
</comment>	<if>if <condition>( <expr>(<name>pFsmState</name>-&gt;<call><name>canExit</name><argument_list>()</argument_list></call> != <name>true</name>) ||
        (<name>pFsmState</name>-&gt;<call><name>isFinished</name><argument_list>()</argument_list></call> != <name>false</name>) ||
        (<name>pFsmState</name>-&gt;<call><name>canEnter</name><argument_list>()</argument_list></call> != <name>true</name>)</expr> )</condition><then>
	<block>{	<expr_stmt><expr><call><name>setTestResult</name><argument_list>(<argument><expr><name>TEST_FAILURE</name></expr></argument>, <argument><expr>"Incorrect check return values after actions"</expr></argument>)</argument_list></call></expr>;</expr_stmt>
		<return>return;</return>
	}</block></then></if>

	<expr_stmt><expr><call><name>setTestResult</name><argument_list>(<argument><expr><name>TEST_SUCCESS</name></expr></argument>,<argument><expr>"Test Successful"</expr></argument>)</argument_list></call></expr>;</expr_stmt>
	<return>return;</return>
}</block></function>
</unit>
