<unit xmlns="http://www.sdml.info/srcML/src" xmlns:cpp="http://www.sdml.info/srcML/cpp">
<comment type="line">//
</comment><comment type="line">// Copyright 2004 P&amp;P Software GmbH - All Rights Reserved
</comment><comment type="line">//
</comment><comment type="line">// TestCaseDummyCriticalTelecommand_1.h
</comment><comment type="line">//
</comment><comment type="line">// Version	1.0
</comment><comment type="line">// Date		17.06.03
</comment><comment type="line">// Author	R. Totaro
</comment>
<cpp:ifndef>#<cpp:directive>ifndef</cpp:directive> <name>TestCaseDummyCriticalTelecommand_1H</name></cpp:ifndef>
<cpp:define>#<cpp:directive>define</cpp:directive> <name>TestCaseDummyCriticalTelecommand_1H</name></cpp:define>

<cpp:include>#<cpp:directive>include</cpp:directive> <cpp:file>"../Utilities/TestCaseGenericSetUp.h"</cpp:file></cpp:include>

<comment type="block">/**
 * Verify the basic services offered by critical telecommands as implemented
 * by the &lt;code&gt;DC_DummyCriticalTelecommand&lt;/code&gt; class. The &lt;code&gt;canExecute()&lt;/code&gt;,
 * &lt;code&gt;doAction()&lt;/code&gt; and &lt;code&gt;reset()&lt;/code&gt; methods are tested by
 * &lt;code&gt;TestCaseDummyCriticalTelecommand_2&lt;/code&gt;. An instance of this class is created
 * and the following tests are performed:&lt;ol&gt;
 * &lt;li&gt;The correctness of the class identifier is verified.&lt;/li&gt;
 * &lt;li&gt;The Telecommand class (CriticalTelecommand's base class) is
 * configured by invoking &lt;code&gt;setTimeTag()&lt;/code&gt;. It
 * is verified that the &lt;code&gt;DC_DummyCriticalTelecommand&lt;/code&gt; class is not yet fully
 * configured.&lt;/li&gt;
 * &lt;li&gt;&lt;code&gt;setMaxArmedDuration()&lt;/code&gt; is called. It is verified that the class is not
 * yet configured and that &lt;code&gt;getMaxArmedDuration&lt;/code&gt; returns the correct value.&lt;/li&gt;
 * &lt;li&gt;An &lt;code&gt;DC_DummyObsClock&lt;/code&gt; object is created and it is attached to the critical
 * telecommand by calling &lt;code&gt;setObsClock()&lt;/code&gt;. It is verified that the object is finally
 * configured and that &lt;code&gt;getObsClock()&lt;/code&gt; returns the correct value.&lt;/li&gt;
 * &lt;li&gt;It is verified that the newly created telecommand is critical and not armed.&lt;/li&gt;
 * &lt;li&gt;It is verified that the criticality level can be modified.&lt;/li&gt;
 * &lt;li&gt;It is verified that the image validity flag can be set and retrieved correctly.&lt;/li&gt;
 * &lt;li&gt;Finally, it is verified that the "time when armed" is set to an invalid value.&lt;/li&gt;
 * &lt;/ol&gt;
 * @see DC_DummyCriticalTelecommand
 * @see TestCaseDummyCriticalTelecommand_2
 * @author Roberto Totaro
 * @version 1.0
 */</comment>
<class>class <name>TestCaseDummyCriticalTelecommand_1</name> <super>: <specifier>public</specifier> <name>TestCaseGenericSetUp</name></super> <block>{<private type="default">
</private><public>public:
	<comment type="block">/**
	 * Set the identifier and the name of the test case to, respectively,
	 * ID_DUMMYCRITICALTELECOMMAND*10+1 and "TestCaseDummyCriticalTelecommand_1".
	 */</comment>
	<constructor_decl><name>TestCaseDummyCriticalTelecommand_1</name><parameter_list>(<param><decl><type><name>void</name></type></decl></param>)</parameter_list>;</constructor_decl>

	<comment type="block">/**
	 * Execute the test case. See class comment for details.
	 */</comment>
	<function_decl><type><name>virtual</name> <name>void</name></type> <name>runTestCase</name><parameter_list>(<param><decl><type><name>void</name></type></decl></param>)</parameter_list>;</function_decl>
</public>}</block>;</class>

<cpp:endif>#<cpp:directive>endif</cpp:directive></cpp:endif>
</unit>
