<unit xmlns="http://www.sdml.info/srcML/src" xmlns:cpp="http://www.sdml.info/srcML/cpp">
<comment type="line">//
</comment><comment type="line">// Copyright 2004 P&amp;P Software GmbH - All Rights Reserved
</comment><comment type="line">//
</comment><comment type="line">// TestCaseOutOfRangeProfile_1.h
</comment><comment type="line">//
</comment><comment type="line">// Version	1.0
</comment><comment type="line">// Date		16.01.03
</comment><comment type="line">// Author	A. Pasetti (P&amp;P Software)
</comment>
<cpp:ifndef>#<cpp:directive>ifndef</cpp:directive> <name>TestCaseOutOfRangeProfile_1H</name></cpp:ifndef>
<cpp:define>#<cpp:directive>define</cpp:directive> <name>TestCaseOutOfRangeProfile_1H</name></cpp:define>

<cpp:include>#<cpp:directive>include</cpp:directive> <cpp:file>"../Utilities/TestCaseGenericSetUp.h"</cpp:file></cpp:include>

<comment type="block">/**
 * Check the functionalities implemented by class
 * &lt;code&gt;DC_OutOfRangeProfile&lt;/code&gt;.
 * One instance of this class is created and
 * the following specific tests are performed: &lt;ol&gt;
 * &lt;li&gt;The correctness of the class identifier is verified.&lt;/li&gt;
 * &lt;li&gt;The monitoring profile is configured, a test value
 * lying within the range is passed through the monitoring profile
 * and it is verified that the monitoring
 * check service reports "no deviation from profile detected".&lt;/li&gt;
 * &lt;li&gt;A test value lying outside the range is passed through
 * the monitoring profile and it is verified that the monitoring
 * check service reports "deviation from profile detected".&lt;/li&gt;
 * &lt;/ol&gt;
 * @see DC_OutOfRangeProfile
 * @author Alessandro Pasetti (P&amp;P Software GmbH)
 * @version 1.0
 */</comment>
<class>class <name>TestCaseOutOfRangeProfile_1</name> <super>: <specifier>public</specifier> <name>TestCaseGenericSetUp</name></super> <block>{<private type="default">

</private><public>public :

     <comment type="block">/**
      * Set the identifier and the name of the test case to, respectively,
      * ID_OUTOFRANGEPROFILE*10+1 and "TestCaseOutOfRangeProfile_1".
      */</comment>
     <constructor_decl><name>TestCaseOutOfRangeProfile_1</name><parameter_list>(<param><decl><type><name>void</name></type></decl></param>)</parameter_list>;</constructor_decl>

     <comment type="block">/**
      * Execute the test case. See class comment for details.
      */</comment>
     <function_decl><type><name>virtual</name> <name>void</name></type> <name>runTestCase</name><parameter_list>(<param><decl><type><name>void</name></type></decl></param>)</parameter_list>;</function_decl>
</public>}</block>;</class>

<cpp:endif>#<cpp:directive>endif</cpp:directive></cpp:endif>
</unit>
