<unit xmlns="http://www.sdml.info/srcML/src" xmlns:cpp="http://www.sdml.info/srcML/cpp">
<comment type="line">//
</comment><comment type="line">// Copyright 2004 P&amp;P Software GmbH - All Rights Reserved
</comment><comment type="line">//
</comment><comment type="line">// TestCaseFSM_2.cpp
</comment><comment type="line">//
</comment><comment type="line">// Version	1.1
</comment><comment type="line">// Date		04.04.03
</comment><comment type="line">// Author	A. Pasetti (P&amp;P Software)
</comment>
<cpp:include>#<cpp:directive>include</cpp:directive> <cpp:file>"TestCaseFSM_2.h"</cpp:file></cpp:include>
<cpp:include>#<cpp:directive>include</cpp:directive> <cpp:file>"../GeneralInclude/CompilerSwitches.h"</cpp:file></cpp:include>
<cpp:include>#<cpp:directive>include</cpp:directive> <cpp:file>"../GeneralInclude/ClassId.h"</cpp:file></cpp:include>
<cpp:include>#<cpp:directive>include</cpp:directive> <cpp:file>"../GeneralInclude/BasicTypes.h"</cpp:file></cpp:include>
<cpp:include>#<cpp:directive>include</cpp:directive> <cpp:file>"../GeneralInclude/Constants.h"</cpp:file></cpp:include>
<cpp:include>#<cpp:directive>include</cpp:directive> <cpp:file>"../FSM/CC_FSM.h"</cpp:file></cpp:include>
<cpp:include>#<cpp:directive>include</cpp:directive> <cpp:file>"../FSM/DC_DummyFsmState.h"</cpp:file></cpp:include>
<cpp:include>#<cpp:directive>include</cpp:directive> <cpp:file>"../FSM/DC_FsmEvent.h"</cpp:file></cpp:include>
<cpp:include>#<cpp:directive>include</cpp:directive> <cpp:file>"../Base/CC_RootObject.h"</cpp:file></cpp:include>
<cpp:include>#<cpp:directive>include</cpp:directive> <cpp:file>"../Event/DC_EventRepository.h"</cpp:file></cpp:include>

<constructor><name>TestCaseFSM_2::TestCaseFSM_2</name><parameter_list>(<param><decl><type><name>void</name></type></decl></param>)</parameter_list> <member_list>:
	<call><name>TestCaseGenericSetUp</name><argument_list>(<argument><expr><name>ID_FSM</name>*10+2</expr></argument>,<argument><expr>"TestCaseFSM_2"</expr></argument>)</argument_list></call> </member_list><block>{
		<return>return;</return>
}</block></constructor>

<function><type><name>void</name></type> <name><name>TestCaseFSM_2</name>::<name>runTestCase</name></name><parameter_list>(<param><decl><type><name>void</name></type></decl></param>)</parameter_list> <block>{

   <decl_stmt><decl><type><name>CC_FSM</name>*</type> <name>pFsm</name> =<init> <expr>new <call><name>CC_FSM</name><argument_list>()</argument_list></call></expr></init></decl>;</decl_stmt>

   <comment type="line">// Configure the FSM
</comment>   <expr_stmt><expr><name>pFsm</name>-&gt;<call><name>setNumberOfStates</name><argument_list>(<argument><expr>4</expr></argument>)</argument_list></call></expr>;</expr_stmt>

   <decl_stmt><decl><type><name>DC_DummyFsmState</name>*</type> <name><name>pState</name>[<expr>4</expr>]</name></decl>;</decl_stmt>
   <for>for (<init><expr><type><name>TD_FsmStateIndex</name></type> <name>i</name>=<init><expr>0</expr></init></expr>;</init> <condition><expr><name>i</name>&lt;<name>pFsm</name>-&gt;<call><name>getNumberOfStates</name><argument_list>()</argument_list></call></expr>;</condition> <incr><expr><name>i</name>++</expr></incr>)
      <expr_stmt><expr><name><name>pState</name>[<expr><name>i</name></expr>]</name> = new <call><name>DC_DummyFsmState</name><argument_list>()</argument_list></call></expr>;</expr_stmt></for>

   <for>for (<init><expr><type><name>TD_FsmStateIndex</name></type> <name>i</name>=<init><expr>0</expr></init></expr>;</init> <condition><expr><name>i</name>&lt;<name>pFsm</name>-&gt;<call><name>getNumberOfStates</name><argument_list>()</argument_list></call></expr>;</condition> <incr><expr><name>i</name>++</expr></incr>)
      <expr_stmt><expr><name>pFsm</name>-&gt;<call><name>setState</name><argument_list>(<argument><expr><name>i</name></expr></argument>,<argument><expr><name><name>pState</name>[<expr><name>i</name></expr>]</name></expr></argument>)</argument_list></call></expr>;</expr_stmt></for>

   <expr_stmt><expr><name>pFsm</name>-&gt;<call><name>reset</name><argument_list>()</argument_list></call></expr>;</expr_stmt>

   <comment type="line">// FSM object should now be configured
</comment>   <if>if <condition>( <expr>(<name>pFsm</name>-&gt;<call><name>isObjectConfigured</name><argument_list>()</argument_list></call> == <name>NOT_CONFIGURED</name>)</expr> )</condition><then>
	<block>{	<expr_stmt><expr><call><name>setTestResult</name><argument_list>(<argument><expr><name>TEST_FAILURE</name></expr></argument>,
             <argument><expr>"Wrong FSM configuration status after configuration was completed"</expr></argument>)</argument_list></call></expr>;</expr_stmt>
		<return>return;</return>
	}</block></then></if>

   <comment type="line">// Create and configure the FsmEvents
</comment>   <decl_stmt><decl><type><name>DC_FsmEvent</name>*</type> <name>pFsmEvt_1</name> =<init> <expr>new <call><name>DC_FsmEvent</name><argument_list>()</argument_list></call></expr></init></decl>;</decl_stmt>
   <decl_stmt><decl><type><name>DC_FsmEvent</name>*</type> <name>pFsmEvt_2</name> =<init> <expr>new <call><name>DC_FsmEvent</name><argument_list>()</argument_list></call></expr></init></decl>;</decl_stmt>
   <decl_stmt><decl><type><name>DC_FsmEvent</name>*</type> <name>pFsmEvt_3</name> =<init> <expr>new <call><name>DC_FsmEvent</name><argument_list>()</argument_list></call></expr></init></decl>;</decl_stmt>
   <expr_stmt><expr><name>pFsmEvt_1</name>-&gt;<call><name>setTargetFsm</name><argument_list>(<argument><expr><name>pFsm</name></expr></argument>)</argument_list></call></expr>;</expr_stmt>
   <expr_stmt><expr><name>pFsmEvt_2</name>-&gt;<call><name>setTargetFsm</name><argument_list>(<argument><expr><name>pFsm</name></expr></argument>)</argument_list></call></expr>;</expr_stmt>
   <expr_stmt><expr><name>pFsmEvt_3</name>-&gt;<call><name>setTargetFsm</name><argument_list>(<argument><expr><name>pFsm</name></expr></argument>)</argument_list></call></expr>;</expr_stmt>
   <expr_stmt><expr><name>pFsmEvt_1</name>-&gt;<call><name>setTargetState</name><argument_list>(<argument><expr>1</expr></argument>)</argument_list></call></expr>;</expr_stmt>
   <expr_stmt><expr><name>pFsmEvt_2</name>-&gt;<call><name>setTargetState</name><argument_list>(<argument><expr>2</expr></argument>)</argument_list></call></expr>;</expr_stmt>
   <expr_stmt><expr><name>pFsmEvt_3</name>-&gt;<call><name>setTargetState</name><argument_list>(<argument><expr>0</expr></argument>)</argument_list></call></expr>;</expr_stmt>

   <comment type="line">// Activate FSM twice (just to exercise the FSM)
</comment>   <expr_stmt><expr><name>pFsm</name>-&gt;<call><name>activate</name><argument_list>()</argument_list></call></expr>;</expr_stmt>
   <expr_stmt><expr><name>pFsm</name>-&gt;<call><name>activate</name><argument_list>()</argument_list></call></expr>;</expr_stmt>

   <comment type="line">// Fire FsmEvent 1 and check transition
</comment>   <expr_stmt><expr><name>pFsmEvt_1</name>-&gt;<call><name>execute</name><argument_list>()</argument_list></call></expr>;</expr_stmt>
   <if>if <condition>( <expr><name>pFsm</name>-&gt;<call><name>getCurrentState</name><argument_list>()</argument_list></call> != 0</expr>)</condition><then>
	<block>{	<expr_stmt><expr><call><name>setTestResult</name><argument_list>(<argument><expr><name>TEST_FAILURE</name></expr></argument>,
             <argument><expr>"No state transition should have occurred"</expr></argument>)</argument_list></call></expr>;</expr_stmt>
		<return>return;</return>
	}</block></then></if>
   <expr_stmt><expr><name>pFsm</name>-&gt;<call><name>activate</name><argument_list>()</argument_list></call></expr>;</expr_stmt>
   <if>if <condition>( <expr><name>pFsm</name>-&gt;<call><name>getCurrentState</name><argument_list>()</argument_list></call> != 1</expr>)</condition><then>
	<block>{	<expr_stmt><expr><call><name>setTestResult</name><argument_list>(<argument><expr><name>TEST_FAILURE</name></expr></argument>,
             <argument><expr>"Wrong state after FsmEvt_1 firing"</expr></argument>)</argument_list></call></expr>;</expr_stmt>
		<return>return;</return>
	}</block></then></if>

   <comment type="line">// Check that the correct event was created
</comment>   <decl_stmt><decl><type><name>DC_EventRepository</name>*</type> <name>pRep</name> =<init> <expr><call><name><name>CC_RootObject</name>::<name>getEventRepository</name></name><argument_list>()</argument_list></call></expr></init></decl>;</decl_stmt>
   <expr_stmt><expr><name>pRep</name>-&gt;<call><name>latest</name><argument_list>()</argument_list></call></expr>;</expr_stmt>
   <if>if <condition>( <expr><name>pRep</name>-&gt;<call><name>getEventType</name><argument_list>()</argument_list></call> != <name>EVT_FSM_TRANSITION</name></expr> )</condition><then>
	<block>{	<expr_stmt><expr><call><name>setTestResult</name><argument_list>(<argument><expr><name>TEST_FAILURE</name></expr></argument>,
             <argument><expr>"Wrong event after state transition"</expr></argument>)</argument_list></call></expr>;</expr_stmt>
		<return>return;</return>
	}</block></then></if>

   <comment type="line">// Activate FSM twice and check that no state transition takes place
</comment>   <expr_stmt><expr><name>pFsm</name>-&gt;<call><name>activate</name><argument_list>()</argument_list></call></expr>;</expr_stmt>
   <expr_stmt><expr><name>pFsm</name>-&gt;<call><name>activate</name><argument_list>()</argument_list></call></expr>;</expr_stmt>
   <if>if <condition>( <expr><name>pFsm</name>-&gt;<call><name>getCurrentState</name><argument_list>()</argument_list></call> != 1</expr>)</condition><then>
	<block>{	<expr_stmt><expr><call><name>setTestResult</name><argument_list>(<argument><expr><name>TEST_FAILURE</name></expr></argument>,
             <argument><expr>"Wrong state after activation of FSM"</expr></argument>)</argument_list></call></expr>;</expr_stmt>
		<return>return;</return>
	}</block></then></if>

   <comment type="line">// Fire events 2 and 3 and check that only second firing has an effect
</comment>   <expr_stmt><expr><name>pFsmEvt_2</name>-&gt;<call><name>execute</name><argument_list>()</argument_list></call></expr>;</expr_stmt>
   <expr_stmt><expr><name>pFsmEvt_3</name>-&gt;<call><name>execute</name><argument_list>()</argument_list></call></expr>;</expr_stmt>
   <expr_stmt><expr><name>pFsm</name>-&gt;<call><name>activate</name><argument_list>()</argument_list></call></expr>;</expr_stmt>
   <if>if <condition>( <expr><name>pFsm</name>-&gt;<call><name>getCurrentState</name><argument_list>()</argument_list></call> != 0</expr>)</condition><then>
	<block>{	<expr_stmt><expr><call><name>setTestResult</name><argument_list>(<argument><expr><name>TEST_FAILURE</name></expr></argument>,
             <argument><expr>"Wrong state after FsmEvt_2 and FsmEvt_3 firing"</expr></argument>)</argument_list></call></expr>;</expr_stmt>
		<return>return;</return>
	}</block></then></if>

   <comment type="line">// Activate FSM twice (just to exercise state 0)
</comment>   <expr_stmt><expr><name>pFsm</name>-&gt;<call><name>activate</name><argument_list>()</argument_list></call></expr>;</expr_stmt>
   <expr_stmt><expr><name>pFsm</name>-&gt;<call><name>activate</name><argument_list>()</argument_list></call></expr>;</expr_stmt>

   <comment type="line">// Disable transitions into state 2, fire FsmEvt_2 and check that
</comment>   <comment type="line">// no transition takes place
</comment>   <expr_stmt><expr><name>pFsm</name>-&gt;<call><name>setTransitionEnableStatus</name><argument_list>(<argument><expr>2</expr></argument>,<argument><expr><name>DISABLED</name></expr></argument>)</argument_list></call></expr>;</expr_stmt>
   <expr_stmt><expr><name>pFsmEvt_2</name>-&gt;<call><name>execute</name><argument_list>()</argument_list></call></expr>;</expr_stmt>
   <expr_stmt><expr><name>pFsm</name>-&gt;<call><name>activate</name><argument_list>()</argument_list></call></expr>;</expr_stmt>
   <if>if <condition>( <expr><name>pFsm</name>-&gt;<call><name>getCurrentState</name><argument_list>()</argument_list></call> != 0</expr>)</condition><then>
	<block>{	<expr_stmt><expr><call><name>setTestResult</name><argument_list>(<argument><expr><name>TEST_FAILURE</name></expr></argument>,
             <argument><expr>"Wrong state after FsmEvt_2 firing"</expr></argument>)</argument_list></call></expr>;</expr_stmt>
		<return>return;</return>
	}</block></then></if>

   <comment type="line">// Check that the correct event was created
</comment>   <expr_stmt><expr><name>pRep</name>-&gt;<call><name>latest</name><argument_list>()</argument_list></call></expr>;</expr_stmt>
   <if>if <condition>( <expr><name>pRep</name>-&gt;<call><name>getEventType</name><argument_list>()</argument_list></call> != <name>EVT_FSM_TRANSITION_DISABLED</name></expr> )</condition><then>
	<block>{	<expr_stmt><expr><call><name>setTestResult</name><argument_list>(<argument><expr><name>TEST_FAILURE</name></expr></argument>,
             <argument><expr>"Wrong event after state transition"</expr></argument>)</argument_list></call></expr>;</expr_stmt>
		<return>return;</return>
	}</block></then></if>

    <comment type="line">// Attempt to disable transition into non-existent state
</comment>    <if>if <condition>(<expr><call><name>isNonNominalCheckAllowed</name><argument_list>()</argument_list></call></expr>)</condition><then> <block>{
        <expr_stmt><expr><name>pFsm</name>-&gt;<call><name>setTransitionEnableStatus</name><argument_list>(<argument><expr>4</expr></argument>,<argument><expr><name>DISABLED</name></expr></argument>)</argument_list></call></expr>;</expr_stmt>
        <expr_stmt><expr><name>pRep</name>-&gt;<call><name>latest</name><argument_list>()</argument_list></call></expr>;</expr_stmt>
        <if>if <condition>( <expr><name>pRep</name>-&gt;<call><name>getEventType</name><argument_list>()</argument_list></call> != <name>EVT_ILLEGAL_FS</name></expr> )</condition><then>
	    <block>{	<expr_stmt><expr><call><name>setTestResult</name><argument_list>(<argument><expr><name>TEST_FAILURE</name></expr></argument>,
                <argument><expr>"Failure of non-nominal behaviour check"</expr></argument>)</argument_list></call></expr>;</expr_stmt>
		    <return>return;</return>
	    }</block></then></if>
    }</block></then></if>

    <expr_stmt><expr><call><name>setTestResult</name><argument_list>(<argument><expr><name>TEST_SUCCESS</name></expr></argument>,<argument><expr>"Test Successful"</expr></argument>)</argument_list></call></expr>;</expr_stmt>
	<return>return;</return>
}</block></function>
</unit>
