<unit xmlns="http://www.sdml.info/srcML/src" xmlns:cpp="http://www.sdml.info/srcML/cpp">
<comment type="line">//
</comment><comment type="line">// Copyright 2004 P&amp;P Software GmbH - All Rights Reserved
</comment><comment type="line">//
</comment><comment type="line">// TestCaseMatlabCopyPID_1.cpp
</comment><comment type="line">//
</comment><comment type="line">// Version	1.1
</comment><comment type="line">// Date		30.05.03 (Version 1.0)
</comment><comment type="line">//          14.10.03 (Version 1.1)
</comment><comment type="line">// Author	R. Totaro
</comment><comment type="line">//
</comment><comment type="line">// Change Record:
</comment><comment type="line">//   Version 1.1: Updated to reflect the new structure of the ControlBlock class
</comment>
<cpp:include>#<cpp:directive>include</cpp:directive> <cpp:file>"../GeneralInclude/CompilerSwitches.h"</cpp:file></cpp:include>
<cpp:include>#<cpp:directive>include</cpp:directive> <cpp:file>"../GeneralInclude/ClassId.h"</cpp:file></cpp:include>
<cpp:include>#<cpp:directive>include</cpp:directive> <cpp:file>"../GeneralInclude/Constants.h"</cpp:file></cpp:include>
<cpp:include>#<cpp:directive>include</cpp:directive> <cpp:file>"../Data/DC_MatlabCopyPID.h"</cpp:file></cpp:include>
<cpp:include>#<cpp:directive>include</cpp:directive> <cpp:file>"../Data/ControlBlock.h"</cpp:file></cpp:include>
<cpp:include>#<cpp:directive>include</cpp:directive> <cpp:file>"TestCaseMatlabCopyPID_1.h"</cpp:file></cpp:include>

<constructor><name>TestCaseMatlabCopyPID_1::TestCaseMatlabCopyPID_1</name><parameter_list>(<param><decl><type><name>void</name></type></decl></param>)</parameter_list> <member_list>:
	<call><name>TestCaseGenericSetUp</name><argument_list>(<argument><expr><name>ID_MATLABCOPYPID</name>*10+1</expr></argument>,<argument><expr>"TestCaseMatlabCopyPID_1"</expr></argument>)</argument_list></call> </member_list><block>{
	<return>return;</return>
}</block></constructor>

<function><type><name>void</name></type> <name><name>TestCaseMatlabCopyPID_1</name>::<name>runTestCase</name></name><parameter_list>(<param><decl><type><name>void</name></type></decl></param>)</parameter_list> <block>{
	<decl_stmt><decl><type><name>const</name> <name>unsigned</name> <name>int</name></type> <name>numParams</name>=<init><expr>3</expr></init></decl>;</decl_stmt>
    <decl_stmt><decl><type><name>DC_MatlabCopyPID</name>  *</type><name>pMPID</name>    =<init><expr>new <name>DC_MatlabCopyPID</name></expr></init></decl>;</decl_stmt>

	<comment type="line">// Verify correctness of class identifier
</comment>    <if>if <condition>(<expr><name>pMPID</name>-&gt;<call><name>getClassId</name><argument_list>()</argument_list></call>!=<name>ID_MATLABCOPYPID</name></expr>)</condition><then> <block>{
		<expr_stmt><expr><call><name>setTestResult</name><argument_list>(<argument><expr><name>TEST_FAILURE</name></expr></argument>,<argument><expr>"Wrong class identifier"</expr></argument>)</argument_list></call></expr>;</expr_stmt>
		<return>return;</return>
	}</block></then></if>

	<comment type="line">// A newly created DC_MatlabCopyPID shall be configured
</comment>	<if>if <condition>(<expr>!<name>pMPID</name>-&gt;<call><name>isObjectConfigured</name><argument_list>()</argument_list></call></expr>)</condition><then> <block>{
		<expr_stmt><expr><call><name>setTestResult</name><argument_list>(<argument><expr><name>TEST_FAILURE</name></expr></argument>,<argument><expr>"Newly created control block is not configured"</expr></argument>)</argument_list></call></expr>;</expr_stmt>
		<return>return;</return>
	}</block></then></if>

	<comment type="line">// Verify the correctness of the number of parameters
</comment>	<if>if <condition>(<expr><name>pMPID</name>-&gt;<call><name>getNumberOfParameters</name><argument_list>()</argument_list></call>!=<name>numParams</name></expr>)</condition><then> <block>{
		<expr_stmt><expr><call><name>setTestResult</name><argument_list>(<argument><expr><name>TEST_FAILURE</name></expr></argument>,<argument><expr>"Wrong number of parameters"</expr></argument>)</argument_list></call></expr>;</expr_stmt>
		<return>return;</return>
	}</block></then></if>

<cpp:ifdef>#<cpp:directive>ifdef</cpp:directive> <name>HAVE_SIMULINK</name></cpp:ifdef>
	<comment type="line">// Initialize the model's parameters
</comment>	<decl_stmt><decl><type><name>const</name> <name>TD_Float</name></type> <name><name>defaultParameters</name>[]</name>=<init><expr><block>{<expr>(<name>TD_Float</name>)-1.0</expr>,<expr>(<name>TD_Float</name>)1.0</expr>,<expr>(<name>TD_Float</name>)1.0</expr>}</block></expr></init></decl>;</decl_stmt>

	<for>for (<init><expr><type><name>unsigned</name> <name>int</name></type> <name>i</name>=<init><expr>0</expr></init></expr>;</init><condition><expr><name>i</name>&lt;<name>numParams</name></expr>;</condition><incr><expr><name>i</name>++</expr></incr>)
        <expr_stmt><expr><name>pMPID</name>-&gt;<call><name>setParameter</name><argument_list>(<argument><expr><name>i</name></expr></argument>,<argument><expr><name><name>defaultParameters</name>[<expr><name>i</name></expr>]</name></expr></argument>)</argument_list></call></expr>;</expr_stmt></for>

	<comment type="line">// The following array contains the expected output values. These
</comment>	<comment type="line">// are correct if and only if the initial value of Kp, Ki and Kd
</comment>	<comment type="line">// (see pid.c and DC_MatlabCopyPID.cpp) are, respectively, -1.0, 1.0
</comment>	<comment type="line">// and 1.0. The value of the time step shall be 0.25.
</comment>	<decl_stmt><decl><type><name>const</name> <name>TD_Float</name></type>  <name><name>expectedResults</name>[]</name>=<init><expr><block>{<expr>(<name>TD_Float</name>)3.0</expr>,<expr>(<name>TD_Float</name>)-0.75</expr>,
                                       <expr>(<name>TD_Float</name>)3.0</expr>,<expr>(<name>TD_Float</name>)-1.0</expr>,<expr>(<name>TD_Float</name>)0.25</expr>}</block></expr></init></decl>;</decl_stmt>
	<decl_stmt><decl><type><name>const</name> <name>TD_Float</name> *</type><name>pRes</name>             =<init><expr><name>expectedResults</name></expr></init></decl>;</decl_stmt>

	<comment type="line">// Set the input to a fixed value and verify that
</comment>	<comment type="line">// the model is invoked and properly working.
</comment>	<comment type="line">// Initially the parameters are left at their default
</comment>	<comment type="line">// values (see pid.c and DC_MatlabCopyPID.cpp).
</comment>    <expr_stmt><expr><name>pMPID</name>-&gt;<macro>setInput<argument_list>(0,(TD_Float)1.0)</argument_list></macro></expr>;</expr_stmt>

	<expr_stmt><expr><name>pMPID</name>-&gt;<call><name>propagate</name><argument_list>()</argument_list></call></expr>;</expr_stmt>
	<if>if <condition>(<expr><call><name>fabsf</name><argument_list>(<argument><expr><name>pMPID</name>-&gt;<call><name>getOutput</name><argument_list>(<argument><expr>0</expr></argument>)</argument_list></call>-*<name>pRes</name>++</expr></argument>)</argument_list></call>&gt;=<name>FLT_EPSILON</name></expr>)</condition><then> <block>{
		<expr_stmt><expr><call><name>setTestResult</name><argument_list>(<argument><expr><name>TEST_FAILURE</name></expr></argument>,<argument><expr>"Control block returned wrong value"</expr></argument>)</argument_list></call></expr>;</expr_stmt>
		<return>return;</return>
	}</block></then></if>

	<expr_stmt><expr><name>pMPID</name>-&gt;<call><name>propagate</name><argument_list>()</argument_list></call></expr>;</expr_stmt>
	<if>if <condition>(<expr><call><name>fabsf</name><argument_list>(<argument><expr><name>pMPID</name>-&gt;<call><name>getOutput</name><argument_list>(<argument><expr>0</expr></argument>)</argument_list></call>-*<name>pRes</name>++</expr></argument>)</argument_list></call>&gt;=<name>FLT_EPSILON</name></expr>)</condition><then> <block>{
		<expr_stmt><expr><call><name>setTestResult</name><argument_list>(<argument><expr><name>TEST_FAILURE</name></expr></argument>,<argument><expr>"Control block returned wrong value"</expr></argument>)</argument_list></call></expr>;</expr_stmt>
		<return>return;</return>
	}</block></then></if>

	<comment type="line">// Let's reset the model and verify that we get the right output
</comment>	<comment type="line">// value after a propagate.
</comment>	<expr_stmt><expr><name>pMPID</name>-&gt;<call><name>reset</name><argument_list>()</argument_list></call></expr>;</expr_stmt>
	<expr_stmt><expr><name>pMPID</name>-&gt;<call><name>propagate</name><argument_list>()</argument_list></call></expr>;</expr_stmt>
	<if>if <condition>(<expr><call><name>fabsf</name><argument_list>(<argument><expr><name>pMPID</name>-&gt;<call><name>getOutput</name><argument_list>(<argument><expr>0</expr></argument>)</argument_list></call>-*<name>pRes</name>++</expr></argument>)</argument_list></call>&gt;=<name>FLT_EPSILON</name></expr>)</condition><then> <block>{
		<expr_stmt><expr><call><name>setTestResult</name><argument_list>(<argument><expr><name>TEST_FAILURE</name></expr></argument>,<argument><expr>"Control block reset failed"</expr></argument>)</argument_list></call></expr>;</expr_stmt>
		<return>return;</return>
	}</block></then></if>

	<comment type="line">// We now reset the model and set the value of Kd to 0.0f
</comment>	<expr_stmt><expr><name>pMPID</name>-&gt;<call><name>reset</name><argument_list>()</argument_list></call></expr>;</expr_stmt>
	<expr_stmt><expr><name>pMPID</name>-&gt;<macro>setParameter<argument_list>(2,(TD_Float)0.0)</argument_list></macro></expr>;</expr_stmt>
	<expr_stmt><expr><name>pMPID</name>-&gt;<call><name>propagate</name><argument_list>()</argument_list></call></expr>;</expr_stmt>
	<if>if <condition>(<expr><call><name>fabsf</name><argument_list>(<argument><expr><name>pMPID</name>-&gt;<call><name>getOutput</name><argument_list>(<argument><expr>0</expr></argument>)</argument_list></call>-*<name>pRes</name>++</expr></argument>)</argument_list></call>&gt;=<name>FLT_EPSILON</name></expr>)</condition><then> <block>{
		<expr_stmt><expr><call><name>setTestResult</name><argument_list>(<argument><expr><name>TEST_FAILURE</name></expr></argument>,<argument><expr>"Failed to set the D gain"</expr></argument>)</argument_list></call></expr>;</expr_stmt>
		<return>return;</return>
	}</block></then></if>

	<comment type="line">// We do the same with Kp
</comment>	<expr_stmt><expr><name>pMPID</name>-&gt;<call><name>reset</name><argument_list>()</argument_list></call></expr>;</expr_stmt>
	<expr_stmt><expr><name>pMPID</name>-&gt;<macro>setParameter<argument_list>(0,(TD_Float)0.0)</argument_list></macro></expr>;</expr_stmt>
	<expr_stmt><expr><name>pMPID</name>-&gt;<call><name>propagate</name><argument_list>()</argument_list></call></expr>;</expr_stmt>
	<expr_stmt><expr><name>pMPID</name>-&gt;<call><name>propagate</name><argument_list>()</argument_list></call></expr>;</expr_stmt>
	<if>if <condition>(<expr><call><name>fabsf</name><argument_list>(<argument><expr><name>pMPID</name>-&gt;<call><name>getOutput</name><argument_list>(<argument><expr>0</expr></argument>)</argument_list></call>-*<name>pRes</name>++</expr></argument>)</argument_list></call>&gt;=<name>FLT_EPSILON</name></expr>)</condition><then> <block>{
		<expr_stmt><expr><call><name>setTestResult</name><argument_list>(<argument><expr><name>TEST_FAILURE</name></expr></argument>,<argument><expr>"Failed to set the P gain"</expr></argument>)</argument_list></call></expr>;</expr_stmt>
		<return>return;</return>
	}</block></then></if>
<cpp:else>#<cpp:directive>else</cpp:directive></cpp:else>
    <comment type="line">// This is done to prevent the test coverage results from
</comment>    <comment type="line">// degrading when Simulink is not available. These two calls
</comment>    <comment type="line">// become a no-op.
</comment>    <expr_stmt><expr><name>pMPID</name>-&gt;<call><name>propagate</name><argument_list>()</argument_list></call></expr>;</expr_stmt>
    <expr_stmt><expr><name>pMPID</name>-&gt;<call><name>reset</name><argument_list>()</argument_list></call></expr>;</expr_stmt>
<cpp:endif>#<cpp:directive>endif</cpp:directive></cpp:endif>

	<expr_stmt><expr><call><name>setTestResult</name><argument_list>(<argument><expr><name>TEST_SUCCESS</name></expr></argument>,<argument><expr>"Test Successful"</expr></argument>)</argument_list></call></expr>;</expr_stmt>
	<return>return;</return>
}</block></function>
</unit>
