<unit xmlns="http://www.sdml.info/srcML/src" xmlns:cpp="http://www.sdml.info/srcML/cpp">
<comment type="line">//
</comment><comment type="line">// Copyright 2004 P&amp;P Software GmbH - All Rights Reserved
</comment><comment type="line">//
</comment><comment type="line">// TestCaseForbiddenValueProfile_1.cpp
</comment><comment type="line">//
</comment><comment type="line">// Version	1.1
</comment><comment type="line">// Date		11.01.03 (Version 1.0)
</comment><comment type="line">//          01.10.03 (Version 1.1)
</comment><comment type="line">// Author	A. Pasetti (P&amp;P Software), R. Totaro
</comment><comment type="line">//
</comment><comment type="line">// Change Record:
</comment><comment type="line">//   Version 1.1: replaced double and int with TD_Float and TD_Integer
</comment>
<cpp:include>#<cpp:directive>include</cpp:directive> <cpp:file>"../GeneralInclude/CompilerSwitches.h"</cpp:file></cpp:include>
<cpp:include>#<cpp:directive>include</cpp:directive> <cpp:file>"../GeneralInclude/ClassId.h"</cpp:file></cpp:include>
<cpp:include>#<cpp:directive>include</cpp:directive> <cpp:file>"../GeneralInclude/TestConstants.h"</cpp:file></cpp:include>
<cpp:include>#<cpp:directive>include</cpp:directive> <cpp:file>"../GeneralInclude/Constants.h"</cpp:file></cpp:include>
<cpp:include>#<cpp:directive>include</cpp:directive> <cpp:file>"../FDIR/MonitoringProfile.h"</cpp:file></cpp:include>
<cpp:include>#<cpp:directive>include</cpp:directive> <cpp:file>"../FDIR/DC_ForbiddenValueProfile.h"</cpp:file></cpp:include>
<cpp:include>#<cpp:directive>include</cpp:directive> <cpp:file>"TestCaseForbiddenValueProfile_1.h"</cpp:file></cpp:include>

<constructor><name>TestCaseForbiddenValueProfile_1::TestCaseForbiddenValueProfile_1</name><parameter_list>(<param><decl><type><name>void</name></type></decl></param>)</parameter_list> <member_list>:
	<call><name>TestCaseGenericSetUp</name><argument_list>(<argument><expr><name>ID_FORBIDDENVALUEPROFILE</name>*10+1</expr></argument>,<argument><expr>"TestCaseForbiddenValueProfile_1"</expr></argument>)</argument_list></call> </member_list><block>{
		<return>return;</return>
}</block></constructor>

<function><type><name>void</name></type> <name><name>TestCaseForbiddenValueProfile_1</name>::<name>runTestCase</name></name><parameter_list>(<param><decl><type><name>void</name></type></decl></param>)</parameter_list> <block>{

   <decl_stmt><decl><type><name>DC_ForbiddenValueProfile</name>*</type> <name>mp</name> =<init> <expr>new <call><name>DC_ForbiddenValueProfile</name><argument_list>()</argument_list></call></expr></init></decl>;</decl_stmt>

   <comment type="line">// Check the value of the class identifier
</comment>   <if>if <condition>( <expr><name>mp</name>-&gt;<call><name>getClassId</name><argument_list>()</argument_list></call> != <name>ID_FORBIDDENVALUEPROFILE</name></expr> )</condition><then>
   <block>{    <expr_stmt><expr><call><name>setTestResult</name><argument_list>(<argument><expr><name>TEST_FAILURE</name></expr></argument>, <argument><expr>"Wrong class identifier"</expr></argument>)</argument_list></call></expr>;</expr_stmt>
        <return>return;</return>
   }</block></then></if>

   <comment type="line">// Set the forbidden value
</comment>   <decl_stmt><decl><type><name>TD_Integer</name></type> <name>fv</name> =<init> <expr>10</expr></init></decl>;</decl_stmt>
   <expr_stmt><expr><name>mp</name>-&gt;<call><name>setForbiddenValue</name><argument_list>(<argument><expr><name>fv</name></expr></argument>)</argument_list></call></expr>;</expr_stmt>
   <if>if <condition>( <expr><name>mp</name>-&gt;<call><name>getForbiddenValue</name><argument_list>()</argument_list></call> != <name>fv</name></expr> )</condition><then>
   <block>{    <expr_stmt><expr><call><name>setTestResult</name><argument_list>(<argument><expr><name>TEST_FAILURE</name></expr></argument>, <argument><expr>"Wrong forbidden value"</expr></argument>)</argument_list></call></expr>;</expr_stmt>
        <return>return;</return>
   }</block></then></if>

   <comment type="line">// Check monitoring check for a case with "no deviation from profile"
</comment>   <if>if <condition>( <expr><name>mp</name>-&gt;<macro>deviatesFromProfile<argument_list>((TD_Integer)(fv+1))</argument_list></macro></expr> )</condition><then>
   <block>{    <expr_stmt><expr><call><name>setTestResult</name><argument_list>(<argument><expr><name>TEST_FAILURE</name></expr></argument>, <argument><expr>"Wrong monitoring check result"</expr></argument>)</argument_list></call></expr>;</expr_stmt>
        <return>return;</return>
   }</block></then></if>

   <comment type="line">// Check monitoring check for a case with "deviation from profile"
</comment>   <if>if <condition>( <expr>!<name>mp</name>-&gt;<call><name>deviatesFromProfile</name><argument_list>(<argument><expr><name>fv</name></expr></argument>)</argument_list></call></expr> )</condition><then>
   <block>{    <expr_stmt><expr><call><name>setTestResult</name><argument_list>(<argument><expr><name>TEST_FAILURE</name></expr></argument>, <argument><expr>"Wrong monitoring check result"</expr></argument>)</argument_list></call></expr>;</expr_stmt>
        <return>return;</return>
   }</block></then></if>

   <comment type="line">// Disable monitoring profile and repeat check
</comment>   <expr_stmt><expr><name>mp</name>-&gt;<call><name>setEnabled</name><argument_list>(<argument><expr><name>DISABLED</name></expr></argument>)</argument_list></call></expr>;</expr_stmt>
   <if>if <condition>( <expr><name>mp</name>-&gt;<call><name>deviatesFromProfile</name><argument_list>(<argument><expr><name>fv</name></expr></argument>)</argument_list></call></expr> )</condition><then>
   <block>{    <expr_stmt><expr><call><name>setTestResult</name><argument_list>(<argument><expr><name>TEST_FAILURE</name></expr></argument>, <argument><expr>"Wrong monitoring check result"</expr></argument>)</argument_list></call></expr>;</expr_stmt>
        <return>return;</return>
   }</block></then></if>
   <expr_stmt><expr><name>mp</name>-&gt;<call><name>setEnabled</name><argument_list>(<argument><expr><name>ENABLED</name></expr></argument>)</argument_list></call></expr>;</expr_stmt>

   <comment type="line">// Check monitoring check for real-valued argument
</comment>   <if>if <condition>(<expr><call><name>isNonNominalCheckAllowed</name><argument_list>()</argument_list></call></expr>)</condition><then> <block>{
        <if>if <condition>( <expr>!<name>mp</name>-&gt;<macro>deviatesFromProfile<argument_list>((TD_Float)1.0)</argument_list></macro></expr> )</condition><then>
        <block>{    <expr_stmt><expr><call><name>setTestResult</name><argument_list>(<argument><expr><name>TEST_FAILURE</name></expr></argument>, <argument><expr>"Wrong monitoring check result for real-valued argument"</expr></argument>)</argument_list></call></expr>;</expr_stmt>
             <return>return;</return>
        }</block></then></if>
   }</block></then></if>

   <expr_stmt><expr><call><name>setTestResult</name><argument_list>(<argument><expr><name>TEST_SUCCESS</name></expr></argument>,<argument><expr>"Test Successful"</expr></argument>)</argument_list></call></expr>;</expr_stmt>
   <return>return;</return>

}</block></function>
</unit>
