<unit xmlns="http://www.sdml.info/srcML/src" xmlns:cpp="http://www.sdml.info/srcML/cpp">
<comment type="line">//
</comment><comment type="line">// Copyright 2004 P&amp;P Software GmbH - All Rights Reserved
</comment><comment type="line">//
</comment><comment type="line">// TestCaseDummyDataPoolControlBlock_1.h
</comment><comment type="line">//
</comment><comment type="line">// Version	1.0
</comment><comment type="line">// Date		31.10.03 (Version 1.0)
</comment><comment type="line">// Author	R. Totaro
</comment><comment type="line">//
</comment><comment type="line">// Change Record:
</comment>
<cpp:ifndef>#<cpp:directive>ifndef</cpp:directive> <name>TestCaseDummyDataPoolControlBlock_1H</name></cpp:ifndef>
<cpp:define>#<cpp:directive>define</cpp:directive> <name>TestCaseDummyDataPoolControlBlock_1H</name></cpp:define>

<cpp:include>#<cpp:directive>include</cpp:directive> <cpp:file>"../Utilities/TestCaseWithEvtCheck.h"</cpp:file></cpp:include>

<comment type="block">/**
 * Check the services implemented by the &lt;code&gt;DataPoolControlBlock&lt;/code&gt; class.
 * Since this class is abstract, the check is performed upon
 * its concrete subclass &lt;code&gt;DC_DummyDataPoolControlBlock&lt;/code&gt;. One instance
 * of this class is created and the following checks are performed upon it:&lt;ol&gt;
 * &lt;li&gt;The correctness of the class identifier is verified.&lt;/li&gt;
 * &lt;li&gt;The number of states, inputs, outputs and parameters read
 * with the getter methods and it is checked that their values are correct.&lt;/li&gt;
 * &lt;li&gt;The control block's inputs and outputs are linked to a previously configured
 * &lt;code&gt;DC_BasicDataPool&lt;/code&gt; object and it is verified that the control block
 * is configured only when all inputs and outputs are linked.&lt;/li&gt;
 * &lt;li&gt;&lt;code&gt;reset()&lt;/code&gt; is called and it is verified that the initial values of
 * the state variables are correctly set.&lt;/li&gt;
 * &lt;li&gt;The parameter values are set and the correctness of their values is checked.&lt;/li&gt;
 * &lt;li&gt;The input values are set and &lt;code&gt;propagate()&lt;/code&gt; is invoked. It is
 * verified that both state and outputs are properly updated.&lt;/li&gt;
 * &lt;li&gt;The state values are set and the correctness of their values is checked.&lt;/li&gt;
 * &lt;/ol&gt;
 * The following tests are performed only if the non nominal checks are allowed:
 * &lt;ol&gt;
 * &lt;li&gt;An attempt is made to link an input with an illegal index and it is
 * checked that the correct event is generated.&lt;/li&gt;
 * &lt;li&gt;An attempt is made to link an output with an illegal index and it is
 * checked that the correct event is generated.&lt;/li&gt;
 * &lt;li&gt;An attempt is made to set a state value with an illegal index and it is
 * checked that the correct event is generated.&lt;/li&gt;
 * &lt;li&gt;An attempt is made to set a parameter value with an illegal index and
 * it is  checked that the correct event is generated.&lt;/li&gt;
 * &lt;/ol&gt;
 * @see DC_DummyDataPoolControlBlock
 * @see DataPoolControlBlock
 * @author Roberto Totaro
 * @version 1.0
 */</comment>
<class>class <name>TestCaseDummyDataPoolControlBlock_1</name> <super>: <specifier>public</specifier> <name>TestCaseWithEvtCheck</name></super> <block>{<private type="default">
</private><public>public:
	<comment type="block">/**
	 * Set the identifier and the name of the test case to, respectively,
	 * ID_DUMMYDATAPOOLCONTROLBLOCK*10+1 and "TestCaseDummyDataPoolControlBlock_1".
	 */</comment>
	<constructor_decl><name>TestCaseDummyDataPoolControlBlock_1</name><parameter_list>(<param><decl><type><name>void</name></type></decl></param>)</parameter_list>;</constructor_decl>

	<comment type="block">/**
	 * Execute the test case. See class comment for details.
	 */</comment>
	<function_decl><type><name>virtual</name> <name>void</name></type> <name>runTestCase</name><parameter_list>(<param><decl><type><name>void</name></type></decl></param>)</parameter_list>;</function_decl>
</public>}</block>;</class>
<cpp:endif>#<cpp:directive>endif</cpp:directive></cpp:endif>
</unit>
