<unit xmlns="http://www.sdml.info/srcML/src" xmlns:cpp="http://www.sdml.info/srcML/cpp">
<comment type="line">//
</comment><comment type="line">// Copyright 2004 P&amp;P Software GmbH - All Rights Reserved
</comment><comment type="line">//
</comment><comment type="line">// TestCaseTelemetryManager_2.cpp
</comment><comment type="line">//
</comment><comment type="line">// Version	1.1
</comment><comment type="line">// Date		04.03.04
</comment><comment type="line">// Author	A. Pasetti (P&amp;P Software)
</comment>
<cpp:include>#<cpp:directive>include</cpp:directive> <cpp:file>"../GeneralInclude/CompilerSwitches.h"</cpp:file></cpp:include>
<cpp:include>#<cpp:directive>include</cpp:directive> <cpp:file>"../GeneralInclude/ClassId.h"</cpp:file></cpp:include>
<cpp:include>#<cpp:directive>include</cpp:directive> <cpp:file>"../GeneralInclude/TestConstants.h"</cpp:file></cpp:include>
<cpp:include>#<cpp:directive>include</cpp:directive> <cpp:file>"../GeneralInclude/Constants.h"</cpp:file></cpp:include>
<cpp:include>#<cpp:directive>include</cpp:directive> <cpp:file>"../Base/CC_RootObject.h"</cpp:file></cpp:include>
<cpp:include>#<cpp:directive>include</cpp:directive> <cpp:file>"../Event/DC_EventRepository.h"</cpp:file></cpp:include>
<cpp:include>#<cpp:directive>include</cpp:directive> <cpp:file>"../Telemetry/DC_SimpleTelemetryModeManager.h"</cpp:file></cpp:include>
<cpp:include>#<cpp:directive>include</cpp:directive> <cpp:file>"../Telemetry/DC_ByteArrayTelemetryStream.h"</cpp:file></cpp:include>
<cpp:include>#<cpp:directive>include</cpp:directive> <cpp:file>"../Telemetry/DC_DummyTelemetryPacket.h"</cpp:file></cpp:include>
<cpp:include>#<cpp:directive>include</cpp:directive> <cpp:file>"../Telemetry/CC_TelemetryManager.h"</cpp:file></cpp:include>
<cpp:include>#<cpp:directive>include</cpp:directive> <cpp:file>"../Telemetry/TelemetryModeManager.h"</cpp:file></cpp:include>
<cpp:include>#<cpp:directive>include</cpp:directive> <cpp:file>"TestCaseTelemetryManager_2.h"</cpp:file></cpp:include>


<constructor><name>TestCaseTelemetryManager_2::TestCaseTelemetryManager_2</name><parameter_list>(<param><decl><type><name>void</name></type></decl></param>)</parameter_list> <member_list>:
	<call><name>TestCaseWithEvtCheck</name><argument_list>(<argument><expr><name>ID_TELEMETRYMANAGER</name>*10+2</expr></argument>,<argument><expr>"TestCaseTelemetryManager_2"</expr></argument>)</argument_list></call> </member_list><block>{
		<return>return;</return>
}</block></constructor>

<function><type><name>void</name></type> <name><name>TestCaseTelemetryManager_2</name>::<name>runTestCase</name></name><parameter_list>(<param><decl><type><name>void</name></type></decl></param>)</parameter_list> <block>{

   <comment type="line">// Retrieve the event repository and the event counter
</comment>   <decl_stmt><decl><type><name>unsigned</name> <name>int</name></type> <name>nEvt</name> =<init> <expr><call><name>getNumberOfEvents</name><argument_list>()</argument_list></call></expr></init></decl>;</decl_stmt>

   <comment type="line">// Create the telemetry manager
</comment>   <decl_stmt><decl><type><name>CC_TelemetryManager</name>*</type> <name>pTm</name> =<init> <expr>new <call><name>CC_TelemetryManager</name><argument_list>()</argument_list></call></expr></init></decl>;</decl_stmt>

   <comment type="line">// Create and configure the dummy telemetry packets
</comment>   <decl_stmt><decl><type><name>unsigned</name> <name>char</name></type> <name>d11</name> =<init> <expr>11</expr></init></decl>;</decl_stmt>
   <decl_stmt><decl><type><name>unsigned</name> <name>char</name></type> <name>d12</name> =<init> <expr>12</expr></init></decl>;</decl_stmt>
   <decl_stmt><decl><type><name>unsigned</name> <name>char</name></type> <name>d21</name> =<init> <expr>21</expr></init></decl>;</decl_stmt>
   <decl_stmt><decl><type><name>unsigned</name> <name>char</name></type> <name>d22</name> =<init> <expr>22</expr></init></decl>;</decl_stmt>
   <decl_stmt><decl><type><name>DC_DummyTelemetryPacket</name>*</type> <name>pTW1</name> =<init> <expr>new <call><name>DC_DummyTelemetryPacket</name><argument_list>()</argument_list></call></expr></init></decl>;</decl_stmt>
   <decl_stmt><decl><type><name>DC_DummyTelemetryPacket</name>*</type> <name>pTW2</name> =<init> <expr>new <call><name>DC_DummyTelemetryPacket</name><argument_list>()</argument_list></call></expr></init></decl>;</decl_stmt>
   <expr_stmt><expr><name>pTW1</name>-&gt;<call><name>setNumberOfBytes</name><argument_list>(<argument><expr>2</expr></argument>)</argument_list></call></expr>;</expr_stmt>
   <expr_stmt><expr><name>pTW1</name>-&gt;<call><name>setValue</name><argument_list>(<argument><expr>0</expr></argument>,<argument><expr><name>d11</name></expr></argument>)</argument_list></call></expr>;</expr_stmt>
   <expr_stmt><expr><name>pTW1</name>-&gt;<call><name>setValue</name><argument_list>(<argument><expr>1</expr></argument>,<argument><expr><name>d12</name></expr></argument>)</argument_list></call></expr>;</expr_stmt>
   <expr_stmt><expr><name>pTW2</name>-&gt;<call><name>setNumberOfBytes</name><argument_list>(<argument><expr>2</expr></argument>)</argument_list></call></expr>;</expr_stmt>
   <expr_stmt><expr><name>pTW2</name>-&gt;<call><name>setValue</name><argument_list>(<argument><expr>0</expr></argument>,<argument><expr><name>d21</name></expr></argument>)</argument_list></call></expr>;</expr_stmt>
   <expr_stmt><expr><name>pTW2</name>-&gt;<call><name>setValue</name><argument_list>(<argument><expr>1</expr></argument>,<argument><expr><name>d22</name></expr></argument>)</argument_list></call></expr>;</expr_stmt>

   <comment type="line">// Create, configure and load the telemetry mode manager
</comment>   <decl_stmt><decl><type><name>DC_SimpleTelemetryModeManager</name>*</type> <name>pTmMm</name> =<init> <expr>new <call><name>DC_SimpleTelemetryModeManager</name><argument_list>()</argument_list></call></expr></init></decl>;</decl_stmt>
   <expr_stmt><expr><name>pTmMm</name>-&gt;<call><name>setListLength</name><argument_list>(<argument><expr>0</expr></argument>,<argument><expr>2</expr></argument>)</argument_list></call></expr>;</expr_stmt>
   <expr_stmt><expr><name>pTmMm</name>-&gt;<call><name>setListItem</name><argument_list>(<argument><expr>0</expr></argument>,<argument><expr>0</expr></argument>,<argument><expr><name>pTW1</name></expr></argument>)</argument_list></call></expr>;</expr_stmt>
   <expr_stmt><expr><name>pTmMm</name>-&gt;<call><name>setListItem</name><argument_list>(<argument><expr>0</expr></argument>,<argument><expr>1</expr></argument>,<argument><expr><name>pTW2</name></expr></argument>)</argument_list></call></expr>;</expr_stmt>
   <expr_stmt><expr><name>pTmMm</name>-&gt;<call><name>reset</name><argument_list>()</argument_list></call></expr>;</expr_stmt>
   <expr_stmt><expr><name>pTm</name>-&gt;<call><name>setTelemetryModeManager</name><argument_list>(<argument><expr><name>pTmMm</name></expr></argument>)</argument_list></call></expr>;</expr_stmt>

   <comment type="line">// Create, configure and load the telemetry stream
</comment>   <decl_stmt><decl><type><name>unsigned</name> <name>int</name> <name>const</name></type> <name>size</name> =<init> <expr>8</expr></init></decl>;</decl_stmt>
   <decl_stmt><decl><type><name>unsigned</name> <name>char</name></type> <name><name>tmData</name>[<expr><name>size</name></expr>]</name></decl>;</decl_stmt>      <comment type="line">// TM data are written here
</comment>   <for>for (<init><expr><type><name>unsigned</name> <name>int</name></type> <name>i</name>=<init><expr>0</expr></init></expr>;</init> <condition><expr><name>i</name>&lt;<name>size</name></expr>;</condition> <incr><expr><name>i</name>++</expr></incr>)
       <expr_stmt><expr><name><name>tmData</name>[<expr><name>i</name></expr>]</name> = 0</expr>;</expr_stmt></for>
   <decl_stmt><decl><type><name>DC_ByteArrayTelemetryStream</name>*</type> <name>pTmSt</name> =<init> <expr>new <call><name>DC_ByteArrayTelemetryStream</name><argument_list>()</argument_list></call></expr></init></decl>;</decl_stmt>
   <expr_stmt><expr><name>pTmSt</name>-&gt;<call><name>setCapacity</name><argument_list>(<argument><expr><name>size</name></expr></argument>)</argument_list></call></expr>;</expr_stmt>
   <expr_stmt><expr><name>pTmSt</name>-&gt;<call><name>setStartingAddress</name><argument_list>(<argument><expr><name>tmData</name></expr></argument>)</argument_list></call></expr>;</expr_stmt>
   <expr_stmt><expr><name>pTm</name>-&gt;<call><name>setTelemetryStream</name><argument_list>(<argument><expr><name>pTmSt</name></expr></argument>)</argument_list></call></expr>;</expr_stmt>
   <expr_stmt><expr><name>pTm</name>-&gt;<call><name>setImmediateQueueSize</name><argument_list>(<argument><expr>2</expr></argument>)</argument_list></call></expr>;</expr_stmt>

   <comment type="line">// Check that the components are configured
</comment>   <if>if <condition>( <expr>( !<name>pTm</name>-&gt;<call><name>isObjectConfigured</name><argument_list>()</argument_list></call> ) ||
        ( !<name>pTmMm</name>-&gt;<call><name>isObjectConfigured</name><argument_list>()</argument_list></call> ) ||
        ( !<name>pTmSt</name>-&gt;<call><name>isObjectConfigured</name><argument_list>()</argument_list></call> ) ||
        ( !<name>pTW1</name>-&gt;<call><name>isObjectConfigured</name><argument_list>()</argument_list></call> ) ||
        ( !<name>pTW2</name>-&gt;<call><name>isObjectConfigured</name><argument_list>()</argument_list></call> )</expr> )</condition><then>
   <block>{    <expr_stmt><expr><call><name>setTestResult</name><argument_list>(<argument><expr><name>TEST_FAILURE</name></expr></argument>, <argument><expr>"Wrong configuration status"</expr></argument>)</argument_list></call></expr>;</expr_stmt>
        <return>return;</return>
   }</block></then></if>

   <comment type="line">// Reset "in use" status
</comment>   <expr_stmt><expr><name>pTW1</name>-&gt;<call><name>setInUse</name><argument_list>(<argument><expr><name>true</name></expr></argument>)</argument_list></call></expr>;</expr_stmt>
   <expr_stmt><expr><name>pTW2</name>-&gt;<call><name>setInUse</name><argument_list>(<argument><expr><name>true</name></expr></argument>)</argument_list></call></expr>;</expr_stmt>

   <comment type="line">// Load the TM packets, unload them and check success (try to unload pTW2 twice)
</comment>   <if>if <condition>(<expr><name>pTm</name>-&gt;<call><name>isImmediateQueueFull</name><argument_list>()</argument_list></call></expr>)</condition><then>
   <block>{    <expr_stmt><expr><call><name>setTestResult</name><argument_list>(<argument><expr><name>TEST_FAILURE</name></expr></argument>, <argument><expr>"Wrong status of immediate dispatch queue"</expr></argument>)</argument_list></call></expr>;</expr_stmt>
        <return>return;</return>
   }</block></then></if>
   <if>if <condition>(<expr><name>pTm</name>-&gt;<call><name>getImmediateQueueLoaded</name><argument_list>()</argument_list></call>!=0</expr>)</condition><then>
   <block>{    <expr_stmt><expr><call><name>setTestResult</name><argument_list>(<argument><expr><name>TEST_FAILURE</name></expr></argument>, <argument><expr>"Wrong number of entries in immediate dispatch queue"</expr></argument>)</argument_list></call></expr>;</expr_stmt>
        <return>return;</return>
   }</block></then></if>
   <expr_stmt><expr><name>pTm</name>-&gt;<call><name>sendTelemetryPacket</name><argument_list>(<argument><expr><name>pTW1</name></expr></argument>)</argument_list></call></expr>;</expr_stmt>
   <expr_stmt><expr><name>pTm</name>-&gt;<call><name>sendTelemetryPacket</name><argument_list>(<argument><expr><name>pTW2</name></expr></argument>)</argument_list></call></expr>;</expr_stmt>
   <if>if <condition>(<expr><name>pTm</name>-&gt;<call><name>getImmediateQueueLoaded</name><argument_list>()</argument_list></call>!=2</expr>)</condition><then>
   <block>{    <expr_stmt><expr><call><name>setTestResult</name><argument_list>(<argument><expr><name>TEST_FAILURE</name></expr></argument>, <argument><expr>"Wrong number of entries in immediate dispatch queue"</expr></argument>)</argument_list></call></expr>;</expr_stmt>
        <return>return;</return>
   }</block></then></if>
   <if>if <condition>(<expr>!<name>pTm</name>-&gt;<call><name>isImmediateQueueFull</name><argument_list>()</argument_list></call></expr>)</condition><then>
   <block>{    <expr_stmt><expr><call><name>setTestResult</name><argument_list>(<argument><expr><name>TEST_FAILURE</name></expr></argument>, <argument><expr>"Wrong status of immediate dispatch queue"</expr></argument>)</argument_list></call></expr>;</expr_stmt>
        <return>return;</return>
   }</block></then></if>
   <expr_stmt><expr><name>pTm</name>-&gt;<call><name>unloadTelemetryPacket</name><argument_list>(<argument><expr><name>pTW2</name></expr></argument>)</argument_list></call></expr>;</expr_stmt>
   <if>if <condition>(<expr><name>pTm</name>-&gt;<call><name>getImmediateQueueLoaded</name><argument_list>()</argument_list></call>!=1</expr>)</condition><then>
   <block>{    <expr_stmt><expr><call><name>setTestResult</name><argument_list>(<argument><expr><name>TEST_FAILURE</name></expr></argument>, <argument><expr>"Wrong number of entries in immediate dispatch queue"</expr></argument>)</argument_list></call></expr>;</expr_stmt>
        <return>return;</return>
   }</block></then></if>
   <if>if <condition>(<expr><name>pTm</name>-&gt;<call><name>isImmediateQueueFull</name><argument_list>()</argument_list></call></expr>)</condition><then>
   <block>{    <expr_stmt><expr><call><name>setTestResult</name><argument_list>(<argument><expr><name>TEST_FAILURE</name></expr></argument>, <argument><expr>"Wrong status of immediate dispatch queue"</expr></argument>)</argument_list></call></expr>;</expr_stmt>
        <return>return;</return>
   }</block></then></if>
   <expr_stmt><expr><name>pTm</name>-&gt;<call><name>unloadTelemetryPacket</name><argument_list>(<argument><expr><name>pTW2</name></expr></argument>)</argument_list></call></expr>;</expr_stmt>
   <if>if <condition>(<expr><name>pTm</name>-&gt;<call><name>getImmediateQueueLoaded</name><argument_list>()</argument_list></call>!=1</expr>)</condition><then>
   <block>{    <expr_stmt><expr><call><name>setTestResult</name><argument_list>(<argument><expr><name>TEST_FAILURE</name></expr></argument>, <argument><expr>"Wrong number of entries in immediate dispatch queue"</expr></argument>)</argument_list></call></expr>;</expr_stmt>
        <return>return;</return>
   }</block></then></if>
   <expr_stmt><expr><name>pTm</name>-&gt;<call><name>unloadTelemetryPacket</name><argument_list>(<argument><expr><name>pTW1</name></expr></argument>)</argument_list></call></expr>;</expr_stmt>
   <if>if <condition>(<expr><name>pTm</name>-&gt;<call><name>getImmediateQueueLoaded</name><argument_list>()</argument_list></call>!=0</expr>)</condition><then>
   <block>{    <expr_stmt><expr><call><name>setTestResult</name><argument_list>(<argument><expr><name>TEST_FAILURE</name></expr></argument>, <argument><expr>"Wrong number of entries in immediate dispatch queue"</expr></argument>)</argument_list></call></expr>;</expr_stmt>
        <return>return;</return>
   }</block></then></if>

   <comment type="line">// Activate telemetry manager and check correctness of values sent to TM stream
</comment>   <comment type="line">// (Recall that the values encapsulated in the DC_DummyTelemetryPacket component
</comment>   <comment type="line">// are incremented by 1 every time the component receives an update request)
</comment>   <expr_stmt><expr><name>pTm</name>-&gt;<call><name>activate</name><argument_list>()</argument_list></call></expr>;</expr_stmt>
   <if>if <condition>( <expr>( <name><name>tmData</name>[<expr>0</expr>]</name> != <name>d11</name>+1 ) || ( <name><name>tmData</name>[<expr>1</expr>]</name> != <name>d12</name>+1 )</expr> )</condition><then>
   <block>{    <expr_stmt><expr><call><name>setTestResult</name><argument_list>(<argument><expr><name>TEST_FAILURE</name></expr></argument>, <argument><expr>"Wrong data written to telemetry stream"</expr></argument>)</argument_list></call></expr>;</expr_stmt>
        <return>return;</return>
   }</block></then></if>
   <if>if <condition>( <expr>( <name><name>tmData</name>[<expr>2</expr>]</name> != <name>d21</name>+1 ) || ( <name><name>tmData</name>[<expr>3</expr>]</name> != <name>d22</name>+1 )</expr> )</condition><then>
   <block>{    <expr_stmt><expr><call><name>setTestResult</name><argument_list>(<argument><expr><name>TEST_FAILURE</name></expr></argument>, <argument><expr>"Wrong data written to telemetry stream"</expr></argument>)</argument_list></call></expr>;</expr_stmt>
        <return>return;</return>
   }</block></then></if>

   <comment type="line">// Check that "in use" status has not been changed
</comment>   <if>if <condition>( <expr>!<name>pTW1</name>-&gt;<call><name>isInUse</name><argument_list>()</argument_list></call></expr> )</condition><then>
   <block>{    <expr_stmt><expr><call><name>setTestResult</name><argument_list>(<argument><expr><name>TEST_FAILURE</name></expr></argument>, <argument><expr>"Wrong inUse status"</expr></argument>)</argument_list></call></expr>;</expr_stmt>
        <return>return;</return>
   }</block></then></if>
   <if>if <condition>( <expr>!<name>pTW2</name>-&gt;<call><name>isInUse</name><argument_list>()</argument_list></call></expr> )</condition><then>
   <block>{    <expr_stmt><expr><call><name>setTestResult</name><argument_list>(<argument><expr><name>TEST_FAILURE</name></expr></argument>, <argument><expr>"Wrong inUse status"</expr></argument>)</argument_list></call></expr>;</expr_stmt>
        <return>return;</return>
   }</block></then></if>

   <comment type="line">// Submit telemetry packets for immediate dispatch, activate telemetry manager
</comment>   <comment type="line">// and check that telemetry data are correctly written to telemetry stream
</comment>   <expr_stmt><expr><name>pTm</name>-&gt;<call><name>sendTelemetryPacket</name><argument_list>(<argument><expr><name>pTW1</name></expr></argument>)</argument_list></call></expr>;</expr_stmt>
   <expr_stmt><expr><name>pTm</name>-&gt;<call><name>sendTelemetryPacket</name><argument_list>(<argument><expr><name>pTW2</name></expr></argument>)</argument_list></call></expr>;</expr_stmt>
   <expr_stmt><expr><name>pTm</name>-&gt;<call><name>activate</name><argument_list>()</argument_list></call></expr>;</expr_stmt>
   <if>if <condition>( <expr>( <name><name>tmData</name>[<expr>0</expr>]</name> != <name>d11</name>+2 ) || ( <name><name>tmData</name>[<expr>1</expr>]</name> != <name>d12</name>+2 )</expr> )</condition><then>
   <block>{    <expr_stmt><expr><call><name>setTestResult</name><argument_list>(<argument><expr><name>TEST_FAILURE</name></expr></argument>, <argument><expr>"Wrong data written to telemetry stream"</expr></argument>)</argument_list></call></expr>;</expr_stmt>
        <return>return;</return>
   }</block></then></if>
   <if>if <condition>( <expr>( <name><name>tmData</name>[<expr>2</expr>]</name> != <name>d21</name>+2 ) || ( <name><name>tmData</name>[<expr>3</expr>]</name> != <name>d22</name>+2 )</expr> )</condition><then>
   <block>{    <expr_stmt><expr><call><name>setTestResult</name><argument_list>(<argument><expr><name>TEST_FAILURE</name></expr></argument>, <argument><expr>"Wrong data written to telemetry stream"</expr></argument>)</argument_list></call></expr>;</expr_stmt>
        <return>return;</return>
   }</block></then></if>
   <if>if <condition>( <expr>( <name><name>tmData</name>[<expr>4</expr>]</name> != <name>d11</name>+3 ) || ( <name><name>tmData</name>[<expr>5</expr>]</name> != <name>d12</name>+3 )</expr> )</condition><then>
   <block>{    <expr_stmt><expr><call><name>setTestResult</name><argument_list>(<argument><expr><name>TEST_FAILURE</name></expr></argument>, <argument><expr>"Wrong data written to telemetry stream"</expr></argument>)</argument_list></call></expr>;</expr_stmt>
        <return>return;</return>
   }</block></then></if>
   <if>if <condition>( <expr>( <name><name>tmData</name>[<expr>6</expr>]</name> != <name>d21</name>+3 ) || ( <name><name>tmData</name>[<expr>7</expr>]</name> != <name>d22</name>+3 )</expr> )</condition><then>
   <block>{    <expr_stmt><expr><call><name>setTestResult</name><argument_list>(<argument><expr><name>TEST_FAILURE</name></expr></argument>, <argument><expr>"Wrong data written to telemetry stream"</expr></argument>)</argument_list></call></expr>;</expr_stmt>
        <return>return;</return>
   }</block></then></if>

   <comment type="line">// Check that "in use" status has been set to "not in use"
</comment>   <if>if <condition>( <expr><name>pTW1</name>-&gt;<call><name>isInUse</name><argument_list>()</argument_list></call></expr> )</condition><then>
   <block>{    <expr_stmt><expr><call><name>setTestResult</name><argument_list>(<argument><expr><name>TEST_FAILURE</name></expr></argument>, <argument><expr>"Wrong inUse status"</expr></argument>)</argument_list></call></expr>;</expr_stmt>
        <return>return;</return>
   }</block></then></if>
   <if>if <condition>( <expr><name>pTW2</name>-&gt;<call><name>isInUse</name><argument_list>()</argument_list></call></expr> )</condition><then>
   <block>{    <expr_stmt><expr><call><name>setTestResult</name><argument_list>(<argument><expr><name>TEST_FAILURE</name></expr></argument>, <argument><expr>"Wrong inUse status"</expr></argument>)</argument_list></call></expr>;</expr_stmt>
        <return>return;</return>
   }</block></then></if>

   <comment type="line">// Reset "in use" status
</comment>   <expr_stmt><expr><name>pTW1</name>-&gt;<call><name>setInUse</name><argument_list>(<argument><expr><name>true</name></expr></argument>)</argument_list></call></expr>;</expr_stmt>
   <expr_stmt><expr><name>pTW2</name>-&gt;<call><name>setInUse</name><argument_list>(<argument><expr><name>true</name></expr></argument>)</argument_list></call></expr>;</expr_stmt>

   <comment type="line">// Reset the array where telemetry data are written
</comment>   <for>for (<init><expr><type><name>unsigned</name> <name>int</name></type> <name>i</name>=<init><expr>0</expr></init></expr>;</init> <condition><expr><name>i</name>&lt;<name>size</name></expr>;</condition> <incr><expr><name>i</name>++</expr></incr>)
       <expr_stmt><expr><name><name>tmData</name>[<expr><name>i</name></expr>]</name> = 0</expr>;</expr_stmt></for>

   <comment type="line">// Force the first telemetry packet to be "not valid"
</comment>   <expr_stmt><expr><name>pTW1</name>-&gt;<call><name>setValidStatus</name><argument_list>(<argument><expr><name>NOT_VALID</name></expr></argument>)</argument_list></call></expr>;</expr_stmt>

   <comment type="line">// Activate telemetry manager and check that only the second telemetry packet
</comment>   <comment type="line">// is sent to TM stream
</comment>   <expr_stmt><expr><name>pTm</name>-&gt;<call><name>activate</name><argument_list>()</argument_list></call></expr>;</expr_stmt>
   <if>if <condition>( <expr>( <name><name>tmData</name>[<expr>0</expr>]</name> != <name>d21</name>+4 ) || ( <name><name>tmData</name>[<expr>1</expr>]</name> != <name>d22</name>+4 )</expr> )</condition><then>
   <block>{    <expr_stmt><expr><call><name>setTestResult</name><argument_list>(<argument><expr><name>TEST_FAILURE</name></expr></argument>, <argument><expr>"Wrong data written to telemetry stream"</expr></argument>)</argument_list></call></expr>;</expr_stmt>
        <return>return;</return>
   }</block></then></if>
   <if>if <condition>( <expr>( <name><name>tmData</name>[<expr>2</expr>]</name> != 0 ) || ( <name><name>tmData</name>[<expr>3</expr>]</name> != 0 )</expr> )</condition><then>
   <block>{    <expr_stmt><expr><call><name>setTestResult</name><argument_list>(<argument><expr><name>TEST_FAILURE</name></expr></argument>, <argument><expr>"Wrong data written to telemetry stream"</expr></argument>)</argument_list></call></expr>;</expr_stmt>
        <return>return;</return>
   }</block></then></if>

   <comment type="line">// Check that the correct event was generated
</comment>   <if>if <condition>( <expr>!<call><name>verifyLatestEvent</name><argument_list>(<argument><expr><name>nEvt</name>+1</expr></argument>,<argument><expr><name>EVT_TM_ITEM_NOT_VALID</name></expr></argument>)</argument_list></call></expr> )</condition><then>
        <return>return;</return></then></if>
   <expr_stmt><expr><name>nEvt</name>++</expr>;</expr_stmt>

   <comment type="line">// Decrease the size of the telemetry stream and make the telemetry
</comment>   <comment type="line">// valid again
</comment>   <expr_stmt><expr><name>pTmSt</name>-&gt;<call><name>setCapacity</name><argument_list>(<argument><expr>3</expr></argument>)</argument_list></call></expr>;</expr_stmt>
   <expr_stmt><expr><name>pTW1</name>-&gt;<call><name>setValidStatus</name><argument_list>(<argument><expr><name>VALID</name></expr></argument>)</argument_list></call></expr>;</expr_stmt>

   <comment type="line">// Activate the telemetry manager and check that the correct event is generated
</comment>   <comment type="line">// (The second telemetry packet should have been rejected)
</comment>   <expr_stmt><expr><name>pTm</name>-&gt;<call><name>activate</name><argument_list>()</argument_list></call></expr>;</expr_stmt>
   <if>if <condition>( <expr>!<call><name>verifyLatestEvent</name><argument_list>(<argument><expr><name>nEvt</name>+1</expr></argument>,<argument><expr><name>EVT_TOO_MANY_TM_BYTES</name></expr></argument> )</argument_list></call></expr> )</condition><then>
        <return>return;</return></then></if>
   <expr_stmt><expr><name>nEvt</name>++</expr>;</expr_stmt>

   <comment type="line">// Reset the array where telemetry data are written, reset the
</comment>   <comment type="line">// size of the telemetry stream, and reset the values of the telemetry packets
</comment>   <expr_stmt><expr><name>pTmSt</name>-&gt;<call><name>setCapacity</name><argument_list>(<argument><expr><name>size</name></expr></argument>)</argument_list></call></expr>;</expr_stmt>
   <expr_stmt><expr><name>pTW1</name>-&gt;<call><name>setValue</name><argument_list>(<argument><expr>0</expr></argument>,<argument><expr><name>d11</name></expr></argument>)</argument_list></call></expr>;</expr_stmt>
   <expr_stmt><expr><name>pTW1</name>-&gt;<call><name>setValue</name><argument_list>(<argument><expr>1</expr></argument>,<argument><expr><name>d12</name></expr></argument>)</argument_list></call></expr>;</expr_stmt>
   <expr_stmt><expr><name>pTW2</name>-&gt;<call><name>setValue</name><argument_list>(<argument><expr>0</expr></argument>,<argument><expr><name>d21</name></expr></argument>)</argument_list></call></expr>;</expr_stmt>
   <expr_stmt><expr><name>pTW2</name>-&gt;<call><name>setValue</name><argument_list>(<argument><expr>1</expr></argument>,<argument><expr><name>d22</name></expr></argument>)</argument_list></call></expr>;</expr_stmt>
   <for>for (<init><expr><type><name>unsigned</name> <name>int</name></type> <name>i</name>=<init><expr>0</expr></init></expr>;</init> <condition><expr><name>i</name>&lt;<name>size</name></expr>;</condition> <incr><expr><name>i</name>++</expr></incr>)
       <expr_stmt><expr><name><name>tmData</name>[<expr><name>i</name></expr>]</name> = 0</expr>;</expr_stmt></for>

   <comment type="line">// Force the first telemetry packet to be "not valid" and submit it for
</comment>   <comment type="line">// immediate dispatch to the telemetry stream. Activate the telemetry manager.
</comment>   <comment type="line">// The immediate dispatch packet should not be written to the telemetry stream.
</comment>   <comment type="line">// Two events should be generated (the telemetry packet is sent twice!)
</comment>   <expr_stmt><expr><name>pTW1</name>-&gt;<call><name>setValidStatus</name><argument_list>(<argument><expr><name>NOT_VALID</name></expr></argument>)</argument_list></call></expr>;</expr_stmt>
   <expr_stmt><expr><name>pTm</name>-&gt;<call><name>sendTelemetryPacket</name><argument_list>(<argument><expr><name>pTW1</name></expr></argument>)</argument_list></call></expr>;</expr_stmt>
   <expr_stmt><expr><name>pTm</name>-&gt;<call><name>activate</name><argument_list>()</argument_list></call></expr>;</expr_stmt>
   <if>if <condition>( <expr>( <name><name>tmData</name>[<expr>4</expr>]</name> != 0 ) || ( <name><name>tmData</name>[<expr>5</expr>]</name> != 0 )</expr> )</condition><then>
   <block>{    <expr_stmt><expr><call><name>setTestResult</name><argument_list>(<argument><expr><name>TEST_FAILURE</name></expr></argument>, <argument><expr>"Wrong data written to telemetry stream"</expr></argument>)</argument_list></call></expr>;</expr_stmt>
        <return>return;</return>
   }</block></then></if>
   <if>if <condition>( <expr>!<call><name>verifyLatestEvent</name><argument_list>(<argument><expr><name>nEvt</name>+2</expr></argument>,<argument><expr><name>EVT_TM_ITEM_NOT_VALID</name></expr></argument>)</argument_list></call></expr> )</condition><then>
        <return>return;</return></then></if>
   <if>if <condition>( <expr>!<call><name>verifySpecificEvent</name><argument_list>(<argument><expr><name>nEvt</name>+1</expr></argument>,<argument><expr><name>EVT_TM_ITEM_NOT_VALID</name></expr></argument>)</argument_list></call></expr> )</condition><then>
        <return>return;</return></then></if>
   <expr_stmt><expr><name>nEvt</name>++</expr>;</expr_stmt>
   <expr_stmt><expr><name>nEvt</name>++</expr>;</expr_stmt>

   <comment type="line">// Check that "in use" status of pTW1 has been set to "not in use"
</comment>   <if>if <condition>( <expr><name>pTW1</name>-&gt;<call><name>isInUse</name><argument_list>()</argument_list></call></expr> )</condition><then>
   <block>{    <expr_stmt><expr><call><name>setTestResult</name><argument_list>(<argument><expr><name>TEST_FAILURE</name></expr></argument>, <argument><expr>"Wrong inUse status"</expr></argument>)</argument_list></call></expr>;</expr_stmt>
        <return>return;</return>
   }</block></then></if>
   <if>if <condition>( <expr>!<name>pTW2</name>-&gt;<call><name>isInUse</name><argument_list>()</argument_list></call></expr> )</condition><then>
   <block>{    <expr_stmt><expr><call><name>setTestResult</name><argument_list>(<argument><expr><name>TEST_FAILURE</name></expr></argument>, <argument><expr>"Wrong inUse status"</expr></argument>)</argument_list></call></expr>;</expr_stmt>
        <return>return;</return>
   }</block></then></if>

   <comment type="line">// Reset "in use" status
</comment>   <expr_stmt><expr><name>pTW1</name>-&gt;<call><name>setInUse</name><argument_list>(<argument><expr><name>true</name></expr></argument>)</argument_list></call></expr>;</expr_stmt>
   <expr_stmt><expr><name>pTW2</name>-&gt;<call><name>setInUse</name><argument_list>(<argument><expr><name>true</name></expr></argument>)</argument_list></call></expr>;</expr_stmt>

   <comment type="line">// Reset the array where telemetry data are written
</comment>   <for>for (<init><expr><type><name>unsigned</name> <name>int</name></type> <name>i</name>=<init><expr>0</expr></init></expr>;</init> <condition><expr><name>i</name>&lt;<name>size</name></expr>;</condition> <incr><expr><name>i</name>++</expr></incr>)
       <expr_stmt><expr><name><name>tmData</name>[<expr><name>i</name></expr>]</name> = 0</expr>;</expr_stmt></for>

   <comment type="line">// Decrease the size of the telemetry stream to make it too small for the
</comment>   <comment type="line">// telemetry packet, make the telemetry valid again, and resubmit for sending
</comment>   <comment type="line">// to the TM stream
</comment>   <comment type="line">// Nothing should be written to the TM stream and two events should be generated
</comment>   <comment type="line">// (one for the repetitive packet and one for the immediate dispatch packet)
</comment>   <expr_stmt><expr><name>pTmSt</name>-&gt;<call><name>setCapacity</name><argument_list>(<argument><expr>1</expr></argument>)</argument_list></call></expr>;</expr_stmt>
   <expr_stmt><expr><name>pTW1</name>-&gt;<call><name>setValidStatus</name><argument_list>(<argument><expr><name>VALID</name></expr></argument>)</argument_list></call></expr>;</expr_stmt>
   <expr_stmt><expr><name>pTm</name>-&gt;<call><name>sendTelemetryPacket</name><argument_list>(<argument><expr><name>pTW1</name></expr></argument>)</argument_list></call></expr>;</expr_stmt>
   <expr_stmt><expr><name>pTm</name>-&gt;<call><name>activate</name><argument_list>()</argument_list></call></expr>;</expr_stmt>
   <if>if <condition>( <expr>( <name><name>tmData</name>[<expr>0</expr>]</name> != 0 ) || ( <name><name>tmData</name>[<expr>1</expr>]</name> != 0 )</expr> )</condition><then>
   <block>{    <expr_stmt><expr><call><name>setTestResult</name><argument_list>(<argument><expr><name>TEST_FAILURE</name></expr></argument>, <argument><expr>"Wrong data written to telemetry stream"</expr></argument>)</argument_list></call></expr>;</expr_stmt>
        <return>return;</return>
   }</block></then></if>
   <if>if <condition>( <expr>!<call><name>verifyLatestEvent</name><argument_list>(<argument><expr><name>nEvt</name>+2</expr></argument>,<argument><expr><name>EVT_TOO_MANY_TM_BYTES</name></expr></argument>)</argument_list></call></expr> )</condition><then>
        <return>return;</return></then></if>
   <if>if <condition>( <expr>!<call><name>verifySpecificEvent</name><argument_list>(<argument><expr><name>nEvt</name>+1</expr></argument>,<argument><expr><name>EVT_TOO_MANY_TM_BYTES</name></expr></argument>)</argument_list></call></expr> )</condition><then>
        <return>return;</return></then></if>
   <expr_stmt><expr><name>nEvt</name>++</expr>;</expr_stmt>
   <expr_stmt><expr><name>nEvt</name>++</expr>;</expr_stmt>

   <comment type="line">// Check that "in use" status of pTW1 has been set to "not in use"
</comment>   <if>if <condition>( <expr><name>pTW1</name>-&gt;<call><name>isInUse</name><argument_list>()</argument_list></call></expr> )</condition><then>
   <block>{    <expr_stmt><expr><call><name>setTestResult</name><argument_list>(<argument><expr><name>TEST_FAILURE</name></expr></argument>, <argument><expr>"Wrong inUse status"</expr></argument>)</argument_list></call></expr>;</expr_stmt>
        <return>return;</return>
   }</block></then></if>
   <if>if <condition>( <expr>!<name>pTW2</name>-&gt;<call><name>isInUse</name><argument_list>()</argument_list></call></expr> )</condition><then>
   <block>{    <expr_stmt><expr><call><name>setTestResult</name><argument_list>(<argument><expr><name>TEST_FAILURE</name></expr></argument>, <argument><expr>"Wrong inUse status"</expr></argument>)</argument_list></call></expr>;</expr_stmt>
        <return>return;</return>
   }</block></then></if>

   <comment type="line">// Reset "in use" status
</comment>   <expr_stmt><expr><name>pTW1</name>-&gt;<call><name>setInUse</name><argument_list>(<argument><expr><name>true</name></expr></argument>)</argument_list></call></expr>;</expr_stmt>
   <expr_stmt><expr><name>pTW2</name>-&gt;<call><name>setInUse</name><argument_list>(<argument><expr><name>true</name></expr></argument>)</argument_list></call></expr>;</expr_stmt>
   <comment type="line">// Try to submit three packets for immediate dispatch (the capacity of the
</comment>   <comment type="line">// imemdiate dispatch queue is 2) and check that the correct event is generated
</comment>   <expr_stmt><expr><name>pTm</name>-&gt;<call><name>sendTelemetryPacket</name><argument_list>(<argument><expr><name>pTW1</name></expr></argument>)</argument_list></call></expr>;</expr_stmt>
   <expr_stmt><expr><name>pTm</name>-&gt;<call><name>sendTelemetryPacket</name><argument_list>(<argument><expr><name>pTW1</name></expr></argument>)</argument_list></call></expr>;</expr_stmt>
   <expr_stmt><expr><name>pTm</name>-&gt;<call><name>sendTelemetryPacket</name><argument_list>(<argument><expr><name>pTW1</name></expr></argument>)</argument_list></call></expr>;</expr_stmt>
   <if>if <condition>( <expr>!<call><name>verifyLatestEvent</name><argument_list>(<argument><expr><name>nEvt</name>+1</expr></argument>,<argument><expr><name>EVT_TM_QUEUE_FULL</name></expr></argument>)</argument_list></call></expr> )</condition><then>
        <return>return;</return></then></if>
   <expr_stmt><expr><name>nEvt</name>++</expr>;</expr_stmt>

   <expr_stmt><expr><call><name>setTestResult</name><argument_list>(<argument><expr><name>TEST_SUCCESS</name></expr></argument>,<argument><expr>"Test Successful"</expr></argument>)</argument_list></call></expr>;</expr_stmt>
   <return>return;</return>
}</block></function>
</unit>
