<unit xmlns="http://www.sdml.info/srcML/src" xmlns:cpp="http://www.sdml.info/srcML/cpp">
<comment type="line">//
</comment><comment type="line">// Copyright 2004 P&amp;P Software GmbH - All Rights Reserved
</comment><comment type="line">//
</comment><comment type="line">// TestCaseTestPUSConfigurableManoeuvre_1.h
</comment><comment type="line">//
</comment><comment type="line">// Version	1.0
</comment><comment type="line">// Date		12.02.04 (Version 1.0)
</comment><comment type="line">// Author	A. Pasetti (P&amp;P Software)
</comment>
<cpp:ifndef>#<cpp:directive>ifndef</cpp:directive> <name>TestCaseTestPUSConfigurableManoeuvre_1H</name></cpp:ifndef>
<cpp:define>#<cpp:directive>define</cpp:directive> <name>TestCaseTestPUSConfigurableManoeuvre_1H</name></cpp:define>

<cpp:include>#<cpp:directive>include</cpp:directive> <cpp:file>"../Utilities/TestCaseWithEvtCheck.h"</cpp:file></cpp:include>

<comment type="block">/**
 * Verify the services implemented by the
 * &lt;code&gt;DC_TestPUSConfigurableManoeuvre&lt;/code&gt;. One instance
 * of this class is created and the following tests are performed
 * upon it: &lt;ol&gt;
 * &lt;li&gt;The correctness of the class identified is verified.&lt;/li&gt;
 * &lt;li&gt;It is verified that the action counters are equal to zero at
 * creation.&lt;/li&gt;
 * &lt;li&gt;The default values of the start, completion and progress acknowledge flags 
 * verified.&lt;/li&gt;
 * &lt;li&gt;The values of the start, completion and progress acknowledge flags 
 * are updated and it is verified that the update operation is successful.&lt;/li&gt;
 * &lt;li&gt;The value of the telecommand identifier is set and read back and it is
 * verified that the read-back value is correct.&lt;/li&gt;
 * &lt;li&gt;The manoeuvre is put in use it is verified that its
 * start check returns "manoeuvre cannot start".&lt;/li&gt;
 * &lt;li&gt;The initialization action is performed and it is verified that
 * the initialization action counter is incremented by one and that the
 * correct event is generated.&lt;/li&gt;
 * &lt;li&gt;The continuation action is performed and it is verified that
 * the continuation action counter is incremented by one.&lt;/li&gt;
 * &lt;li&gt;It is verified that the continuation check returns "manoeuvre
 * cannot continue".&lt;/li&gt;
 * &lt;li&gt;It is verified that the termination check returns "manoeuvre
 * cannot terminate".&lt;/li&gt;
 * &lt;li&gt;The termination action is executed and it is verfied that the
 * termination action counter is incremented by one.&lt;/li&gt;
 * &lt;li&gt;The configurable return values of the manoeuvre checks are
 * inverted through method &lt;code&gt;setCheckStatus&lt;/code&gt;. A complete
 * execution cycle for the manoeuvre is executed again (initialization,
 * one continuation action, termination) and it is verified that the
 * return values of the manoeuvre checks reflect the new settings.&lt;/li&gt;
 * &lt;/ol&gt;
 * @see DC_TestPUSConfigurableManoeuvre
 * @see Manoeuvre
 * @author Alessandro Pasetti (P&amp;P Software GmbH)
 * @version 1.0
 */</comment>
<class>class <name>TestCaseTestPUSConfigurableManoeuvre_1</name> <super>: <specifier>public</specifier> <name>TestCaseWithEvtCheck</name></super> <block>{<private type="default">

  </private><public>public :
    <comment type="block">/**
     * Set the identifier and the name of the test case to, respectively,
     * ID_TESTPUSCONFIGURABLEMANOEUVRE*10+1 and "TestCaseTestPUSConfigurableManoeuvre_1".
     */</comment>
	<constructor_decl><name>TestCaseTestPUSConfigurableManoeuvre_1</name><parameter_list>(<param><decl><type><name>void</name></type></decl></param>)</parameter_list>;</constructor_decl>

    <comment type="block">/**
     * Execute the test case. See class comment for details.
     */</comment>
	<function_decl><type><name>virtual</name> <name>void</name></type> <name>runTestCase</name><parameter_list>(<param><decl><type><name>void</name></type></decl></param>)</parameter_list>;</function_decl>
</public>}</block>;</class>

<cpp:endif>#<cpp:directive>endif</cpp:directive></cpp:endif>
</unit>
