<unit xmlns="http://www.sdml.info/srcML/src" xmlns:cpp="http://www.sdml.info/srcML/cpp">
<comment type="line">//
</comment><comment type="line">// Copyright 2004 P&amp;P Software GmbH - All Rights Reserved
</comment><comment type="line">//
</comment><comment type="line">// TestCaseManoeuvreManager_2.cpp
</comment><comment type="line">//
</comment><comment type="line">// Version	1.0
</comment><comment type="line">// Date		08.05.03
</comment><comment type="line">// Author	R. Totaro
</comment>
<cpp:include>#<cpp:directive>include</cpp:directive> <cpp:file>"TestCaseManoeuvreManager_2.h"</cpp:file></cpp:include>
<cpp:include>#<cpp:directive>include</cpp:directive> <cpp:file>"../GeneralInclude/ClassId.h"</cpp:file></cpp:include>
<cpp:include>#<cpp:directive>include</cpp:directive> <cpp:file>"../GeneralInclude/Constants.h"</cpp:file></cpp:include>
<cpp:include>#<cpp:directive>include</cpp:directive> <cpp:file>"../GeneralInclude/CompilerSwitches.h"</cpp:file></cpp:include>
<cpp:include>#<cpp:directive>include</cpp:directive> <cpp:file>"../Manoeuvre/DC_DummyConfigurableManoeuvre.h"</cpp:file></cpp:include>
<cpp:include>#<cpp:directive>include</cpp:directive> <cpp:file>"../Manoeuvre/CC_ManoeuvreManager.h"</cpp:file></cpp:include>

<decl_stmt><decl><type><name>static</name> <name>const</name> <name>int</name></type> <name>nMan</name>=<init><expr>5</expr></init></decl>;</decl_stmt>
<decl_stmt><decl><type><name>static</name> <name>const</name> <name>int</name></type> <name>maxActivations</name>=<init><expr>100</expr></init></decl>;</decl_stmt>
<decl_stmt><decl><type><name>static</name> <name>const</name> struct {
	unsigned int continueToFalse;
	unsigned int finishedToTrue;
}</type> <name><name>manoeuvreStateChange</name>[<expr><name>nMan</name></expr>]</name>=<init><expr><block>{
	<expr><block>{ <expr>5</expr>,<expr>4</expr>}</block></expr>,  <comment type="line">// Manouvre finishes after 4 calls to doContinue()
</comment>	<expr><block>{ <expr>4</expr>,<expr>3</expr>}</block></expr>,  <comment type="line">// Manouvre finishes after 3 calls to doContinue()
</comment>	<expr><block>{ <expr>6</expr>,<expr>7</expr>}</block></expr>,  <comment type="line">// Continuation flag set to false after 6 calls to doContinue()
</comment>	<expr><block>{<expr>10</expr>,<expr>9</expr>}</block></expr>,  <comment type="line">// Manouvre finishes after 9 calls to doContinue()
</comment>	<expr><block>{ <expr>8</expr>,<expr>9</expr>}</block></expr>   <comment type="line">// Continuation flag set to false after 6 calls to doContinue()
</comment>}</block></expr></init></decl>;</decl_stmt>
<decl_stmt><decl><type><name>static</name> <name>const</name> struct {
	int          activation;
	TD_EventType eventType;
	unsigned int offset;
}</type> <name><name>expectedEvent</name>[<expr><name>nMan</name></expr>]</name>=<init><expr><block>{
	<expr><block>{ <expr>4</expr>,<expr><name>EVT_MAN_TERMINATED</name></expr>,<expr>2*<name>nMan</name>+1</expr>}</block></expr>,
	<expr><block>{ <expr>5</expr>,<expr><name>EVT_MAN_TERMINATED</name></expr>,<expr>2*<name>nMan</name>+3</expr>}</block></expr>,
	<expr><block>{ <expr>7</expr>,<expr><name>EVT_MAN_ABORTED</name></expr>,   <expr>2*<name>nMan</name>+5</expr>}</block></expr>,
	<expr><block>{ <expr>9</expr>,<expr><name>EVT_MAN_ABORTED</name></expr>,   <expr>2*<name>nMan</name>+7</expr>}</block></expr>,
	<expr><block>{<expr>10</expr>,<expr><name>EVT_MAN_TERMINATED</name></expr>,<expr>2*<name>nMan</name>+9</expr>}</block></expr>
}</block></expr></init></decl>;</decl_stmt>

<constructor><name>TestCaseManoeuvreManager_2::TestCaseManoeuvreManager_2</name><parameter_list>(<param><decl><type><name>void</name></type></decl></param>)</parameter_list> <member_list>:
	<call><name>TestCaseWithEvtCheck</name><argument_list>(<argument><expr><name>ID_MANOEUVREMANAGER</name>*10+2</expr></argument>,<argument><expr>"TestCaseManoeuvreManager_2"</expr></argument>)</argument_list></call> </member_list><block>{
	<return>return;</return>
}</block></constructor>

<function><type><name>void</name></type> <name><name>TestCaseManoeuvreManager_2</name>::<name>runTestCase</name></name><parameter_list>(<param><decl><type><name>void</name></type></decl></param>)</parameter_list> <block>{
    <decl_stmt><decl><type><name>CC_ManoeuvreManager</name>           *</type><name>pMM</name> =<init><expr>new <call><name>CC_ManoeuvreManager</name><argument_list>()</argument_list></call></expr></init></decl>;</decl_stmt>
    <decl_stmt><decl><type><name>const</name> <name>unsigned</name> <name>int</name></type>             <name>nEvt</name>=<init><expr><name>this</name>-&gt;<call><name>getNumberOfEvents</name><argument_list>()</argument_list></call></expr></init></decl>;</decl_stmt>
	<decl_stmt><decl><type><name>DC_DummyConfigurableManoeuvre</name> *</type><name><name>pDCM</name>[<expr><name>nMan</name></expr>]</name></decl>;</decl_stmt>

	<comment type="line">// Initialize the manoeuvre manager
</comment>	<expr_stmt><expr><name>pMM</name>-&gt;<call><name>setPendingManoeuvreListSize</name><argument_list>(<argument><expr><name>nMan</name></expr></argument>)</argument_list></call></expr>;</expr_stmt>

	<comment type="line">// Allocate, load and set the start and continuation flag of the nMan manoeuvres
</comment>	<for>for (<init><expr><type><name>int</name></type> <name>i</name>=<init><expr>0</expr></init></expr>;</init><condition><expr><name>i</name>&lt;<name>nMan</name></expr>;</condition><incr><expr><name>i</name>++</expr></incr>) <block>{
		<expr_stmt><expr><name><name>pDCM</name>[<expr><name>i</name></expr>]</name>=new <call><name>DC_DummyConfigurableManoeuvre</name><argument_list>()</argument_list></call></expr>;</expr_stmt>
        <expr_stmt><expr><name><name>pDCM</name>[<expr><name>i</name></expr>]</name>-&gt;<call><name>setInUse</name><argument_list>(<argument><expr><name>true</name></expr></argument>)</argument_list></call></expr>;</expr_stmt>
		<expr_stmt><expr><name>pMM</name>-&gt;<call><name>load</name><argument_list>(<argument><expr><name><name>pDCM</name>[<expr><name>i</name></expr>]</name></expr></argument>)</argument_list></call></expr>;</expr_stmt>
        <expr_stmt><expr><name><name>pDCM</name>[<expr><name>i</name></expr>]</name>-&gt;<call><name>setStartCheckStatus</name><argument_list>(<argument><expr><name>MAN_CAN_START</name></expr></argument>)</argument_list></call></expr>;</expr_stmt>
        <expr_stmt><expr><name><name>pDCM</name>[<expr><name>i</name></expr>]</name>-&gt;<call><name>setContinuationCheckStatus</name><argument_list>(<argument><expr><name>MAN_CAN_CONTINUE</name></expr></argument>)</argument_list></call></expr>;</expr_stmt>
        <expr_stmt><expr><name><name>pDCM</name>[<expr><name>i</name></expr>]</name>-&gt;<call><name>setTerminationCheckStatus</name><argument_list>(<argument><expr><name>MAN_HAS_NOT_TERMINATED</name></expr></argument>)</argument_list></call></expr>;</expr_stmt>
	}</block></for>

	<comment type="line">// Invoke once the activate method and verify that the manoeuvres
</comment>	<comment type="line">// have been initialized and that doContinue() has been called.
</comment>	<expr_stmt><expr><name>pMM</name>-&gt;<call><name>activate</name><argument_list>()</argument_list></call></expr>;</expr_stmt>
	<for>for (<init><expr><type><name>int</name></type> <name>i</name>=<init><expr>0</expr></init></expr>;</init><condition><expr><name>i</name>&lt;<name>nMan</name></expr>;</condition><incr><expr><name>i</name>++</expr></incr>) <block>{
		<if>if <condition>(<expr><name><name>pDCM</name>[<expr><name>i</name></expr>]</name>-&gt;<call><name>getInitializationActionCounter</name><argument_list>()</argument_list></call>!=1</expr>)</condition><then> <block>{
			<expr_stmt><expr><call><name>setTestResult</name><argument_list>(<argument><expr><name>TEST_FAILURE</name></expr></argument>,<argument><expr>"Failed to initialize the manoeuvres"</expr></argument>)</argument_list></call></expr>;</expr_stmt>
			<return>return;</return>
		}</block></then></if>

		<if>if <condition>(<expr><name><name>pDCM</name>[<expr><name>i</name></expr>]</name>-&gt;<call><name>getContinuationActionCounter</name><argument_list>()</argument_list></call>!=1</expr>)</condition><then> <block>{
			<expr_stmt><expr><call><name>setTestResult</name><argument_list>(<argument><expr><name>TEST_FAILURE</name></expr></argument>,<argument><expr>"Failed to call doContinue()"</expr></argument>)</argument_list></call></expr>;</expr_stmt>
			<return>return;</return>
		}</block></then></if>
	}</block></for>

	<comment type="line">// Now let's loop until all the manoeuvres have finished or the
</comment>	<comment type="line">// maximum number of activations has been reached.
</comment>	<comment type="line">// The initial value is 1: pMM-&gt;activate() has already been called once.
</comment>	<decl_stmt><decl><type><name>int</name></type> <name>activationCalls</name>=<init><expr>1</expr></init></decl>;</decl_stmt>

	<do>do <block>{
		<comment type="line">// Update the manoeuvres' status
</comment>		<for>for (<init><expr><type><name>int</name></type> <name>i</name>=<init><expr>0</expr></init></expr>;</init><condition><expr><name>i</name>&lt;<name>nMan</name></expr>;</condition><incr><expr><name>i</name>++</expr></incr>) <block>{
			<if>if <condition>(<expr><name><name>pDCM</name>[<expr><name>i</name></expr>]</name>-&gt;<call><name>isInUse</name><argument_list>()</argument_list></call></expr>)</condition><then> <block>{
				<decl_stmt><decl><type><name>unsigned</name> <name>int</name></type> <name>n</name>=<init><expr><name><name>pDCM</name>[<expr><name>i</name></expr>]</name>-&gt;<call><name>getContinuationActionCounter</name><argument_list>()</argument_list></call></expr></init></decl>;</decl_stmt>

				<expr_stmt><expr><name><name>pDCM</name>[<expr><name>i</name></expr>]</name>-&gt;<call><name>setStartCheckStatus</name><argument_list>(<argument><expr><name>MAN_CAN_START</name></expr></argument>)</argument_list></call></expr>;</expr_stmt>
				<expr_stmt><expr><name><name>pDCM</name>[<expr><name>i</name></expr>]</name>-&gt;<call><name>setContinuationCheckStatus</name><argument_list>(<argument><expr>(<name>n</name>&lt;<name><name>manoeuvreStateChange</name>[<expr><name>i</name></expr>]</name>.<name>continueToFalse</name>)</expr></argument>)</argument_list></call></expr>;</expr_stmt>
				<expr_stmt><expr><name><name>pDCM</name>[<expr><name>i</name></expr>]</name>-&gt;<call><name>setTerminationCheckStatus</name><argument_list>(<argument><expr>(<name>n</name>&gt;=<name><name>manoeuvreStateChange</name>[<expr><name>i</name></expr>]</name>.<name>finishedToTrue</name>)</expr></argument>)</argument_list></call></expr>;</expr_stmt>
			}</block></then></if>
		}</block></for>

		<expr_stmt><expr><name>pMM</name>-&gt;<call><name>activate</name><argument_list>()</argument_list></call></expr>;</expr_stmt>
		<expr_stmt><expr><name>activationCalls</name>++</expr>;</expr_stmt>

		<for>for (<init><expr><type><name>int</name></type> <name>i</name>=<init><expr>0</expr></init></expr>;</init><condition><expr><name>i</name>&lt;<name>nMan</name></expr>;</condition><incr><expr><name>i</name>++</expr></incr>) <block>{
			<comment type="line">// Verify that all the manoeuvres in use have been scheduled
</comment>			<if>if <condition>(<expr><name><name>pDCM</name>[<expr><name>i</name></expr>]</name>-&gt;<call><name>isInUse</name><argument_list>()</argument_list></call></expr>)</condition><then> <block>{
				<if>if <condition>(<expr><name><name>pDCM</name>[<expr><name>i</name></expr>]</name>-&gt;<call><name>getContinuationActionCounter</name><argument_list>()</argument_list></call>!=<name>activationCalls</name></expr>)</condition><then> <block>{
					<expr_stmt><expr><call><name>setTestResult</name><argument_list>(<argument><expr><name>TEST_FAILURE</name></expr></argument>,<argument><expr>"Failed to call doContinue()"</expr></argument>)</argument_list></call></expr>;</expr_stmt>
					<return>return;</return>
				}</block></then></if>
			}</block></then></if>

			<comment type="line">// Now we verify that the manoeuvre has been terminated/aborted
</comment>			<comment type="line">// (depending on its status) and unloaded from the manoeuvre manager.
</comment>			<comment type="line">// The easiest way to do this is to look in the event repository for
</comment>			<comment type="line">// the corresponding events.
</comment>			<if>if <condition>(<expr><name><name>expectedEvent</name>[<expr><name>i</name></expr>]</name>.<name>activation</name>==<name>activationCalls</name> &amp;&amp;
				(!<call><name>verifySpecificEvent</name><argument_list>(<argument><expr><name>nEvt</name>+<name><name>expectedEvent</name>[<expr><name>i</name></expr>]</name>.<name>offset</name></expr></argument>,
									  <argument><expr><name><name>expectedEvent</name>[<expr><name>i</name></expr>]</name>.<name>eventType</name></expr></argument>)</argument_list></call> ||
				 !<call><name>verifyLatestEvent</name><argument_list>(<argument><expr><name>nEvt</name>+<name><name>expectedEvent</name>[<expr><name>i</name></expr>]</name>.<name>offset</name>+1</expr></argument>,
									<argument><expr><name>EVT_MAN_UNLOADED</name></expr></argument>)</argument_list></call>)</expr>)</condition><then> <block>{
				<return>return;</return>
			}</block></then></if>
		}</block></for>
	}</block> while <condition>(<expr><name>pMM</name>-&gt;<call><name>getPendingManoeuvres</name><argument_list>()</argument_list></call>&gt;0 &amp;&amp; <name>activationCalls</name>&lt;<name>maxActivations</name></expr>)</condition>;</do>

	<if>if <condition>(<expr><name>activationCalls</name>==<name>maxActivations</name></expr>)</condition><then> <block>{
		<expr_stmt><expr><call><name>setTestResult</name><argument_list>(<argument><expr><name>TEST_FAILURE</name></expr></argument>,<argument><expr>"Maximum number of activations reached"</expr></argument>)</argument_list></call></expr>;</expr_stmt>
		<return>return;</return>
	}</block></then></if>

	<expr_stmt><expr><call><name>setTestResult</name><argument_list>(<argument><expr><name>TEST_SUCCESS</name></expr></argument>,<argument><expr>"Test Successful"</expr></argument>)</argument_list></call></expr>;</expr_stmt>
	<return>return;</return>
}</block></function>
</unit>
