<unit xmlns="http://www.sdml.info/srcML/src" xmlns:cpp="http://www.sdml.info/srcML/cpp">
<comment type="line">//
</comment><comment type="line">// Copyright 2004 P&amp;P Software GmbH - All Rights Reserved
</comment><comment type="line">//
</comment><comment type="line">// TestCasePunctualActionManager_1.h
</comment><comment type="line">//
</comment><comment type="line">// Version	1.0
</comment><comment type="line">// Date		30.09.03
</comment><comment type="line">// Author	R. Totaro
</comment>
<cpp:ifndef>#<cpp:directive>ifndef</cpp:directive> <name>TestCasePunctualActionManager_1H</name></cpp:ifndef>
<cpp:define>#<cpp:directive>define</cpp:directive> <name>TestCasePunctualActionManager_1H</name></cpp:define>

<cpp:include>#<cpp:directive>include</cpp:directive> <cpp:file>"../Utilities/TestCaseGenericSetUp.h"</cpp:file></cpp:include>

<comment type="block">/**
 * Verify the services offered by the punctual action manager as implemented
 * by the &lt;code&gt;CC_PunctualActionManager&lt;/code&gt; class.
 * An instance of this class is created and the following tests are performed:&lt;ol&gt;
 * &lt;li&gt;The correctness of the class id is verified.&lt;/li&gt;
 * &lt;li&gt;It is verified that the newly created object is not configured and that
 * &lt;code&gt;getPunctualActionModeManager()&lt;/code&gt; returns a null pointer.&lt;/li&gt;
 * &lt;li&gt;The &lt;code&gt;setPunctualActionModeManager()&lt;/code&gt; is invoked with a pointer
 * to a properly configured &lt;code&gt;PunctualActionModeManager&lt;/code&gt; object. It is
 * verified that &lt;code&gt;getPunctualActionModeManager()&lt;/code&gt; returns the correct
 * pointer and that the object is configured.&lt;/li&gt;
 * &lt;li&gt;The &lt;code&gt;activate()&lt;/code&gt; method is invoked twice and it is verified that
 * the activation counters of the &lt;code&gt;DC_DummyPunctualAction&lt;/code&gt; objects in the
 * mode manager list are equal to two.&lt;/li&gt;
 * &lt;/ol&gt;
 * @see CC_PunctualActionManager
 * @see DC_DummyPunctualAction
 * @see DC_SimplePunctualActionModeManager
 * @author Roberto Totaro
 * @version 1.0
 */</comment>
<class>class <name>TestCasePunctualActionManager_1</name> <super>: <specifier>public</specifier> <name>TestCaseGenericSetUp</name></super> <block>{<private type="default">
</private><public>public:
	<comment type="block">/**
	 * Set the identifier and the name of the test case to, respectively,
	 * ID_PUNCTUALACTIONMANAGER*10+1 and "TestCasePunctualActionManager_1".
	 */</comment>
	<constructor_decl><name>TestCasePunctualActionManager_1</name><parameter_list>(<param><decl><type><name>void</name></type></decl></param>)</parameter_list>;</constructor_decl>

	<comment type="block">/**
	 * Execute the test case. See class comment for details.
	 */</comment>
	<function_decl><type><name>virtual</name> <name>void</name></type> <name>runTestCase</name><parameter_list>(<param><decl><type><name>void</name></type></decl></param>)</parameter_list>;</function_decl>
</public>}</block>;</class>

<cpp:endif>#<cpp:directive>endif</cpp:directive></cpp:endif>
</unit>
