<unit xmlns="http://www.sdml.info/srcML/src" xmlns:cpp="http://www.sdml.info/srcML/cpp">
<comment type="line">//
</comment><comment type="line">// Copyright 2004 P&amp;P Software GmbH - All Rights Reserved
</comment><comment type="line">//
</comment><comment type="line">// TestCaseDummyConditionalPunctualAction_1.h
</comment><comment type="line">//
</comment><comment type="line">// Version	1.0
</comment><comment type="line">// Date		04.06.03 (Version 1.0)
</comment><comment type="line">// Author	R. Totaro
</comment>
<cpp:ifndef>#<cpp:directive>ifndef</cpp:directive> <name>TestCaseDummyConditionalPunctualAction_1H</name></cpp:ifndef>
<cpp:define>#<cpp:directive>define</cpp:directive> <name>TestCaseDummyConditionalPunctualAction_1H</name></cpp:define>

<cpp:include>#<cpp:directive>include</cpp:directive> <cpp:file>"../Utilities/TestCaseGenericSetUp.h"</cpp:file></cpp:include>

<comment type="block">/**
 * Verify the services of conditional punctual actions. One
 * &lt;code&gt;DC_DummyConditionalPunctualAction&lt;/code&gt; object is created and the following
 * tests are performed upon it: &lt;ol&gt;
 * &lt;li&gt;The correctness of the class identifier is verified.&lt;/li&gt;
 * &lt;li&gt;The execution flag is set to &lt;code&gt;false&lt;/code&gt; and an &lt;code&gt;execute&lt;/code&gt; request
 * is made on the conditional punctual action. It is verified that the outcome is
 * &lt;code&gt;ACTION_CANNOT_EXECUTE&lt;/code&gt;.&lt;/li&gt;
 * &lt;li&gt;The execution flag is set to &lt;code&gt;true&lt;/code&gt; and an &lt;code&gt;execute&lt;/code&gt; request
 * is made on the conditional punctual action. It is verified that the outcome is
 * &lt;code&gt;ACTION_SUCCESS&lt;/code&gt;.&lt;/li&gt;
 * &lt;/ol&gt;
 * @see DC_DummyConditionalPunctualAction
 * @see ConditionalPunctualAction
 * @author Roberto Totaro
 * @version 1.0
 */</comment>
<class>class <name>TestCaseDummyConditionalPunctualAction_1</name> <super>: <specifier>public</specifier> <name>TestCaseGenericSetUp</name></super> <block>{<private type="default">
</private><public>public:
	<comment type="block">/**
	 * Set the identifier and the name of the test case to, respectively,
	 * ID_DUMMYCONDITIONALPUNCTUALACTION*10+1 and "TestCaseDummyConditionalPunctualAction_1".
	 */</comment>
	<constructor_decl><name>TestCaseDummyConditionalPunctualAction_1</name><parameter_list>(<param><decl><type><name>void</name></type></decl></param>)</parameter_list>;</constructor_decl>

	<comment type="block">/**
	 * Execute the test case. See class comment for details.
	 */</comment>
	<function_decl><type><name>virtual</name> <name>void</name></type> <name>runTestCase</name><parameter_list>(<param><decl><type><name>void</name></type></decl></param>)</parameter_list>;</function_decl>
</public>}</block>;</class>
<cpp:endif>#<cpp:directive>endif</cpp:directive></cpp:endif>
</unit>
