<unit xmlns="http://www.sdml.info/srcML/src" xmlns:cpp="http://www.sdml.info/srcML/cpp">
<comment type="line">//
</comment><comment type="line">// Copyright 2004 P&amp;P Software GmbH - All Rights Reserved
</comment><comment type="line">//
</comment><comment type="line">// TestCaseDummyCriticalTelecommand_2.cpp
</comment><comment type="line">//
</comment><comment type="line">// Version	1.0
</comment><comment type="line">// Date		17.06.03
</comment><comment type="line">// Author	R. Totaro
</comment>
<cpp:include>#<cpp:directive>include</cpp:directive> <cpp:file>"../GeneralInclude/CompilerSwitches.h"</cpp:file></cpp:include>
<cpp:include>#<cpp:directive>include</cpp:directive> <cpp:file>"../GeneralInclude/ClassId.h"</cpp:file></cpp:include>
<cpp:include>#<cpp:directive>include</cpp:directive> <cpp:file>"../GeneralInclude/Constants.h"</cpp:file></cpp:include>
<cpp:include>#<cpp:directive>include</cpp:directive> <cpp:file>"../GeneralInclude/TestConstants.h"</cpp:file></cpp:include>
<cpp:include>#<cpp:directive>include</cpp:directive> <cpp:file>"../System/DC_DummyObsClock.h"</cpp:file></cpp:include>
<cpp:include>#<cpp:directive>include</cpp:directive> <cpp:file>"../Telecommand/DC_DummyCriticalTelecommand.h"</cpp:file></cpp:include>
<cpp:include>#<cpp:directive>include</cpp:directive> <cpp:file>"TestCaseDummyCriticalTelecommand_2.h"</cpp:file></cpp:include>

<constructor><name>TestCaseDummyCriticalTelecommand_2::TestCaseDummyCriticalTelecommand_2</name><parameter_list>(<param><decl><type><name>void</name></type></decl></param>)</parameter_list> <member_list>:
	<call><name>TestCaseWithEvtCheck</name><argument_list>(<argument><expr><name>ID_DUMMYCRITICALTELECOMMAND</name>*10+2</expr></argument>,
						 <argument><expr>"TestCaseDummyCriticalTelecommand_2"</expr></argument>)</argument_list></call> </member_list><block>{
	<return>return;</return>
}</block></constructor>

<function><type><name>void</name></type> <name><name>TestCaseDummyCriticalTelecommand_2</name>::<name>runTestCase</name></name><parameter_list>(<param><decl><type><name>void</name></type></decl></param>)</parameter_list> <block>{
	<decl_stmt><decl><type><name>const</name> <name>TD_ObsTime</name></type>             <name>timeTag</name>         =<init><expr>0</expr></init></decl>;</decl_stmt>
	<decl_stmt><decl><type><name>const</name> <name>TD_ObsTime</name></type>             <name>maxArmedDuration</name>=<init><expr>10</expr></init></decl>;</decl_stmt>
    <decl_stmt><decl><type><name>const</name> <name>unsigned</name> <name>int</name></type>           <name>nEvt</name>            =<init><expr><call><name>getNumberOfEvents</name><argument_list>()</argument_list></call></expr></init></decl>;</decl_stmt>
	<decl_stmt><decl><type><name>DC_DummyObsClock</name>            *</type><name>pObsClk</name>         =<init><expr>new <call><name>DC_DummyObsClock</name><argument_list>()</argument_list></call></expr></init></decl>;</decl_stmt>
	<decl_stmt><decl><type><name>DC_DummyCriticalTelecommand</name> *</type><name>pTC</name>             =<init><expr>new <call><name>DC_DummyCriticalTelecommand</name><argument_list>()</argument_list></call></expr></init></decl>;</decl_stmt>

	<comment type="line">// Initialize the object, including the base class
</comment>	<expr_stmt><expr><name>pTC</name>-&gt;<call><name>setTimeTag</name><argument_list>(<argument><expr><name>timeTag</name></expr></argument>)</argument_list></call></expr>;</expr_stmt>
	<expr_stmt><expr><name>pTC</name>-&gt;<call><name>setMaxArmedDuration</name><argument_list>(<argument><expr><name>maxArmedDuration</name></expr></argument>)</argument_list></call></expr>;</expr_stmt>
	<expr_stmt><expr><name>pTC</name>-&gt;<call><name>setObsClock</name><argument_list>(<argument><expr><name>pObsClk</name></expr></argument>)</argument_list></call></expr>;</expr_stmt>

    <comment type="line">// First we test the non-critical behaviour
</comment>	<expr_stmt><expr><name>pTC</name>-&gt;<call><name>setCriticalityLevel</name><argument_list>(<argument><expr><name>false</name></expr></argument>)</argument_list></call></expr>;</expr_stmt>

	<comment type="line">// The TC is not critical: canExecute() shall return true
</comment>	<if>if <condition>(<expr>!<name>pTC</name>-&gt;<call><name>canExecute</name><argument_list>()</argument_list></call></expr>)</condition><then> <block>{
		<expr_stmt><expr><call><name>setTestResult</name><argument_list>(<argument><expr><name>TEST_FAILURE</name></expr></argument>,<argument><expr>"Non-critical TC can not be executed"</expr></argument>)</argument_list></call></expr>;</expr_stmt>
		<return>return;</return>
	}</block></then></if>

	<comment type="line">// Executing a non-critical TC should always result in a invocation
</comment>	<comment type="line">// of doCriticalAction().
</comment>	<if>if <condition>(<expr><name>pTC</name>-&gt;<call><name>execute</name><argument_list>()</argument_list></call>!=<name>ACTION_SUCCESS</name></expr>)</condition><then> <block>{
		<expr_stmt><expr><call><name>setTestResult</name><argument_list>(<argument><expr><name>TEST_FAILURE</name></expr></argument>,<argument><expr>"TC execute() failed"</expr></argument>)</argument_list></call></expr>;</expr_stmt>
		<return>return;</return>
	}</block></then></if>

	<if>if <condition>(<expr><name>pTC</name>-&gt;<call><name>getNumberOfExecutions</name><argument_list>()</argument_list></call>!=1</expr>)</condition><then> <block>{
		<expr_stmt><expr><call><name>setTestResult</name><argument_list>(<argument><expr><name>TEST_FAILURE</name></expr></argument>,<argument><expr>"doCriticalAction() not called"</expr></argument>)</argument_list></call></expr>;</expr_stmt>
		<return>return;</return>
	}</block></then></if>

	<comment type="line">// We now make the TC critical. An invocation of canExecute() shall
</comment>	<comment type="line">// return true. A subsequent call to execute() shall arm the TC, set the
</comment>	<comment type="line">// "time when armed" to the current time, add an EVT_CRIT_TC_ARMED to the
</comment>	<comment type="line">// event log and return ACTION_SUCCESS.
</comment>	<expr_stmt><expr><name>pTC</name>-&gt;<call><name>setCriticalityLevel</name><argument_list>(<argument><expr><name>true</name></expr></argument>)</argument_list></call></expr>;</expr_stmt>

	<if>if <condition>(<expr>!<name>pTC</name>-&gt;<call><name>canExecute</name><argument_list>()</argument_list></call></expr>)</condition><then> <block>{
		<expr_stmt><expr><call><name>setTestResult</name><argument_list>(<argument><expr><name>TEST_FAILURE</name></expr></argument>,<argument><expr>"Disarmed, critical TC cannot be executed"</expr></argument>)</argument_list></call></expr>;</expr_stmt>
		<return>return;</return>
	}</block></then></if>

	<if>if <condition>(<expr><name>pTC</name>-&gt;<call><name>execute</name><argument_list>()</argument_list></call>!=<name>ACTION_SUCCESS</name></expr>)</condition><then> <block>{
		<expr_stmt><expr><call><name>setTestResult</name><argument_list>(<argument><expr><name>TEST_FAILURE</name></expr></argument>,<argument><expr>"TC execute() failed"</expr></argument>)</argument_list></call></expr>;</expr_stmt>
		<return>return;</return>
	}</block></then></if>

	<if>if <condition>(<expr>!<name>pTC</name>-&gt;<call><name>isArmed</name><argument_list>()</argument_list></call></expr>)</condition><then> <block>{
		<expr_stmt><expr><call><name>setTestResult</name><argument_list>(<argument><expr><name>TEST_FAILURE</name></expr></argument>,<argument><expr>"Failed to arm TC"</expr></argument>)</argument_list></call></expr>;</expr_stmt>
		<return>return;</return>
	}</block></then></if>

	<if>if <condition>(<expr><name>pTC</name>-&gt;<call><name>getTimeWhenArmed</name><argument_list>()</argument_list></call>!=<name>pObsClk</name>-&gt;<call><name>getTime</name><argument_list>()</argument_list></call></expr>)</condition><then> <block>{
		<expr_stmt><expr><call><name>setTestResult</name><argument_list>(<argument><expr><name>TEST_FAILURE</name></expr></argument>,<argument><expr>"Wrong \"time when armed\""</expr></argument>)</argument_list></call></expr>;</expr_stmt>
		<return>return;</return>
	}</block></then></if>

	<if>if <condition>(<expr>!<call><name>verifySpecificEvent</name><argument_list>(<argument><expr>(<name>nEvt</name>+2)</expr></argument>,<argument><expr><name>EVT_CRIT_TC_ARMED</name></expr></argument>)</argument_list></call></expr>)</condition><then>
		<return>return;</return></then></if>

	<comment type="line">// Invoking isImageValid() on a newly created DC_DummyCriticalTelecommand
</comment>	<comment type="line">// returns false, thus a new call to canExecute() shall return false and add
</comment>	<comment type="line">// an EVT_CRIT_TC_IMG_INV event to the repository with the TC id as parameter.
</comment>	<if>if <condition>(<expr><name>pTC</name>-&gt;<call><name>canExecute</name><argument_list>()</argument_list></call></expr>)</condition><then> <block>{
		<expr_stmt><expr><call><name>setTestResult</name><argument_list>(<argument><expr><name>TEST_FAILURE</name></expr></argument>,<argument><expr>"TC with invalid image can be executed"</expr></argument>)</argument_list></call></expr>;</expr_stmt>
		<return>return;</return>
	}</block></then></if>

	<if>if <condition>(<expr>!<call><name>verifyLatestEvent</name><argument_list>(<argument><expr>(<name>nEvt</name>+4)</expr></argument>,<argument><expr><name>EVT_CRIT_TC_IMG_INV</name></expr></argument>)</argument_list></call></expr>)</condition><then>
		<return>return;</return></then></if>

	<comment type="line">// The arm state shall be unmodifief
</comment>	<if>if <condition>(<expr>!<name>pTC</name>-&gt;<call><name>isArmed</name><argument_list>()</argument_list></call></expr>)</condition><then> <block>{
		<expr_stmt><expr><call><name>setTestResult</name><argument_list>(<argument><expr><name>TEST_FAILURE</name></expr></argument>,<argument><expr>"Unexpected change in arm state"</expr></argument>)</argument_list></call></expr>;</expr_stmt>
		<return>return;</return>
	}</block></then></if>

	<comment type="line">// Reset the TC in order to perform the next test
</comment>	<expr_stmt><expr><name>pTC</name>-&gt;<call><name>reset</name><argument_list>()</argument_list></call></expr>;</expr_stmt>

	<comment type="line">// Verify that reset() did its job
</comment>	<if>if <condition>(<expr><name>pTC</name>-&gt;<call><name>getTimeWhenArmed</name><argument_list>()</argument_list></call>&gt;=0</expr>)</condition><then> <block>{
		<expr_stmt><expr><call><name>setTestResult</name><argument_list>(<argument><expr><name>TEST_FAILURE</name></expr></argument>,<argument><expr>"reset() failed (timeWhenArmed)"</expr></argument>)</argument_list></call></expr>;</expr_stmt>
		<return>return;</return>
	}</block></then></if>

	<if>if <condition>(<expr><name>pTC</name>-&gt;<call><name>isArmed</name><argument_list>()</argument_list></call></expr>)</condition><then> <block>{
		<expr_stmt><expr><call><name>setTestResult</name><argument_list>(<argument><expr><name>TEST_FAILURE</name></expr></argument>,<argument><expr>"reset() failed (isTcArmed)"</expr></argument>)</argument_list></call></expr>;</expr_stmt>
		<return>return;</return>
	}</block></then></if>

	<if>if <condition>(<expr><name>pTC</name>-&gt;<call><name>getMaxArmedDuration</name><argument_list>()</argument_list></call>&gt;=0</expr>)</condition><then> <block>{
		<expr_stmt><expr><call><name>setTestResult</name><argument_list>(<argument><expr><name>TEST_FAILURE</name></expr></argument>,<argument><expr>"reset() failed (maxArmedDuration"</expr></argument>)</argument_list></call></expr>;</expr_stmt>
		<return>return;</return>
	}</block></then></if>

	<comment type="line">// Clearly the TC shall also be re-initialized
</comment>	<expr_stmt><expr><name>pTC</name>-&gt;<call><name>setObsClock</name><argument_list>(<argument><expr><name>pObsClk</name></expr></argument>)</argument_list></call></expr>;</expr_stmt>
	<expr_stmt><expr><name>pTC</name>-&gt;<call><name>setMaxArmedDuration</name><argument_list>(<argument><expr><name>maxArmedDuration</name></expr></argument>)</argument_list></call></expr>;</expr_stmt>

	<comment type="line">// Now the TC is no longer armed. We call execute() to arm it (we know canExecute()
</comment>	<comment type="line">// would return true), set the image validity flag to true and call canExecute()
</comment>	<comment type="line">// a second time. This time it shall return true.
</comment>	<expr_stmt><expr><name>pTC</name>-&gt;<call><name>execute</name><argument_list>()</argument_list></call></expr>;</expr_stmt>
	<expr_stmt><expr><name>pTC</name>-&gt;<call><name>setImageValidity</name><argument_list>(<argument><expr><name>true</name></expr></argument>)</argument_list></call></expr>;</expr_stmt>

	<if>if <condition>(<expr>!<name>pTC</name>-&gt;<call><name>canExecute</name><argument_list>()</argument_list></call></expr>)</condition><then> <block>{
		<expr_stmt><expr><call><name>setTestResult</name><argument_list>(<argument><expr><name>TEST_FAILURE</name></expr></argument>,<argument><expr>"Valid TC can not be executed"</expr></argument>)</argument_list></call></expr>;</expr_stmt>
		<return>return;</return>
	}</block></then></if>

	<comment type="line">// We now call execute() and verify that doCriticalAction() is invoked
</comment>	<comment type="line">// and the TC is disarmed.
</comment>	<expr_stmt><expr><name>pTC</name>-&gt;<call><name>execute</name><argument_list>()</argument_list></call></expr>;</expr_stmt>

	<if>if <condition>(<expr><name>pTC</name>-&gt;<call><name>getNumberOfExecutions</name><argument_list>()</argument_list></call>!=2</expr>)</condition><then> <block>{
		<expr_stmt><expr><call><name>setTestResult</name><argument_list>(<argument><expr><name>TEST_FAILURE</name></expr></argument>,<argument><expr>"doCriticalAction() not called"</expr></argument>)</argument_list></call></expr>;</expr_stmt>
		<return>return;</return>
	}</block></then></if>

	<if>if <condition>(<expr><name>pTC</name>-&gt;<call><name>isArmed</name><argument_list>()</argument_list></call></expr>)</condition><then> <block>{
		<expr_stmt><expr><call><name>setTestResult</name><argument_list>(<argument><expr><name>TEST_FAILURE</name></expr></argument>,<argument><expr>"Call to execute() did not disarm TC"</expr></argument>)</argument_list></call></expr>;</expr_stmt>
		<return>return;</return>
	}</block></then></if>

	<if>if <condition>(<expr><name>pTC</name>-&gt;<call><name>getTimeWhenArmed</name><argument_list>()</argument_list></call>&gt;=0</expr>)</condition><then> <block>{
		<expr_stmt><expr><call><name>setTestResult</name><argument_list>(<argument><expr><name>TEST_FAILURE</name></expr></argument>,<argument><expr>"\"Time when armed\" was not reset"</expr></argument>)</argument_list></call></expr>;</expr_stmt>
		<return>return;</return>
	}</block></then></if>

	<comment type="line">// Finally, we see what happens when a timeout occurs. In this case the image
</comment>	<comment type="line">// validity shall play no role in the test outcome. We test both cases anyway.
</comment>	<comment type="line">// First of all, the TC shall be reset, initialized and re-armed.
</comment>	<expr_stmt><expr><name>pTC</name>-&gt;<call><name>reset</name><argument_list>()</argument_list></call></expr>;</expr_stmt>
	<expr_stmt><expr><name>pTC</name>-&gt;<call><name>setObsClock</name><argument_list>(<argument><expr><name>pObsClk</name></expr></argument>)</argument_list></call></expr>;</expr_stmt>
	<expr_stmt><expr><name>pTC</name>-&gt;<call><name>setMaxArmedDuration</name><argument_list>(<argument><expr><name>maxArmedDuration</name></expr></argument>)</argument_list></call></expr>;</expr_stmt>
	<expr_stmt><expr><name>pTC</name>-&gt;<call><name>execute</name><argument_list>()</argument_list></call></expr>;</expr_stmt>

	<comment type="line">// The image validity is set to true
</comment>	<expr_stmt><expr><name>pTC</name>-&gt;<call><name>setImageValidity</name><argument_list>(<argument><expr><name>true</name></expr></argument>)</argument_list></call></expr>;</expr_stmt>

	<comment type="line">// Then the OBS clock is set to a value such that the TC times out
</comment>	<expr_stmt><expr><name>pObsClk</name>-&gt;<call><name>setTime</name><argument_list>(<argument><expr><name>pTC</name>-&gt;<call><name>getTimeWhenArmed</name><argument_list>()</argument_list></call>+<name>maxArmedDuration</name></expr></argument>)</argument_list></call></expr>;</expr_stmt>
    <expr_stmt><expr><name>pObsClk</name>-&gt;<call><name>setCycle</name><argument_list>(<argument><expr>0</expr></argument>)</argument_list></call></expr>;</expr_stmt>

	<comment type="line">// And it is verified that the TC actually times out and an event is
</comment>	<comment type="line">// reported
</comment>	<if>if <condition>(<expr><name>pTC</name>-&gt;<call><name>canExecute</name><argument_list>()</argument_list></call></expr>)</condition><then> <block>{
		<expr_stmt><expr><call><name>setTestResult</name><argument_list>(<argument><expr><name>TEST_FAILURE</name></expr></argument>,<argument><expr>"Timed-out TC can be executed"</expr></argument>)</argument_list></call></expr>;</expr_stmt>
		<return>return;</return>
	}</block></then></if>

	<if>if <condition>(<expr>!<call><name>verifyLatestEvent</name><argument_list>(<argument><expr>(<name>nEvt</name>+10)</expr></argument>,<argument><expr><name>EVT_CRIT_TC_TIMEOUT</name></expr></argument>)</argument_list></call></expr>)</condition><then>
		<return>return;</return></then></if>

	<comment type="line">// We do the same on a TC with an invalid image
</comment>	<expr_stmt><expr><name>pTC</name>-&gt;<call><name>reset</name><argument_list>()</argument_list></call></expr>;</expr_stmt>
	<expr_stmt><expr><name>pTC</name>-&gt;<call><name>setObsClock</name><argument_list>(<argument><expr><name>pObsClk</name></expr></argument>)</argument_list></call></expr>;</expr_stmt>
	<expr_stmt><expr><name>pTC</name>-&gt;<call><name>setMaxArmedDuration</name><argument_list>(<argument><expr><name>maxArmedDuration</name></expr></argument>)</argument_list></call></expr>;</expr_stmt>
	<expr_stmt><expr><name>pTC</name>-&gt;<call><name>execute</name><argument_list>()</argument_list></call></expr>;</expr_stmt>

	<comment type="line">// The image validity is set to false, this time
</comment>	<expr_stmt><expr><name>pTC</name>-&gt;<call><name>setImageValidity</name><argument_list>(<argument><expr><name>false</name></expr></argument>)</argument_list></call></expr>;</expr_stmt>

	<comment type="line">// The rest is the same as in the previous test
</comment>	<expr_stmt><expr><name>pObsClk</name>-&gt;<call><name>setTime</name><argument_list>(<argument><expr><name>pTC</name>-&gt;<call><name>getTimeWhenArmed</name><argument_list>()</argument_list></call>+<name>maxArmedDuration</name></expr></argument>)</argument_list></call></expr>;</expr_stmt>
    <expr_stmt><expr><name>pObsClk</name>-&gt;<call><name>setCycle</name><argument_list>(<argument><expr>0</expr></argument>)</argument_list></call></expr>;</expr_stmt>

	<if>if <condition>(<expr><name>pTC</name>-&gt;<call><name>canExecute</name><argument_list>()</argument_list></call></expr>)</condition><then> <block>{
		<expr_stmt><expr><call><name>setTestResult</name><argument_list>(<argument><expr><name>TEST_FAILURE</name></expr></argument>,<argument><expr>"Timed-out TC can be executed"</expr></argument>)</argument_list></call></expr>;</expr_stmt>
		<return>return;</return>
	}</block></then></if>

	<if>if <condition>(<expr>!<call><name>verifyLatestEvent</name><argument_list>(<argument><expr>(<name>nEvt</name>+13)</expr></argument>,<argument><expr><name>EVT_CRIT_TC_TIMEOUT</name></expr></argument>)</argument_list></call></expr>)</condition><then>
		<return>return;</return></then></if>

	<expr_stmt><expr><call><name>setTestResult</name><argument_list>(<argument><expr><name>TEST_SUCCESS</name></expr></argument>,<argument><expr>"Test Successful"</expr></argument>)</argument_list></call></expr>;</expr_stmt>
	<return>return;</return>
}</block></function>
</unit>
