<unit xmlns="http://www.sdml.info/srcML/src" xmlns:cpp="http://www.sdml.info/srcML/cpp">
<comment type="line">//
</comment><comment type="line">// Copyright 2004 P&amp;P Software GmbH - All Rights Reserved
</comment><comment type="line">//
</comment><comment type="line">// TestCaseEventRepository_1.cpp
</comment><comment type="line">//
</comment><comment type="line">// Version	1.1
</comment><comment type="line">// Date		18.04.03
</comment><comment type="line">// Author	A. Pasetti (P&amp;P Software)
</comment>
<cpp:include>#<cpp:directive>include</cpp:directive> <cpp:file>"TestCaseEventRepository_1.h"</cpp:file></cpp:include>
<cpp:include>#<cpp:directive>include</cpp:directive> <cpp:file>"../GeneralInclude/CompilerSwitches.h"</cpp:file></cpp:include>
<cpp:include>#<cpp:directive>include</cpp:directive> <cpp:file>"../GeneralInclude/ClassId.h"</cpp:file></cpp:include>
<cpp:include>#<cpp:directive>include</cpp:directive> <cpp:file>"../GeneralInclude/Constants.h"</cpp:file></cpp:include>
<cpp:include>#<cpp:directive>include</cpp:directive> <cpp:file>"../Base/CC_RootObject.h"</cpp:file></cpp:include>
<cpp:include>#<cpp:directive>include</cpp:directive> <cpp:file>"../System/DC_DummyObsClock.h"</cpp:file></cpp:include>
<cpp:include>#<cpp:directive>include</cpp:directive> <cpp:file>"../Event/DC_EventRepository.h"</cpp:file></cpp:include>

<constructor><name>TestCaseEventRepository_1::TestCaseEventRepository_1</name><parameter_list>(<param><decl><type><name>void</name></type></decl></param>)</parameter_list> <member_list>:
	<call><name>TestCaseGenericSetUp</name><argument_list>(<argument><expr><name>ID_EVENTREPOSITORY</name>*10+1</expr></argument>,<argument><expr>"TestCaseEventRepository_1"</expr></argument>)</argument_list></call> </member_list><block>{
		<return>return;</return>
}</block></constructor>

<function><type><name>void</name></type> <name><name>TestCaseEventRepository_1</name>::<name>runTestCase</name></name><parameter_list>(<param><decl><type><name>void</name></type></decl></param>)</parameter_list> <block>{

   <decl_stmt><decl><type><name>DC_EventRepository</name>*</type> <name>pRep</name> =<init> <expr>new <call><name>DC_EventRepository</name><argument_list>()</argument_list></call></expr></init></decl>;</decl_stmt>

   <comment type="line">// Check the correctness of the class identifier
</comment>   <if>if <condition>( <expr>(<name>pRep</name>-&gt;<call><name>getClassId</name><argument_list>()</argument_list></call> != <name>ID_EVENTREPOSITORY</name>)</expr> )</condition><then>
	<block>{	<expr_stmt><expr><call><name>setTestResult</name><argument_list>(<argument><expr><name>TEST_FAILURE</name></expr></argument>,
        <argument><expr>"Wrong class identifier for the event repository class"</expr></argument>)</argument_list></call></expr>;</expr_stmt>
	   <return>return;</return>
	}</block></then></if>

   <comment type="line">// Event repository objects are not configured upon creation
</comment>   <if>if <condition>( <expr>(<name>pRep</name>-&gt;<call><name>isObjectConfigured</name><argument_list>()</argument_list></call> == <name>CONFIGURED</name>)</expr> )</condition><then>
	<block>{	<expr_stmt><expr><call><name>setTestResult</name><argument_list>(<argument><expr><name>TEST_FAILURE</name></expr></argument>,
        <argument><expr>"Wrong event repository configuration status upon repository creation"</expr></argument>)</argument_list></call></expr>;</expr_stmt>
	   <return>return;</return>
	}</block></then></if>

   <comment type="line">// Check the default values of the event repository attributes
</comment>   <if>if <condition>( <expr>!(<name>pRep</name>-&gt;<call><name>isEnabled</name><argument_list>()</argument_list></call>) ||
        (<name>pRep</name>-&gt;<call><name>getCounter</name><argument_list>()</argument_list></call> != 0) ||
        (<name>pRep</name>-&gt;<call><name>getRepositorySize</name><argument_list>()</argument_list></call> != 0)</expr> )</condition><then>
	<block>{	<expr_stmt><expr><call><name>setTestResult</name><argument_list>(<argument><expr><name>TEST_FAILURE</name></expr></argument>,
             <argument><expr>"Wrong default value of event repository attribute"</expr></argument>)</argument_list></call></expr>;</expr_stmt>
		<return>return;</return>
	}</block></then></if>

    <comment type="line">// Check default selective enable status (NB: event types are positive)
</comment>    <for>for (<init><expr><type><name>unsigned</name> <name>int</name></type> <name>i</name>=<init><expr>1</expr></init></expr>;</init> <condition><expr><name>i</name>&lt;=(<name>unsigned</name> <name>int</name>)<name>LAST_EVENT_TYPE</name></expr>;</condition> <incr><expr><name>i</name>++</expr></incr>)
        <if>if <condition>( <expr>!<name>pRep</name>-&gt;<macro>isEnabled<argument_list>((TD_EventType)i)</argument_list></macro></expr> )</condition><then>
	   <block>{	<expr_stmt><expr><call><name>setTestResult</name><argument_list>(<argument><expr><name>TEST_FAILURE</name></expr></argument>,
             <argument><expr>"Wrong default value of selective enable status"</expr></argument>)</argument_list></call></expr>;</expr_stmt>
		    <return>return;</return>
	   }</block></then></if></for>

   <comment type="line">// Load an OBS Clock component
</comment>   <decl_stmt><decl><type><name>DC_DummyObsClock</name>*</type> <name>pClk</name> =<init> <expr>new <call><name>DC_DummyObsClock</name><argument_list>()</argument_list></call></expr></init></decl>;</decl_stmt>
   <expr_stmt><expr><name>pRep</name>-&gt;<call><name>setObsClock</name><argument_list>(<argument><expr><name>pClk</name></expr></argument>)</argument_list></call></expr>;</expr_stmt>

   <comment type="line">// Verify that the OBS Clock was properly loaded
</comment>   <if>if <condition>(<expr><name>pRep</name>-&gt;<call><name>getObsClock</name><argument_list>()</argument_list></call>!=<name>pClk</name></expr>)</condition><then> <block>{
        <expr_stmt><expr><call><name>setTestResult</name><argument_list>(<argument><expr><name>TEST_FAILURE</name></expr></argument>,<argument><expr>"setObsClock() failed."</expr></argument>)</argument_list></call></expr>;</expr_stmt>
        <return>return;</return>
   }</block></then></if>

   <comment type="line">// Initialize the repository size
</comment>   <expr_stmt><expr><name>pRep</name>-&gt;<call><name>setRepositorySize</name><argument_list>(<argument><expr>4</expr></argument>)</argument_list></call></expr>;</expr_stmt>

   <comment type="line">// Event repository should now be configured
</comment>   <if>if <condition>( <expr>(<name>pRep</name>-&gt;<call><name>isObjectConfigured</name><argument_list>()</argument_list></call> == <name>NOT_CONFIGURED</name>)</expr> )</condition><then>
	<block>{	<expr_stmt><expr><call><name>setTestResult</name><argument_list>(<argument><expr><name>TEST_FAILURE</name></expr></argument>,
             <argument><expr>"Wrong event repository configuration status after configuration"</expr></argument>)</argument_list></call></expr>;</expr_stmt>
		<return>return;</return>
	}</block></then></if>

   <comment type="line">// Check repository size
</comment>   <if>if <condition>( <expr><name>pRep</name>-&gt;<call><name>getRepositorySize</name><argument_list>()</argument_list></call> != 4</expr>)</condition><then>
	<block>{	<expr_stmt><expr><call><name>setTestResult</name><argument_list>(<argument><expr><name>TEST_FAILURE</name></expr></argument>,
             <argument><expr>"Wrong value of event repository size"</expr></argument>)</argument_list></call></expr>;</expr_stmt>
		<return>return;</return>
	}</block></then></if>

	<expr_stmt><expr><call><name>setTestResult</name><argument_list>(<argument><expr><name>TEST_SUCCESS</name></expr></argument>,<argument><expr>"Test Successful"</expr></argument>)</argument_list></call></expr>;</expr_stmt>
	<return>return;</return>
}</block></function>
</unit>
