<unit xmlns="http://www.sdml.info/srcML/src" xmlns:cpp="http://www.sdml.info/srcML/cpp">
<comment type="line">//
</comment><comment type="line">// Copyright 2004 P&amp;P Software GmbH - All Rights Reserved
</comment><comment type="line">//
</comment><comment type="line">// TestCaseDummyTelecommandLoader_1.cpp
</comment><comment type="line">//
</comment><comment type="line">// Version	1.1
</comment><comment type="line">// Date		18.04.03
</comment><comment type="line">// Author	A. Pasetti (P&amp;P Software)
</comment>
<cpp:include>#<cpp:directive>include</cpp:directive> <cpp:file>"../GeneralInclude/CompilerSwitches.h"</cpp:file></cpp:include>
<cpp:include>#<cpp:directive>include</cpp:directive> <cpp:file>"../GeneralInclude/ClassId.h"</cpp:file></cpp:include>
<cpp:include>#<cpp:directive>include</cpp:directive> <cpp:file>"../GeneralInclude/TestConstants.h"</cpp:file></cpp:include>
<cpp:include>#<cpp:directive>include</cpp:directive> <cpp:file>"../Telecommand/DC_DummyTelecommand.h"</cpp:file></cpp:include>
<cpp:include>#<cpp:directive>include</cpp:directive> <cpp:file>"../Telecommand/DC_DummyTelecommandLoader.h"</cpp:file></cpp:include>
<cpp:include>#<cpp:directive>include</cpp:directive> <cpp:file>"../Telecommand/CC_TelecommandManager.h"</cpp:file></cpp:include>
<cpp:include>#<cpp:directive>include</cpp:directive> <cpp:file>"../System/DC_DummyObsClock.h"</cpp:file></cpp:include>
<cpp:include>#<cpp:directive>include</cpp:directive> <cpp:file>"../Telecommand/TelecommandLoader.h"</cpp:file></cpp:include>
<cpp:include>#<cpp:directive>include</cpp:directive> <cpp:file>"TestCaseDummyTelecommandLoader_1.h"</cpp:file></cpp:include>

<constructor><name>TestCaseDummyTelecommandLoader_1::TestCaseDummyTelecommandLoader_1</name><parameter_list>(<param><decl><type><name>void</name></type></decl></param>)</parameter_list> <member_list>:
	<call><name>TestCaseGenericSetUp</name><argument_list>(<argument><expr><name>ID_DUMMYTELECOMMANDLOADER</name>*10+1</expr></argument>,<argument><expr>"TestCaseDummyTelecommandLoader_1"</expr></argument>)</argument_list></call> </member_list><block>{
		<return>return;</return>
}</block></constructor>

<function><type><name>void</name></type> <name><name>TestCaseDummyTelecommandLoader_1</name>::<name>runTestCase</name></name><parameter_list>(<param><decl><type><name>void</name></type></decl></param>)</parameter_list> <block>{

   <comment type="line">// Create the dummy telecommand loader
</comment>   <decl_stmt><decl><type><name>DC_DummyTelecommandLoader</name>*</type> <name>pTcl</name> =<init> <expr>new <call><name>DC_DummyTelecommandLoader</name><argument_list>()</argument_list></call></expr></init></decl>;</decl_stmt>

   <comment type="line">// Create and configure a telecommand manager
</comment>   <decl_stmt><decl><type><name>CC_TelecommandManager</name>*</type> <name>pTcm</name> =<init> <expr>new <call><name>CC_TelecommandManager</name><argument_list>()</argument_list></call></expr></init></decl>;</decl_stmt>
   <decl_stmt><decl><type><name>DC_DummyObsClock</name>*</type> <name>pClk</name> =<init> <expr>new <call><name>DC_DummyObsClock</name><argument_list>()</argument_list></call></expr></init></decl>;</decl_stmt>
   <expr_stmt><expr><name>pTcm</name>-&gt;<call><name>setPendingTelecommandListSize</name><argument_list>(<argument><expr>10</expr></argument>)</argument_list></call></expr>;</expr_stmt>
   <expr_stmt><expr><name>pTcm</name>-&gt;<call><name>setObsClock</name><argument_list>(<argument><expr><name>pClk</name></expr></argument>)</argument_list></call></expr>;</expr_stmt>
   <expr_stmt><expr><name>pTcm</name>-&gt;<call><name>setTelecommandLoader</name><argument_list>(<argument><expr><name>pTcl</name></expr></argument>)</argument_list></call></expr>;</expr_stmt>
   <expr_stmt><expr><name>pTcl</name>-&gt;<call><name>setTelecommandManager</name><argument_list>(<argument><expr><name>pTcm</name></expr></argument>)</argument_list></call></expr>;</expr_stmt>

   <comment type="line">// Check the value of the class identifier
</comment>   <if>if <condition>( <expr><name>pTcl</name>-&gt;<call><name>getClassId</name><argument_list>()</argument_list></call> != <name>ID_DUMMYTELECOMMANDLOADER</name></expr> )</condition><then>
   <block>{    <expr_stmt><expr><call><name>setTestResult</name><argument_list>(<argument><expr><name>TEST_FAILURE</name></expr></argument>, <argument><expr>"Wrong class identifier"</expr></argument>)</argument_list></call></expr>;</expr_stmt>
        <return>return;</return>
   }</block></then></if>

   <comment type="line">// Check that the telecommand loader is not configured
</comment>   <if>if <condition>( <expr><name>pTcl</name>-&gt;<call><name>isObjectConfigured</name><argument_list>()</argument_list></call></expr> )</condition><then>
   <block>{    <expr_stmt><expr><call><name>setTestResult</name><argument_list>(<argument><expr><name>TEST_FAILURE</name></expr></argument>, <argument><expr>"Wrong configuration status"</expr></argument>)</argument_list></call></expr>;</expr_stmt>
        <return>return;</return>
   }</block></then></if>

   <comment type="line">// Create, configure and load three sample telecommands
</comment>   <comment type="line">// and verify that the telecommand loader becomes configured
</comment>   <decl_stmt><decl><type><name>DC_DummyTelecommand</name>*</type> <name>pSampleTc1</name> =<init> <expr>new <call><name>DC_DummyTelecommand</name><argument_list>()</argument_list></call></expr></init></decl>;</decl_stmt>
   <decl_stmt><decl><type><name>DC_DummyTelecommand</name>*</type> <name>pSampleTc2</name> =<init> <expr>new <call><name>DC_DummyTelecommand</name><argument_list>()</argument_list></call></expr></init></decl>;</decl_stmt>
   <decl_stmt><decl><type><name>DC_DummyTelecommand</name>*</type> <name>pSampleTc3</name> =<init> <expr>new <call><name>DC_DummyTelecommand</name><argument_list>()</argument_list></call></expr></init></decl>;</decl_stmt>
   <expr_stmt><expr><name>pSampleTc1</name>-&gt;<call><name>setTimeTag</name><argument_list>(<argument><expr>0</expr></argument>)</argument_list></call></expr>;</expr_stmt>
   <expr_stmt><expr><name>pSampleTc2</name>-&gt;<call><name>setTimeTag</name><argument_list>(<argument><expr>0</expr></argument>)</argument_list></call></expr>;</expr_stmt>
   <expr_stmt><expr><name>pSampleTc3</name>-&gt;<call><name>setTimeTag</name><argument_list>(<argument><expr>0</expr></argument>)</argument_list></call></expr>;</expr_stmt>
   <expr_stmt><expr><name>pTcl</name>-&gt;<call><name>setSampleTelecommand</name><argument_list>(<argument><expr>0</expr></argument>,<argument><expr><name>pSampleTc1</name></expr></argument>)</argument_list></call></expr>;</expr_stmt>
   <expr_stmt><expr><name>pTcl</name>-&gt;<call><name>setSampleTelecommand</name><argument_list>(<argument><expr>1</expr></argument>,<argument><expr><name>pSampleTc2</name></expr></argument>)</argument_list></call></expr>;</expr_stmt>
   <expr_stmt><expr><name>pTcl</name>-&gt;<call><name>setSampleTelecommand</name><argument_list>(<argument><expr>2</expr></argument>,<argument><expr><name>pSampleTc3</name></expr></argument>)</argument_list></call></expr>;</expr_stmt>
   <if>if <condition>( <expr>!<name>pTcl</name>-&gt;<call><name>isObjectConfigured</name><argument_list>()</argument_list></call></expr> )</condition><then>
   <block>{    <expr_stmt><expr><call><name>setTestResult</name><argument_list>(<argument><expr><name>TEST_FAILURE</name></expr></argument>, <argument><expr>"Wrong configuration status"</expr></argument>)</argument_list></call></expr>;</expr_stmt>
        <return>return;</return>
   }</block></then></if>

   <comment type="line">// Send two activation requests to the telecommand loader and verify
</comment>   <comment type="line">// increment of allocation counter
</comment>   <expr_stmt><expr><name>pTcl</name>-&gt;<call><name>activate</name><argument_list>()</argument_list></call></expr>;</expr_stmt>
   <expr_stmt><expr><name>pTcl</name>-&gt;<call><name>activate</name><argument_list>()</argument_list></call></expr>;</expr_stmt>
   <if>if <condition>( <expr><name>pTcl</name>-&gt;<call><name>getAllocationCounter</name><argument_list>()</argument_list></call> != 2</expr> )</condition><then>
   <block>{    <expr_stmt><expr><call><name>setTestResult</name><argument_list>(<argument><expr><name>TEST_FAILURE</name></expr></argument>, <argument><expr>"Wrong value of allocation counter"</expr></argument>)</argument_list></call></expr>;</expr_stmt>
        <return>return;</return>
   }</block></then></if>

   <expr_stmt><expr><call><name>setTestResult</name><argument_list>(<argument><expr><name>TEST_SUCCESS</name></expr></argument>,<argument><expr>"Test Successful"</expr></argument>)</argument_list></call></expr>;</expr_stmt>
   <return>return;</return>

}</block></function>
</unit>
