<unit xmlns="http://www.sdml.info/srcML/src" xmlns:cpp="http://www.sdml.info/srcML/cpp">
<comment type="line">//
</comment><comment type="line">// Copyright 2004 P&amp;P Software GmbH - All Rights Reserved
</comment><comment type="line">//
</comment><comment type="line">// TestCaseFsmEvent_1.h
</comment><comment type="line">//
</comment><comment type="line">// Version	1.0
</comment><comment type="line">// Date		02.10.02
</comment><comment type="line">// Author	A. Pasetti (P&amp;P Software)
</comment>
<cpp:ifndef>#<cpp:directive>ifndef</cpp:directive> <name>TestCaseFsmEvent_1H</name></cpp:ifndef>
<cpp:define>#<cpp:directive>define</cpp:directive> <name>TestCaseFsmEvent_1H</name></cpp:define>

<cpp:include>#<cpp:directive>include</cpp:directive> <cpp:file>"../Utilities/TestCaseGenericSetUp.h"</cpp:file></cpp:include>

<comment type="block">/**
 * Verify the functionalities implemented by the
 * &lt;code&gt;DC_FsmEvent&lt;/code&gt; component.
 * An instance of the &lt;code&gt;DC_FsmEvent&lt;/code&gt; is created and the following
 * specific tests are performed upon it: &lt;ol&gt;
 * &lt;li&gt;It is verified that the class ID of the component has the correct value.&lt;/li&gt;
 * &lt;li&gt;It is verified that the FsmEvent is not configured at creation (object
 * configuration service reports
 * "not configured").&lt;/li&gt;
 * &lt;li&gt;A target state is loaded in the FsmEvent and it is verified that
 * the load operation is correctly executed.&lt;/li&gt;
 * &lt;li&gt;A target FSM is loaded in the FsmEvent and it is verified that
 * the load operation is correctly executed.&lt;/li&gt;
 * &lt;li&gt;After the target FSM and target states have been loaded, it is verified
 * that the FsmEvent is configured (object configuration service reports
 * "configured").&lt;/li&gt;
 * &lt;/ol&gt;
 * @see DC_FsmEvent
 * @author Alessandro Pasetti (P&amp;P Software GmbH)
 * @version 1.0
 */</comment>
<class>class <name>TestCaseFsmEvent_1</name> <super>: <specifier>public</specifier> <name>TestCaseGenericSetUp</name></super> <block>{<private type="default">

</private><public>public :

     <comment type="block">/**
      * Set the identifier and the name of the test case to, respectively,
      * ID_OBSFSMEVENT*10+1 and "TestCaseFsmEvent_1".
      */</comment>
     <constructor_decl><name>TestCaseFsmEvent_1</name><parameter_list>(<param><decl><type><name>void</name></type></decl></param>)</parameter_list>;</constructor_decl>

     <comment type="block">/**
      * Execute the test case. See class comment for details.
      */</comment>
	<function_decl><type><name>virtual</name> <name>void</name></type> <name>runTestCase</name><parameter_list>(<param><decl><type><name>void</name></type></decl></param>)</parameter_list>;</function_decl>
</public>}</block>;</class>

<cpp:endif>#<cpp:directive>endif</cpp:directive></cpp:endif>
</unit>
