<unit xmlns="http://www.sdml.info/srcML/src" xmlns:cpp="http://www.sdml.info/srcML/cpp">
<comment type="line">//
</comment><comment type="line">// Copyright 2004 P&amp;P Software GmbH - All Rights Reserved
</comment><comment type="line">//
</comment><comment type="line">// TestCaseTelecommandManager_3.h
</comment><comment type="line">//
</comment><comment type="line">// Version	1.0
</comment><comment type="line">// Date		11.12.02
</comment><comment type="line">// Author	A. Pasetti (P&amp;P Software)
</comment>
<cpp:ifndef>#<cpp:directive>ifndef</cpp:directive> <name>TestCaseTelecommandManager_3H</name></cpp:ifndef>
<cpp:define>#<cpp:directive>define</cpp:directive> <name>TestCaseTelecommandManager_3H</name></cpp:define>

<cpp:include>#<cpp:directive>include</cpp:directive> <cpp:file>"../Utilities/TestCaseGenericSetUp.h"</cpp:file></cpp:include>

<comment type="block">/**
 * Check the non-nominal telecommand execution implemented by the
 * telecommand manager.
 * The test uses an instance of class &lt;code&gt;DC_DummyTelecommandLoader&lt;/code&gt;
 * as a telecommand loader and three instances of class
 * &lt;code&gt;DC_DummyTelecommand&lt;/code&gt; as dummy telecommands.
 * All the telecommands have a time tag equal to zero (immediate execution).
 * The first telecommand is configured to have an execution check that
 * returns "cannot be executed".
 * The second telecommand is configured to have a validity check that
 * returns "telecommand not valid".
 * The telecommand manager is configured with a pending telecommand
 * list size of 2. The test begins by activating the telecommand loader
 * twice to force it to attempt to load the first two dummy telecommands
 * into the telecommand manager. The following specific tests are
 * then executed: &lt;ol&gt;
 * &lt;li&gt;It is verified that the telecommand manager rejects the second
 * telecommand because it fails its validity check.&lt;/li&gt;
 * &lt;li&gt;The telecommand loader is activated two more times and it is
 * verified that the telecommand manager rejects the last load attempt
 * because its pending telecommand list is full.&lt;/li&gt;
 * &lt;li&gt;The telecommand manager is activated and it is verified that
 * the first telecommand is unloaded without being executed because
 * its execution check fails.&lt;/li&gt;
 * &lt;li&gt;It is checked that the allocation counter in the dummy telecommand
 * loader is back to zero.&lt;/li&gt;
 * &lt;li&gt;It is verified that the second telecommand is executed.&lt;/li&gt;
 * &lt;li&gt;The telecommands loader is activated three times and it is verified
 * that two telecommands are loaded in the telecommand manager (the second
 * one is rejected because it fails its validity check).&lt;/li&gt;
 * &lt;li&gt;The telecommands manager is reset and it is verified that the number of
 * pending telecommands goes back to zero.&lt;/li&gt;
 * &lt;li&gt;It is verified that two events EVT_TC_ABORTED have been generated
 * as a result of the reset operation.&lt;/li&gt;
 * &lt;li&gt;It is checked that the allocation counter in the dummy telecommand
 * loader is back to zero.&lt;/li&gt;
 * &lt;li&gt;The telecommands loader is activated three times and it is verified
 * that two telecommands are loaded in the telecommand manager (the second
 * one is rejected because it fails its validity check).&lt;/li&gt;
 * &lt;li&gt;An abort request is sent to the first telecommand identified by its
 * identifier. It is verified that only one pending telecommand is left.&lt;/li&gt;
 * &lt;li&gt;It is checked that the allocation counter in the dummy telecommand
 * loader is equal to 1.&lt;/li&gt;
 * &lt;li&gt;It is checked that one event of type EVT_TC_ABORTED was generated.&lt;/li&gt;
 * &lt;li&gt;An abort request is sent to the third telecommand identified by its
 * pointer. It is verified that there are no pending telecommand left.&lt;/li&gt;
 * &lt;li&gt;It is checked that the allocation counter in the dummy telecommand
 * loader is back to zero.&lt;/li&gt;
 * &lt;li&gt;It is checked that one event of type EVT_TC_ABORTED was generated.&lt;/li&gt;
 * &lt;/ol&gt;
 * @see CC_TelecommandManager
 * @see DC_DummyTelecommand
 * @see DC_DummyTelecommandLoader
 * @author Alessandro Pasetti (P&amp;P Software GmbH)
 * @version 1.0
 */</comment>
<class>class <name>TestCaseTelecommandManager_3</name> <super>: <specifier>public</specifier> <name>TestCaseGenericSetUp</name></super> <block>{<private type="default">

</private><public>public :

     <comment type="block">/**
      * Set the identifier and the name of the test case to, respectively,
      * ID_TELECOMMANDMANAGER*10+3 and "TestCaseTelecommandManager_3".
      */</comment>
     <constructor_decl><name>TestCaseTelecommandManager_3</name><parameter_list>(<param><decl><type><name>void</name></type></decl></param>)</parameter_list>;</constructor_decl>

     <comment type="block">/**
      * Execute the test case. See class comment for details.
      */</comment>
     <function_decl><type><name>virtual</name> <name>void</name></type> <name>runTestCase</name><parameter_list>(<param><decl><type><name>void</name></type></decl></param>)</parameter_list>;</function_decl>
</public>}</block>;</class>

<cpp:endif>#<cpp:directive>endif</cpp:directive></cpp:endif>
</unit>
