<unit xmlns="http://www.sdml.info/srcML/src" xmlns:cpp="http://www.sdml.info/srcML/cpp">
<comment type="line">//
</comment><comment type="line">// Copyright 2004 P&amp;P Software GmbH - All Rights Reserved
</comment><comment type="line">//
</comment><comment type="line">// TestCasePUSMemoryLoadOffset_2.h
</comment><comment type="line">//
</comment><comment type="line">// Version	1.0
</comment><comment type="line">// Date		11.02.04
</comment><comment type="line">// Author	A. Pasetti (P&amp;P Software)
</comment>
<cpp:ifndef>#<cpp:directive>ifndef</cpp:directive> <name>TestCasePUSMemoryLoadOffset_2H</name></cpp:ifndef>
<cpp:define>#<cpp:directive>define</cpp:directive> <name>TestCasePUSMemoryLoadOffset_2H</name></cpp:define>

<cpp:include>#<cpp:directive>include</cpp:directive> <cpp:file>"../Utilities/TestCaseWithEvtCheck.h"</cpp:file></cpp:include>

<comment type="block">/**
 * Check the checksum-related functionalities of the &lt;code&gt;DC_PUSMemoryLoadOffset&lt;/code&gt;
 * class. 
 * One telecommand instance of type &lt;code&gt;DC_PUSMemoryLoadOffset&lt;/code&gt; is 
 * created. The image of a telecommand packet consisting of one block with four data 
 * is set up. The following specific tests are then performed:&lt;ol&gt;
 * &lt;li&gt;The telecommand is loaded with a valid checksum and it is then executed. It is 
 * checked that the outcome code of 
 * the telecommand is ACTION_SUCCESS and that the memory load is correctly executed.&lt;/li&gt;
 * &lt;li&gt;The telecommand is loaded with a invalid checksum and it is then executed. It is 
 * checked that the correctness of the outcome code and that the memory load is 
 * not performed.&lt;/li&gt;
 * &lt;/ol&gt;
 * This test case assumes the type &lt;code&gt;TD_PUSMemData&lt;/code&gt; to be defined as
 * &lt;code&gt;unsigned char&lt;/code&gt;.
 * @see DC_PUSMemoryLoadOffset
 * @author Alessandro Pasetti (P&amp;P Software GmbH)
 * @version 1.0
 */</comment>
<class>class <name>TestCasePUSMemoryLoadOffset_2</name> <super>: <specifier>public</specifier> <name>TestCaseWithEvtCheck</name></super> <block>{<private type="default">

</private><public>public :

     <comment type="block">/**
      * Set the identifier and the name of the test case to, respectively,
      * ID_PUSMEMORYLOADOFFSET*10+2 and "TestCasePUSMemoryLoadOffset_2".
      */</comment>
     <constructor_decl><name>TestCasePUSMemoryLoadOffset_2</name><parameter_list>(<param><decl><type><name>void</name></type></decl></param>)</parameter_list>;</constructor_decl>

     <comment type="block">/**
      * Execute the test case. See class comment for details.
      */</comment>
     <function_decl><type><name>virtual</name> <name>void</name></type> <name>runTestCase</name><parameter_list>(<param><decl><type><name>void</name></type></decl></param>)</parameter_list>;</function_decl>
</public>}</block>;</class>

<cpp:endif>#<cpp:directive>endif</cpp:directive></cpp:endif>
</unit>
