<unit xmlns="http://www.sdml.info/srcML/src" xmlns:cpp="http://www.sdml.info/srcML/cpp">
<comment type="line">//
</comment><comment type="line">// Copyright 2004 P&amp;P Software GmbH - All Rights Reserved
</comment><comment type="line">//
</comment><comment type="line">// TestCaseNestedFsmActivator_1.h
</comment><comment type="line">//
</comment><comment type="line">// Version	1.0
</comment><comment type="line">// Date		24.06.03 (Version 1.0)
</comment><comment type="line">// Author	R. Totaro
</comment>
<cpp:ifndef>#<cpp:directive>ifndef</cpp:directive> <name>TestCaseNestedFsmActivator_1H</name></cpp:ifndef>
<cpp:define>#<cpp:directive>define</cpp:directive> <name>TestCaseNestedFsmActivator_1H</name></cpp:define>

<cpp:include>#<cpp:directive>include</cpp:directive> <cpp:file>"../Utilities/TestCaseGenericSetUp.h"</cpp:file></cpp:include>

<comment type="block">/**
 * Verify the services of conditional punctual actions. One
 * &lt;code&gt;DC_NestedFsmActivator&lt;/code&gt; object is created and the following
 * procedure is performed upon it: &lt;ol&gt;
 * &lt;li&gt;A FSM, its states and a corresponding number of events are created. The
 * FSM and the events are configured and initialized. These objects will be
 * used to test the &lt;code&gt;DC_NestedFsmActivator&lt;/code&gt; implementation.&lt;/li&gt;
 * &lt;li&gt;It is verified that the object under test returns the correct class id.&lt;/li&gt;
 * &lt;li&gt;It is verified that a newly created object is not configured.&lt;/li&gt;
 * &lt;li&gt;The previously created &lt;code&gt;CC_FSM&lt;/code&gt; is attached to the object. It is
 * verified that &lt;code&gt;getTargetFsm()&lt;/code&gt; returns the right value and that the
 * object is configured.&lt;/li&gt;
 * &lt;li&gt;The FSM is advanced to a non-zero state and &lt;code&gt;doInit()&lt;/code&gt; is invoked.
 * It is verified that the nested FSM is reset and brought back to the initial state.&lt;/li&gt;
 * &lt;li&gt;An event is raised and &lt;code&gt;doContinue()&lt;/code&gt; is called. It is verified that
 * the nested FSm performs a transition to the target state of the event previously raised.&lt;/li&gt;
 * &lt;/ol&gt;
 * @see DC_NestedFsmActivator
 * @see CC_FSM
 * @see FsmState
 * @see DC_DummyFsmState
 * @see DC_FsmEvent
 * @author Roberto Totaro
 * @version 1.0
 */</comment>
<class>class <name>TestCaseNestedFsmActivator_1</name> <super>: <specifier>public</specifier> <name>TestCaseGenericSetUp</name></super> <block>{<private type="default">
</private><public>public:
	<comment type="block">/**
	 * Set the identifier and the name of the test case to, respectively,
	 * ID_NESTEDFSMACTIVATOR*10+1 and "TestCaseNestedFsmActivator_1".
	 */</comment>
	<constructor_decl><name>TestCaseNestedFsmActivator_1</name><parameter_list>(<param><decl><type><name>void</name></type></decl></param>)</parameter_list>;</constructor_decl>

	<comment type="block">/**
	 * Execute the test case. See class comment for details.
	 */</comment>
	<function_decl><type><name>virtual</name> <name>void</name></type> <name>runTestCase</name><parameter_list>(<param><decl><type><name>void</name></type></decl></param>)</parameter_list>;</function_decl>
</public>}</block>;</class>
<cpp:endif>#<cpp:directive>endif</cpp:directive></cpp:endif>
</unit>
