<unit xmlns="http://www.sdml.info/srcML/src" xmlns:cpp="http://www.sdml.info/srcML/cpp">
<comment type="line">//
</comment><comment type="line">// Copyright 2004 P&amp;P Software GmbH - All Rights Reserved
</comment><comment type="line">//
</comment><comment type="line">// TestCaseFromFsmEvent_1.h
</comment><comment type="line">//
</comment><comment type="line">// Version	1.0
</comment><comment type="line">// Date		04.10.02
</comment><comment type="line">// Author	A. Pasetti (P&amp;P Software)
</comment>
<cpp:ifndef>#<cpp:directive>ifndef</cpp:directive> <name>TestCaseFromFsmEvent_1H</name></cpp:ifndef>
<cpp:define>#<cpp:directive>define</cpp:directive> <name>TestCaseFromFsmEvent_1H</name></cpp:define>

<cpp:include>#<cpp:directive>include</cpp:directive> <cpp:file>"../Utilities/TestCaseGenericSetUp.h"</cpp:file></cpp:include>

<comment type="block">/**
 * Verify the functionalities offered by the &lt;code&gt;DC_FromFsmEvent&lt;/code&gt;
 * class. One FSM instance
 * is created and configured with 4 dummy FsmStates (states 0 to 3). One
 * &lt;code&gt;FromFsmEvents&lt;/code&gt; is then instantiated and the following
 * specific tests are then performed: &lt;ol&gt;
 * &lt;li&gt;The correctness of the class identifier is verified.&lt;/li&gt;
 * &lt;li&gt;It is verified
 * that the object configuration service on the &lt;code&gt;FromFsmEvents&lt;/code&gt;
 * reports "object not configured".&lt;/li&gt;
 * &lt;li&gt;The &lt;code&gt;FromFsmEvents&lt;/code&gt; is configured with a target
 * FSM, a starting and target state and it is verified that the configuration
 * operation on the class-specific part of the object (the definition of
 * the starting state) is correctly executed.&lt;/li&gt;
 * &lt;li&gt;It is verified
 * that the object configuration service on the &lt;code&gt;FromFsmEvents&lt;/code&gt;
 * reports "object configured".&lt;/li&gt;
 * &lt;li&gt;The FSM is placed in a state different from the starting state
 * of the &lt;code&gt;FromFsmEvents&lt;/code&gt;, the latter is fired and it is verified
 * that the state of the FSM has not changed.&lt;/li&gt;
 * &lt;li&gt;The FSM is placed in a state equal to the starting state
 * of the &lt;code&gt;FromFsmEvents&lt;/code&gt;, the latter is fired and it is verified
 * that the FSM performs a transition to the target state of the
 * &lt;code&gt;FromFsmEvents&lt;/code&gt;.&lt;/li&gt;
 * &lt;/ol&gt;
 * @see CC_FSM
 * @see DC_FromFsmEvent
 * @author Alessandro Pasetti (P&amp;P Software GmbH)
 * @version 1.0
 */</comment>
<class>class <name>TestCaseFromFsmEvent_1</name> <super>: <specifier>public</specifier> <name>TestCaseGenericSetUp</name></super> <block>{<private type="default">

</private><public>public :

     <comment type="block">/**
      * Set the identifier and the name of the test case to, respectively,
      * ID_FROMFSMSTATE*10+1 and "TestCaseFromFsmEvent_1".
      */</comment>
     <constructor_decl><name>TestCaseFromFsmEvent_1</name><parameter_list>(<param><decl><type><name>void</name></type></decl></param>)</parameter_list>;</constructor_decl>

     <comment type="block">/**
      * Execute the test case. See class comment for details.
      */</comment>
	<function_decl><type><name>virtual</name> <name>void</name></type> <name>runTestCase</name><parameter_list>(<param><decl><type><name>void</name></type></decl></param>)</parameter_list>;</function_decl>
</public>}</block>;</class>

<cpp:endif>#<cpp:directive>endif</cpp:directive></cpp:endif>
</unit>
