<unit xmlns="http://www.sdml.info/srcML/src" xmlns:cpp="http://www.sdml.info/srcML/cpp">
<comment type="line">//
</comment><comment type="line">// Copyright 2003 P&amp;amp;P Software GmbH (Konstanz, Germany) - All Rights Reserved
</comment><comment type="line">//
</comment><comment type="line">// TestCasePUSTelemetryModeManager_1.h
</comment><comment type="line">//
</comment><comment type="line">// Version	1.0
</comment><comment type="line">// Date		11.11.03
</comment><comment type="line">// Author	A. Pasetti (P&amp;amp;P Software)
</comment>
<cpp:ifndef>#<cpp:directive>ifndef</cpp:directive> <name>TestCasePUSTelemetryModeManager_1H</name></cpp:ifndef>
<cpp:define>#<cpp:directive>define</cpp:directive> <name>TestCasePUSTelemetryModeManager_1H</name></cpp:define>

<cpp:include>#<cpp:directive>include</cpp:directive> <cpp:file>"../Utilities/TestCasePUSFull.h"</cpp:file></cpp:include>

<comment type="block">/**
 * Check the functionality of the &lt;code&gt;DC_PUSTelemetryModeManager&lt;/code&gt;
 * class. The test case is configured as follows:&lt;ul&gt;
 * &lt;li&gt;The telemetry packet factory is retrieved.&lt;/li&gt;
 * &lt;li&gt;An instance of class &lt;code&gt;DC_PUSTelemetryModeManager&lt;/code&gt; is created.&lt;/li&gt;
 * &lt;li&gt;Two data reporting packet instances (instances of class
 * &lt;code&gt;DC_PUSDataReportingPacket&lt;/code&gt;) are retrieved from the telemetry packet 
 * factory. The SIDs of the telemetry packets are SID_A and
 * SID_B. &lt;/li&gt;
 * &lt;/ul&gt;
 * The following specific tests are then performed:&lt;ol&gt;
 * &lt;li&gt;The correctness of the class identifier is checked.&lt;/li&gt;
 * &lt;li&gt;It is checked that the mode manager component is initially not configured.&lt;/li&gt;
 * &lt;li&gt;The maximum number of packets N allowed by the mode manager is retrieved 
 * (recall that the telemetry mode manager is a 
 * singleton class whose single instance is configured in another test case)&lt;/li&gt;
 * &lt;li&gt;It is checked that the mode manager component is now configured.&lt;/li&gt;
 * &lt;li&gt;The two packets are loaded in the mode manager and it is checked that 
 * the number of loaded packets is correctly reported.&lt;/li&gt;
 * &lt;li&gt;The SID_B packet is loaded N-2 times (N being the capacity of the 
 * telemetry mode manager) and it is checked that the component reports: 
 * "mode manager is full". &lt;/li&gt;
 * &lt;li&gt;An attempt is made to load a further packet and it is checked that this
 * results in the correct event report being generated.&lt;/li&gt;
 * &lt;li&gt;The iterator service is checked.&lt;/li&gt;
 * &lt;li&gt;The mode manager is asked to verify whether a packet with SID other
 * than SID_A or SID_B is loaded and it is verified that the return value is: "false".&lt;/li&gt;
 * &lt;li&gt;Packet SID_A is unloaded and the success of the unload operation is checked.&lt;/li&gt;
 * &lt;li&gt;It is attempted to unload a non-existent packet and it is checked that 
 * the correct event is created.&lt;/li&gt;
 * &lt;li&gt;The iterator service is checked again.&lt;/li&gt;
 * &lt;li&gt;Packet SID_A loaded again and then packet SID_B is unloaded 
 * and the 
 * success of the load/unload operations is checked.&lt;/li&gt;
 * &lt;li&gt;The iterator service is checked again.&lt;/li&gt;
 * &lt;li&gt;Packet SID_B is unloaded (the mode manager should now be empty)
 * and the 
 * success of the unload operation is checked.&lt;/li&gt;
 * &lt;li&gt;The iterator service is checked again.&lt;/li&gt;
 * &lt;/ol&gt;
 * Note that this test case uses the telemetry packet factory. It assumes that the structure
 * of the factory is such as to allow two packets of type &lt;code&gt;DC_PUSDataReportingPacket&lt;/code&gt;
 * to be loaded in the factory.
 * @see DC_PUSTelemetryModeManager
 * @see CC_TelemetryPacketFactory
 * @author Alessandro Pasetti (P&amp;amp;P Software GmbH)
 * @version 1.0
 */</comment>
<class>class <name>TestCasePUSTelemetryModeManager_1</name> <super>: <specifier>public</specifier> <name>TestCasePUSFull</name></super> <block>{<private type="default">

</private><public>public :

     <comment type="block">/**
      * Set the identifier and the name of the test case to, respectively,
      * ID_PUSTELEMETRYMODEMANAGER*10+1 and "TestCasePUSTelemetryModeManager_1".
      */</comment>
     <constructor_decl><name>TestCasePUSTelemetryModeManager_1</name><parameter_list>(<param><decl><type><name>void</name></type></decl></param>)</parameter_list>;</constructor_decl>

     <comment type="block">/**
      * Execute the test case. See class comment for details.
      */</comment>
     <function_decl><type><name>virtual</name> <name>void</name></type> <name>runTestCase</name><parameter_list>(<param><decl><type><name>void</name></type></decl></param>)</parameter_list>;</function_decl>
</public>}</block>;</class>

<cpp:endif>#<cpp:directive>endif</cpp:directive></cpp:endif>
</unit>
