<unit xmlns="http://www.sdml.info/srcML/src" xmlns:cpp="http://www.sdml.info/srcML/cpp">
<comment type="line">//
</comment><comment type="line">// Copyright 2004 P&amp;P Software GmbH - All Rights Reserved
</comment><comment type="line">//
</comment><comment type="line">// TestCaseControlList_1.h
</comment><comment type="line">//
</comment><comment type="line">// Version	1.0
</comment><comment type="line">// Date		11.10.03 (Version 1.0)
</comment><comment type="line">// Author	R. Totaro
</comment><comment type="line">//
</comment><comment type="line">// Change Record:
</comment>
<cpp:ifndef>#<cpp:directive>ifndef</cpp:directive> <name>TestCaseControlList_1H</name></cpp:ifndef>
<cpp:define>#<cpp:directive>define</cpp:directive> <name>TestCaseControlList_1H</name></cpp:define>

<cpp:include>#<cpp:directive>include</cpp:directive> <cpp:file>"../Utilities/TestCaseWithEvtCheck.h"</cpp:file></cpp:include>

<comment type="block">/**
 * Verify the &lt;code&gt;DC_ControlList&lt;/code&gt; class.
 * An instance of this class is created and the following  tests are
 * performed on it:&lt;ol&gt;
 * &lt;li&gt;The correctness of the class identifier is verified.&lt;/li&gt;
 * &lt;li&gt;It is verified that the newly created object is not configured.&lt;/li&gt;
 * &lt;li&gt;The control block list size is set. It is then verified that
 * &lt;code&gt;getListSize()&lt;/code&gt; returns the correct value.&lt;/li&gt;
 * &lt;li&gt;A number of pre-configured control blocks is loaded and it is verified that
 * &lt;code&gt;getControlBlock()&lt;/code&gt; returns the correct values.&lt;/li&gt;
 * &lt;li&gt;During the loading of the control blocks, it is verified that the object
 * stays in the unconfigured status until the last control block is loaded.&lt;/li&gt;
 * &lt;li&gt;Non-nominal behaviour check: it is verified that an invocation of &lt;code&gt;setControlBlock()&lt;/code&gt; with
 * an illegal index generates an error report.&lt;/li&gt;
 * &lt;li&gt;The &lt;code&gt;execute()&lt;/code&gt; method is invoked. It is verified that the return
 * code is &lt;code&gt;ACTION_SUCCESS&lt;/code&gt; and that the &lt;code&gt;propagate()&lt;/code&gt; method
 * of all the loaded control blocks is invoked.&lt;/li&gt;
 * &lt;li&gt;&lt;code&gt;reset()&lt;/code&gt; is called and it is verified that the status of all
 * the loaded control blocks is reset to its default value.&lt;/li&gt;
 * &lt;/ol&gt;
 * @see DC_ControlList
 * @see DC_DummyControlBlock
 * @author Roberto Totaro
 * @version 1.0
 */</comment>
<class>class <name>TestCaseControlList_1</name> <super>: <specifier>public</specifier> <name>TestCaseWithEvtCheck</name></super> <block>{<private type="default">
</private><public>public:
	<comment type="block">/**
	 * Set the identifier and the name of the test case to, respectively,
	 * ID_CONTROLLIST*10+1 and "TestCaseControlList_1".
	 */</comment>
	<constructor_decl><name>TestCaseControlList_1</name><parameter_list>(<param><decl><type><name>void</name></type></decl></param>)</parameter_list>;</constructor_decl>

	<comment type="block">/**
	 * Execute the test case. See class comment for details.
	 */</comment>
	<function_decl><type><name>virtual</name> <name>void</name></type> <name>runTestCase</name><parameter_list>(<param><decl><type><name>void</name></type></decl></param>)</parameter_list>;</function_decl>
</public>}</block>;</class>
<cpp:endif>#<cpp:directive>endif</cpp:directive></cpp:endif>
</unit>
