<unit xmlns="http://www.sdml.info/srcML/src" xmlns:cpp="http://www.sdml.info/srcML/cpp">
<comment type="line">//
</comment><comment type="line">// Copyright 2004 P&amp;P Software GmbH - All Rights Reserved
</comment><comment type="line">//
</comment><comment type="line">// TestCasePUSMemoryDumpOffset_1.cpp
</comment><comment type="line">//
</comment><comment type="line">// Version	1.0
</comment><comment type="line">// Date		04.02.04
</comment><comment type="line">// Author	A. Pasetti (P&amp;P Software)
</comment>
<cpp:include>#<cpp:directive>include</cpp:directive> <cpp:file>"../GeneralInclude/CompilerSwitches.h"</cpp:file></cpp:include>
<cpp:include>#<cpp:directive>include</cpp:directive> <cpp:file>"../GeneralInclude/ClassId.h"</cpp:file></cpp:include>
<cpp:include>#<cpp:directive>include</cpp:directive> <cpp:file>"../GeneralInclude/BasicTypes.h"</cpp:file></cpp:include>
<cpp:include>#<cpp:directive>include</cpp:directive> <cpp:file>"../GeneralInclude/Constants.h"</cpp:file></cpp:include>
<cpp:include>#<cpp:directive>include</cpp:directive> <cpp:file>"../Telemetry/DC_PUSMemoryDumpOffset.h"</cpp:file></cpp:include>
<cpp:include>#<cpp:directive>include</cpp:directive> <cpp:file>"../Utilities/TestCaseWithEvtCheck.h"</cpp:file></cpp:include>
<cpp:include>#<cpp:directive>include</cpp:directive> <cpp:file>"TestCasePUSMemoryDumpOffset_1.h"</cpp:file></cpp:include>

<cpp:include>#<cpp:directive>include</cpp:directive> <cpp:file>&lt;assert.h&gt;</cpp:file></cpp:include>
<cpp:include>#<cpp:directive>include</cpp:directive> <cpp:file>&lt;string.h&gt;</cpp:file></cpp:include>

<constructor><name>TestCasePUSMemoryDumpOffset_1::TestCasePUSMemoryDumpOffset_1</name><parameter_list>(<param><decl><type><name>void</name></type></decl></param>)</parameter_list> <member_list>:
	<call><name>TestCaseWithEvtCheck</name><argument_list>(<argument><expr><name>ID_PUSMEMORYDUMPOFFSET</name>*10+1</expr></argument>,<argument><expr>"TestCasePUSMemoryDumpOffset_1"</expr></argument>)</argument_list></call> </member_list><block>{
		<return>return;</return>
}</block></constructor>

<function><type><name>void</name></type> <name><name>TestCasePUSMemoryDumpOffset_1</name>::<name>runTestCase</name></name><parameter_list>(<param><decl><type><name>void</name></type></decl></param>)</parameter_list> <block>{

   <decl_stmt><decl><type><name>DC_PUSMemoryDumpOffset</name>*</type> <name>pMD</name> =<init> <expr>new <call><name>DC_PUSMemoryDumpOffset</name><argument_list>()</argument_list></call></expr></init></decl>;</decl_stmt>

   <comment type="line">// Set dummy values for the configuration parameters defined at
</comment>   <comment type="line">// the level of telemetry packet and PUS telemmetry packet superclasses
</comment>   <expr_stmt><expr><name>pMD</name>-&gt;<call><name>setTimeTag</name><argument_list>(<argument><expr>0</expr></argument>)</argument_list></call></expr>;</expr_stmt>
   <expr_stmt><expr><name>pMD</name>-&gt;<call><name>setDestination</name><argument_list>(<argument><expr>1</expr></argument>)</argument_list></call></expr>;</expr_stmt>

   <comment type="line">// Memory area from where telemetry data will be collected
</comment>   <decl_stmt><decl><type><name>const</name> <name>unsigned</name> <name>int</name></type> <name>paSize</name> =<init><expr>100</expr></init></decl>;</decl_stmt>
   <decl_stmt><decl><type><name>TD_PUSMemData</name></type> <name><name>pa</name>[<expr><name>paSize</name></expr>]</name></decl>;</decl_stmt>
   <for>for (<init><expr><type><name>TD_PUSMemData</name></type> <name>i</name>=<init><expr>0</expr></init></expr>;</init> <condition><expr><name>i</name>&lt;<name>paSize</name></expr>;</condition> <incr><expr><name>i</name>++</expr></incr>)
        <expr_stmt><expr><name><name>pa</name>[<expr><name>i</name></expr>]</name>=<name>i</name></expr>;</expr_stmt></for>

   <comment type="line">// Data area for the telemetry packet packet
</comment>   <decl_stmt><decl><type><name>const</name> <name>unsigned</name> <name>short</name></type> <name>defPacketSize</name> =<init> <expr>100</expr></init></decl>;</decl_stmt>
   <decl_stmt><decl><type><name>unsigned</name> <name>char</name></type> <name><name>packet</name>[<expr><name>defPacketSize</name></expr>]</name></decl>;</decl_stmt>

   <comment type="line">// Check the correctness of the class identifier
</comment>   <if>if <condition>( <expr>(<name>pMD</name>-&gt;<call><name>getClassId</name><argument_list>()</argument_list></call> != <name>ID_PUSMEMORYDUMPOFFSET</name>)</expr> )</condition><then>
   <block>{	<expr_stmt><expr><call><name>setTestResult</name><argument_list>(<argument><expr><name>TEST_FAILURE</name></expr></argument>,<argument><expr>"Wrong class identifier"</expr></argument>)</argument_list></call></expr>;</expr_stmt>
        <return>return;</return>
   }</block></then></if>

   <comment type="line">// Check the correctness of the type and subtype
</comment>   <if>if <condition>( <expr>(<name>pMD</name>-&gt;<call><name>getType</name><argument_list>()</argument_list></call> != 6) || (<name>pMD</name>-&gt;<call><name>getSubType</name><argument_list>()</argument_list></call> != 4)</expr> )</condition><then>
   <block>{	<expr_stmt><expr><call><name>setTestResult</name><argument_list>(<argument><expr><name>TEST_FAILURE</name></expr></argument>,<argument><expr>"Wrong type or subtype"</expr></argument>)</argument_list></call></expr>;</expr_stmt>
        <return>return;</return>
   }</block></then></if>

   <comment type="line">// Check configuration status
</comment>   <if>if <condition>( <expr><name>pMD</name>-&gt;<call><name>isObjectConfigured</name><argument_list>()</argument_list></call></expr> )</condition><then>
   <block>{	<expr_stmt><expr><call><name>setTestResult</name><argument_list>(<argument><expr><name>TEST_FAILURE</name></expr></argument>,<argument><expr>"Wrong configuration status at initialization"</expr></argument>)</argument_list></call></expr>;</expr_stmt>
    	<return>return;</return>
   }</block></then></if>

   <comment type="line">// Set maximum number of blocks
</comment>   <decl_stmt><decl><type><name>TD_PUSNumberMemBlocks</name></type> <name>numberBlocks</name> =<init> <expr>3</expr></init></decl>;</decl_stmt>
   <expr_stmt><expr><name>pMD</name>-&gt;<call><name>setMaxNumberBlocks</name><argument_list>(<argument><expr><name>numberBlocks</name></expr></argument>)</argument_list></call></expr>;</expr_stmt>
   <if>if <condition>( <expr><name>pMD</name>-&gt;<call><name>getMaxNumberBlocks</name><argument_list>()</argument_list></call>!=<name>numberBlocks</name></expr> )</condition><then>
   <block>{	<expr_stmt><expr><call><name>setTestResult</name><argument_list>(<argument><expr><name>TEST_FAILURE</name></expr></argument>,<argument><expr>"Wrong configuration parameter"</expr></argument>)</argument_list></call></expr>;</expr_stmt>
    	<return>return;</return>
   }</block></then></if>

   <comment type="line">// Set maximum number of data
</comment>   <decl_stmt><decl><type><name>TD_PUSMemLength</name></type> <name>maxNumberData</name> =<init> <expr>50</expr></init></decl>;</decl_stmt>
   <expr_stmt><expr><name>pMD</name>-&gt;<call><name>setDumpBufferSize</name><argument_list>(<argument><expr><name>maxNumberData</name></expr></argument>)</argument_list></call></expr>;</expr_stmt>
   <if>if <condition>( <expr><name>pMD</name>-&gt;<call><name>getDumpBufferSize</name><argument_list>()</argument_list></call>!=<name>maxNumberData</name></expr> )</condition><then>
   <block>{	<expr_stmt><expr><call><name>setTestResult</name><argument_list>(<argument><expr><name>TEST_FAILURE</name></expr></argument>,<argument><expr>"Wrong configuration parameter"</expr></argument>)</argument_list></call></expr>;</expr_stmt>
    	<return>return;</return>
   }</block></then></if>

   <comment type="line">// Check configuration status
</comment>   <if>if <condition>( <expr>!<name>pMD</name>-&gt;<call><name>isObjectConfigured</name><argument_list>()</argument_list></call></expr> )</condition><then>
   <block>{	<expr_stmt><expr><call><name>setTestResult</name><argument_list>(<argument><expr><name>TEST_FAILURE</name></expr></argument>,<argument><expr>"Wrong configuration status after initialization"</expr></argument>)</argument_list></call></expr>;</expr_stmt>
    	<return>return;</return>
   }</block></then></if>

   <comment type="line">// Check initial value of checksum flag
</comment>   <if>if <condition>( <expr><name>pMD</name>-&gt;<call><name>isChecksumFlagSet</name><argument_list>()</argument_list></call></expr> )</condition><then>
   <block>{	<expr_stmt><expr><call><name>setTestResult</name><argument_list>(<argument><expr><name>TEST_FAILURE</name></expr></argument>,<argument><expr>"Wrong value of checksum flag"</expr></argument>)</argument_list></call></expr>;</expr_stmt>
    	<return>return;</return>
   }</block></then></if>

   <comment type="line">// Set base address and check success
</comment>   <expr_stmt><expr><name>pMD</name>-&gt;<call><name>setBaseAddress</name><argument_list>(<argument><expr><name>pa</name></expr></argument>)</argument_list></call></expr>;</expr_stmt>
   <if>if <condition>( <expr><name>pMD</name>-&gt;<call><name>getBaseAddress</name><argument_list>()</argument_list></call>!=<name>pa</name></expr> )</condition><then>
   <block>{	<expr_stmt><expr><call><name>setTestResult</name><argument_list>(<argument><expr><name>TEST_FAILURE</name></expr></argument>,<argument><expr>"Wrong value of base address"</expr></argument>)</argument_list></call></expr>;</expr_stmt>
    	<return>return;</return>
   }</block></then></if>

   <comment type="line">// Set memory ID and check success
</comment>   <decl_stmt><decl><type><name>TD_PUSMemId</name></type> <name>memId</name> =<init> <expr>12</expr></init></decl>;</decl_stmt>
   <expr_stmt><expr><name>pMD</name>-&gt;<call><name>setMemoryId</name><argument_list>(<argument><expr><name>memId</name></expr></argument>)</argument_list></call></expr>;</expr_stmt>
   <if>if <condition>( <expr><name>pMD</name>-&gt;<call><name>getMemoryId</name><argument_list>()</argument_list></call>!=<name>memId</name></expr> )</condition><then>
   <block>{	<expr_stmt><expr><call><name>setTestResult</name><argument_list>(<argument><expr><name>TEST_FAILURE</name></expr></argument>,<argument><expr>"Wrong value of memory id"</expr></argument>)</argument_list></call></expr>;</expr_stmt>
    	<return>return;</return>
   }</block></then></if>

   <comment type="line">// Check availability of fast acquisition service
</comment>   <if>if <condition>( <expr>!<name>pMD</name>-&gt;<call><name>isFastAcquisitionImplemented</name><argument_list>()</argument_list></call></expr> )</condition><then>
   <block>{	<expr_stmt><expr><call><name>setTestResult</name><argument_list>(<argument><expr><name>TEST_FAILURE</name></expr></argument>,<argument><expr>"Missing fast acquisition service"</expr></argument>)</argument_list></call></expr>;</expr_stmt>
    	<return>return;</return>
   }</block></then></if>

   <comment type="line">// Configure the packet to dump two blocks of three locations each
</comment>   <decl_stmt><decl><type><name>TD_PUSMemOffset</name></type> <name>osa</name> =<init> <expr>2</expr></init></decl>;</decl_stmt>
   <decl_stmt><decl><type><name>TD_PUSMemOffset</name></type> <name>osb</name> =<init> <expr>5</expr></init></decl>;</decl_stmt>
   <decl_stmt><decl><type><name>TD_PUSMemLength</name></type> <name>lena</name> =<init> <expr>2</expr></init></decl>;</decl_stmt>
   <decl_stmt><decl><type><name>TD_PUSMemLength</name></type> <name>lenb</name> =<init> <expr>3</expr></init></decl>;</decl_stmt>
   <expr_stmt><expr><name>pMD</name>-&gt;<call><name>setNumberBlocks</name><argument_list>(<argument><expr>2</expr></argument>)</argument_list></call></expr>;</expr_stmt>
   <expr_stmt><expr><name>pMD</name>-&gt;<call><name>defineBlock</name><argument_list>(<argument><expr>0</expr></argument>,<argument><expr><name>pa</name>+<name>osa</name></expr></argument>,<argument><expr><name>lena</name></expr></argument>)</argument_list></call></expr>;</expr_stmt>
   <expr_stmt><expr><name>pMD</name>-&gt;<call><name>defineBlock</name><argument_list>(<argument><expr>1</expr></argument>,<argument><expr><name>pa</name>+<name>osb</name></expr></argument>,<argument><expr><name>lenb</name></expr></argument>)</argument_list></call></expr>;</expr_stmt>
   <if>if <condition>( <expr>(<name>pMD</name>-&gt;<call><name>getStartAddress</name><argument_list>(<argument><expr>0</expr></argument>)</argument_list></call>!=(<name>pa</name>+<name>osa</name>)) || (<name>pMD</name>-&gt;<call><name>getStartAddress</name><argument_list>(<argument><expr>1</expr></argument>)</argument_list></call>!=(<name>pa</name>+<name>osb</name>))</expr> )</condition><then>
   <block>{	<expr_stmt><expr><call><name>setTestResult</name><argument_list>(<argument><expr><name>TEST_FAILURE</name></expr></argument>,<argument><expr>"Wrong block configuration values"</expr></argument>)</argument_list></call></expr>;</expr_stmt>
    	<return>return;</return>
   }</block></then></if>
   <if>if <condition>( <expr>(<name>pMD</name>-&gt;<call><name>getLength</name><argument_list>(<argument><expr>0</expr></argument>)</argument_list></call>!=<name>lena</name>) || (<name>pMD</name>-&gt;<call><name>getLength</name><argument_list>(<argument><expr>1</expr></argument>)</argument_list></call>!=<name>lenb</name>)</expr> )</condition><then>
   <block>{	<expr_stmt><expr><call><name>setTestResult</name><argument_list>(<argument><expr><name>TEST_FAILURE</name></expr></argument>,<argument><expr>"Wrong block configuration values"</expr></argument>)</argument_list></call></expr>;</expr_stmt>
    	<return>return;</return>
   }</block></then></if>

   <comment type="line">// Do a data update
</comment>   <expr_stmt><expr><name>pMD</name>-&gt;<call><name>update</name><argument_list>()</argument_list></call></expr>;</expr_stmt>

   <comment type="line">// Compute expected size of the telemetry packet
</comment>   <decl_stmt><decl><type><name>unsigned</name> <name>int</name></type> <name>fixedLength</name> =<init> <expr><call><name>sizeof</name><argument_list>(<argument><expr><name>TD_PUSMemId</name></expr></argument>)</argument_list></call>+<macro>sizeof<argument_list>(TD_PUSMemData*)</argument_list></macro>+<call><name>sizeof</name><argument_list>(<argument><expr><name>TD_PUSNumberMemBlocks</name></expr></argument>)</argument_list></call></expr></init></decl>;</decl_stmt>
   <decl_stmt><decl><type><name>unsigned</name> <name>int</name></type> <name>blockLength_1</name> =<init> <expr><call><name>sizeof</name><argument_list>(<argument><expr><name>TD_PUSMemOffset</name></expr></argument>)</argument_list></call>+<call><name>sizeof</name><argument_list>(<argument><expr><name>TD_PUSMemLength</name></expr></argument>)</argument_list></call>+
                                    <macro>sizeof<argument_list>(unsigned short)</argument_list></macro>+<name>lena</name>*<call><name>sizeof</name><argument_list>(<argument><expr><name>TD_PUSMemData</name></expr></argument>)</argument_list></call></expr></init></decl>;</decl_stmt>
   <decl_stmt><decl><type><name>unsigned</name> <name>int</name></type> <name>blockLength_2</name> =<init> <expr><call><name>sizeof</name><argument_list>(<argument><expr><name>TD_PUSMemOffset</name></expr></argument>)</argument_list></call>+<call><name>sizeof</name><argument_list>(<argument><expr><name>TD_PUSMemLength</name></expr></argument>)</argument_list></call>+
                                    <macro>sizeof<argument_list>(unsigned short)</argument_list></macro>+<name>lenb</name>*<call><name>sizeof</name><argument_list>(<argument><expr><name>TD_PUSMemData</name></expr></argument>)</argument_list></call></expr></init></decl>;</decl_stmt>
   <if>if <condition>(<expr><name>pMD</name>-&gt;<call><name>getNumberOfBytes</name><argument_list>()</argument_list></call>!=(<name>fixedLength</name>+<name>blockLength_1</name>+<name>blockLength_2</name>)</expr>)</condition><then>
   <block>{	<expr_stmt><expr><call><name>setTestResult</name><argument_list>(<argument><expr><name>TEST_FAILURE</name></expr></argument>,<argument><expr>"Wrong packet size"</expr></argument>)</argument_list></call></expr>;</expr_stmt>
    	<return>return;</return>
   }</block></then></if>

   <comment type="line">// Do data acquisition and check success
</comment>   <for>for (<init><expr><type><name>unsigned</name> <name>int</name></type> <name>i</name>=<init><expr>0</expr></init></expr>;</init> <condition><expr><name>i</name>&lt;<name>pMD</name>-&gt;<call><name>getNumberOfBytes</name><argument_list>()</argument_list></call></expr>;</condition> <incr><expr><name>i</name>++</expr></incr>) 
       <expr_stmt><expr><name><name>packet</name>[<expr><name>i</name></expr>]</name>=<name>pMD</name>-&gt;<call><name>getUnsignedByte</name><argument_list>(<argument><expr><name>i</name></expr></argument>)</argument_list></call></expr>;</expr_stmt></for>

   <decl_stmt><decl><type><name>bool</name></type> <name>testFailed</name> =<init> <expr><name>false</name></expr></init></decl>;</decl_stmt>
   <decl_stmt><decl><type><name>unsigned</name> <name>int</name></type> <name>offset</name> =<init> <expr>0</expr></init></decl>;</decl_stmt>
   <if>if <condition>( <expr><call><name>memcmp</name><argument_list>(<argument><expr><name>packet</name>+<name>offset</name></expr></argument>,<argument><expr>&amp;<name>memId</name></expr></argument>,<argument><expr><call><name>sizeof</name><argument_list>(<argument><expr><name>TD_PUSMemId</name></expr></argument>)</argument_list></call></expr></argument>)</argument_list></call>!=0</expr> )</condition><then>
       <expr_stmt><expr><name>testFailed</name> = <name>true</name></expr>;</expr_stmt></then></if>
   <expr_stmt><expr><name>offset</name> += <call><name>sizeof</name><argument_list>(<argument><expr><name>TD_PUSMemId</name></expr></argument>)</argument_list></call></expr>;</expr_stmt>
   <decl_stmt><decl><type><name>TD_PUSMemData</name>*</type> <name>miTemp</name> =<init> <expr><name>pa</name></expr></init></decl>;</decl_stmt>
   <if>if <condition>( <expr><call><name>memcmp</name><argument_list>(<argument><expr><name>packet</name>+<name>offset</name></expr></argument>,<argument><expr>&amp;<name>miTemp</name></expr></argument>,<argument><expr><macro>sizeof<argument_list>(TD_PUSMemData*)</argument_list></macro></expr></argument>)</argument_list></call>!=0</expr> )</condition><then>
       <expr_stmt><expr><name>testFailed</name> = <name>true</name></expr>;</expr_stmt></then></if>
   <expr_stmt><expr><name>offset</name> += <macro>sizeof<argument_list>(TD_PUSMemData*)</argument_list></macro></expr>;</expr_stmt>
   <decl_stmt><decl><type><name>TD_PUSNumberMemBlocks</name></type> <name>nmbTemp</name> =<init> <expr>2</expr></init></decl>;</decl_stmt>
   <if>if <condition>( <expr><call><name>memcmp</name><argument_list>(<argument><expr><name>packet</name>+<name>offset</name></expr></argument>,<argument><expr>&amp;<name>nmbTemp</name></expr></argument>,<argument><expr><call><name>sizeof</name><argument_list>(<argument><expr><name>TD_PUSNumberMemBlocks</name></expr></argument>)</argument_list></call></expr></argument>)</argument_list></call>!=0</expr> )</condition><then>
       <expr_stmt><expr><name>testFailed</name> = <name>true</name></expr>;</expr_stmt></then></if>
   <expr_stmt><expr><name>offset</name> += <call><name>sizeof</name><argument_list>(<argument><expr><name>TD_PUSNumberMemBlocks</name></expr></argument>)</argument_list></call></expr>;</expr_stmt>

   <comment type="line">// -- first block --
</comment>   <if>if <condition>( <expr><call><name>memcmp</name><argument_list>(<argument><expr><name>packet</name>+<name>offset</name></expr></argument>,<argument><expr>&amp;<name>osa</name></expr></argument>,<argument><expr><call><name>sizeof</name><argument_list>(<argument><expr><name>TD_PUSMemOffset</name></expr></argument>)</argument_list></call></expr></argument>)</argument_list></call>!=0</expr> )</condition><then>
       <expr_stmt><expr><name>testFailed</name> = <name>true</name></expr>;</expr_stmt></then></if>
   <expr_stmt><expr><name>offset</name> += <call><name>sizeof</name><argument_list>(<argument><expr><name>TD_PUSMemOffset</name></expr></argument>)</argument_list></call></expr>;</expr_stmt>
   <if>if <condition>( <expr><call><name>memcmp</name><argument_list>(<argument><expr><name>packet</name>+<name>offset</name></expr></argument>,<argument><expr>&amp;<name>lena</name></expr></argument>,<argument><expr><call><name>sizeof</name><argument_list>(<argument><expr><name>TD_PUSMemLength</name></expr></argument>)</argument_list></call></expr></argument>)</argument_list></call>!=0</expr> )</condition><then>
       <expr_stmt><expr><name>testFailed</name> = <name>true</name></expr>;</expr_stmt></then></if>
   <expr_stmt><expr><name>offset</name> += <call><name>sizeof</name><argument_list>(<argument><expr><name>TD_PUSMemLength</name></expr></argument>)</argument_list></call></expr>;</expr_stmt>
   <for>for (<init><expr><type><name>TD_PUSMemOffset</name></type> <name>i</name>=<init><expr><name>osa</name></expr></init></expr>;</init> <condition><expr><name>i</name>&lt;<name>osa</name>+<name>lena</name></expr>;</condition> <incr><expr><name>i</name>++</expr></incr>) <block>{
        <decl_stmt><decl><type><name>TD_PUSMemData</name></type> <name>mpTemp</name> =<init> <expr>(<name>TD_PUSMemData</name>)(<name>i</name>)</expr></init></decl>;</decl_stmt>
        <if>if <condition>( <expr><call><name>memcmp</name><argument_list>(<argument><expr><name>packet</name>+<name>offset</name></expr></argument>,<argument><expr>&amp;<name>mpTemp</name></expr></argument>,<argument><expr><call><name>sizeof</name><argument_list>(<argument><expr><name>TD_PUSMemData</name></expr></argument>)</argument_list></call></expr></argument>)</argument_list></call>!=0</expr> )</condition><then>
            <expr_stmt><expr><name>testFailed</name> = <name>true</name></expr>;</expr_stmt></then></if>
        <expr_stmt><expr><name>offset</name> += <call><name>sizeof</name><argument_list>(<argument><expr><name>TD_PUSMemData</name></expr></argument>)</argument_list></call></expr>;</expr_stmt>
   }</block></for>
   <decl_stmt><decl><type><name>unsigned</name> <name>short</name></type> <name>usTemp</name> =<init> <expr>0</expr></init></decl>;</decl_stmt>
   <if>if <condition>( <expr><call><name>memcmp</name><argument_list>(<argument><expr><name>packet</name>+<name>offset</name></expr></argument>,<argument><expr>&amp;<name>usTemp</name></expr></argument>,<argument><expr>2</expr></argument>)</argument_list></call>!=0</expr> )</condition><then>
       <expr_stmt><expr><name>testFailed</name> = <name>true</name></expr>;</expr_stmt></then></if>
   <expr_stmt><expr><name>offset</name> += <macro>sizeof<argument_list>(unsigned short)</argument_list></macro></expr>;</expr_stmt>

   <comment type="line">// -- second block --
</comment>   <if>if <condition>( <expr><call><name>memcmp</name><argument_list>(<argument><expr><name>packet</name>+<name>offset</name></expr></argument>,<argument><expr>&amp;<name>osb</name></expr></argument>,<argument><expr><call><name>sizeof</name><argument_list>(<argument><expr><name>TD_PUSMemOffset</name></expr></argument>)</argument_list></call></expr></argument>)</argument_list></call>!=0</expr> )</condition><then>
       <expr_stmt><expr><name>testFailed</name> = <name>true</name></expr>;</expr_stmt></then></if>
   <expr_stmt><expr><name>offset</name> += <call><name>sizeof</name><argument_list>(<argument><expr><name>TD_PUSMemOffset</name></expr></argument>)</argument_list></call></expr>;</expr_stmt>
   <if>if <condition>( <expr><call><name>memcmp</name><argument_list>(<argument><expr><name>packet</name>+<name>offset</name></expr></argument>,<argument><expr>&amp;<name>lenb</name></expr></argument>,<argument><expr><call><name>sizeof</name><argument_list>(<argument><expr><name>TD_PUSMemLength</name></expr></argument>)</argument_list></call></expr></argument>)</argument_list></call>!=0</expr> )</condition><then>
       <expr_stmt><expr><name>testFailed</name> = <name>true</name></expr>;</expr_stmt></then></if>
   <expr_stmt><expr><name>offset</name> += <call><name>sizeof</name><argument_list>(<argument><expr><name>TD_PUSMemLength</name></expr></argument>)</argument_list></call></expr>;</expr_stmt>
   <for>for (<init><expr><type><name>TD_PUSMemOffset</name></type> <name>i</name>=<init><expr><name>osb</name></expr></init></expr>;</init> <condition><expr><name>i</name>&lt;<name>osb</name>+<name>lenb</name></expr>;</condition> <incr><expr><name>i</name>++</expr></incr>) <block>{
        <decl_stmt><decl><type><name>TD_PUSMemData</name></type> <name>mpTemp</name> =<init> <expr>(<name>TD_PUSMemData</name>)(<name>i</name>)</expr></init></decl>;</decl_stmt>
        <if>if <condition>( <expr><call><name>memcmp</name><argument_list>(<argument><expr><name>packet</name>+<name>offset</name></expr></argument>,<argument><expr>&amp;<name>mpTemp</name></expr></argument>,<argument><expr><call><name>sizeof</name><argument_list>(<argument><expr><name>TD_PUSMemData</name></expr></argument>)</argument_list></call></expr></argument>)</argument_list></call>!=0</expr> )</condition><then>
            <expr_stmt><expr><name>testFailed</name> = <name>true</name></expr>;</expr_stmt></then></if>
        <expr_stmt><expr><name>offset</name> += <call><name>sizeof</name><argument_list>(<argument><expr><name>TD_PUSMemData</name></expr></argument>)</argument_list></call></expr>;</expr_stmt>
   }</block></for>
   <expr_stmt><expr><name>usTemp</name> = 0</expr>;</expr_stmt>
   <if>if <condition>( <expr><call><name>memcmp</name><argument_list>(<argument><expr><name>packet</name>+<name>offset</name></expr></argument>,<argument><expr>&amp;<name>usTemp</name></expr></argument>,<argument><expr>2</expr></argument>)</argument_list></call>!=0</expr> )</condition><then>
       <expr_stmt><expr><name>testFailed</name> = <name>true</name></expr>;</expr_stmt></then></if>
   <expr_stmt><expr><name>offset</name> += <macro>sizeof<argument_list>(unsigned short)</argument_list></macro></expr>;</expr_stmt>
   <comment type="line">// -- end second block --
</comment>
   <if>if <condition>( <expr><name>testFailed</name></expr> )</condition><then>
   <block>{	<expr_stmt><expr><call><name>setTestResult</name><argument_list>(<argument><expr><name>TEST_FAILURE</name></expr></argument>,<argument><expr>"Wrong telemetry packet content"</expr></argument>)</argument_list></call></expr>;</expr_stmt>
    	<return>return;</return>
   }</block></then></if>

   <comment type="line">// Change setting of checksum flag and check success
</comment>   <expr_stmt><expr><name>pMD</name>-&gt;<call><name>setChecksumFlag</name><argument_list>(<argument><expr><name>true</name></expr></argument>)</argument_list></call></expr>;</expr_stmt>
   <if>if <condition>( <expr>!<name>pMD</name>-&gt;<call><name>isChecksumFlagSet</name><argument_list>()</argument_list></call></expr> )</condition><then>
   <block>{	<expr_stmt><expr><call><name>setTestResult</name><argument_list>(<argument><expr><name>TEST_FAILURE</name></expr></argument>,<argument><expr>"Wrong checksum value"</expr></argument>)</argument_list></call></expr>;</expr_stmt>
    	<return>return;</return>
   }</block></then></if>

   <comment type="line">// Configure the packet to dump one block of one location. The offset is chosen to be zero so as
</comment>   <comment type="line">// to ensure that the dumped location has value zero and its expected checksum is then "FF FF".
</comment>   <expr_stmt><expr><name>osa</name> = 0</expr>;</expr_stmt>
   <expr_stmt><expr><name>lena</name> = 1</expr>;</expr_stmt>
   <expr_stmt><expr><name>pMD</name>-&gt;<call><name>setNumberBlocks</name><argument_list>(<argument><expr>1</expr></argument>)</argument_list></call></expr>;</expr_stmt>
   <expr_stmt><expr><name>pMD</name>-&gt;<call><name>defineBlock</name><argument_list>(<argument><expr>0</expr></argument>,<argument><expr><name>pa</name>+<name>osa</name></expr></argument>,<argument><expr><name>lena</name></expr></argument>)</argument_list></call></expr>;</expr_stmt>

   <comment type="line">// Do a data update
</comment>   <expr_stmt><expr><name>pMD</name>-&gt;<call><name>update</name><argument_list>()</argument_list></call></expr>;</expr_stmt>

   <comment type="line">// Do data acquisition and check success
</comment>   <for>for (<init><expr><type><name>unsigned</name> <name>int</name></type> <name>i</name>=<init><expr>0</expr></init></expr>;</init> <condition><expr><name>i</name>&lt;<name>pMD</name>-&gt;<call><name>getNumberOfBytes</name><argument_list>()</argument_list></call></expr>;</condition> <incr><expr><name>i</name>++</expr></incr>) 
       <expr_stmt><expr><name><name>packet</name>[<expr><name>i</name></expr>]</name>=<name>pMD</name>-&gt;<call><name>getUnsignedByte</name><argument_list>(<argument><expr><name>i</name></expr></argument>)</argument_list></call></expr>;</expr_stmt></for>

   <expr_stmt><expr><name>testFailed</name> = <name>false</name></expr>;</expr_stmt>
   <expr_stmt><expr><name>offset</name> = 0</expr>;</expr_stmt>
   <if>if <condition>( <expr><call><name>memcmp</name><argument_list>(<argument><expr><name>packet</name>+<name>offset</name></expr></argument>,<argument><expr>&amp;<name>memId</name></expr></argument>,<argument><expr><call><name>sizeof</name><argument_list>(<argument><expr><name>TD_PUSMemId</name></expr></argument>)</argument_list></call></expr></argument>)</argument_list></call>!=0</expr> )</condition><then>
       <expr_stmt><expr><name>testFailed</name> = <name>true</name></expr>;</expr_stmt></then></if>
   <expr_stmt><expr><name>offset</name> += <call><name>sizeof</name><argument_list>(<argument><expr><name>TD_PUSMemId</name></expr></argument>)</argument_list></call></expr>;</expr_stmt>
   <expr_stmt><expr><name>miTemp</name> = <name>pa</name></expr>;</expr_stmt>
   <if>if <condition>( <expr><call><name>memcmp</name><argument_list>(<argument><expr><name>packet</name>+<name>offset</name></expr></argument>,<argument><expr>&amp;<name>miTemp</name></expr></argument>,<argument><expr><macro>sizeof<argument_list>(TD_PUSMemData*)</argument_list></macro></expr></argument>)</argument_list></call>!=0</expr> )</condition><then>
       <expr_stmt><expr><name>testFailed</name> = <name>true</name></expr>;</expr_stmt></then></if>
   <expr_stmt><expr><name>offset</name> += <macro>sizeof<argument_list>(TD_PUSMemData*)</argument_list></macro></expr>;</expr_stmt>
   <expr_stmt><expr><name>nmbTemp</name> = 1</expr>;</expr_stmt>
   <if>if <condition>( <expr><call><name>memcmp</name><argument_list>(<argument><expr><name>packet</name>+<name>offset</name></expr></argument>,<argument><expr>&amp;<name>nmbTemp</name></expr></argument>,<argument><expr><call><name>sizeof</name><argument_list>(<argument><expr><name>TD_PUSNumberMemBlocks</name></expr></argument>)</argument_list></call></expr></argument>)</argument_list></call>!=0</expr> )</condition><then>
       <expr_stmt><expr><name>testFailed</name> = <name>true</name></expr>;</expr_stmt></then></if>
   <expr_stmt><expr><name>offset</name> += <call><name>sizeof</name><argument_list>(<argument><expr><name>TD_PUSNumberMemBlocks</name></expr></argument>)</argument_list></call></expr>;</expr_stmt>

   <comment type="line">// -- first block --
</comment>   <if>if <condition>( <expr><call><name>memcmp</name><argument_list>(<argument><expr><name>packet</name>+<name>offset</name></expr></argument>,<argument><expr>&amp;<name>osa</name></expr></argument>,<argument><expr><call><name>sizeof</name><argument_list>(<argument><expr><name>TD_PUSMemOffset</name></expr></argument>)</argument_list></call></expr></argument>)</argument_list></call>!=0</expr> )</condition><then>
       <expr_stmt><expr><name>testFailed</name> = <name>true</name></expr>;</expr_stmt></then></if>
   <expr_stmt><expr><name>offset</name> += <call><name>sizeof</name><argument_list>(<argument><expr><name>TD_PUSMemOffset</name></expr></argument>)</argument_list></call></expr>;</expr_stmt>
   <if>if <condition>( <expr><call><name>memcmp</name><argument_list>(<argument><expr><name>packet</name>+<name>offset</name></expr></argument>,<argument><expr>&amp;<name>lena</name></expr></argument>,<argument><expr><call><name>sizeof</name><argument_list>(<argument><expr><name>TD_PUSMemLength</name></expr></argument>)</argument_list></call></expr></argument>)</argument_list></call>!=0</expr> )</condition><then>
       <expr_stmt><expr><name>testFailed</name> = <name>true</name></expr>;</expr_stmt></then></if>
   <expr_stmt><expr><name>offset</name> += <call><name>sizeof</name><argument_list>(<argument><expr><name>TD_PUSMemLength</name></expr></argument>)</argument_list></call></expr>;</expr_stmt>
   <for>for (<init><expr><type><name>TD_PUSMemOffset</name></type> <name>i</name>=<init><expr><name>osa</name></expr></init></expr>;</init> <condition><expr><name>i</name>&lt;<name>osa</name>+<name>lena</name></expr>;</condition> <incr><expr><name>i</name>++</expr></incr>) <block>{
        <decl_stmt><decl><type><name>TD_PUSMemData</name></type> <name>mpTemp</name> =<init> <expr>(<name>TD_PUSMemData</name>)(<name>i</name>)</expr></init></decl>;</decl_stmt>
        <if>if <condition>( <expr><call><name>memcmp</name><argument_list>(<argument><expr><name>packet</name>+<name>offset</name></expr></argument>,<argument><expr>&amp;<name>mpTemp</name></expr></argument>,<argument><expr><call><name>sizeof</name><argument_list>(<argument><expr><name>TD_PUSMemData</name></expr></argument>)</argument_list></call></expr></argument>)</argument_list></call>!=0</expr> )</condition><then>
            <expr_stmt><expr><name>testFailed</name> = <name>true</name></expr>;</expr_stmt></then></if>
        <expr_stmt><expr><name>offset</name> += <call><name>sizeof</name><argument_list>(<argument><expr><name>TD_PUSMemData</name></expr></argument>)</argument_list></call></expr>;</expr_stmt>
   }</block></for>
   <expr_stmt><expr><name>usTemp</name> = 0xFFFF</expr>;</expr_stmt>
   <if>if <condition>( <expr><call><name>memcmp</name><argument_list>(<argument><expr><name>packet</name>+<name>offset</name></expr></argument>,<argument><expr>&amp;<name>usTemp</name></expr></argument>,<argument><expr>2</expr></argument>)</argument_list></call>!=0</expr> )</condition><then>
       <expr_stmt><expr><name>testFailed</name> = <name>true</name></expr>;</expr_stmt></then></if>
   <expr_stmt><expr><name>offset</name> += <macro>sizeof<argument_list>(unsigned short)</argument_list></macro></expr>;</expr_stmt>

   <if>if <condition>( <expr><name>testFailed</name></expr> )</condition><then>
   <block>{	<expr_stmt><expr><call><name>setTestResult</name><argument_list>(<argument><expr><name>TEST_FAILURE</name></expr></argument>,<argument><expr>"Wrong telemetry packet content"</expr></argument>)</argument_list></call></expr>;</expr_stmt>
    	<return>return;</return>
   }</block></then></if>

   <comment type="line">// Do non-nominal behaviour checks and check event generation
</comment>   <if>if <condition>( <expr><call><name>isNonNominalCheckAllowed</name><argument_list>()</argument_list></call></expr> )</condition><then> <block>{
       <decl_stmt><decl><type><name>unsigned</name> <name>int</name></type> <name>nEvt</name> =<init> <expr><call><name>getNumberOfEvents</name><argument_list>()</argument_list></call></expr></init></decl>;</decl_stmt>

       <comment type="line">// Try defining a non-existent block
</comment>       <expr_stmt><expr><name>pMD</name>-&gt;<call><name>defineBlock</name><argument_list>(<argument><expr>3</expr></argument>,<argument><expr><name>pa</name>+<name>osa</name></expr></argument>,<argument><expr><name>lena</name></expr></argument>)</argument_list></call></expr>;</expr_stmt>       
       <if>if <condition>( <expr>!<call><name>verifyLatestEvent</name><argument_list>(<argument><expr><name>nEvt</name>+1</expr></argument>,<argument><expr><name>EVT_PUS_ILLEGAL_BLOCK_INDEX</name></expr></argument>)</argument_list></call></expr> )</condition><then>
           <return>return;</return></then></if>

       <comment type="line">// Try loading too many blocks
</comment>       <expr_stmt><expr><name>pMD</name>-&gt;<call><name>setNumberBlocks</name><argument_list>(<argument><expr>5</expr></argument>)</argument_list></call></expr>;</expr_stmt>
       <if>if <condition>( <expr>!<call><name>verifyLatestEvent</name><argument_list>(<argument><expr><name>nEvt</name>+2</expr></argument>,<argument><expr><name>EVT_PUS_TOO_MANY_DUMP_BLOCKS</name></expr></argument>)</argument_list></call></expr> )</condition><then>
           <return>return;</return></then></if>

       <comment type="line">// Try dumping more memory locations than fit in the dump buffer
</comment>       <expr_stmt><expr><name>pMD</name>-&gt;<call><name>defineBlock</name><argument_list>(<argument><expr>0</expr></argument>,<argument><expr><name>pa</name>+<name>osb</name></expr></argument>,<argument><expr><name>maxNumberData</name>+1</expr></argument>)</argument_list></call></expr>;</expr_stmt>    
       <expr_stmt><expr><name>pMD</name>-&gt;<call><name>update</name><argument_list>()</argument_list></call></expr>;</expr_stmt>
       <if>if <condition>( <expr>!<call><name>verifyLatestEvent</name><argument_list>(<argument><expr><name>nEvt</name>+3</expr></argument>,<argument><expr><name>EVT_PUS_TOO_MANY_MEM_DATA</name></expr></argument>)</argument_list></call></expr> )</condition><then>
           <return>return;</return></then></if>
   }</block></then></if>

   <expr_stmt><expr><call><name>setTestResult</name><argument_list>(<argument><expr><name>TEST_SUCCESS</name></expr></argument>,<argument><expr>"Test Successful"</expr></argument>)</argument_list></call></expr>;</expr_stmt>
   <return>return;</return>
}</block></function>
</unit>
