<unit xmlns="http://www.sdml.info/srcML/src" xmlns:cpp="http://www.sdml.info/srcML/cpp">
<comment type="line">//
</comment><comment type="line">// Copyright 2004 P&amp;P Software GmbH - All Rights Reserved
</comment><comment type="line">//
</comment><comment type="line">// TestCaseDummyDataItemControlBlock_1.cpp
</comment><comment type="line">//
</comment><comment type="line">// Version	1.0
</comment><comment type="line">// Date		30.10.03 (Version 1.0)
</comment><comment type="line">// Author	R. Totaro
</comment><comment type="line">//
</comment><comment type="line">// Change Record:
</comment>
<cpp:include>#<cpp:directive>include</cpp:directive> <cpp:file>&lt;math.h&gt;</cpp:file></cpp:include>
<cpp:include>#<cpp:directive>include</cpp:directive> <cpp:file>&lt;float.h&gt;</cpp:file></cpp:include>

<cpp:include>#<cpp:directive>include</cpp:directive> <cpp:file>"../GeneralInclude/CompilerSwitches.h"</cpp:file></cpp:include>
<cpp:include>#<cpp:directive>include</cpp:directive> <cpp:file>"../GeneralInclude/Constants.h"</cpp:file></cpp:include>
<cpp:include>#<cpp:directive>include</cpp:directive> <cpp:file>"../GeneralInclude/ClassId.h"</cpp:file></cpp:include>
<cpp:include>#<cpp:directive>include</cpp:directive> <cpp:file>"../Data/DC_DataItem.h"</cpp:file></cpp:include>
<cpp:include>#<cpp:directive>include</cpp:directive> <cpp:file>"../Data/ControlBlock.h"</cpp:file></cpp:include>
<cpp:include>#<cpp:directive>include</cpp:directive> <cpp:file>"../Data/DC_DummyDataItemControlBlock.h"</cpp:file></cpp:include>
<cpp:include>#<cpp:directive>include</cpp:directive> <cpp:file>"TestCaseDummyDataItemControlBlock_1.h"</cpp:file></cpp:include>

<constructor><name>TestCaseDummyDataItemControlBlock_1::TestCaseDummyDataItemControlBlock_1</name><parameter_list>(<param><decl><type><name>void</name></type></decl></param>)</parameter_list> <member_list>:
	<call><name>TestCaseWithEvtCheck</name><argument_list>(<argument><expr><name>ID_DUMMYDATAITEMCONTROLBLOCK</name>*10+1</expr></argument>,<argument><expr>"TestCaseDummyDataItemControlBlock_1"</expr></argument>)</argument_list></call> </member_list><block>{
	<return>return;</return>
}</block></constructor>

<function><type><name>void</name></type> <name><name>TestCaseDummyDataItemControlBlock_1</name>::<name>runTestCase</name></name><parameter_list>(<param><decl><type><name>void</name></type></decl></param>)</parameter_list> <block>{
    <decl_stmt><decl><type><name>const</name> <name>unsigned</name> <name>int</name></type>            <name>nEvt</name>         =<init><expr><call><name>getNumberOfEvents</name><argument_list>()</argument_list></call></expr></init></decl>;</decl_stmt>
	<decl_stmt><decl><type><name>const</name> <name>unsigned</name> <name>int</name></type>            <name>numStates</name>    =<init><expr>1</expr></init></decl>;</decl_stmt>
	<decl_stmt><decl><type><name>const</name> <name>unsigned</name> <name>int</name></type>            <name>numInputs</name>    =<init><expr>3</expr></init></decl>;</decl_stmt>
	<decl_stmt><decl><type><name>const</name> <name>unsigned</name> <name>int</name></type>            <name>numOutputs</name>   =<init><expr>2</expr></init></decl>;</decl_stmt>
	<decl_stmt><decl><type><name>const</name> <name>unsigned</name> <name>int</name></type>            <name>numParameters</name>=<init><expr>2</expr></init></decl>;</decl_stmt>
    <decl_stmt><decl><type><name>const</name> <name>TD_Float</name></type>                <name><name>testInputs</name>[]</name> =<init><expr><block>{<expr>(<name>TD_Float</name>)0.3</expr>,<expr>(<name>TD_Float</name>)0.04</expr>,<expr>(<name>TD_Float</name>)0.005</expr>}</block></expr></init></decl>;</decl_stmt>
	<decl_stmt><decl><type><name>DC_DummyDataItemControlBlock</name> *</type><name>pDCB</name>         =<init><expr>new <name>DC_DummyDataItemControlBlock</name></expr></init></decl>;</decl_stmt>
    <decl_stmt><decl><type><name>TD_Float</name></type>                      <name><name>inputs</name>[<expr><name>numInputs</name></expr>]</name></decl>;</decl_stmt>
    <decl_stmt><decl><type><name>TD_Float</name></type>                      <name><name>outputs</name>[<expr><name>numOutputs</name></expr>]</name></decl>;</decl_stmt>
    <decl_stmt><decl><type><name>DC_DataItem</name>                  *</type><name><name>pInputs</name>[<expr><name>numInputs</name></expr>]</name></decl>;</decl_stmt>
    <decl_stmt><decl><type><name>DC_DataItem</name>                  *</type><name><name>pOutputs</name>[<expr><name>numOutputs</name></expr>]</name></decl>;</decl_stmt>

    <comment type="line">// Create and initialize the data items
</comment>    <for>for (<init><expr><type><name>int</name></type> <name>i</name>=<init><expr>0</expr></init></expr>;</init><condition><expr><name>i</name>&lt;<name>numInputs</name></expr>;</condition><incr><expr><name>i</name>++</expr></incr>)
        <expr_stmt><expr><name><name>pInputs</name>[<expr><name>i</name></expr>]</name>=new <call><name>DC_DataItem</name><argument_list>(<argument><expr>&amp;<name><name>inputs</name>[<expr><name>i</name></expr>]</name></expr></argument>)</argument_list></call></expr>;</expr_stmt></for>

    <for>for (<init><expr><type><name>int</name></type> <name>i</name>=<init><expr>0</expr></init></expr>;</init><condition><expr><name>i</name>&lt;<name>numOutputs</name></expr>;</condition><incr><expr><name>i</name>++</expr></incr>)
        <expr_stmt><expr><name><name>pOutputs</name>[<expr><name>i</name></expr>]</name>=new <call><name>DC_DataItem</name><argument_list>(<argument><expr>&amp;<name><name>outputs</name>[<expr><name>i</name></expr>]</name></expr></argument>)</argument_list></call></expr>;</expr_stmt></for>

	<comment type="line">// Verify the correctness of the class identifier
</comment>    <if>if <condition>(<expr><name>pDCB</name>-&gt;<call><name>getClassId</name><argument_list>()</argument_list></call>!=<name>ID_DUMMYDATAITEMCONTROLBLOCK</name></expr>)</condition><then> <block>{
		<expr_stmt><expr><call><name>setTestResult</name><argument_list>(<argument><expr><name>TEST_FAILURE</name></expr></argument>,<argument><expr>"Wrong class identifier"</expr></argument>)</argument_list></call></expr>;</expr_stmt>
		<return>return;</return>
	}</block></then></if>

    <comment type="line">// Verify that the numbers of inputs, outputs, states and parameters are correct
</comment>	<if>if <condition>(<expr><name>pDCB</name>-&gt;<call><name>getNumberOfInputs</name><argument_list>()</argument_list></call>!=<name>numInputs</name></expr>)</condition><then> <block>{
		<expr_stmt><expr><call><name>setTestResult</name><argument_list>(<argument><expr><name>TEST_FAILURE</name></expr></argument>,<argument><expr>"Wrong number of inputs"</expr></argument>)</argument_list></call></expr>;</expr_stmt>
		<return>return;</return>
	}</block></then></if>

	<if>if <condition>(<expr><name>pDCB</name>-&gt;<call><name>getNumberOfOutputs</name><argument_list>()</argument_list></call>!=<name>numOutputs</name></expr>)</condition><then> <block>{
		<expr_stmt><expr><call><name>setTestResult</name><argument_list>(<argument><expr><name>TEST_FAILURE</name></expr></argument>,<argument><expr>"Wrong number of outputs"</expr></argument>)</argument_list></call></expr>;</expr_stmt>
		<return>return;</return>
	}</block></then></if>

	<if>if <condition>(<expr><name>pDCB</name>-&gt;<call><name>getNumberOfStates</name><argument_list>()</argument_list></call>!=<name>numStates</name></expr>)</condition><then> <block>{
		<expr_stmt><expr><call><name>setTestResult</name><argument_list>(<argument><expr><name>TEST_FAILURE</name></expr></argument>,<argument><expr>"Wrong number of states"</expr></argument>)</argument_list></call></expr>;</expr_stmt>
		<return>return;</return>
	}</block></then></if>

	<if>if <condition>(<expr><name>pDCB</name>-&gt;<call><name>getNumberOfParameters</name><argument_list>()</argument_list></call>!=<name>numParameters</name></expr>)</condition><then> <block>{
		<expr_stmt><expr><call><name>setTestResult</name><argument_list>(<argument><expr><name>TEST_FAILURE</name></expr></argument>,<argument><expr>"Wrong number of parameters"</expr></argument>)</argument_list></call></expr>;</expr_stmt>
		<return>return;</return>
	}</block></then></if>

    <comment type="line">// Link inputs and outputs and verify its configuration status
</comment>    <for>for (<init><expr><type><name>unsigned</name> <name>int</name></type> <name>i</name>=<init><expr>0</expr></init></expr>;</init><condition><expr><name>i</name>&lt;<name>numInputs</name></expr>;</condition><incr><expr><name>i</name>++</expr></incr>) <block>{
        <if>if <condition>(<expr><name>pDCB</name>-&gt;<call><name>isObjectConfigured</name><argument_list>()</argument_list></call></expr>)</condition><then> <block>{
            <expr_stmt><expr><call><name>setTestResult</name><argument_list>(<argument><expr><name>TEST_FAILURE</name></expr></argument>,<argument><expr>"Wrong configuration status"</expr></argument>)</argument_list></call></expr>;</expr_stmt>
            <return>return;</return>
        }</block></then></if>

        <expr_stmt><expr><name>pDCB</name>-&gt;<call><name>setInputLink</name><argument_list>(<argument><expr><name>i</name></expr></argument>,<argument><expr><name><name>pInputs</name>[<expr><name>i</name></expr>]</name></expr></argument>)</argument_list></call></expr>;</expr_stmt>
    }</block></for>

    <for>for (<init><expr><type><name>unsigned</name> <name>int</name></type> <name>i</name>=<init><expr>0</expr></init></expr>;</init><condition><expr><name>i</name>&lt;<name>numOutputs</name></expr>;</condition><incr><expr><name>i</name>++</expr></incr>) <block>{
        <if>if <condition>(<expr><name>pDCB</name>-&gt;<call><name>isObjectConfigured</name><argument_list>()</argument_list></call></expr>)</condition><then> <block>{
            <expr_stmt><expr><call><name>setTestResult</name><argument_list>(<argument><expr><name>TEST_FAILURE</name></expr></argument>,<argument><expr>"Wrong configuration status"</expr></argument>)</argument_list></call></expr>;</expr_stmt>
            <return>return;</return>
        }</block></then></if>

        <expr_stmt><expr><name>pDCB</name>-&gt;<call><name>setOutputLink</name><argument_list>(<argument><expr><name>i</name></expr></argument>,<argument><expr><name><name>pOutputs</name>[<expr><name>i</name></expr>]</name></expr></argument>)</argument_list></call></expr>;</expr_stmt>
    }</block></for>

    <if>if <condition>(<expr>!<name>pDCB</name>-&gt;<call><name>isObjectConfigured</name><argument_list>()</argument_list></call></expr>)</condition><then> <block>{
        <expr_stmt><expr><call><name>setTestResult</name><argument_list>(<argument><expr><name>TEST_FAILURE</name></expr></argument>,<argument><expr>"Wrong configuration status"</expr></argument>)</argument_list></call></expr>;</expr_stmt>
        <return>return;</return>
    }</block></then></if>

    <comment type="line">// Reset the control block
</comment>    <expr_stmt><expr><name>pDCB</name>-&gt;<call><name>reset</name><argument_list>()</argument_list></call></expr>;</expr_stmt>

	<comment type="line">// Verify that the default state was correctly set
</comment>	<comment type="line">// Don't forget to take into account rounding errors:
</comment>	<comment type="line">// this is not a problem on a Windows PC, but it might
</comment>	<comment type="line">// be on other platforms.
</comment>	<if>if <condition>(<expr><macro>fabsf<argument_list>((float)(pDCB-&gt;getState(0)-(TD_Float)1.0))</argument_list></macro>&gt;=<name>FLT_EPSILON</name></expr>)</condition><then> <block>{
		<expr_stmt><expr><call><name>setTestResult</name><argument_list>(<argument><expr><name>TEST_FAILURE</name></expr></argument>,<argument><expr>"Wrong initial state"</expr></argument>)</argument_list></call></expr>;</expr_stmt>
		<return>return;</return>
	}</block></then></if>

    <comment type="line">// Set the parameters and verify their values
</comment>    <for>for (<init><expr><type><name>int</name></type> <name>i</name>=<init><expr>0</expr></init></expr>;</init><condition><expr><name>i</name>&lt;<name>numParameters</name></expr>;</condition><incr><expr><name>i</name>++</expr></incr>) <block>{
        <expr_stmt><expr><name>pDCB</name>-&gt;<macro>setParameter<argument_list>(i,(TD_Float)2.0)</argument_list></macro></expr>;</expr_stmt>

        <if>if <condition>(<expr><macro>fabsf<argument_list>((float)(pDCB-&gt;getParameter(i)-(TD_Float)2.0))</argument_list></macro>&gt;=<name>FLT_EPSILON</name></expr>)</condition><then> <block>{
            <expr_stmt><expr><call><name>setTestResult</name><argument_list>(<argument><expr><name>TEST_FAILURE</name></expr></argument>,<argument><expr>"Wrong parameter value"</expr></argument>)</argument_list></call></expr>;</expr_stmt>
            <return>return;</return>
        }</block></then></if>
    }</block></for>

	<comment type="line">// Now we propagate the inputs and verify that the state
</comment>	<comment type="line">// and outputs are properly updated
</comment>    <for>for (<init><expr><type><name>int</name></type> <name>i</name>=<init><expr>0</expr></init></expr>;</init><condition><expr><name>i</name>&lt;<name>numInputs</name></expr>;</condition><incr><expr><name>i</name>++</expr></incr>)
        <expr_stmt><expr><name><name>inputs</name>[<expr><name>i</name></expr>]</name>=<name><name>testInputs</name>[<expr><name>i</name></expr>]</name></expr>;</expr_stmt></for>

	<expr_stmt><expr><name>pDCB</name>-&gt;<call><name>propagate</name><argument_list>()</argument_list></call></expr>;</expr_stmt>

	<if>if <condition>(<expr><macro>fabsf<argument_list>((float)(pDCB-&gt;getState(0)-(TD_Float)2.345))</argument_list></macro>&gt;=<name>FLT_EPSILON</name></expr>)</condition><then> <block>{
		<expr_stmt><expr><call><name>setTestResult</name><argument_list>(<argument><expr><name>TEST_FAILURE</name></expr></argument>,<argument><expr>"Error in state update"</expr></argument>)</argument_list></call></expr>;</expr_stmt>
		<return>return;</return>		
	}</block></then></if>

	<if>if <condition>(<expr><macro>fabsf<argument_list>((float)(outputs[0]-(TD_Float)2.345))</argument_list></macro>&gt;=<name>FLT_EPSILON</name> ||
		<macro>fabsf<argument_list>((float)((outputs[1]-(TD_Float)4.690)))</argument_list></macro>&gt;=<name>FLT_EPSILON</name></expr>)</condition><then> <block>{
		<expr_stmt><expr><call><name>setTestResult</name><argument_list>(<argument><expr><name>TEST_FAILURE</name></expr></argument>,<argument><expr>"Error in output update"</expr></argument>)</argument_list></call></expr>;</expr_stmt>
		<return>return;</return>
	}</block></then></if>

    <comment type="line">// Set the state and verify its value
</comment>    <expr_stmt><expr><name>pDCB</name>-&gt;<macro>setState<argument_list>(0,(TD_Float)4.0)</argument_list></macro></expr>;</expr_stmt>

    <if>if <condition>(<expr><macro>fabsf<argument_list>((float)(pDCB-&gt;getState(0)-(TD_Float)4.0))</argument_list></macro>&gt;=<name>FLT_EPSILON</name></expr>)</condition><then> <block>{
        <expr_stmt><expr><call><name>setTestResult</name><argument_list>(<argument><expr><name>TEST_FAILURE</name></expr></argument>,<argument><expr>"Wrong state value"</expr></argument>)</argument_list></call></expr>;</expr_stmt>
        <return>return;</return>
    }</block></then></if>

    <if>if <condition>(<expr><call><name>isNonNominalCheckAllowed</name><argument_list>()</argument_list></call></expr>)</condition><then> <block>{
        <comment type="line">// Try to link input and output with an out-of-range
</comment>        <comment type="line">// index and verify that the correct event is generated
</comment>        <expr_stmt><expr><name>pDCB</name>-&gt;<call><name>setInputLink</name><argument_list>(<argument><expr><name>numInputs</name></expr></argument>,<argument><expr><name><name>pInputs</name>[<expr>0</expr>]</name></expr></argument>)</argument_list></call></expr>;</expr_stmt>
	    <if>if <condition>(<expr>!<call><name>verifyLatestEvent</name><argument_list>(<argument><expr><name>nEvt</name>+1</expr></argument>,<argument><expr><name>EVT_ILLEGAL_CB</name></expr></argument>)</argument_list></call></expr>)</condition><then>
		    <return>return;</return></then></if>

        <expr_stmt><expr><name>pDCB</name>-&gt;<call><name>setOutputLink</name><argument_list>(<argument><expr><name>numOutputs</name></expr></argument>,<argument><expr><name><name>pOutputs</name>[<expr>0</expr>]</name></expr></argument>)</argument_list></call></expr>;</expr_stmt>
	    <if>if <condition>(<expr>!<call><name>verifyLatestEvent</name><argument_list>(<argument><expr><name>nEvt</name>+2</expr></argument>,<argument><expr><name>EVT_ILLEGAL_CB</name></expr></argument>)</argument_list></call></expr>)</condition><then>
		    <return>return;</return></then></if>

        <comment type="line">// Try to set state and parameter values with an out-of-range
</comment>        <comment type="line">// index and verify that the correct event is generated
</comment>        <expr_stmt><expr><name>pDCB</name>-&gt;<macro>setState<argument_list>(numStates,(TD_Float)0.0)</argument_list></macro></expr>;</expr_stmt>
	    <if>if <condition>(<expr>!<call><name>verifyLatestEvent</name><argument_list>(<argument><expr><name>nEvt</name>+3</expr></argument>,<argument><expr><name>EVT_ILLEGAL_CB</name></expr></argument>)</argument_list></call></expr>)</condition><then>
		    <return>return;</return></then></if>

        <expr_stmt><expr><name>pDCB</name>-&gt;<macro>setParameter<argument_list>(numParameters,(TD_Float)0.0)</argument_list></macro></expr>;</expr_stmt>
	    <if>if <condition>(<expr>!<call><name>verifyLatestEvent</name><argument_list>(<argument><expr><name>nEvt</name>+4</expr></argument>,<argument><expr><name>EVT_ILLEGAL_CB</name></expr></argument>)</argument_list></call></expr>)</condition><then>
		    <return>return;</return></then></if>
    }</block></then></if>

	<expr_stmt><expr><call><name>setTestResult</name><argument_list>(<argument><expr><name>TEST_SUCCESS</name></expr></argument>,<argument><expr>"Test Successful"</expr></argument>)</argument_list></call></expr>;</expr_stmt>
	<return>return;</return>
}</block></function>
</unit>
