<unit xmlns="http://www.sdml.info/srcML/src" xmlns:cpp="http://www.sdml.info/srcML/cpp">
<comment type="line">//
</comment><comment type="line">// Copyright 2004 P&amp;P Software GmbH - All Rights Reserved
</comment><comment type="line">//
</comment><comment type="line">// TestCasePUSMemoryDumpOffset_1.h
</comment><comment type="line">//
</comment><comment type="line">// Version	1.0
</comment><comment type="line">// Date		11.02.04
</comment><comment type="line">// Author	A. Pasetti (P&amp;P Software)
</comment>
<cpp:ifndef>#<cpp:directive>ifndef</cpp:directive> <name>TestCasePUSMemoryDumpOffset_1H</name></cpp:ifndef>
<cpp:define>#<cpp:directive>define</cpp:directive> <name>TestCasePUSMemoryDumpOffset_1H</name></cpp:define>

<cpp:include>#<cpp:directive>include</cpp:directive> <cpp:file>"../Utilities/TestCaseWithEvtCheck.h"</cpp:file></cpp:include>

<comment type="block">/**
 * Check the functionality of the &lt;code&gt;DC_PUSMemoryDumpOffset&lt;/code&gt;
 * class. 
 * One telecommand instance of type &lt;code&gt;DC_PUSMemoryDumpOffset&lt;/code&gt; is 
 * created and the following specific tests are then performed:&lt;ol&gt;
 * &lt;li&gt;The correctness of the class identifier is checked.&lt;/li&gt;
 * &lt;li&gt;The correctness of the type and subtype is checked.&lt;/li&gt;
 * &lt;li&gt;It is checked that the telemetry packet component is initially not configured.&lt;/li&gt;
 * &lt;li&gt;The maximum number of blocks in the telemetry packet component is set and 
 * the correctness of the
 * set operation is checked.&lt;/li&gt;
 * &lt;li&gt;The size of the dump buffer is set and 
 * the correctness of the
 * set operation is checked.&lt;/li&gt;
 * &lt;li&gt;It is checked that the component is now configured.&lt;/li&gt;
 * &lt;li&gt;The base address is set and the correctness of the
 * set operation is checked.&lt;/li&gt;
 * &lt;li&gt;The memory block identifier is set and the correctness of the
 * set operation is checked.&lt;/li&gt;
 * &lt;li&gt;It is checked that the checksum flag is initially set to "false".&lt;/li&gt;
 * &lt;li&gt;The memory dump blocks are defined and the correctness of the configuration operation
 * is checked.&lt;/li&gt;
 * &lt;li&gt;It is checked that the fast acquisition service is available.&lt;/li&gt;
 * &lt;li&gt;A data update operation is performed and is followed by a data acquisition operation.
 * The correctness of the acquired data is checked.&lt;/li&gt;
 * &lt;li&gt;The number of bytes in the telemetry packet is read out and the correctness of the
 * read-out value is checked.&lt;/li&gt;
 * &lt;li&gt;The checksum flag is changed to "true" (checksum field required) and the correctness of the
 * operation is checked.&lt;/li&gt;
 * &lt;li&gt;One memory dump block is defined, a data update and a data acquisition are performed, 
 * and the correctness of the memory dump data (including the checksum filed) is checked.&lt;/li&gt;
 * &lt;li&gt;Non-nominal behaviour check: an attempt is made to load too many memory blocks and
 * it is checked that the correct event is generated.&lt;/li&gt;
 * &lt;li&gt;Non-nominal behaviour check: an attempt is made to configure a non-existent block
 * and it is checked that the correct event is generated.&lt;/li&gt;
 * &lt;li&gt;Non-nominal behaviour check: an attempt is made to dump a set of blocks that overflow
 * the &lt;i&gt;dump buffer&lt;/i&gt;
 * and it is checked that the correct event is generated.&lt;/li&gt;
 * &lt;/ol&gt;
 * @see DC_PUSMemoryLoadOffset
 * @author Alessandro Pasetti (P&amp;P Software GmbH)
 * @version 1.0
 */</comment>
<class>class <name>TestCasePUSMemoryDumpOffset_1</name> <super>: <specifier>public</specifier> <name>TestCaseWithEvtCheck</name></super> <block>{<private type="default">

  </private><public>public :

     <comment type="block">/**
      * Set the identifier and the name of the test case to, respectively,
      * ID_PUSMEMORYDUMPOFFSET*10+1 and "TestCasePUSMemoryDumpOffset_1".
      */</comment>
     <constructor_decl><name>TestCasePUSMemoryDumpOffset_1</name><parameter_list>(<param><decl><type><name>void</name></type></decl></param>)</parameter_list>;</constructor_decl>

     <comment type="block">/**
      * Execute the test case. See class comment for details.
      */</comment>
     <function_decl><type><name>virtual</name> <name>void</name></type> <name>runTestCase</name><parameter_list>(<param><decl><type><name>void</name></type></decl></param>)</parameter_list>;</function_decl>
</public>}</block>;</class>

<cpp:endif>#<cpp:directive>endif</cpp:directive></cpp:endif>
</unit>
