<unit xmlns="http://www.sdml.info/srcML/src" xmlns:cpp="http://www.sdml.info/srcML/cpp">
<comment type="line">//
</comment><comment type="line">// Copyright 2004 P&amp;P Software GmbH - All Rights Reserved
</comment><comment type="line">//
</comment><comment type="line">// TestCasePUSEventRepository_1.h
</comment><comment type="line">//
</comment><comment type="line">// Version	1.0
</comment><comment type="line">// Date		11.01.04
</comment><comment type="line">// Author	A. Pasetti (P&amp;P Software)
</comment>
<cpp:ifndef>#<cpp:directive>ifndef</cpp:directive> <name>TestCasePUSEventRepository_1H</name></cpp:ifndef>
<cpp:define>#<cpp:directive>define</cpp:directive> <name>TestCasePUSEventRepository_1H</name></cpp:define>

<cpp:include>#<cpp:directive>include</cpp:directive> <cpp:file>"../Utilities/TestCasePUSFull.h"</cpp:file></cpp:include>
<cpp:include>#<cpp:directive>include</cpp:directive> <cpp:file>"../GeneralInclude/ForwardDeclarations.h"</cpp:file></cpp:include>
<cpp:include>#<cpp:directive>include</cpp:directive> <cpp:file>"../GeneralInclude/BasicTypes.h"</cpp:file></cpp:include>

<comment type="block">/**
 * Check the functionality of the &lt;code&gt;DC_PUSEventRepository&lt;/code&gt;
 * class. The test case retrieves the following items from its super class
 * &lt;code&gt;TestCasePUSFull&lt;/code&gt; or from the telecommand factory:&lt;ul&gt;
 * &lt;li&gt;The PUS event repository&lt;/li&gt;
 * &lt;li&gt;One instance of &lt;code&gt;DC_TestPUSTelecommand&lt;/code&gt;&lt;/li&gt;
 * &lt;li&gt;One instance of &lt;code&gt;DC_DummyConfigurableManoeuvre&lt;/code&gt;&lt;/li&gt;
 * &lt;/ul&gt;
 * The following specific checks are then performed:&lt;ol&gt;
 * &lt;li&gt;The correctness of the class identifier of the event repository is checked.&lt;/li&gt;
 * &lt;li&gt;The &lt;code&gt;create&lt;/code&gt; method for telecommands is called repeatedly with 
 * the test telecommand as argument 
 * and with all possible event identifiers that this method can handle (see class
 * comment of class &lt;code&gt;DC_PUSEventRepositor&lt;/code&gt; for the full list). It is
 * then checked that the correct telemetry package has been loaded in the immediate
 * dispatch queue of the telemetry manager.&lt;/li&gt;
 * &lt;li&gt;For one of the repeated calls described at the previous bullet, it is also checked 
 * that the event counter is correctly updated and that an event of the correct type is
 * stored in the event repository.&lt;/li&gt;
 * &lt;li&gt;Calls with "success events" (events that denote the successful acceptance, start, 
 * progress, or completion of a telecommand), the test is repeated twice, first with the
 * associated acknowledge flag in the telecommand set to false and then to true and it is
 * checked that telemetry packet dispatching is only performed in the latter case.&lt;/li&gt;
 * &lt;li&gt;A call to the create method for telecommands is performed when there are no more
 * free &lt;code&gt;DC_PUSTcVerificationPackets&lt;/code&gt; available in the telemetry factory and it is
 * checked that the correct event is generated.&lt;/li&gt;
 * &lt;li&gt;The &lt;code&gt;create&lt;/code&gt; method for manoeuvres is called repeatedly with 
 * the test telecommand as argument 
 * and with all possible event identifiers that this method can handle (see class
 * comment of class &lt;code&gt;DC_PUSEventRepositor&lt;/code&gt; for the full list). It is
 * then checked that the correct telemetry package has been loaded in the immediate
 * dispatch queue of the telemetry manager.&lt;/li&gt;
 * &lt;li&gt;For one of the repeated calls described at the previous bullet, it is also checked 
 * that the event counter is correctly updated and that an event of the correct type is
 * stored in the event repository.&lt;/li&gt;
 * &lt;li&gt;Calls with "success events" (events that denote the successful acceptance, start, 
 * progress, or completion of a telecommand manoeuvre), the test is repeated twice, first with the
 * associated acknowledge flag in the manoeuvre set to false and then to true and it is
 * checked that telemetry packet dispatching is only performed in the latter case.&lt;/li&gt;
 * &lt;li&gt;A call to the create method for manoeuvre is performed when there are no more
 * free &lt;code&gt;DC_PUSTcVerificationPackets&lt;/code&gt; available in the telemetry factory and it is
 * checked that the correct event is generated.&lt;/li&gt;
 * &lt;/ol&gt;
 * @see DC_PUSEventRepository
 * @author Alessandro Pasetti (P&amp;P Software GmbH)
 * @version 1.0
 */</comment>
<class>class <name>TestCasePUSEventRepository_1</name> <super>: <specifier>public</specifier> <name>TestCasePUSFull</name></super> <block>{<private type="default">

  </private><public>public :
     <comment type="block">/**
      * Set the identifier and the name of the test case to, respectively,
      * ID_PUSEVENTREPOSITORY*10+1 and "TestCasePUSEventRepository_1".
      */</comment>
     <constructor_decl><name>TestCasePUSEventRepository_1</name><parameter_list>(<param><decl><type><name>void</name></type></decl></param>)</parameter_list>;</constructor_decl>

     <comment type="block">/**
      * Execute the test case. See class comment for details.
      */</comment>
     <function_decl><type><name>virtual</name> <name>void</name></type> <name>runTestCase</name><parameter_list>(<param><decl><type><name>void</name></type></decl></param>)</parameter_list>;</function_decl>

     <comment type="block">/**
      * Check that the telemetry packet loaded by the argument PUS event repository in the
      * telemetry manager is correctly configured.
      * The method retrieves the telemetry manager from the PUS event repository and then
      * retrieves the telemetry packet from the telemetry manager.
      * In addition to checking the parameters explicitly passed to the method, the type of
      * the telemetry packet is also checked.
      * @param pEvtRep the PUS event repository
      * @param tmSubType the expected subtype of the telemetry packet 
      * @param tcId the expected identified of the telecommand whose execution is being reported
      * @param tt the expected time tag of the telecommand whose execution is being reported
      * @param errCode the expected error code of the telecommand (only checked for correctness
      * if different from zero)
      * @return true if the telemetry packet is configured as expected
      */</comment>
     <function_decl><type><name>bool</name></type> <name>checkTmPacket</name><parameter_list>(<param><decl><type><name>DC_PUSEventRepository</name>*</type> <name>pEvtRep</name></decl></param>, <param><decl><type><name>TD_TelemetrySubType</name></type> <name>tmSubType</name></decl></param>,
                        <param><decl><type><name>TD_TelecommandId</name></type> <name>tcId</name></decl></param>, <param><decl><type><name>TD_ObsTime</name></type> <name>tt</name></decl></param>, <param><decl><type><name>TD_CheckCode</name></type> <name>errCode</name></decl></param>)</parameter_list>;</function_decl>

     <comment type="block">/**
      * Check that no telemetry packets were loaded by the argument PUS event repository in the
      * telemetry manager.
      * The method retrieves the telemetry manager from the PUS event repository and then
      * checks that it does not hold any items in the immediate dispatch queue.
      * @param pEvtRep the PUS event repository
      * @return true if the no telemetry packet are found in the immediate dispatch queue of the
      * telemetry manager
      */</comment>
     <function_decl><type><name>bool</name></type> <name>checkNoTmPacket</name><parameter_list>(<param><decl><type><name>DC_PUSEventRepository</name>*</type> <name>pEvtRep</name></decl></param>)</parameter_list>;</function_decl>
</public>}</block>;</class>

<cpp:endif>#<cpp:directive>endif</cpp:directive></cpp:endif>
</unit>
