<unit xmlns="http://www.sdml.info/srcML/src" xmlns:cpp="http://www.sdml.info/srcML/cpp">
<comment type="line">//
</comment><comment type="line">// Copyright 2004 P&amp;P Software GmbH - All Rights Reserved
</comment><comment type="line">//
</comment><comment type="line">// TestCaseDummyObsClock_1.cpp
</comment><comment type="line">//
</comment><comment type="line">// Version	1.1
</comment><comment type="line">// Date		14.04.03
</comment><comment type="line">// Author	A. Pasetti (P&amp;P Software)
</comment>
<cpp:include>#<cpp:directive>include</cpp:directive> <cpp:file>"TestCaseDummyObsClock_1.h"</cpp:file></cpp:include>
<cpp:include>#<cpp:directive>include</cpp:directive> <cpp:file>"../GeneralInclude/CompilerSwitches.h"</cpp:file></cpp:include>
<cpp:include>#<cpp:directive>include</cpp:directive> <cpp:file>"../GeneralInclude/ClassId.h"</cpp:file></cpp:include>
<cpp:include>#<cpp:directive>include</cpp:directive> <cpp:file>"../GeneralInclude/Constants.h"</cpp:file></cpp:include>
<cpp:include>#<cpp:directive>include</cpp:directive> <cpp:file>"../Base/CC_RootObject.h"</cpp:file></cpp:include>
<cpp:include>#<cpp:directive>include</cpp:directive> <cpp:file>"../System/DC_DummyObsClock.h"</cpp:file></cpp:include>

<constructor><name>TestCaseDummyObsClock_1::TestCaseDummyObsClock_1</name><parameter_list>(<param><decl><type><name>void</name></type></decl></param>)</parameter_list> <member_list>:
	<call><name>TestCaseGenericSetUp</name><argument_list>(<argument><expr><name>ID_DUMMYOBSCLOCK</name>*10+1</expr></argument>,<argument><expr>"TestCaseDummyObsClock_1"</expr></argument>)</argument_list></call> </member_list><block>{
		<return>return;</return>
}</block></constructor>

<function><type><name>void</name></type> <name><name>TestCaseDummyObsClock_1</name>::<name>runTestCase</name></name><parameter_list>(<param><decl><type><name>void</name></type></decl></param>)</parameter_list> <block>{

     <decl_stmt><decl><type><name>DC_DummyObsClock</name>*</type> <name>pClk</name> =<init> <expr>new <call><name>DC_DummyObsClock</name><argument_list>()</argument_list></call></expr></init></decl>;</decl_stmt>

     <comment type="line">// Dummy OBS Clock objects should be configured upon creation
</comment>     <if>if <condition>( <expr>(<name>pClk</name>-&gt;<call><name>isObjectConfigured</name><argument_list>()</argument_list></call> != <name>CONFIGURED</name>)</expr> )</condition><then>
	<block>{	<expr_stmt><expr><call><name>setTestResult</name><argument_list>(<argument><expr><name>TEST_FAILURE</name></expr></argument>, <argument><expr>"Dummy OBS clock component should be configured"</expr></argument>)</argument_list></call></expr>;</expr_stmt>
		<return>return;</return>
	}</block></then></if>

     <comment type="line">// Check that the timing data have correct values (they should be zero
</comment>     <comment type="line">// upon creation)
</comment>	<if>if <condition>( <expr>(<name>pClk</name>-&gt;<call><name>getTime</name><argument_list>()</argument_list></call> != 0) || (<name>pClk</name>-&gt;<call><name>getCycle</name><argument_list>()</argument_list></call> != 0)</expr> )</condition><then>
	<block>{	<expr_stmt><expr><call><name>setTestResult</name><argument_list>(<argument><expr><name>TEST_FAILURE</name></expr></argument>, <argument><expr>"Incorrect timing initial values"</expr></argument>)</argument_list></call></expr>;</expr_stmt>
		<return>return;</return>
	}</block></then></if>

     <comment type="line">// Set the timing data
</comment>     <expr_stmt><expr><name>pClk</name>-&gt;<call><name>setTime</name><argument_list>(<argument><expr>10</expr></argument>)</argument_list></call></expr>;</expr_stmt>
     <expr_stmt><expr><name>pClk</name>-&gt;<call><name>setCycle</name><argument_list>(<argument><expr>1</expr></argument>)</argument_list></call></expr>;</expr_stmt>

     <comment type="line">// Check that the timing data have correct values
</comment>	<if>if <condition>( <expr>(<name>pClk</name>-&gt;<call><name>getTime</name><argument_list>()</argument_list></call> != 10) || (<name>pClk</name>-&gt;<call><name>getCycle</name><argument_list>()</argument_list></call> != 1)</expr> )</condition><then>
	<block>{	<expr_stmt><expr><call><name>setTestResult</name><argument_list>(<argument><expr><name>TEST_FAILURE</name></expr></argument>, <argument><expr>"Incorrect timing values"</expr></argument>)</argument_list></call></expr>;</expr_stmt>
		<return>return;</return>
	}</block></then></if>

     <comment type="line">// Reset clock component and verify that time and cycle are reset to 0
</comment>     <expr_stmt><expr><name>pClk</name>-&gt;<call><name>reset</name><argument_list>()</argument_list></call></expr>;</expr_stmt>
	<if>if <condition>( <expr>(<name>pClk</name>-&gt;<call><name>getTime</name><argument_list>()</argument_list></call> != 0) || (<name>pClk</name>-&gt;<call><name>getCycle</name><argument_list>()</argument_list></call> != 0)</expr> )</condition><then>
	<block>{	<expr_stmt><expr><call><name>setTestResult</name><argument_list>(<argument><expr><name>TEST_FAILURE</name></expr></argument>, <argument><expr>"Timing data have not been correctly reset"</expr></argument>)</argument_list></call></expr>;</expr_stmt>
		<return>return;</return>
	}</block></then></if>

    <comment type="line">// Do dummy method call
</comment>    <expr_stmt><expr><name>pClk</name>-&gt;<call><name>synchronizeWithSystemTime</name><argument_list>()</argument_list></call></expr>;</expr_stmt>

	<expr_stmt><expr><call><name>setTestResult</name><argument_list>(<argument><expr><name>TEST_SUCCESS</name></expr></argument>,<argument><expr>"Test Successful"</expr></argument>)</argument_list></call></expr>;</expr_stmt>
	<return>return;</return>
}</block></function>
</unit>
