<unit xmlns="http://www.sdml.info/srcML/src" xmlns:cpp="http://www.sdml.info/srcML/cpp">
<comment type="line">//
</comment><comment type="line">// Copyright 2004 P&amp;P Software GmbH - All Rights Reserved
</comment><comment type="line">//
</comment><comment type="line">// TestCaseDataItem16TmWord_1.cpp
</comment><comment type="line">//
</comment><comment type="line">// Version	1.1
</comment><comment type="line">// Date		18.04.03
</comment><comment type="line">// Author	A. Pasetti (P&amp;P Software)
</comment>
<cpp:include>#<cpp:directive>include</cpp:directive> <cpp:file>"../GeneralInclude/CompilerSwitches.h"</cpp:file></cpp:include>
<cpp:include>#<cpp:directive>include</cpp:directive> <cpp:file>"../GeneralInclude/ClassId.h"</cpp:file></cpp:include>
<cpp:include>#<cpp:directive>include</cpp:directive> <cpp:file>"../GeneralInclude/TestConstants.h"</cpp:file></cpp:include>
<cpp:include>#<cpp:directive>include</cpp:directive> <cpp:file>"../Telemetry/DC_DataItem16TmWord.h"</cpp:file></cpp:include>
<cpp:include>#<cpp:directive>include</cpp:directive> <cpp:file>"../Base/CC_RootObject.h"</cpp:file></cpp:include>
<cpp:include>#<cpp:directive>include</cpp:directive> <cpp:file>"../Event/DC_EventRepository.h"</cpp:file></cpp:include>
<cpp:include>#<cpp:directive>include</cpp:directive> <cpp:file>"../Data/DC_RawDataItem.h"</cpp:file></cpp:include>
<cpp:include>#<cpp:directive>include</cpp:directive> <cpp:file>"../Data/DC_DataItem.h"</cpp:file></cpp:include>
<cpp:include>#<cpp:directive>include</cpp:directive> <cpp:file>"TestCaseDataItem16TmWord_1.h"</cpp:file></cpp:include>

<cpp:include>#<cpp:directive>include</cpp:directive> <cpp:file>&lt;string.h&gt;</cpp:file></cpp:include>

<constructor><name>TestCaseDataItem16TmWord_1::TestCaseDataItem16TmWord_1</name><parameter_list>(<param><decl><type><name>void</name></type></decl></param>)</parameter_list> <member_list>:
	<call><name>TestCaseGenericSetUp</name><argument_list>(<argument><expr><name>ID_DATAITEM16TMWORD</name>*10+1</expr></argument>,<argument><expr>"TestCaseDataItem16TmWord_1"</expr></argument>)</argument_list></call> </member_list><block>{
		<return>return;</return>
}</block></constructor>

<function><type><name>void</name></type> <name><name>TestCaseDataItem16TmWord_1</name>::<name>runTestCase</name></name><parameter_list>(<param><decl><type><name>void</name></type></decl></param>)</parameter_list> <block>{

   <decl_stmt><decl><type><name>unsigned</name> <name>short</name></type> <name>usTemp</name></decl>;</decl_stmt>
   <decl_stmt><decl><type><name>unsigned</name> <name>char</name></type> <name>ucTemp</name></decl>;</decl_stmt>
   <decl_stmt><decl><type><name>unsigned</name> <name>char</name>*</type> <name>pTemp</name></decl>;</decl_stmt>

   <comment type="line">// Create a data item component
</comment>   <decl_stmt><decl><type><name>unsigned</name> <name>short</name></type> <name>var</name> =<init> <expr>0xaabb</expr></init></decl>;</decl_stmt>
   <decl_stmt><decl><type><name>DC_RawDataItem</name>*</type> <name>pd1</name> =<init> <expr>new <call><name>DC_RawDataItem</name><argument_list>( <argument><expr>&amp;<name>var</name></expr></argument> )</argument_list></call></expr></init></decl>;</decl_stmt>

   <comment type="line">// Create the DataItem16TmWord_1 component
</comment>   <decl_stmt><decl><type><name>DC_DataItem16TmWord</name>*</type> <name>pTmWord</name> =<init> <expr>new <call><name>DC_DataItem16TmWord</name><argument_list>()</argument_list></call></expr></init></decl>;</decl_stmt>

   <comment type="line">// Check the value of the class identifier
</comment>   <if>if <condition>( <expr><name>pTmWord</name>-&gt;<call><name>getClassId</name><argument_list>()</argument_list></call> != <name>ID_DATAITEM16TMWORD</name></expr> )</condition><then>
   <block>{    <expr_stmt><expr><call><name>setTestResult</name><argument_list>(<argument><expr><name>TEST_FAILURE</name></expr></argument>, <argument><expr>"Wrong class identifier"</expr></argument>)</argument_list></call></expr>;</expr_stmt>
        <return>return;</return>
   }</block></then></if>

   <comment type="line">// Check that the DataItem16TmWord_1 is not configured
</comment>   <if>if <condition>( <expr><name>pTmWord</name>-&gt;<call><name>isObjectConfigured</name><argument_list>()</argument_list></call></expr> )</condition><then>
   <block>{    <expr_stmt><expr><call><name>setTestResult</name><argument_list>(<argument><expr><name>TEST_FAILURE</name></expr></argument>, <argument><expr>"Wrong object configuration status"</expr></argument>)</argument_list></call></expr>;</expr_stmt>
        <return>return;</return>
   }</block></then></if>

   <comment type="line">// Load the data item into the DataItem16TmWord_1 object and check that the
</comment>   <comment type="line">// DataItem16TmWord_1 object becomes configured
</comment>   <expr_stmt><expr><name>pTmWord</name>-&gt;<call><name>setDataItem</name><argument_list>(<argument><expr><name>pd1</name></expr></argument>)</argument_list></call></expr>;</expr_stmt>
   <if>if <condition>( <expr>!<name>pTmWord</name>-&gt;<call><name>isObjectConfigured</name><argument_list>()</argument_list></call></expr> )</condition><then>
   <block>{    <expr_stmt><expr><call><name>setTestResult</name><argument_list>(<argument><expr><name>TEST_FAILURE</name></expr></argument>, <argument><expr>"Wrong object configuration status"</expr></argument>)</argument_list></call></expr>;</expr_stmt>
        <return>return;</return>
   }</block></then></if>

   <comment type="line">// Check the correct validity status
</comment>   <if>if <condition>( <expr>!<name>pTmWord</name>-&gt;<call><name>isValid</name><argument_list>()</argument_list></call></expr> )</condition><then>
   <block>{    <expr_stmt><expr><call><name>setTestResult</name><argument_list>(<argument><expr><name>TEST_FAILURE</name></expr></argument>, <argument><expr>"Wrong validity status"</expr></argument>)</argument_list></call></expr>;</expr_stmt>
        <return>return;</return>
   }</block></then></if>

   <comment type="line">// Check the correct number of bytes
</comment>   <if>if <condition>( <expr><name>pTmWord</name>-&gt;<call><name>getNumberOfBytes</name><argument_list>()</argument_list></call> != 2</expr>)</condition><then>
   <block>{    <expr_stmt><expr><call><name>setTestResult</name><argument_list>(<argument><expr><name>TEST_FAILURE</name></expr></argument>, <argument><expr>"Wrong number of bytes"</expr></argument>)</argument_list></call></expr>;</expr_stmt>
        <return>return;</return>
   }</block></then></if>

   <comment type="line">// Send an update request to DataItem16TmWord_1 and check the
</comment>   <comment type="line">// data acquired from it are correct
</comment>   <expr_stmt><expr><name>pTmWord</name>-&gt;<call><name>update</name><argument_list>()</argument_list></call></expr>;</expr_stmt>
   <if>if <condition>( <expr><name>pTmWord</name>-&gt;<call><name>getUnsignedShort</name><argument_list>(<argument><expr>0</expr></argument>)</argument_list></call> != 0xaabb</expr> )</condition><then>
   <block>{    <expr_stmt><expr><call><name>setTestResult</name><argument_list>(<argument><expr><name>TEST_FAILURE</name></expr></argument>, <argument><expr>"Wrong data acquisition result"</expr></argument>)</argument_list></call></expr>;</expr_stmt>
        <return>return;</return>
   }</block></then></if>
   <expr_stmt><expr><name>usTemp</name> = <name>pd1</name>-&gt;<call><name>getUnsignedShort</name><argument_list>()</argument_list></call></expr>;</expr_stmt>
   <expr_stmt><expr><name>pTemp</name> = (<name>unsigned</name> <name>char</name>*)&amp;<name>usTemp</name></expr>;</expr_stmt>
   <expr_stmt><expr><call><name>memcpy</name><argument_list>(<argument><expr>&amp;<name>ucTemp</name></expr></argument>,<argument><expr><name>pTemp</name></expr></argument>,<argument><expr>1</expr></argument>)</argument_list></call></expr>;</expr_stmt>
   <if>if <condition>( <expr><name>pTmWord</name>-&gt;<call><name>getUnsignedByte</name><argument_list>(<argument><expr>0</expr></argument>)</argument_list></call> != <name>ucTemp</name></expr> )</condition><then>
   <block>{    <expr_stmt><expr><call><name>setTestResult</name><argument_list>(<argument><expr><name>TEST_FAILURE</name></expr></argument>, <argument><expr>"Wrong data acquisition result"</expr></argument>)</argument_list></call></expr>;</expr_stmt>
        <return>return;</return>
   }</block></then></if>
   <expr_stmt><expr><call><name>memcpy</name><argument_list>(<argument><expr>&amp;<name>ucTemp</name></expr></argument>,<argument><expr><name>pTemp</name>+1</expr></argument>,<argument><expr>1</expr></argument>)</argument_list></call></expr>;</expr_stmt>
   <if>if <condition>( <expr><name>pTmWord</name>-&gt;<call><name>getUnsignedByte</name><argument_list>(<argument><expr>1</expr></argument>)</argument_list></call> != <name>ucTemp</name></expr> )</condition><then>
   <block>{    <expr_stmt><expr><call><name>setTestResult</name><argument_list>(<argument><expr><name>TEST_FAILURE</name></expr></argument>, <argument><expr>"Wrong data acquisition result"</expr></argument>)</argument_list></call></expr>;</expr_stmt>
        <return>return;</return>
   }</block></then></if>

   <expr_stmt><expr><call><name>setTestResult</name><argument_list>(<argument><expr><name>TEST_SUCCESS</name></expr></argument>,<argument><expr>"Test Successful"</expr></argument>)</argument_list></call></expr>;</expr_stmt>
   <return>return;</return>

}</block></function>
</unit>
