<unit xmlns="http://www.sdml.info/srcML/src" xmlns:cpp="http://www.sdml.info/srcML/cpp">
<comment type="line">//
</comment><comment type="line">// Copyright 2004 P&amp;P Software GmbH - All Rights Reserved
</comment><comment type="line">//
</comment><comment type="line">// TestCaseRootObject_3.cpp
</comment><comment type="line">//
</comment><comment type="line">// Version	1.1
</comment><comment type="line">// Date		11.04.03
</comment><comment type="line">// Author	A. Pasetti (P&amp;P Software)
</comment>
<cpp:include>#<cpp:directive>include</cpp:directive> <cpp:file>"../GeneralInclude/CompilerSwitches.h"</cpp:file></cpp:include>
<cpp:include>#<cpp:directive>include</cpp:directive> <cpp:file>"../GeneralInclude/ClassId.h"</cpp:file></cpp:include>
<cpp:include>#<cpp:directive>include</cpp:directive> <cpp:file>"../GeneralInclude/Constants.h"</cpp:file></cpp:include>
<cpp:include>#<cpp:directive>include</cpp:directive> <cpp:file>"../Base/CC_RootObject.h"</cpp:file></cpp:include>
<cpp:include>#<cpp:directive>include</cpp:directive> <cpp:file>"../Event/DC_EventRepository.h"</cpp:file></cpp:include>
<cpp:include>#<cpp:directive>include</cpp:directive> <cpp:file>"TestCaseRootObject_3.h"</cpp:file></cpp:include>

<constructor><name>TestCaseRootObject_3::TestCaseRootObject_3</name><parameter_list>(<param><decl><type><name>void</name></type></decl></param>)</parameter_list> <member_list>:
	<call><name>TestCaseGenericSetUp</name><argument_list>(<argument><expr><name>ID_ROOTOBJECT</name>*10+3</expr></argument>,<argument><expr>"TestCaseRootObject_3"</expr></argument>)</argument_list></call> </member_list><block>{
		<return>return;</return>
}</block></constructor>

<function><type><name>void</name></type> <name><name>TestCaseRootObject_3</name>::<name>runTestCase</name></name><parameter_list>(<param><decl><type><name>void</name></type></decl></param>)</parameter_list> <block>{

   <decl_stmt><decl><type><name>CC_RootObject</name>*</type> <name>pr1</name> =<init> <expr>new <call><name>CC_RootObject</name><argument_list>()</argument_list></call></expr></init></decl>;</decl_stmt>
   <decl_stmt><decl><type><name>CC_RootObject</name>*</type> <name>pr2</name> =<init> <expr>new <call><name>CC_RootObject</name><argument_list>()</argument_list></call></expr></init></decl>;</decl_stmt>

   <if>if <condition>( <expr>(<name>pr1</name>-&gt;<call><name>isObjectConfigured</name><argument_list>()</argument_list></call> == <name>NOT_CONFIGURED</name>) ||
        (<name>pr2</name>-&gt;<call><name>isObjectConfigured</name><argument_list>()</argument_list></call> == <name>NOT_CONFIGURED</name>)</expr> )</condition><then>
	<block>{	<expr_stmt><expr><call><name>setTestResult</name><argument_list>(<argument><expr><name>TEST_FAILURE</name></expr></argument>, <argument><expr>"Failure to report correct object configuration status"</expr></argument>)</argument_list></call></expr>;</expr_stmt>
		<return>return;</return>
	}</block></then></if>

	<if>if <condition>( <expr><call><name><name>CC_RootObject</name>::<name>isSystemConfigured</name></name><argument_list>()</argument_list></call> == <name>NOT_CONFIGURED</name></expr> )</condition><then>
	<block>{	<expr_stmt><expr><call><name>setTestResult</name><argument_list>(<argument><expr><name>TEST_FAILURE</name></expr></argument>, <argument><expr>"Failure to report correct system configuration status"</expr></argument>)</argument_list></call></expr>;</expr_stmt>
		<return>return;</return>
	}</block></then></if>

   <comment type="line">// Create but do not configure an event repository. This should cause the
</comment>   <comment type="line">// system configuration check to fail
</comment>   <decl_stmt><decl><type><name>DC_EventRepository</name>*</type> <name>pRep</name> =<init> <expr>new <call><name>DC_EventRepository</name><argument_list>()</argument_list></call></expr></init></decl>;</decl_stmt>
	<if>if <condition>( <expr><call><name><name>CC_RootObject</name>::<name>isSystemConfigured</name></name><argument_list>()</argument_list></call> != <name>NOT_CONFIGURED</name></expr> )</condition><then>
	<block>{	<expr_stmt><expr><call><name>setTestResult</name><argument_list>(<argument><expr><name>TEST_FAILURE</name></expr></argument>, <argument><expr>"Failure to report correct system configuration status"</expr></argument>)</argument_list></call></expr>;</expr_stmt>
		<return>return;</return>
	}</block></then></if>

   <comment type="line">// Make use of the pRep variable. This is necessary to avoid
</comment>   <comment type="line">// a compiler warning
</comment>   <expr_stmt><expr><name>pRep</name>-&gt;<call><name>isObjectConfigured</name><argument_list>()</argument_list></call></expr>;</expr_stmt>

	<expr_stmt><expr><call><name>setTestResult</name><argument_list>(<argument><expr><name>TEST_SUCCESS</name></expr></argument>,<argument><expr>"Test Successful"</expr></argument>)</argument_list></call></expr>;</expr_stmt>
	<return>return;</return>
}</block></function>

</unit>
