<unit xmlns="http://www.sdml.info/srcML/src" xmlns:cpp="http://www.sdml.info/srcML/cpp">
<comment type="line">//
</comment><comment type="line">// Copyright 2004 P&amp;P Software GmbH - All Rights Reserved
</comment><comment type="line">//
</comment><comment type="line">// TestCaseNullProfile_1.cpp
</comment><comment type="line">//
</comment><comment type="line">// Version	1.0
</comment><comment type="line">// Date		01.10.03
</comment><comment type="line">// Author	R. Totaro
</comment>
<cpp:include>#<cpp:directive>include</cpp:directive> <cpp:file>"../GeneralInclude/CompilerSwitches.h"</cpp:file></cpp:include>
<cpp:include>#<cpp:directive>include</cpp:directive> <cpp:file>"../GeneralInclude/ClassId.h"</cpp:file></cpp:include>
<cpp:include>#<cpp:directive>include</cpp:directive> <cpp:file>"../FDIR/DC_NullProfile.h"</cpp:file></cpp:include>
<cpp:include>#<cpp:directive>include</cpp:directive> <cpp:file>"TestCaseNullProfile_1.h"</cpp:file></cpp:include>

<constructor><name>TestCaseNullProfile_1::TestCaseNullProfile_1</name><parameter_list>(<param><decl><type><name>void</name></type></decl></param>)</parameter_list> <member_list>:
    <call><name>TestCaseGenericSetUp</name><argument_list>(<argument><expr><name>ID_NULLPROFILE</name>*10+1</expr></argument>,<argument><expr>"TestCaseNullProfile_1"</expr></argument>)</argument_list></call> </member_list><block>{
    <return>return;</return>
}</block></constructor>

<function><type><name>void</name></type> <name><name>TestCaseNullProfile_1</name>::<name>runTestCase</name></name><parameter_list>(<param><decl><type><name>void</name></type></decl></param>)</parameter_list> <block>{
    <decl_stmt><decl><type><name>DC_NullProfile</name>    *</type><name>pNP</name>       =<init><expr>new <name>DC_NullProfile</name></expr></init></decl>;</decl_stmt>
    <decl_stmt><decl><type><name>const</name> <name>unsigned</name> <name>int</name></type> <name>iterations</name>=<init><expr>100</expr></init></decl>;</decl_stmt>

    <comment type="line">// Check the value of the class identifier
</comment>    <if>if <condition>(<expr><name>pNP</name>-&gt;<call><name>getClassId</name><argument_list>()</argument_list></call>!=<name>ID_NULLPROFILE</name></expr> )</condition><then> <block>{
        <expr_stmt><expr><call><name>setTestResult</name><argument_list>(<argument><expr><name>TEST_FAILURE</name></expr></argument>,<argument><expr>"Wrong class identifier"</expr></argument>)</argument_list></call></expr>;</expr_stmt>
        <return>return;</return>
    }</block></then></if>

    <for>for (<init><expr><type><name>TD_Integer</name></type> <name>i</name>=<init><expr>0</expr></init></expr>;</init><condition><expr><name>i</name>&lt;<name>iterations</name></expr>;</condition><incr><expr><name>i</name>++</expr></incr>) <block>{
        <decl_stmt><decl><type><name>TD_Float</name></type>   <name>fVal</name>=<init><expr>(<name>TD_Float</name>)0.1*<name>i</name></expr></init></decl>;</decl_stmt>
        <decl_stmt><decl><type><name>TD_Integer</name></type> <name>iVal</name>=<init><expr>(<name>TD_Integer</name>)12*<name>i</name></expr></init></decl>;</decl_stmt>

        <if>if <condition>(<expr><name>pNP</name>-&gt;<call><name>deviatesFromProfile</name><argument_list>(<argument><expr><name>fVal</name></expr></argument>)</argument_list></call></expr>)</condition><then> <block>{
            <expr_stmt><expr><call><name>setTestResult</name><argument_list>(<argument><expr><name>TEST_FAILURE</name></expr></argument>,<argument><expr>"deviatesFromProfile(TD_Float) failed"</expr></argument>)</argument_list></call></expr>;</expr_stmt>
            <return>return;</return>
        }</block></then></if>

        <if>if <condition>(<expr><name>pNP</name>-&gt;<call><name>deviatesFromProfile</name><argument_list>(<argument><expr><name>iVal</name></expr></argument>)</argument_list></call></expr>)</condition><then> <block>{
            <expr_stmt><expr><call><name>setTestResult</name><argument_list>(<argument><expr><name>TEST_FAILURE</name></expr></argument>,<argument><expr>"deviatesFromProfile(TD_Integer) failed"</expr></argument>)</argument_list></call></expr>;</expr_stmt>
            <return>return;</return>
        }</block></then></if>
    }</block></for>

    <comment type="line">// Do dummy call to reset
</comment>    <expr_stmt><expr><name>pNP</name>-&gt;<call><name>reset</name><argument_list>()</argument_list></call></expr>;</expr_stmt>

    <expr_stmt><expr><call><name>setTestResult</name><argument_list>(<argument><expr><name>TEST_SUCCESS</name></expr></argument>,<argument><expr>"Test Successful"</expr></argument>)</argument_list></call></expr>;</expr_stmt>
    <return>return;</return>
}</block></function>
</unit>
