<unit xmlns="http://www.sdml.info/srcML/src" xmlns:cpp="http://www.sdml.info/srcML/cpp">
<comment type="line">//
</comment><comment type="line">// Copyright 2004 P&amp;P Software GmbH - All Rights Reserved
</comment><comment type="line">//
</comment><comment type="line">// TestCaseNestedFsmActivatorWithExitCheck_1.cpp
</comment><comment type="line">//
</comment><comment type="line">// Version	1.0
</comment><comment type="line">// Date		08.07.03
</comment><comment type="line">// Author	R. Totaro
</comment>
<cpp:include>#<cpp:directive>include</cpp:directive> <cpp:file>"../GeneralInclude/CompilerSwitches.h"</cpp:file></cpp:include>
<cpp:include>#<cpp:directive>include</cpp:directive> <cpp:file>"../GeneralInclude/ClassId.h"</cpp:file></cpp:include>
<cpp:include>#<cpp:directive>include</cpp:directive> <cpp:file>"../GeneralInclude/Constants.h"</cpp:file></cpp:include>
<cpp:include>#<cpp:directive>include</cpp:directive> <cpp:file>"../GeneralInclude/TestConstants.h"</cpp:file></cpp:include>
<cpp:include>#<cpp:directive>include</cpp:directive> <cpp:file>"../FSM/DC_FsmEvent.h"</cpp:file></cpp:include>
<cpp:include>#<cpp:directive>include</cpp:directive> <cpp:file>"../FSM/DC_DummyFsmState.h"</cpp:file></cpp:include>
<cpp:include>#<cpp:directive>include</cpp:directive> <cpp:file>"../FSM/DC_NestedFsmActivatorWithExitCheck.h"</cpp:file></cpp:include>
<cpp:include>#<cpp:directive>include</cpp:directive> <cpp:file>"TestCaseNestedFsmActivatorWithExitCheck_1.h"</cpp:file></cpp:include>

<constructor><name>TestCaseNestedFsmActivatorWithExitCheck_1::TestCaseNestedFsmActivatorWithExitCheck_1</name><parameter_list>(<param><decl><type><name>void</name></type></decl></param>)</parameter_list> <member_list>:
	<call><name>TestCaseGenericSetUp</name><argument_list>(<argument><expr><name>ID_NESTEDFSMACTIVATORWITHEXITCHECK</name>*10+1</expr></argument>,
						 <argument><expr>"TestCaseNestedFsmActivatorWithExitCheck_1"</expr></argument>)</argument_list></call> </member_list><block>{
	<return>return;</return>
}</block></constructor>

<function><type><name>void</name></type> <name><name>TestCaseNestedFsmActivatorWithExitCheck_1</name>::<name>runTestCase</name></name><parameter_list>(<param><decl><type><name>void</name></type></decl></param>)</parameter_list> <block>{
	<decl_stmt><decl><type><name>const</name> <name>TD_FsmStateIndex</name></type>              <name>numStates</name>  =<init><expr>8</expr></init></decl>;</decl_stmt>
	<decl_stmt><decl><type><name>const</name> <name>TD_FsmStateIndex</name></type>              <name>targetState</name>=<init><expr>5</expr></init></decl>;</decl_stmt>
	<decl_stmt><decl><type><name>CC_FSM</name>                             *</type><name>pFSM</name>       =<init><expr>new <name>CC_FSM</name></expr></init></decl>;</decl_stmt>
	<decl_stmt><decl><type><name>DC_NestedFsmActivatorWithExitCheck</name> *</type><name>pNFA</name>       =<init><expr>new <name>DC_NestedFsmActivatorWithExitCheck</name></expr></init></decl>;</decl_stmt>
	<decl_stmt><decl><type><name>DC_DummyFsmState</name>                   *</type><name><name>pFS</name>[<expr><name>numStates</name></expr>]</name></decl>;</decl_stmt>
	<decl_stmt><decl><type><name>DC_FsmEvent</name>                        *</type><name><name>pFE</name>[<expr><name>numStates</name></expr>]</name></decl>;</decl_stmt>

	<comment type="line">// Initialize the FSM
</comment>	<expr_stmt><expr><name>pFSM</name>-&gt;<call><name>setNumberOfStates</name><argument_list>(<argument><expr><name>numStates</name></expr></argument>)</argument_list></call></expr>;</expr_stmt>

	<for>for (<init><expr><type><name>TD_FsmStateIndex</name></type> <name>i</name>=<init><expr>0</expr></init></expr>;</init><condition><expr><name>i</name>&lt;<name>numStates</name></expr>;</condition><incr><expr><name>i</name>++</expr></incr>) <block>{
		<comment type="line">// Create and load FSM states
</comment>		<expr_stmt><expr><name><name>pFS</name>[<expr><name>i</name></expr>]</name>=new <name>DC_DummyFsmState</name></expr>;</expr_stmt>
		<expr_stmt><expr><name>pFSM</name>-&gt;<call><name>setState</name><argument_list>(<argument><expr><name>i</name></expr></argument>,<argument><expr><name><name>pFS</name>[<expr><name>i</name></expr>]</name></expr></argument>)</argument_list></call></expr>;</expr_stmt>

		<comment type="line">// Create and configure FSM events
</comment>		<expr_stmt><expr><name><name>pFE</name>[<expr><name>i</name></expr>]</name>=new <name>DC_FsmEvent</name></expr>;</expr_stmt>
		<expr_stmt><expr><name><name>pFE</name>[<expr><name>i</name></expr>]</name>-&gt;<call><name>setTargetFsm</name><argument_list>(<argument><expr><name>pFSM</name></expr></argument>)</argument_list></call></expr>;</expr_stmt>
		<expr_stmt><expr><name><name>pFE</name>[<expr><name>i</name></expr>]</name>-&gt;<macro>setTargetState<argument_list>((i+1)%numStates)</argument_list></macro></expr>;</expr_stmt>
	}</block></for>

	<expr_stmt><expr><name>pFSM</name>-&gt;<call><name>reset</name><argument_list>()</argument_list></call></expr>;</expr_stmt>

	<comment type="line">// Verify the correctness of the class id
</comment>	<if>if <condition>(<expr><name>pNFA</name>-&gt;<call><name>getClassId</name><argument_list>()</argument_list></call>!=<name>ID_NESTEDFSMACTIVATORWITHEXITCHECK</name></expr>)</condition><then> <block>{
		<expr_stmt><expr><call><name>setTestResult</name><argument_list>(<argument><expr><name>TEST_FAILURE</name></expr></argument>,<argument><expr>"Wrong class id"</expr></argument>)</argument_list></call></expr>;</expr_stmt>
		<return>return;</return>
	}</block></then></if>

	<comment type="line">// The object shall not be configured yet
</comment>	<if>if <condition>(<expr><name>pNFA</name>-&gt;<call><name>isObjectConfigured</name><argument_list>()</argument_list></call></expr>)</condition><then> <block>{
		<expr_stmt><expr><call><name>setTestResult</name><argument_list>(<argument><expr><name>TEST_FAILURE</name></expr></argument>,<argument><expr>"Newly created object is configured"</expr></argument>)</argument_list></call></expr>;</expr_stmt>
		<return>return;</return>
	}</block></then></if>

	<comment type="line">// Let's attach the nested FSM to the state and verify that
</comment>	<comment type="line">// object is not yet configured
</comment>	<expr_stmt><expr><name>pNFA</name>-&gt;<call><name>setTargetFsm</name><argument_list>(<argument><expr><name>pFSM</name></expr></argument>)</argument_list></call></expr>;</expr_stmt>

	<if>if <condition>(<expr><name>pNFA</name>-&gt;<call><name>isObjectConfigured</name><argument_list>()</argument_list></call></expr>)</condition><then> <block>{
		<expr_stmt><expr><call><name>setTestResult</name><argument_list>(<argument><expr><name>TEST_FAILURE</name></expr></argument>,<argument><expr>"Object is wrongly configured"</expr></argument>)</argument_list></call></expr>;</expr_stmt>
		<return>return;</return>
	}</block></then></if>

	<comment type="line">// After setting the target state the object should be configured
</comment>	<expr_stmt><expr><name>pNFA</name>-&gt;<call><name>setTargetState</name><argument_list>(<argument><expr><name>targetState</name></expr></argument>)</argument_list></call></expr>;</expr_stmt>

	<if>if <condition>(<expr><name>pNFA</name>-&gt;<call><name>getTargetState</name><argument_list>()</argument_list></call>!=<name>targetState</name></expr>)</condition><then> <block>{
		<expr_stmt><expr><call><name>setTestResult</name><argument_list>(<argument><expr><name>TEST_FAILURE</name></expr></argument>,<argument><expr>"setTargetState() failed"</expr></argument>)</argument_list></call></expr>;</expr_stmt>
		<return>return;</return>
	}</block></then></if>

	<if>if <condition>(<expr>!<name>pNFA</name>-&gt;<call><name>isObjectConfigured</name><argument_list>()</argument_list></call></expr>)</condition><then> <block>{
		<expr_stmt><expr><call><name>setTestResult</name><argument_list>(<argument><expr><name>TEST_FAILURE</name></expr></argument>,<argument><expr>"Object is not configured"</expr></argument>)</argument_list></call></expr>;</expr_stmt>
		<return>return;</return>
	}</block></then></if>

	<comment type="line">// Verify that canExit() returns true only when tha machine is
</comment>	<comment type="line">// in the right state
</comment>	<for>for (<init><expr><type><name>TD_FsmStateIndex</name></type> <name>i</name>=<init><expr>0</expr></init></expr>;</init><condition><expr><name>i</name>&lt;<name>numStates</name></expr>;</condition><incr><expr><name>i</name>++</expr></incr>) <block>{
		<expr_stmt><expr><name><name>pFE</name>[<expr><name>i</name></expr>]</name>-&gt;<call><name>execute</name><argument_list>()</argument_list></call></expr>;</expr_stmt>
		<expr_stmt><expr><name>pNFA</name>-&gt;<call><name>doContinue</name><argument_list>()</argument_list></call></expr>;</expr_stmt>

		<if>if <condition>(<expr>(<name>pNFA</name>-&gt;<call><name>canExit</name><argument_list>()</argument_list></call> &amp;&amp; <name>pFSM</name>-&gt;<call><name>getCurrentState</name><argument_list>()</argument_list></call>!=<name>targetState</name>) ||
			(!<name>pNFA</name>-&gt;<call><name>canExit</name><argument_list>()</argument_list></call> &amp;&amp; <name>pFSM</name>-&gt;<call><name>getCurrentState</name><argument_list>()</argument_list></call>==<name>targetState</name>)</expr>)</condition><then> <block>{
			<expr_stmt><expr><call><name>setTestResult</name><argument_list>(<argument><expr><name>TEST_FAILURE</name></expr></argument>,<argument><expr>"canExit() failed"</expr></argument>)</argument_list></call></expr>;</expr_stmt>
			<return>return;</return>
		}</block></then></if>
	}</block></for>

	<expr_stmt><expr><call><name>setTestResult</name><argument_list>(<argument><expr><name>TEST_SUCCESS</name></expr></argument>,<argument><expr>"Test Successful"</expr></argument>)</argument_list></call></expr>;</expr_stmt>
	<return>return;</return>
}</block></function>
</unit>
