<unit xmlns="http://www.sdml.info/srcML/src" xmlns:cpp="http://www.sdml.info/srcML/cpp">
<comment type="line">//
</comment><comment type="line">// Copyright 2004 P&amp;P Software GmbH - All Rights Reserved
</comment><comment type="line">//
</comment><comment type="line">// TestCaseDummyPUSTelemetryPacket_1.cpp
</comment><comment type="line">//
</comment><comment type="line">// Version	1.1
</comment><comment type="line">// Date		18.04.03
</comment><comment type="line">// Author	A. Pasetti (P&amp;P Software)
</comment>
<cpp:include>#<cpp:directive>include</cpp:directive> <cpp:file>"../GeneralInclude/CompilerSwitches.h"</cpp:file></cpp:include>
<cpp:include>#<cpp:directive>include</cpp:directive> <cpp:file>"../GeneralInclude/ClassId.h"</cpp:file></cpp:include>
<cpp:include>#<cpp:directive>include</cpp:directive> <cpp:file>"../GeneralInclude/TestConstants.h"</cpp:file></cpp:include>
<cpp:include>#<cpp:directive>include</cpp:directive> <cpp:file>"../GeneralInclude/Constants.h"</cpp:file></cpp:include>
<cpp:include>#<cpp:directive>include</cpp:directive> <cpp:file>"../Telemetry/DC_DummyPUSTelemetryPacket.h"</cpp:file></cpp:include>
<cpp:include>#<cpp:directive>include</cpp:directive> <cpp:file>"../System/DC_DummyObsClock.h"</cpp:file></cpp:include>
<cpp:include>#<cpp:directive>include</cpp:directive> <cpp:file>"TestCaseDummyPUSTelemetryPacket_1.h"</cpp:file></cpp:include>

<constructor><name>TestCaseDummyPUSTelemetryPacket_1::TestCaseDummyPUSTelemetryPacket_1</name><parameter_list>(<param><decl><type><name>void</name></type></decl></param>)</parameter_list> <member_list>:
	<call><name>TestCaseGenericSetUp</name><argument_list>(<argument><expr><name>ID_DUMMYPUSTELEMETRYPACKET</name>*10+1</expr></argument>,<argument><expr>"TestCaseDummyPUSTelemetryPacket_1"</expr></argument>)</argument_list></call> </member_list><block>{
    <return>return;</return>
}</block></constructor>

<function><type><name>void</name></type> <name><name>TestCaseDummyPUSTelemetryPacket_1</name>::<name>runTestCase</name></name><parameter_list>(<param><decl><type><name>void</name></type></decl></param>)</parameter_list> <block>{

   <decl_stmt><decl><type><name>DC_DummyPUSTelemetryPacket</name>*</type> <name>pTmWord</name> =<init> <expr>new <name>DC_DummyPUSTelemetryPacket</name></expr></init></decl>;</decl_stmt>

   <comment type="line">// Check the value of the class identifier
</comment>   <if>if <condition>( <expr><name>pTmWord</name>-&gt;<call><name>getClassId</name><argument_list>()</argument_list></call> != <name>ID_DUMMYPUSTELEMETRYPACKET</name></expr> )</condition><then>
   <block>{    <expr_stmt><expr><call><name>setTestResult</name><argument_list>(<argument><expr><name>TEST_FAILURE</name></expr></argument>, <argument><expr>"Wrong class identifier"</expr></argument>)</argument_list></call></expr>;</expr_stmt>
        <return>return;</return>
   }</block></then></if>

   <comment type="line">// Verify that the object is configured
</comment>   <if>if <condition>(<expr>!<name>pTmWord</name>-&gt;<call><name>isObjectConfigured</name><argument_list>()</argument_list></call></expr>)</condition><then> <block>{
       <expr_stmt><expr><call><name>setTestResult</name><argument_list>(<argument><expr><name>TEST_FAILURE</name></expr></argument>,<argument><expr>"Wrong configuration status"</expr></argument>)</argument_list></call></expr>;</expr_stmt>
       <return>return;</return>
   }</block></then></if>

   <comment type="line">// Check default value of the encapsulated telemetry byte
</comment>   <if>if <condition>( <expr><name>pTmWord</name>-&gt;<call><name>getUnsignedByte</name><argument_list>(<argument><expr>0</expr></argument>)</argument_list></call> != 0</expr> )</condition><then>
   <block>{    <expr_stmt><expr><call><name>setTestResult</name><argument_list>(<argument><expr><name>TEST_FAILURE</name></expr></argument>, <argument><expr>"Wrong telemetry byte value"</expr></argument>)</argument_list></call></expr>;</expr_stmt>
        <return>return;</return>
   }</block></then></if>

   <comment type="line">// Set and read out the encapsulated telemetry byte
</comment>   <expr_stmt><expr><name>pTmWord</name>-&gt;<call><name>setValue</name><argument_list>(<argument><expr>2</expr></argument>)</argument_list></call></expr>;</expr_stmt>
   <if>if <condition>( <expr><name>pTmWord</name>-&gt;<call><name>getUnsignedByte</name><argument_list>(<argument><expr>0</expr></argument>)</argument_list></call> != 2</expr> )</condition><then>
   <block>{    <expr_stmt><expr><call><name>setTestResult</name><argument_list>(<argument><expr><name>TEST_FAILURE</name></expr></argument>, <argument><expr>"Wrong telemetry byte value"</expr></argument>)</argument_list></call></expr>;</expr_stmt>
        <return>return;</return>
   }</block></then></if>

   <comment type="line">// Check update service
</comment>   <expr_stmt><expr><name>pTmWord</name>-&gt;<call><name>update</name><argument_list>()</argument_list></call></expr>;</expr_stmt>
   <if>if <condition>( <expr><name>pTmWord</name>-&gt;<call><name>getUnsignedByte</name><argument_list>(<argument><expr>0</expr></argument>)</argument_list></call> != 3</expr> )</condition><then>
   <block>{    <expr_stmt><expr><call><name>setTestResult</name><argument_list>(<argument><expr><name>TEST_FAILURE</name></expr></argument>, <argument><expr>"Wrong telemetry byte value"</expr></argument>)</argument_list></call></expr>;</expr_stmt>
        <return>return;</return>
   }</block></then></if>

   <comment type="line">// Check update service with wrap around
</comment>   <expr_stmt><expr><name>pTmWord</name>-&gt;<call><name>setValue</name><argument_list>(<argument><expr>255</expr></argument>)</argument_list></call></expr>;</expr_stmt>
   <expr_stmt><expr><name>pTmWord</name>-&gt;<call><name>update</name><argument_list>()</argument_list></call></expr>;</expr_stmt>
   <if>if <condition>( <expr><name>pTmWord</name>-&gt;<call><name>getUnsignedByte</name><argument_list>(<argument><expr>0</expr></argument>)</argument_list></call> != 0</expr> )</condition><then>
   <block>{    <expr_stmt><expr><call><name>setTestResult</name><argument_list>(<argument><expr><name>TEST_FAILURE</name></expr></argument>, <argument><expr>"Wrong telemetry byte value"</expr></argument>)</argument_list></call></expr>;</expr_stmt>
        <return>return;</return>
   }</block></then></if>

   <comment type="line">// Check the attribute values
</comment>   <if>if <condition>(<expr><name>pTmWord</name>-&gt;<call><name>getDefaultDestination</name><argument_list>()</argument_list></call>!=<name>TEST_TM_DEF_DEST</name></expr>)</condition><then> <block>{
       <expr_stmt><expr><call><name>setTestResult</name><argument_list>(<argument><expr><name>TEST_FAILURE</name></expr></argument>,<argument><expr>"Wrong default telemetry destination"</expr></argument>)</argument_list></call></expr>;</expr_stmt>
       <return>return;</return>
   }</block></then></if>

   <if>if <condition>(<expr><name>pTmWord</name>-&gt;<call><name>getDestination</name><argument_list>()</argument_list></call> != <name>TEST_TM_DEF_DEST</name></expr>)</condition><then>
   <block>{    <expr_stmt><expr><call><name>setTestResult</name><argument_list>(<argument><expr><name>TEST_FAILURE</name></expr></argument>, <argument><expr>"Wrong telemetry destination"</expr></argument>)</argument_list></call></expr>;</expr_stmt>
        <return>return;</return>
   }</block></then></if>
   <if>if <condition>(<expr><name>pTmWord</name>-&gt;<call><name>getType</name><argument_list>()</argument_list></call> != <name>TEST_TM_TYPE</name></expr>)</condition><then>
   <block>{    <expr_stmt><expr><call><name>setTestResult</name><argument_list>(<argument><expr><name>TEST_FAILURE</name></expr></argument>, <argument><expr>"Wrong telemetry type"</expr></argument>)</argument_list></call></expr>;</expr_stmt>
        <return>return;</return>
   }</block></then></if>
   <if>if <condition>(<expr><name>pTmWord</name>-&gt;<call><name>getSubType</name><argument_list>()</argument_list></call> != <name>TEST_TM_SUBTYPE</name></expr>)</condition><then>
   <block>{    <expr_stmt><expr><call><name>setTestResult</name><argument_list>(<argument><expr><name>TEST_FAILURE</name></expr></argument>, <argument><expr>"Wrong telemetry sub type"</expr></argument>)</argument_list></call></expr>;</expr_stmt>
        <return>return;</return>
   }</block></then></if>
   <if>if <condition>(<expr><name>pTmWord</name>-&gt;<call><name>getTimeTag</name><argument_list>()</argument_list></call> != <name>TEST_TM_TIMETAG</name></expr>)</condition><then>
   <block>{    <expr_stmt><expr><call><name>setTestResult</name><argument_list>(<argument><expr><name>TEST_FAILURE</name></expr></argument>, <argument><expr>"Wrong telemetry time tag"</expr></argument>)</argument_list></call></expr>;</expr_stmt>
        <return>return;</return>
   }</block></then></if>
   <if>if <condition>( <expr><name>pTmWord</name>-&gt;<call><name>getPacketId</name><argument_list>()</argument_list></call> != (2048+<name>TEST_TM_APID</name>)</expr> )</condition><then>
   <block>{    <expr_stmt><expr><call><name>setTestResult</name><argument_list>(<argument><expr><name>TEST_FAILURE</name></expr></argument>, <argument><expr>"Wrong packet ID"</expr></argument>)</argument_list></call></expr>;</expr_stmt>
        <return>return;</return>
   }</block></then></if>

   <comment type="line">// Update TM destination and check success
</comment>   <expr_stmt><expr><name>pTmWord</name>-&gt;<call><name>setDestination</name><argument_list>(<argument><expr><name>TEST_TM_DEST</name></expr></argument>)</argument_list></call></expr>;</expr_stmt>
   <if>if <condition>(<expr><name>pTmWord</name>-&gt;<call><name>getDestination</name><argument_list>()</argument_list></call> != <name>TEST_TM_DEST</name></expr>)</condition><then>
   <block>{    <expr_stmt><expr><call><name>setTestResult</name><argument_list>(<argument><expr><name>TEST_FAILURE</name></expr></argument>, <argument><expr>"Wrong telemetry destination"</expr></argument>)</argument_list></call></expr>;</expr_stmt>
        <return>return;</return>
   }</block></then></if>

   <comment type="line">// Check OBS clock
</comment>   <if>if <condition>(<expr><name>pTmWord</name>-&gt;<call><name>getObsClock</name><argument_list>()</argument_list></call> == <name>pNULL</name></expr>)</condition><then>
   <block>{    <expr_stmt><expr><call><name>setTestResult</name><argument_list>(<argument><expr><name>TEST_FAILURE</name></expr></argument>, <argument><expr>"Wrong clock plug-in"</expr></argument>)</argument_list></call></expr>;</expr_stmt>
        <return>return;</return>
   }</block></then></if>

   <expr_stmt><expr><call><name>setTestResult</name><argument_list>(<argument><expr><name>TEST_SUCCESS</name></expr></argument>,<argument><expr>"Test Successful"</expr></argument>)</argument_list></call></expr>;</expr_stmt>
   <return>return;</return>

}</block></function>
</unit>
