<unit xmlns="http://www.sdml.info/srcML/src" xmlns:cpp="http://www.sdml.info/srcML/cpp">
<comment type="line">//
</comment><comment type="line">// Copyright 2004 P&amp;P Software GmbH - All Rights Reserved
</comment><comment type="line">//
</comment><comment type="line">// TestCaseUnstableFsmState_1.cpp
</comment><comment type="line">//
</comment><comment type="line">// Version	1.0
</comment><comment type="line">// Date		15.07.03
</comment><comment type="line">// Author	R. Totaro
</comment>
<cpp:include>#<cpp:directive>include</cpp:directive> <cpp:file>"../GeneralInclude/CompilerSwitches.h"</cpp:file></cpp:include>
<cpp:include>#<cpp:directive>include</cpp:directive> <cpp:file>"../GeneralInclude/ClassId.h"</cpp:file></cpp:include>
<cpp:include>#<cpp:directive>include</cpp:directive> <cpp:file>"../GeneralInclude/Constants.h"</cpp:file></cpp:include>
<cpp:include>#<cpp:directive>include</cpp:directive> <cpp:file>"../GeneralInclude/TestConstants.h"</cpp:file></cpp:include>
<cpp:include>#<cpp:directive>include</cpp:directive> <cpp:file>"../FSM/DC_UnstableFsmState.h"</cpp:file></cpp:include>
<cpp:include>#<cpp:directive>include</cpp:directive> <cpp:file>"TestCaseUnstableFsmState_1.h"</cpp:file></cpp:include>

<constructor><name>TestCaseUnstableFsmState_1::TestCaseUnstableFsmState_1</name><parameter_list>(<param><decl><type><name>void</name></type></decl></param>)</parameter_list> <member_list>:
	<call><name>TestCaseGenericSetUp</name><argument_list>(<argument><expr><name>ID_UNSTABLEFSMSTATE</name>*10+1</expr></argument>,<argument><expr>"TestCaseUnstableFsmState_1"</expr></argument>)</argument_list></call> </member_list><block>{
	<return>return;</return>
}</block></constructor>

<function><type><name>void</name></type> <name><name>TestCaseUnstableFsmState_1</name>::<name>runTestCase</name></name><parameter_list>(<param><decl><type><name>void</name></type></decl></param>)</parameter_list> <block>{
	<decl_stmt><decl><type><name>DC_UnstableFsmState</name> *</type><name>pUFS</name>=<init><expr>new <name>DC_UnstableFsmState</name></expr></init></decl>;</decl_stmt>

	<comment type="line">// Verify the correctness of the class id
</comment>	<if>if <condition>(<expr><name>pUFS</name>-&gt;<call><name>getClassId</name><argument_list>()</argument_list></call>!=<name>ID_UNSTABLEFSMSTATE</name></expr>)</condition><then> <block>{
		<expr_stmt><expr><call><name>setTestResult</name><argument_list>(<argument><expr><name>TEST_FAILURE</name></expr></argument>,<argument><expr>"Wrong class id"</expr></argument>)</argument_list></call></expr>;</expr_stmt>
		<return>return;</return>
	}</block></then></if>

    <comment type="line">// Verify that isFinished() returns true
</comment>    <if>if <condition>(<expr>!<name>pUFS</name>-&gt;<call><name>isFinished</name><argument_list>()</argument_list></call></expr>)</condition><then> <block>{
		<expr_stmt><expr><call><name>setTestResult</name><argument_list>(<argument><expr><name>TEST_FAILURE</name></expr></argument>,<argument><expr>"isFinished() failed."</expr></argument>)</argument_list></call></expr>;</expr_stmt>
		<return>return;</return>
    }</block></then></if>

    <comment type="line">// Dummy call to doContinue()
</comment>    <expr_stmt><expr><name>pUFS</name>-&gt;<call><name>doContinue</name><argument_list>()</argument_list></call></expr>;</expr_stmt>

	<expr_stmt><expr><call><name>setTestResult</name><argument_list>(<argument><expr><name>TEST_SUCCESS</name></expr></argument>,<argument><expr>"Test Successful"</expr></argument>)</argument_list></call></expr>;</expr_stmt>
	<return>return;</return>
}</block></function>
</unit>
