<unit xmlns="http://www.sdml.info/srcML/src" xmlns:cpp="http://www.sdml.info/srcML/cpp">
<comment type="line">//
</comment><comment type="line">// Copyright 2004 P&amp;P Software GmbH - All Rights Reserved
</comment><comment type="line">//
</comment><comment type="line">// TestCaseRootObject_3.h
</comment><comment type="line">//
</comment><comment type="line">// Version	1.0
</comment><comment type="line">// Date		13.09.02
</comment><comment type="line">// Author	     A. Pasetti (P&amp;P Software)
</comment>
<cpp:ifndef>#<cpp:directive>ifndef</cpp:directive> <name>TestCaseRootObject_3H</name></cpp:ifndef>
<cpp:define>#<cpp:directive>define</cpp:directive> <name>TestCaseRootObject_3H</name></cpp:define>

<cpp:include>#<cpp:directive>include</cpp:directive> <cpp:file>"../Utilities/TestCaseGenericSetUp.h"</cpp:file></cpp:include>

<comment type="block">/**
 * Check the object and system configuration check services.
 * The following specific checks are performed: &lt;ol&gt;
 * &lt;li&gt;Two &lt;code&gt;CC_RootObject&lt;/code&gt; instances are created and it is checked
 * that their object configuration services report "object configured".&lt;/li&gt;
 * &lt;li&gt;It is checked
 * that the system configuration check service reports "system configured".&lt;/li&gt;
 * &lt;li&gt;An event object is created but not fully configured and it is checked
 * that the system configuration check service reports "system not configured".&lt;/li&gt;
 * &lt;/ol&gt;
 * Since it checks the system configuration service, this test case should be
 * the first test case to be executed in a test run.
 * If it is not, it might fail unpredictably.
 * @author Alessandro Pasetti (P&amp;P Software GmbH)
 * @version 1.0
 */</comment>
<class>class <name>TestCaseRootObject_3</name> <super>: <specifier>public</specifier> <name>TestCaseGenericSetUp</name></super> <block>{<private type="default">

</private><public>public :

     <comment type="block">/**
      * Set the identifier and the name of the test case to, respectively,
      * ID_ROOTOBJECT*10+3 and "TestCaseRootObject_3".
      */</comment>
     <constructor_decl><name>TestCaseRootObject_3</name><parameter_list>(<param><decl><type><name>void</name></type></decl></param>)</parameter_list>;</constructor_decl>

     <comment type="block">/**
      * Execute the test case. See class comment for details.
      */</comment>
	<function_decl><type><name>virtual</name> <name>void</name></type> <name>runTestCase</name><parameter_list>(<param><decl><type><name>void</name></type></decl></param>)</parameter_list>;</function_decl>
</public>}</block>;</class>

<cpp:endif>#<cpp:directive>endif</cpp:directive></cpp:endif>
</unit>
