<unit xmlns="http://www.sdml.info/srcML/src" xmlns:cpp="http://www.sdml.info/srcML/cpp">
<comment type="line">//
</comment><comment type="line">// Copyright 2004 P&amp;P Software GmbH - All Rights Reserved
</comment><comment type="line">//
</comment><comment type="line">// TestCasePUSMemoryLoadOffset_1.h
</comment><comment type="line">//
</comment><comment type="line">// Version	1.0
</comment><comment type="line">// Date		11.02.04
</comment><comment type="line">// Author	A. Pasetti (P&amp;P Software)
</comment>
<cpp:ifndef>#<cpp:directive>ifndef</cpp:directive> <name>TestCasePUSMemoryLoadOffset_1H</name></cpp:ifndef>
<cpp:define>#<cpp:directive>define</cpp:directive> <name>TestCasePUSMemoryLoadOffset_1H</name></cpp:define>

<cpp:include>#<cpp:directive>include</cpp:directive> <cpp:file>"../Utilities/TestCaseWithEvtCheck.h"</cpp:file></cpp:include>

<comment type="block">/**
 * Check the functionality of the &lt;code&gt;DC_PUSMemoryLoadOffset&lt;/code&gt;
 * class for the case where no checksum checks are performed. 
 * One telecommand instance of type &lt;code&gt;DC_PUSMemoryLoadOffset&lt;/code&gt; is 
 * created and the following specific tests are then performed:&lt;ol&gt;
 * &lt;li&gt;The correctness of the class identifier is checked.&lt;/li&gt;
 * &lt;li&gt;It is checked that the telecommand component is initially not configured.&lt;/li&gt;
 * &lt;li&gt;The maximum number of blocks in the telecommand component is set to 3 and 
 * the correctness of the
 * set operation is checked.&lt;/li&gt;
 * &lt;li&gt;The maximum number of data in the telecommand component is set to 10 and 
 * the correctness of the
 * set operation is checked.&lt;/li&gt;
 * &lt;li&gt;It is checked that the component is now configured.&lt;/li&gt;
 * &lt;li&gt;The telecommand is loaded with raw data representing a memory load for one block
 * with two data. It is checked that the validity check of the
 * telecommand returns: "telecommand is valid".&lt;/li&gt;
 * &lt;li&gt;The telecommand is executed and it is checked that the outcome code of 
 * the telecommand is ACTION_SUCCESS and that the memory load is correctly executed.&lt;/li&gt;
 * &lt;li&gt;The telecommand is loaded with raw data representing a memory load for three blocks
 * with three data each. It is checked that the validity check of the
 * telecommand returns: "telecommand is valid".&lt;/li&gt;
 * &lt;li&gt;The telecommand is executed and it is checked that the outcome code of 
 * the telecommand is ACTION_SUCCESS and that the memory load is correctly executed.&lt;/li&gt;
 * &lt;li&gt;The telecommand is loaded with raw data representing a memory load for four blocks.
 * It is checked that the validity check of the
 * telecommand returns: "telecommand is not valid" and that the validity code is correct.&lt;/li&gt;
 * &lt;li&gt;The telecommand is loaded with raw data representing a memory load for two blocks
 * with two data (first block) and nine data (second block).
 * It is checked that the validity check of the
 * telecommand returns: "telecommand is not valid" and that the validity code is correct.&lt;/li&gt;
 * &lt;li&gt;The telecommand raw data service is called with an invalid number of bytes to 
 * be transfered.
 * It is checked that the validity check of the
 * telecommand returns: "telecommand is not valid" and that the validity code is correct.&lt;/li&gt;
 * &lt;li&gt;The telecommand raw data service is called with an inconsistent number of bytes to 
 * be transfered.
 * It is checked that the validity check of the
 * telecommand returns: "telecommand is not valid" and that the validity code is correct.&lt;/li&gt;
 * &lt;/ol&gt;
 * @see DC_PUSMemoryLoadOffset
 * @author Alessandro Pasetti (P&amp;P Software GmbH)
 * @version 1.0
 */</comment>
<class>class <name>TestCasePUSMemoryLoadOffset_1</name> <super>: <specifier>public</specifier> <name>TestCaseWithEvtCheck</name></super> <block>{<private type="default">

</private><public>public :

     <comment type="block">/**
      * Set the identifier and the name of the test case to, respectively,
      * ID_PUSMEMORYLOADOFFSET*10+1 and "TestCasePUSMemoryLoadOffset_1".
      */</comment>
     <constructor_decl><name>TestCasePUSMemoryLoadOffset_1</name><parameter_list>(<param><decl><type><name>void</name></type></decl></param>)</parameter_list>;</constructor_decl>

     <comment type="block">/**
      * Execute the test case. See class comment for details.
      */</comment>
     <function_decl><type><name>virtual</name> <name>void</name></type> <name>runTestCase</name><parameter_list>(<param><decl><type><name>void</name></type></decl></param>)</parameter_list>;</function_decl>
</public>}</block>;</class>

<cpp:endif>#<cpp:directive>endif</cpp:directive></cpp:endif>
</unit>
