<unit xmlns="http://www.sdml.info/srcML/src" xmlns:cpp="http://www.sdml.info/srcML/cpp">
<comment type="line">//
</comment><comment type="line">// Copyright 2004 P&amp;P Software GmbH - All Rights Reserved
</comment><comment type="line">//
</comment><comment type="line">// TestCaseDummyTelecommand_1.h
</comment><comment type="line">//
</comment><comment type="line">// Version	1.1
</comment><comment type="line">// Date		11.06.03
</comment><comment type="line">// Author	A. Pasetti (P&amp;P Software)
</comment>
<cpp:ifndef>#<cpp:directive>ifndef</cpp:directive> <name>TestCaseDummyTelecommand_1H</name></cpp:ifndef>
<cpp:define>#<cpp:directive>define</cpp:directive> <name>TestCaseDummyTelecommand_1H</name></cpp:define>

<cpp:include>#<cpp:directive>include</cpp:directive> <cpp:file>"../Utilities/TestCaseGenericSetUp.h"</cpp:file></cpp:include>

<comment type="block">/**
 * Verify the basic services offered by telecommands as implemented
 * by the &lt;code&gt;DC_DummyTelecommand&lt;/code&gt; class.
 * An instance of this class is created and the following specific
 * tests are performed: &lt;ol&gt;
 * &lt;li&gt;The correctness of the class identifier is verified.&lt;/li&gt;
 * &lt;li&gt;It is verified that the telecommand is not configured.&lt;/li&gt;
 * &lt;li&gt;It is verified that the default value of the "time tag" attribute
 * is: 0.&lt;/li&gt;
 * &lt;li&gt;It is verified that the telecommand identifier is equal to the
 * instance identifier.&lt;/li&gt;
 * &lt;li&gt;It is verified that the telecommand type is equal to the
 * class identifier.&lt;/li&gt;
 * &lt;li&gt;It is verified that the telecommand sub-type is equal to zero.&lt;/li&gt;
 * &lt;li&gt;It is verified that the telecommand acknowledge level is equal to zero.&lt;/li&gt;
 * &lt;li&gt;The time tag value is set and read back and it is checked that
 * the read-back value is correct.&lt;/li&gt;
 * &lt;li&gt;It is verified that the configuration service of the telecommand
 * now reports "telecommand is configured".&lt;/li&gt;
 * &lt;li&gt;The value of the "in use" attribute is changed to "telecommand
 * is in use" and it is verified that this operation is correctly performed.&lt;/li&gt;
 * &lt;li&gt;It is verified that the initial value of the execution counter
 * is equal to zero.&lt;/li&gt;
 * &lt;li&gt;It is verified that the number of raw data is zero.&lt;/li&gt;
 * &lt;li&gt;It is verified that the telecommand execution check returns
 * "telecommand can execute".&lt;/li&gt;
 * &lt;li&gt;It is verified that the telecommand validity check returns
 * "telecommand is valid".&lt;/li&gt;
 * &lt;li&gt;Two execution requests are sent to the telecommand and it is
 * verified that the execution counter is incremented by two.&lt;/li&gt;
 * &lt;li&gt;The execution check return value is forced to "telecommand
 * cannot execute" and it is verified that this is reflected
 * in the return value of the execution check.&lt;/li&gt;
 * &lt;li&gt;The validity check return value is forced to "telecommand
 * is not valid" and it is verified that this is reflected
 * in the return value of the validity check.&lt;/li&gt;
 * &lt;li&gt;The validity check code is set and then read back and it is verified
 * that the read-back value is correct.&lt;/li&gt;
 * &lt;li&gt;The execution check code is set and then read back and it is verified
 * that the read-back value is correct.&lt;/li&gt;
 * &lt;li&gt;The setter methods for the telecommand identifier, the telecommand
 * type, the telecommand subtype, the telecommand source, and the
 * telecommand acknowledge level are called. These are dummy
 * calls that are only useful to ensure a high degree of statement coverage
 * for the class under test.&lt;/li&gt;
 * &lt;/ol&gt;
 * @see DC_DummyTelecommand
 * @author Alessandro Pasetti (P&amp;P Software GmbH)
 * @version 1.0
 */</comment>
<class>class <name>TestCaseDummyTelecommand_1</name> <super>: <specifier>public</specifier> <name>TestCaseGenericSetUp</name></super> <block>{<private type="default">

</private><public>public :

     <comment type="block">/**
      * Set the identifier and the name of the test case to, respectively,
      * ID_DUMMYTELECOMMAND*10+1 and "TestCaseDummyTelecommand_1".
      */</comment>
     <constructor_decl><name>TestCaseDummyTelecommand_1</name><parameter_list>(<param><decl><type><name>void</name></type></decl></param>)</parameter_list>;</constructor_decl>

     <comment type="block">/**
      * Execute the test case. See class comment for details.
      */</comment>
     <function_decl><type><name>virtual</name> <name>void</name></type> <name>runTestCase</name><parameter_list>(<param><decl><type><name>void</name></type></decl></param>)</parameter_list>;</function_decl>
</public>}</block>;</class>

<cpp:endif>#<cpp:directive>endif</cpp:directive></cpp:endif>
</unit>
