<unit xmlns="http://www.sdml.info/srcML/src" xmlns:cpp="http://www.sdml.info/srcML/cpp">
<comment type="line">//
</comment><comment type="line">// Copyright 2004 P&amp;P Software GmbH - All Rights Reserved
</comment><comment type="line">//
</comment><comment type="line">// TestCasePUSDataReportingPacket_1.h
</comment><comment type="line">//
</comment><comment type="line">// Version	1.0
</comment><comment type="line">// Date		11.11.03
</comment><comment type="line">// Author	A. Pasetti (P&amp;P Software)
</comment>
<cpp:ifndef>#<cpp:directive>ifndef</cpp:directive> <name>TestCasePUSDataReportingPacket_1H</name></cpp:ifndef>
<cpp:define>#<cpp:directive>define</cpp:directive> <name>TestCasePUSDataReportingPacket_1H</name></cpp:define>

<cpp:include>#<cpp:directive>include</cpp:directive> <cpp:file>"../Utilities/TestCaseWithEvtCheck.h"</cpp:file></cpp:include>

<comment type="block">/**
 * Check the functionality of the &lt;code&gt;DC_PUSDataReportingPacket&lt;/code&gt;
 * class for the case of a packet that only contains parameters to be
 * sampled once per collection interval. The test starts with the creation
 * of one data pool to serve as the source of the data to be collected.
 * This data pool is loaded into &lt;code&gt;CC_RootObject&lt;/code&gt; as &lt;i&gt;system
 * data pool&lt;/i&gt;.
 * Then, a data reporting packet instance is created and configured to
 * have a collection interval equal to 3 and two parameters. The following
 * specific checks are then performed:&lt;ol&gt;
 * &lt;li&gt;The correctness of the class identifier is checked.&lt;/li&gt;
 * &lt;li&gt;It is checked that the component is initially not configured.&lt;/li&gt;
 * &lt;li&gt;The maximum number of fixed-length array is set and the correctness of the
 * set operation is checked.&lt;/li&gt;
 * &lt;li&gt;The maximum size of the packet definition buffer is set and the correctness of the
 * set operation is checked.&lt;/li&gt;
 * &lt;li&gt;The maximum size of the packet value buffer is set and the correctness of the
 * set operation is checked.&lt;/li&gt;
 * &lt;li&gt;It is checked that the component is now configured.&lt;/li&gt;
 * &lt;li&gt;It is checked that the component is disabled.&lt;/li&gt;
 * &lt;li&gt;The packet definition is loaded and the success of the load operation is checked.&lt;/li&gt;
 * &lt;li&gt;Three consecutive update requests are sent to the packet each followed by a data
 * acquisition request. It is checked that in all three cases the data acquisition service
 * reports: "no telemetry data".&lt;/li&gt;
 * &lt;li&gt;The component is enabled and the correctness of the new enable status is checked.&lt;/li&gt;
 * &lt;li&gt;Two consecutive update requests are sent to the packet each followed by a data
 * acquisition request. It is checked that in both cases the data acquisition service
 * reports: "no telemetry data".&lt;/li&gt;
 * &lt;li&gt;The values of the data items in the data pool are updated and then a third update request
 * is sent to the packet followed by a data
 * acquisition request. It is checked that the data acqusition service
 * now returns the correct values of the data pool items.&lt;/li&gt;
 * &lt;li&gt;It is checked that the fast version of the data acquisition service is provided.&lt;/li&gt;
 * &lt;li&gt;The data in the packet are acquired and checked again using the fast version of the
 * data acquisition service.&lt;/li&gt;
 * &lt;li&gt;The values of the data pool items are updated. Three more update-acquisition cycles are executed and
 * it is checked that the data returned by the component are correct.&lt;/li&gt;
 * &lt;li&gt;A new report definition packet is loaded with the following characteristics: collection
 * interval equal to 2, 1 single paramater. Two update-acqusition cycles are executed and
 * it is checked that the data returned by the component are correct.&lt;/li&gt;
 * &lt;li&gt;Non-nominal behaviour check: it is attempted to load a packet definition that exceeds
 * the maximum allowed size and it is checked that the correct event is generated.&lt;/li&gt;
 * &lt;/ol&gt;
 * This test case uses the &lt;code&gt;DC_SampleFullDataPool&lt;/code&gt; as system data pool. The
 * implementation of the test case assumes the following about this data pool:&lt;ul&gt;
 * &lt;li&gt;The data pool contains at least two data pool items with identifiers 1 and 2.&lt;/li&gt;
 * &lt;li&gt;The data pool item with identifier equal to 1 is of type &lt;code&gt;TD_Integer&lt;/code&gt;.&lt;/li&gt;
 * &lt;li&gt;The data pool item with identifier equal to 2 is of type &lt;code&gt;TD_Float&lt;/code&gt;.&lt;/li&gt;
 * &lt;/ul&gt;
 * @see DC_PUSDataReportingPacket
 * @see DC_SampleFullDataPool
 * @author Alessandro Pasetti (P&amp;P Software GmbH)
 * @version 1.0
 */</comment>
<class>class <name>TestCasePUSDataReportingPacket_1</name> <super>: <specifier>public</specifier> <name>TestCaseWithEvtCheck</name></super> <block>{<private type="default">

</private><public>public :

     <comment type="block">/**
      * Set the identifier and the name of the test case to, respectively,
      * ID_PUSDATAREPORTINGPACKET*10+1 and "TestCasePUSDataReportingPacket_1".
      */</comment>
     <constructor_decl><name>TestCasePUSDataReportingPacket_1</name><parameter_list>(<param><decl><type><name>void</name></type></decl></param>)</parameter_list>;</constructor_decl>

     <comment type="block">/**
      * Execute the test case. See class comment for details.
      */</comment>
     <function_decl><type><name>virtual</name> <name>void</name></type> <name>runTestCase</name><parameter_list>(<param><decl><type><name>void</name></type></decl></param>)</parameter_list>;</function_decl>
</public>}</block>;</class>

<cpp:endif>#<cpp:directive>endif</cpp:directive></cpp:endif>
</unit>
